ISO-10303-21;
HEADER;

/* File generated by Shapr3D Version 26.113.11178.0 */

FILE_DESCRIPTION(('HOOPS Exchange Step'),'2;1');

FILE_NAME('C:\\Users\\Alvin Nguyen\\AppData\\Local\\Packages\\Shapr3D.Shapr3D_dvv5p1vgwv6mp\\TempState\\export\\temp_export',
'2026-07-05T13:41:13-05:00',
('Alvin Nguyen'),
('Shapr3D Limited'),
'HOOPS Exchange 2026.3',
'Shapr3D',
'Authorized');

FILE_SCHEMA( ('AP242_MANAGED_MODEL_BASED_3D_ENGINEERING_MIM_LF {1 0 10303 442 1 1 4}') );

ENDSEC;

DATA;
#3=(NAMED_UNIT(*)PLANE_ANGLE_UNIT()SI_UNIT($,.RADIAN.));
#4=PLANE_ANGLE_MEASURE_WITH_UNIT(PLANE_ANGLE_MEASURE(0.0174532925),#3);
#5=(CONVERSION_BASED_UNIT('DEGREE',#4)NAMED_UNIT(#6)PLANE_ANGLE_UNIT());
#6=DIMENSIONAL_EXPONENTS(0.,0.,0.,0.,0.,0.,0.);
#7=(NAMED_UNIT(*)SI_UNIT($,.STERADIAN.)SOLID_ANGLE_UNIT());
#8=(LENGTH_UNIT()NAMED_UNIT(*)SI_UNIT(.MILLI.,.METRE.));
#9=UNCERTAINTY_MEASURE_WITH_UNIT(LENGTH_MEASURE(1.000000E-05),#8,'DISTANCE_ACCURACY_VALUE','Maximum Tolerance applied to model');
#10=(GEOMETRIC_REPRESENTATION_CONTEXT(3)GLOBAL_UNCERTAINTY_ASSIGNED_CONTEXT((#9))GLOBAL_UNIT_ASSIGNED_CONTEXT((#8,#5,#7))REPRESENTATION_CONTEXT('','bottom (1)'));
#12=CARTESIAN_POINT('',(0.,0.,0.));
#13=DIRECTION('',(0.,0.,1.));
#14=DIRECTION('',(1.,0.,0.));
#15=AXIS2_PLACEMENT_3D('',#12,#13,#14);
#27=CARTESIAN_POINT('',(99.517729892,1.767454436,-8.7));
#28=DIRECTION('',(0.012071236,0.99992714,0.));
#29=DIRECTION('',(-0.99992714,0.012071236,0.));
#30=AXIS2_PLACEMENT_3D('',#27,#28,#29);
#31=PLANE('',#30);
#32=CARTESIAN_POINT('',(94.105009243,1.832797425,-8.3));
#33=VERTEX_POINT('',#32);
#34=CARTESIAN_POINT('',(94.105009243,1.832797425,-1.));
#35=VERTEX_POINT('',#34);
#36=CARTESIAN_POINT('',(94.105009243,1.832797425,-8.3));
#37=DIRECTION('',(0.,0.,1.));
#38=VECTOR('',#37,7.3);
#39=LINE('',#36,#38);
#40=EDGE_CURVE('',#33,#35,#39,.T.);
#41=ORIENTED_EDGE('',*,*,#40,.T.);
#42=CARTESIAN_POINT('',(104.930450542,1.702111447,-1.));
#43=VERTEX_POINT('',#42);
#44=CARTESIAN_POINT('',(104.930450542,1.702111447,-1.));
#45=DIRECTION('',(-0.99992714,0.012071236,0.));
#46=VECTOR('',#45,10.826230098);
#47=LINE('',#44,#46);
#48=EDGE_CURVE('',#43,#35,#47,.T.);
#49=ORIENTED_EDGE('',*,*,#48,.F.);
#50=CARTESIAN_POINT('',(104.930450542,1.702111447,-8.3));
#51=VERTEX_POINT('',#50);
#52=CARTESIAN_POINT('',(104.930450542,1.702111447,-8.3));
#53=DIRECTION('',(0.,0.,1.));
#54=VECTOR('',#53,7.3);
#55=LINE('',#52,#54);
#56=EDGE_CURVE('',#51,#43,#55,.T.);
#57=ORIENTED_EDGE('',*,*,#56,.F.);
#58=CARTESIAN_POINT('',(104.930450542,1.702111447,-8.3));
#59=DIRECTION('',(-0.99992714,0.012071236,0.));
#60=VECTOR('',#59,10.826230098);
#61=LINE('',#58,#60);
#62=EDGE_CURVE('',#51,#33,#61,.T.);
#63=ORIENTED_EDGE('',*,*,#62,.T.);
#64=EDGE_LOOP('',(#41,#49,#57,#63));
#65=FACE_BOUND('',#64,.T.);
#66=CARTESIAN_POINT('',(104.835071776,1.703262871,-5.891354415));
#67=VERTEX_POINT('',#66);
#68=CARTESIAN_POINT('',(103.085153744,1.724388083,-7.641399955));
#69=VERTEX_POINT('',#68);
#70=CARTESIAN_POINT('',(103.085153744,1.724388083,-5.891354415));
#71=DIRECTION('',(0.012071236,0.99992714,0.));
#72=DIRECTION('',(-0.99992714,0.012071236,0.));
#73=AXIS2_PLACEMENT_3D('',#70,#71,#72);
#74=CIRCLE('',#73,1.750045541);
#75=EDGE_CURVE('',#67,#69,#74,.T.);
#76=ORIENTED_EDGE('',*,*,#75,.F.);
#77=CARTESIAN_POINT('',(104.835071776,1.703262871,-5.181445496));
#78=VERTEX_POINT('',#77);
#79=CARTESIAN_POINT('',(104.835071776,1.703262871,-5.891354415));
#80=DIRECTION('',(0.,0.,1.));
#81=VECTOR('',#80,0.709908918);
#82=LINE('',#79,#81);
#83=EDGE_CURVE('',#67,#78,#82,.T.);
#84=ORIENTED_EDGE('',*,*,#83,.T.);
#85=CARTESIAN_POINT('',(103.085153744,1.724388083,-3.431399955));
#86=VERTEX_POINT('',#85);
#87=CARTESIAN_POINT('',(103.085153744,1.724388083,-5.181445496));
#88=DIRECTION('',(0.012071236,0.99992714,0.));
#89=DIRECTION('',(-0.99992714,0.012071236,0.));
#90=AXIS2_PLACEMENT_3D('',#87,#88,#89);
#91=CIRCLE('',#90,1.750045541);
#92=EDGE_CURVE('',#86,#78,#91,.T.);
#93=ORIENTED_EDGE('',*,*,#92,.F.);
#94=CARTESIAN_POINT('',(99.865108206,1.763260845,-2.965090822));
#95=VERTEX_POINT('',#94);
#96=CARTESIAN_POINT('',(99.865108206,1.763260845,-2.965090822));
#97=DIRECTION('',(0.989605852,-0.011946636,-0.14330923));
#98=VECTOR('',#97,3.253866709);
#99=LINE('',#96,#98);
#100=EDGE_CURVE('',#95,#86,#99,.T.);
#101=ORIENTED_EDGE('',*,*,#100,.F.);
#102=CARTESIAN_POINT('',(96.645062669,1.802133607,-3.431399955));
#103=VERTEX_POINT('',#102);
#104=CARTESIAN_POINT('',(96.645062669,1.802133607,-3.431399955));
#105=DIRECTION('',(0.989605852,-0.011946636,0.14330923));
#106=VECTOR('',#105,3.25386671);
#107=LINE('',#104,#106);
#108=EDGE_CURVE('',#103,#95,#107,.T.);
#109=ORIENTED_EDGE('',*,*,#108,.F.);
#110=CARTESIAN_POINT('',(94.895144636,1.823258819,-5.181445496));
#111=VERTEX_POINT('',#110);
#112=CARTESIAN_POINT('',(96.645062669,1.802133607,-5.181445496));
#113=DIRECTION('',(0.012071236,0.99992714,0.));
#114=DIRECTION('',(-0.99992714,0.012071236,0.));
#115=AXIS2_PLACEMENT_3D('',#112,#113,#114);
#116=CIRCLE('',#115,1.750045541);
#117=EDGE_CURVE('',#111,#103,#116,.T.);
#118=ORIENTED_EDGE('',*,*,#117,.F.);
#119=CARTESIAN_POINT('',(94.895144636,1.823258819,-5.891354415));
#120=VERTEX_POINT('',#119);
#121=CARTESIAN_POINT('',(94.895144636,1.823258819,-5.181445496));
#122=DIRECTION('',(-0.,0.,-1.));
#123=VECTOR('',#122,0.709908918);
#124=LINE('',#121,#123);
#125=EDGE_CURVE('',#111,#120,#124,.T.);
#126=ORIENTED_EDGE('',*,*,#125,.T.);
#127=CARTESIAN_POINT('',(96.645062669,1.802133607,-7.641399955));
#128=VERTEX_POINT('',#127);
#129=CARTESIAN_POINT('',(96.645062669,1.802133607,-5.891354415));
#130=DIRECTION('',(0.012071236,0.99992714,0.));
#131=DIRECTION('',(-0.99992714,0.012071236,0.));
#132=AXIS2_PLACEMENT_3D('',#129,#130,#131);
#133=CIRCLE('',#132,1.750045541);
#134=EDGE_CURVE('',#128,#120,#133,.T.);
#135=ORIENTED_EDGE('',*,*,#134,.F.);
#136=CARTESIAN_POINT('',(96.645062669,1.802133607,-7.641399955));
#137=DIRECTION('',(0.99992714,-0.012071236,-0.));
#138=VECTOR('',#137,6.440560334);
#139=LINE('',#136,#138);
#140=EDGE_CURVE('',#128,#69,#139,.T.);
#141=ORIENTED_EDGE('',*,*,#140,.T.);
#142=EDGE_LOOP('',(#76,#84,#93,#101,#109,#118,#126,#135,#141));
#143=FACE_BOUND('',#142,.T.);
#144=ADVANCED_FACE('',(#65,#143),#31,.T.);
#145=CARTESIAN_POINT('',(100.005279981,45.007528273,-8.7));
#146=DIRECTION('',(0.,-1.,0.));
#147=DIRECTION('',(0.,0.,-1.));
#148=AXIS2_PLACEMENT_3D('',#145,#146,#147);
#149=PLANE('',#148);
#150=CARTESIAN_POINT('',(118.911633521,45.007528273,-8.3));
#151=VERTEX_POINT('',#150);
#152=CARTESIAN_POINT('',(118.911633521,45.007528273,-1.));
#153=VERTEX_POINT('',#152);
#154=CARTESIAN_POINT('',(118.911633521,45.007528273,-8.3));
#155=DIRECTION('',(0.,0.,1.));
#156=VECTOR('',#155,7.3);
#157=LINE('',#154,#156);
#158=EDGE_CURVE('',#151,#153,#157,.T.);
#159=ORIENTED_EDGE('',*,*,#158,.T.);
#160=CARTESIAN_POINT('',(81.098926442,45.007528273,-1.));
#161=VERTEX_POINT('',#160);
#162=CARTESIAN_POINT('',(118.911633521,45.007528273,-1.));
#163=DIRECTION('',(-1.,0.,0.));
#164=VECTOR('',#163,37.81270708);
#165=LINE('',#162,#164);
#166=EDGE_CURVE('',#153,#161,#165,.T.);
#167=ORIENTED_EDGE('',*,*,#166,.T.);
#168=CARTESIAN_POINT('',(81.098926442,45.007528273,-8.3));
#169=VERTEX_POINT('',#168);
#170=CARTESIAN_POINT('',(81.098926442,45.007528273,-8.3));
#171=DIRECTION('',(0.,0.,1.));
#172=VECTOR('',#171,7.3);
#173=LINE('',#170,#172);
#174=EDGE_CURVE('',#169,#161,#173,.T.);
#175=ORIENTED_EDGE('',*,*,#174,.F.);
#176=CARTESIAN_POINT('',(81.098926442,45.007528273,-8.3));
#177=DIRECTION('',(1.,0.,-0.));
#178=VECTOR('',#177,37.81270708);
#179=LINE('',#176,#178);
#180=EDGE_CURVE('',#169,#151,#179,.T.);
#181=ORIENTED_EDGE('',*,*,#180,.T.);
#182=EDGE_LOOP('',(#159,#167,#175,#181));
#183=FACE_BOUND('',#182,.T.);
#184=ADVANCED_FACE('',(#183),#149,.T.);
#185=CARTESIAN_POINT('',(81.098926442,33.946936718,-8.7));
#186=DIRECTION('',(-1.,0.,0.));
#187=DIRECTION('',(0.,0.,1.));
#188=AXIS2_PLACEMENT_3D('',#185,#186,#187);
#189=PLANE('',#188);
#190=ORIENTED_EDGE('',*,*,#174,.T.);
#191=CARTESIAN_POINT('',(81.098926442,22.886345163,-1.));
#192=VERTEX_POINT('',#191);
#193=CARTESIAN_POINT('',(81.098926442,45.007528273,-1.));
#194=DIRECTION('',(0.,-1.,0.));
#195=VECTOR('',#194,22.12118311);
#196=LINE('',#193,#195);
#197=EDGE_CURVE('',#161,#192,#196,.T.);
#198=ORIENTED_EDGE('',*,*,#197,.T.);
#199=CARTESIAN_POINT('',(81.098926442,22.886345163,-8.3));
#200=VERTEX_POINT('',#199);
#201=CARTESIAN_POINT('',(81.098926442,22.886345163,-8.3));
#202=DIRECTION('',(0.,0.,1.));
#203=VECTOR('',#202,7.3);
#204=LINE('',#201,#203);
#205=EDGE_CURVE('',#200,#192,#204,.T.);
#206=ORIENTED_EDGE('',*,*,#205,.F.);
#207=CARTESIAN_POINT('',(81.098926442,45.007528273,-8.3));
#208=DIRECTION('',(0.,-1.,0.));
#209=VECTOR('',#208,22.12118311);
#210=LINE('',#207,#209);
#211=EDGE_CURVE('',#169,#200,#210,.T.);
#212=ORIENTED_EDGE('',*,*,#211,.F.);
#213=EDGE_LOOP('',(#190,#198,#206,#212));
#214=FACE_BOUND('',#213,.T.);
#215=ADVANCED_FACE('',(#214),#189,.F.);
#216=CARTESIAN_POINT('',(85.063853056,22.886345163,-8.7));
#217=DIRECTION('',(0.,-1.,0.));
#218=DIRECTION('',(0.,0.,-1.));
#219=AXIS2_PLACEMENT_3D('',#216,#217,#218);
#220=PLANE('',#219);
#221=ORIENTED_EDGE('',*,*,#205,.T.);
#222=CARTESIAN_POINT('',(89.028779671,22.886345163,-1.));
#223=VERTEX_POINT('',#222);
#224=CARTESIAN_POINT('',(81.098926442,22.886345163,-1.));
#225=DIRECTION('',(1.,0.,-0.));
#226=VECTOR('',#225,7.929853229);
#227=LINE('',#224,#226);
#228=EDGE_CURVE('',#192,#223,#227,.T.);
#229=ORIENTED_EDGE('',*,*,#228,.T.);
#230=CARTESIAN_POINT('',(89.028779671,22.886345163,-8.3));
#231=VERTEX_POINT('',#230);
#232=CARTESIAN_POINT('',(89.028779671,22.886345163,-8.3));
#233=DIRECTION('',(0.,0.,1.));
#234=VECTOR('',#233,7.3);
#235=LINE('',#232,#234);
#236=EDGE_CURVE('',#231,#223,#235,.T.);
#237=ORIENTED_EDGE('',*,*,#236,.F.);
#238=CARTESIAN_POINT('',(81.098926442,22.886345163,-8.3));
#239=DIRECTION('',(1.,0.,-0.));
#240=VECTOR('',#239,7.929853229);
#241=LINE('',#238,#240);
#242=EDGE_CURVE('',#200,#231,#241,.T.);
#243=ORIENTED_EDGE('',*,*,#242,.F.);
#244=EDGE_LOOP('',(#221,#229,#237,#243));
#245=FACE_BOUND('',#244,.T.);
#246=ADVANCED_FACE('',(#245),#220,.F.);
#247=CARTESIAN_POINT('',(89.028779671,12.359571294,-8.7));
#248=DIRECTION('',(-1.,0.,0.));
#249=DIRECTION('',(0.,0.,1.));
#250=AXIS2_PLACEMENT_3D('',#247,#248,#249);
#251=PLANE('',#250);
#252=ORIENTED_EDGE('',*,*,#236,.T.);
#253=CARTESIAN_POINT('',(89.028779671,4.309401516,-1.));
#254=VERTEX_POINT('',#253);
#255=CARTESIAN_POINT('',(89.028779671,22.886345163,-1.));
#256=DIRECTION('',(0.,-1.,0.));
#257=VECTOR('',#256,18.576943647);
#258=LINE('',#255,#257);
#259=EDGE_CURVE('',#223,#254,#258,.T.);
#260=ORIENTED_EDGE('',*,*,#259,.T.);
#261=CARTESIAN_POINT('',(89.028779671,1.832797425,-1.));
#262=VERTEX_POINT('',#261);
#263=CARTESIAN_POINT('',(89.028779671,4.309401516,-1.));
#264=DIRECTION('',(0.,-1.,0.));
#265=VECTOR('',#264,2.476604091);
#266=LINE('',#263,#265);
#267=EDGE_CURVE('',#254,#262,#266,.T.);
#268=ORIENTED_EDGE('',*,*,#267,.T.);
#269=CARTESIAN_POINT('',(89.028779671,1.832797425,-8.3));
#270=VERTEX_POINT('',#269);
#271=CARTESIAN_POINT('',(89.028779671,1.832797425,-8.3));
#272=DIRECTION('',(0.,0.,1.));
#273=VECTOR('',#272,7.3);
#274=LINE('',#271,#273);
#275=EDGE_CURVE('',#270,#262,#274,.T.);
#276=ORIENTED_EDGE('',*,*,#275,.F.);
#277=CARTESIAN_POINT('',(89.028779671,22.886345163,-8.3));
#278=DIRECTION('',(0.,-1.,0.));
#279=VECTOR('',#278,21.053547738);
#280=LINE('',#277,#279);
#281=EDGE_CURVE('',#231,#270,#280,.T.);
#282=ORIENTED_EDGE('',*,*,#281,.F.);
#283=EDGE_LOOP('',(#252,#260,#268,#276,#282));
#284=FACE_BOUND('',#283,.T.);
#285=ADVANCED_FACE('',(#284),#251,.F.);
#286=CARTESIAN_POINT('',(91.566894457,1.832797425,-8.7));
#287=DIRECTION('',(0.,-1.,0.));
#288=DIRECTION('',(0.,0.,-1.));
#289=AXIS2_PLACEMENT_3D('',#286,#287,#288);
#290=PLANE('',#289);
#291=ORIENTED_EDGE('',*,*,#275,.T.);
#292=CARTESIAN_POINT('',(89.028779671,1.832797425,-1.));
#293=DIRECTION('',(1.,0.,-0.));
#294=VECTOR('',#293,5.076229572);
#295=LINE('',#292,#294);
#296=EDGE_CURVE('',#262,#35,#295,.T.);
#297=ORIENTED_EDGE('',*,*,#296,.T.);
#298=ORIENTED_EDGE('',*,*,#40,.F.);
#299=CARTESIAN_POINT('',(89.028779671,1.832797425,-8.3));
#300=DIRECTION('',(1.,0.,-0.));
#301=VECTOR('',#300,5.076229572);
#302=LINE('',#299,#301);
#303=EDGE_CURVE('',#270,#33,#302,.T.);
#304=ORIENTED_EDGE('',*,*,#303,.F.);
#305=EDGE_LOOP('',(#291,#297,#298,#304));
#306=FACE_BOUND('',#305,.T.);
#307=ADVANCED_FACE('',(#306),#290,.F.);
#308=CARTESIAN_POINT('',(107.2999349,1.702111447,-8.7));
#309=DIRECTION('',(0.,-1.,0.));
#310=DIRECTION('',(0.,0.,-1.));
#311=AXIS2_PLACEMENT_3D('',#308,#309,#310);
#312=PLANE('',#311);
#313=ORIENTED_EDGE('',*,*,#56,.T.);
#314=CARTESIAN_POINT('',(109.669419259,1.702111447,-1.));
#315=VERTEX_POINT('',#314);
#316=CARTESIAN_POINT('',(104.930450542,1.702111447,-1.));
#317=DIRECTION('',(1.,0.,-0.));
#318=VECTOR('',#317,4.738968717);
#319=LINE('',#316,#318);
#320=EDGE_CURVE('',#43,#315,#319,.T.);
#321=ORIENTED_EDGE('',*,*,#320,.T.);
#322=CARTESIAN_POINT('',(109.669419259,1.702111447,-8.3));
#323=VERTEX_POINT('',#322);
#324=CARTESIAN_POINT('',(109.669419259,1.702111447,-8.3));
#325=DIRECTION('',(0.,0.,1.));
#326=VECTOR('',#325,7.3);
#327=LINE('',#324,#326);
#328=EDGE_CURVE('',#323,#315,#327,.T.);
#329=ORIENTED_EDGE('',*,*,#328,.F.);
#330=CARTESIAN_POINT('',(104.930450542,1.702111447,-8.3));
#331=DIRECTION('',(1.,0.,-0.));
#332=VECTOR('',#331,4.738968717);
#333=LINE('',#330,#332);
#334=EDGE_CURVE('',#51,#323,#333,.T.);
#335=ORIENTED_EDGE('',*,*,#334,.F.);
#336=EDGE_LOOP('',(#313,#321,#329,#335));
#337=FACE_BOUND('',#336,.T.);
#338=ADVANCED_FACE('',(#337),#312,.F.);
#339=CARTESIAN_POINT('',(109.669419259,12.310457532,-8.7));
#340=DIRECTION('',(1.,0.,0.));
#341=DIRECTION('',(0.,0.,-1.));
#342=AXIS2_PLACEMENT_3D('',#339,#340,#341);
#343=PLANE('',#342);
#344=ORIENTED_EDGE('',*,*,#328,.T.);
#345=CARTESIAN_POINT('',(109.669419259,3.008400807,-1.));
#346=VERTEX_POINT('',#345);
#347=CARTESIAN_POINT('',(109.669419259,1.702111447,-1.));
#348=DIRECTION('',(0.,1.,0.));
#349=VECTOR('',#348,1.30628936);
#350=LINE('',#347,#349);
#351=EDGE_CURVE('',#315,#346,#350,.T.);
#352=ORIENTED_EDGE('',*,*,#351,.T.);
#353=CARTESIAN_POINT('',(109.669419259,22.918803617,-1.));
#354=VERTEX_POINT('',#353);
#355=CARTESIAN_POINT('',(109.669419259,3.008400807,-1.));
#356=DIRECTION('',(0.,1.,0.));
#357=VECTOR('',#356,19.91040281);
#358=LINE('',#355,#357);
#359=EDGE_CURVE('',#346,#354,#358,.T.);
#360=ORIENTED_EDGE('',*,*,#359,.T.);
#361=CARTESIAN_POINT('',(109.669419259,22.918803617,-8.3));
#362=VERTEX_POINT('',#361);
#363=CARTESIAN_POINT('',(109.669419259,22.918803617,-8.3));
#364=DIRECTION('',(0.,0.,1.));
#365=VECTOR('',#364,7.3);
#366=LINE('',#363,#365);
#367=EDGE_CURVE('',#362,#354,#366,.T.);
#368=ORIENTED_EDGE('',*,*,#367,.F.);
#369=CARTESIAN_POINT('',(109.669419259,1.702111447,-8.3));
#370=DIRECTION('',(0.,1.,0.));
#371=VECTOR('',#370,21.21669217);
#372=LINE('',#369,#371);
#373=EDGE_CURVE('',#323,#362,#372,.T.);
#374=ORIENTED_EDGE('',*,*,#373,.F.);
#375=EDGE_LOOP('',(#344,#352,#360,#368,#374));
#376=FACE_BOUND('',#375,.T.);
#377=ADVANCED_FACE('',(#376),#343,.F.);
#378=CARTESIAN_POINT('',(114.29052639,22.918803617,-8.7));
#379=DIRECTION('',(0.,-1.,0.));
#380=DIRECTION('',(0.,0.,-1.));
#381=AXIS2_PLACEMENT_3D('',#378,#379,#380);
#382=PLANE('',#381);
#383=ORIENTED_EDGE('',*,*,#367,.T.);
#384=CARTESIAN_POINT('',(118.911633521,22.918803617,-1.));
#385=VERTEX_POINT('',#384);
#386=CARTESIAN_POINT('',(109.669419259,22.918803617,-1.));
#387=DIRECTION('',(1.,0.,-0.));
#388=VECTOR('',#387,9.242214262);
#389=LINE('',#386,#388);
#390=EDGE_CURVE('',#354,#385,#389,.T.);
#391=ORIENTED_EDGE('',*,*,#390,.T.);
#392=CARTESIAN_POINT('',(118.911633521,22.918803617,-8.3));
#393=VERTEX_POINT('',#392);
#394=CARTESIAN_POINT('',(118.911633521,22.918803617,-8.3));
#395=DIRECTION('',(0.,0.,1.));
#396=VECTOR('',#395,7.3);
#397=LINE('',#394,#396);
#398=EDGE_CURVE('',#393,#385,#397,.T.);
#399=ORIENTED_EDGE('',*,*,#398,.F.);
#400=CARTESIAN_POINT('',(109.669419259,22.918803617,-8.3));
#401=DIRECTION('',(1.,0.,-0.));
#402=VECTOR('',#401,9.242214262);
#403=LINE('',#400,#402);
#404=EDGE_CURVE('',#362,#393,#403,.T.);
#405=ORIENTED_EDGE('',*,*,#404,.F.);
#406=EDGE_LOOP('',(#383,#391,#399,#405));
#407=FACE_BOUND('',#406,.T.);
#408=ADVANCED_FACE('',(#407),#382,.F.);
#409=CARTESIAN_POINT('',(80.098926442,33.946936718,-8.7));
#410=DIRECTION('',(-1.,0.,0.));
#411=DIRECTION('',(0.,0.,1.));
#412=AXIS2_PLACEMENT_3D('',#409,#410,#411);
#413=PLANE('',#412);
#414=CARTESIAN_POINT('',(80.098926442,43.507528273,-2.));
#415=VERTEX_POINT('',#414);
#416=CARTESIAN_POINT('',(80.098926442,24.386345163,-2.));
#417=VERTEX_POINT('',#416);
#418=CARTESIAN_POINT('',(80.098926442,43.507528273,-2.));
#419=DIRECTION('',(0.,-1.,0.));
#420=VECTOR('',#419,19.12118311);
#421=LINE('',#418,#420);
#422=EDGE_CURVE('',#415,#417,#421,.T.);
#423=ORIENTED_EDGE('',*,*,#422,.F.);
#424=CARTESIAN_POINT('',(80.098926442,43.507528273,-6.8));
#425=VERTEX_POINT('',#424);
#426=CARTESIAN_POINT('',(80.098926442,43.507528273,-2.));
#427=DIRECTION('',(-0.,-0.,-1.));
#428=VECTOR('',#427,4.8);
#429=LINE('',#426,#428);
#430=EDGE_CURVE('',#415,#425,#429,.T.);
#431=ORIENTED_EDGE('',*,*,#430,.T.);
#432=CARTESIAN_POINT('',(80.098926442,24.386345163,-6.8));
#433=VERTEX_POINT('',#432);
#434=CARTESIAN_POINT('',(80.098926442,43.507528273,-6.8));
#435=DIRECTION('',(0.,-1.,0.));
#436=VECTOR('',#435,19.12118311);
#437=LINE('',#434,#436);
#438=EDGE_CURVE('',#425,#433,#437,.T.);
#439=ORIENTED_EDGE('',*,*,#438,.T.);
#440=CARTESIAN_POINT('',(80.098926442,24.386345163,-6.8));
#441=DIRECTION('',(0.,0.,1.));
#442=VECTOR('',#441,4.8);
#443=LINE('',#440,#442);
#444=EDGE_CURVE('',#433,#417,#443,.T.);
#445=ORIENTED_EDGE('',*,*,#444,.T.);
#446=EDGE_LOOP('',(#423,#431,#439,#445));
#447=FACE_BOUND('',#446,.T.);
#448=ADVANCED_FACE('',(#447),#413,.T.);
#449=CARTESIAN_POINT('',(100.005279981,46.007528273,-8.7));
#450=DIRECTION('',(0.,1.,0.));
#451=DIRECTION('',(0.,0.,1.));
#452=AXIS2_PLACEMENT_3D('',#449,#450,#451);
#453=PLANE('',#452);
#454=CARTESIAN_POINT('',(117.411633521,46.007528273,-2.));
#455=VERTEX_POINT('',#454);
#456=CARTESIAN_POINT('',(82.598926442,46.007528273,-2.));
#457=VERTEX_POINT('',#456);
#458=CARTESIAN_POINT('',(117.411633521,46.007528273,-2.));
#459=DIRECTION('',(-1.,0.,0.));
#460=VECTOR('',#459,34.81270708);
#461=LINE('',#458,#460);
#462=EDGE_CURVE('',#455,#457,#461,.T.);
#463=ORIENTED_EDGE('',*,*,#462,.F.);
#464=CARTESIAN_POINT('',(117.411633521,46.007528273,-7.6));
#465=VERTEX_POINT('',#464);
#466=CARTESIAN_POINT('',(117.411633521,46.007528273,-2.));
#467=DIRECTION('',(-0.,-0.,-1.));
#468=VECTOR('',#467,5.6);
#469=LINE('',#466,#468);
#470=EDGE_CURVE('',#455,#465,#469,.T.);
#471=ORIENTED_EDGE('',*,*,#470,.T.);
#472=CARTESIAN_POINT('',(82.598926442,46.007528273,-7.6));
#473=VERTEX_POINT('',#472);
#474=CARTESIAN_POINT('',(117.411633521,46.007528273,-7.6));
#475=DIRECTION('',(-1.,-0.,-0.));
#476=VECTOR('',#475,34.81270708);
#477=LINE('',#474,#476);
#478=EDGE_CURVE('',#465,#473,#477,.T.);
#479=ORIENTED_EDGE('',*,*,#478,.T.);
#480=CARTESIAN_POINT('',(82.598926442,46.007528273,-7.6));
#481=DIRECTION('',(0.,0.,1.));
#482=VECTOR('',#481,5.6);
#483=LINE('',#480,#482);
#484=EDGE_CURVE('',#473,#457,#483,.T.);
#485=ORIENTED_EDGE('',*,*,#484,.T.);
#486=EDGE_LOOP('',(#463,#471,#479,#485));
#487=FACE_BOUND('',#486,.T.);
#488=ADVANCED_FACE('',(#487),#453,.T.);
#489=CARTESIAN_POINT('',(119.911633521,33.963165945,-8.7));
#490=DIRECTION('',(1.,0.,0.));
#491=DIRECTION('',(0.,0.,-1.));
#492=AXIS2_PLACEMENT_3D('',#489,#490,#491);
#493=PLANE('',#492);
#494=CARTESIAN_POINT('',(119.911633521,24.418803617,-2.));
#495=VERTEX_POINT('',#494);
#496=CARTESIAN_POINT('',(119.911633521,43.507528273,-2.));
#497=VERTEX_POINT('',#496);
#498=CARTESIAN_POINT('',(119.911633521,24.418803617,-2.));
#499=DIRECTION('',(0.,1.,0.));
#500=VECTOR('',#499,19.088724655);
#501=LINE('',#498,#500);
#502=EDGE_CURVE('',#495,#497,#501,.T.);
#503=ORIENTED_EDGE('',*,*,#502,.F.);
#504=CARTESIAN_POINT('',(119.911633521,24.418803617,-6.8));
#505=VERTEX_POINT('',#504);
#506=CARTESIAN_POINT('',(119.911633521,24.418803617,-2.));
#507=DIRECTION('',(-0.,-0.,-1.));
#508=VECTOR('',#507,4.8);
#509=LINE('',#506,#508);
#510=EDGE_CURVE('',#495,#505,#509,.T.);
#511=ORIENTED_EDGE('',*,*,#510,.T.);
#512=CARTESIAN_POINT('',(119.911633521,43.507528273,-6.8));
#513=VERTEX_POINT('',#512);
#514=CARTESIAN_POINT('',(119.911633521,24.418803617,-6.8));
#515=DIRECTION('',(0.,1.,0.));
#516=VECTOR('',#515,19.088724655);
#517=LINE('',#514,#516);
#518=EDGE_CURVE('',#505,#513,#517,.T.);
#519=ORIENTED_EDGE('',*,*,#518,.T.);
#520=CARTESIAN_POINT('',(119.911633521,43.507528273,-6.8));
#521=DIRECTION('',(0.,0.,1.));
#522=VECTOR('',#521,4.8);
#523=LINE('',#520,#522);
#524=EDGE_CURVE('',#513,#497,#523,.T.);
#525=ORIENTED_EDGE('',*,*,#524,.T.);
#526=EDGE_LOOP('',(#503,#511,#519,#525));
#527=FACE_BOUND('',#526,.T.);
#528=ADVANCED_FACE('',(#527),#493,.T.);
#529=CARTESIAN_POINT('',(115.29052639,21.918803617,-8.7));
#530=DIRECTION('',(0.,-1.,0.));
#531=DIRECTION('',(0.,0.,-1.));
#532=AXIS2_PLACEMENT_3D('',#529,#530,#531);
#533=PLANE('',#532);
#534=CARTESIAN_POINT('',(113.169419259,21.918803617,-2.));
#535=VERTEX_POINT('',#534);
#536=CARTESIAN_POINT('',(113.169419259,21.918803617,-8.5));
#537=VERTEX_POINT('',#536);
#538=CARTESIAN_POINT('',(113.169419259,21.918803617,-2.));
#539=DIRECTION('',(-0.,-0.,-1.));
#540=VECTOR('',#539,6.5);
#541=LINE('',#538,#540);
#542=EDGE_CURVE('',#535,#537,#541,.T.);
#543=ORIENTED_EDGE('',*,*,#542,.T.);
#544=CARTESIAN_POINT('',(117.411633521,21.918803617,-8.5));
#545=VERTEX_POINT('',#544);
#546=CARTESIAN_POINT('',(113.169419259,21.918803617,-8.5));
#547=DIRECTION('',(1.,0.,-0.));
#548=VECTOR('',#547,4.242214262);
#549=LINE('',#546,#548);
#550=EDGE_CURVE('',#537,#545,#549,.T.);
#551=ORIENTED_EDGE('',*,*,#550,.T.);
#552=CARTESIAN_POINT('',(117.411633521,21.918803617,-2.));
#553=VERTEX_POINT('',#552);
#554=CARTESIAN_POINT('',(117.411633521,21.918803617,-8.5));
#555=DIRECTION('',(0.,0.,1.));
#556=VECTOR('',#555,6.5);
#557=LINE('',#554,#556);
#558=EDGE_CURVE('',#545,#553,#557,.T.);
#559=ORIENTED_EDGE('',*,*,#558,.T.);
#560=CARTESIAN_POINT('',(113.169419259,21.918803617,-2.));
#561=DIRECTION('',(1.,0.,-0.));
#562=VECTOR('',#561,4.242214262);
#563=LINE('',#560,#562);
#564=EDGE_CURVE('',#535,#553,#563,.T.);
#565=ORIENTED_EDGE('',*,*,#564,.F.);
#566=EDGE_LOOP('',(#543,#551,#559,#565));
#567=FACE_BOUND('',#566,.T.);
#568=ADVANCED_FACE('',(#567),#533,.T.);
#569=CARTESIAN_POINT('',(110.669419259,11.310457532,-8.7));
#570=DIRECTION('',(1.,0.,0.));
#571=DIRECTION('',(0.,0.,-1.));
#572=AXIS2_PLACEMENT_3D('',#569,#570,#571);
#573=PLANE('',#572);
#574=CARTESIAN_POINT('',(110.669419259,3.202111447,-2.));
#575=VERTEX_POINT('',#574);
#576=CARTESIAN_POINT('',(110.669419259,3.202111447,-8.5));
#577=VERTEX_POINT('',#576);
#578=CARTESIAN_POINT('',(110.669419259,3.202111447,-2.));
#579=DIRECTION('',(-0.,-0.,-1.));
#580=VECTOR('',#579,6.5);
#581=LINE('',#578,#580);
#582=EDGE_CURVE('',#575,#577,#581,.T.);
#583=ORIENTED_EDGE('',*,*,#582,.T.);
#584=CARTESIAN_POINT('',(110.669419259,19.418803617,-8.5));
#585=VERTEX_POINT('',#584);
#586=CARTESIAN_POINT('',(110.669419259,3.202111447,-8.5));
#587=DIRECTION('',(0.,1.,0.));
#588=VECTOR('',#587,16.21669217);
#589=LINE('',#586,#588);
#590=EDGE_CURVE('',#577,#585,#589,.T.);
#591=ORIENTED_EDGE('',*,*,#590,.T.);
#592=CARTESIAN_POINT('',(110.669419259,19.418803617,-2.));
#593=VERTEX_POINT('',#592);
#594=CARTESIAN_POINT('',(110.669419259,19.418803617,-8.5));
#595=DIRECTION('',(0.,0.,1.));
#596=VECTOR('',#595,6.5);
#597=LINE('',#594,#596);
#598=EDGE_CURVE('',#585,#593,#597,.T.);
#599=ORIENTED_EDGE('',*,*,#598,.T.);
#600=CARTESIAN_POINT('',(110.669419259,3.202111447,-2.));
#601=DIRECTION('',(0.,1.,0.));
#602=VECTOR('',#601,16.21669217);
#603=LINE('',#600,#602);
#604=EDGE_CURVE('',#575,#593,#603,.T.);
#605=ORIENTED_EDGE('',*,*,#604,.F.);
#606=EDGE_LOOP('',(#583,#591,#599,#605));
#607=FACE_BOUND('',#606,.T.);
#608=ADVANCED_FACE('',(#607),#573,.T.);
#609=CARTESIAN_POINT('',(107.796916981,0.702111447,-8.7));
#610=DIRECTION('',(0.,-1.,0.));
#611=DIRECTION('',(0.,0.,-1.));
#612=AXIS2_PLACEMENT_3D('',#609,#610,#611);
#613=PLANE('',#612);
#614=CARTESIAN_POINT('',(104.924414704,0.702111447,-8.5));
#615=VERTEX_POINT('',#614);
#616=CARTESIAN_POINT('',(104.924414704,0.702111447,-2.));
#617=VERTEX_POINT('',#616);
#618=CARTESIAN_POINT('',(104.924414704,0.702111447,-8.5));
#619=DIRECTION('',(0.,0.,1.));
#620=VECTOR('',#619,6.5);
#621=LINE('',#618,#620);
#622=EDGE_CURVE('',#615,#617,#621,.T.);
#623=ORIENTED_EDGE('',*,*,#622,.F.);
#624=CARTESIAN_POINT('',(108.169419259,0.702111447,-8.5));
#625=VERTEX_POINT('',#624);
#626=CARTESIAN_POINT('',(104.924414704,0.702111447,-8.5));
#627=DIRECTION('',(1.,0.,-0.));
#628=VECTOR('',#627,3.245004555);
#629=LINE('',#626,#628);
#630=EDGE_CURVE('',#615,#625,#629,.T.);
#631=ORIENTED_EDGE('',*,*,#630,.T.);
#632=CARTESIAN_POINT('',(108.169419259,0.702111447,-2.));
#633=VERTEX_POINT('',#632);
#634=CARTESIAN_POINT('',(108.169419259,0.702111447,-8.5));
#635=DIRECTION('',(0.,0.,1.));
#636=VECTOR('',#635,6.5);
#637=LINE('',#634,#636);
#638=EDGE_CURVE('',#625,#633,#637,.T.);
#639=ORIENTED_EDGE('',*,*,#638,.T.);
#640=CARTESIAN_POINT('',(104.924414704,0.702111447,-2.));
#641=DIRECTION('',(1.,0.,-0.));
#642=VECTOR('',#641,3.245004555);
#643=LINE('',#640,#642);
#644=EDGE_CURVE('',#617,#633,#643,.T.);
#645=ORIENTED_EDGE('',*,*,#644,.F.);
#646=EDGE_LOOP('',(#623,#631,#639,#645));
#647=FACE_BOUND('',#646,.T.);
#648=ADVANCED_FACE('',(#647),#613,.T.);
#649=CARTESIAN_POINT('',(99.511694055,0.767454436,-8.7));
#650=DIRECTION('',(-0.012071236,-0.99992714,0.));
#651=DIRECTION('',(0.99992714,-0.012071236,0.));
#652=AXIS2_PLACEMENT_3D('',#649,#650,#651);
#653=PLANE('',#652);
#654=CARTESIAN_POINT('',(104.82300054,0.703335731,-5.181445496));
#655=VERTEX_POINT('',#654);
#656=CARTESIAN_POINT('',(103.073082508,0.724460943,-3.431399955));
#657=VERTEX_POINT('',#656);
#658=CARTESIAN_POINT('',(103.073082508,0.724460943,-5.181445496));
#659=DIRECTION('',(-0.012071236,-0.99992714,0.));
#660=DIRECTION('',(0.99992714,-0.012071236,0.));
#661=AXIS2_PLACEMENT_3D('',#658,#659,#660);
#662=CIRCLE('',#661,1.750045541);
#663=EDGE_CURVE('',#655,#657,#662,.T.);
#664=ORIENTED_EDGE('',*,*,#663,.F.);
#665=CARTESIAN_POINT('',(104.82300054,0.703335731,-5.891354415));
#666=VERTEX_POINT('',#665);
#667=CARTESIAN_POINT('',(104.82300054,0.703335731,-5.181445496));
#668=DIRECTION('',(0.,0.,-1.));
#669=VECTOR('',#668,0.709908918);
#670=LINE('',#667,#669);
#671=EDGE_CURVE('',#655,#666,#670,.T.);
#672=ORIENTED_EDGE('',*,*,#671,.T.);
#673=CARTESIAN_POINT('',(103.073082508,0.724460943,-7.641399955));
#674=VERTEX_POINT('',#673);
#675=CARTESIAN_POINT('',(103.073082508,0.724460943,-5.891354415));
#676=DIRECTION('',(-0.012071236,-0.99992714,-0.));
#677=DIRECTION('',(0.,0.,-1.));
#678=AXIS2_PLACEMENT_3D('',#675,#676,#677);
#679=CIRCLE('',#678,1.750045541);
#680=EDGE_CURVE('',#674,#666,#679,.T.);
#681=ORIENTED_EDGE('',*,*,#680,.F.);
#682=CARTESIAN_POINT('',(96.632991433,0.802206467,-7.641399955));
#683=VERTEX_POINT('',#682);
#684=CARTESIAN_POINT('',(103.073082508,0.724460943,-7.641399955));
#685=DIRECTION('',(-0.99992714,0.012071236,0.));
#686=VECTOR('',#685,6.440560334);
#687=LINE('',#684,#686);
#688=EDGE_CURVE('',#674,#683,#687,.T.);
#689=ORIENTED_EDGE('',*,*,#688,.T.);
#690=CARTESIAN_POINT('',(94.8830734,0.823331679,-5.891354415));
#691=VERTEX_POINT('',#690);
#692=CARTESIAN_POINT('',(96.632991433,0.802206467,-5.891354415));
#693=DIRECTION('',(-0.012071236,-0.99992714,0.));
#694=DIRECTION('',(-0.99992714,0.012071236,0.));
#695=AXIS2_PLACEMENT_3D('',#692,#693,#694);
#696=CIRCLE('',#695,1.750045541);
#697=EDGE_CURVE('',#691,#683,#696,.T.);
#698=ORIENTED_EDGE('',*,*,#697,.F.);
#699=CARTESIAN_POINT('',(94.8830734,0.823331679,-5.181445496));
#700=VERTEX_POINT('',#699);
#701=CARTESIAN_POINT('',(94.8830734,0.823331679,-5.891354415));
#702=DIRECTION('',(0.,-0.,1.));
#703=VECTOR('',#702,0.709908918);
#704=LINE('',#701,#703);
#705=EDGE_CURVE('',#691,#700,#704,.T.);
#706=ORIENTED_EDGE('',*,*,#705,.T.);
#707=CARTESIAN_POINT('',(96.632991433,0.802206467,-3.431399955));
#708=VERTEX_POINT('',#707);
#709=CARTESIAN_POINT('',(96.632991433,0.802206467,-5.181445496));
#710=DIRECTION('',(-0.012071236,-0.99992714,-0.));
#711=DIRECTION('',(0.,-0.,1.));
#712=AXIS2_PLACEMENT_3D('',#709,#710,#711);
#713=CIRCLE('',#712,1.750045541);
#714=EDGE_CURVE('',#708,#700,#713,.T.);
#715=ORIENTED_EDGE('',*,*,#714,.F.);
#716=CARTESIAN_POINT('',(99.85303697,0.763333705,-2.965090822));
#717=VERTEX_POINT('',#716);
#718=CARTESIAN_POINT('',(99.85303697,0.763333705,-2.965090822));
#719=DIRECTION('',(-0.989605852,0.011946636,-0.14330923));
#720=VECTOR('',#719,3.25386671);
#721=LINE('',#718,#720);
#722=EDGE_CURVE('',#717,#708,#721,.T.);
#723=ORIENTED_EDGE('',*,*,#722,.F.);
#724=CARTESIAN_POINT('',(103.073082508,0.724460943,-3.431399955));
#725=DIRECTION('',(-0.989605852,0.011946636,0.14330923));
#726=VECTOR('',#725,3.253866709);
#727=LINE('',#724,#726);
#728=EDGE_CURVE('',#657,#717,#727,.T.);
#729=ORIENTED_EDGE('',*,*,#728,.F.);
#730=EDGE_LOOP('',(#664,#672,#681,#689,#698,#706,#715,#723,#729));
#731=FACE_BOUND('',#730,.T.);
#732=CARTESIAN_POINT('',(94.098973405,0.832797425,-8.5));
#733=VERTEX_POINT('',#732);
#734=CARTESIAN_POINT('',(94.098973405,0.832797425,-2.));
#735=VERTEX_POINT('',#734);
#736=CARTESIAN_POINT('',(94.098973405,0.832797425,-8.5));
#737=DIRECTION('',(0.,0.,1.));
#738=VECTOR('',#737,6.5);
#739=LINE('',#736,#738);
#740=EDGE_CURVE('',#733,#735,#739,.T.);
#741=ORIENTED_EDGE('',*,*,#740,.F.);
#742=CARTESIAN_POINT('',(94.098973405,0.832797425,-8.5));
#743=DIRECTION('',(0.99992714,-0.012071236,0.));
#744=VECTOR('',#743,10.826230098);
#745=LINE('',#742,#744);
#746=EDGE_CURVE('',#733,#615,#745,.T.);
#747=ORIENTED_EDGE('',*,*,#746,.T.);
#748=ORIENTED_EDGE('',*,*,#622,.T.);
#749=CARTESIAN_POINT('',(94.098973405,0.832797425,-2.));
#750=DIRECTION('',(0.99992714,-0.012071236,0.));
#751=VECTOR('',#750,10.826230098);
#752=LINE('',#749,#751);
#753=EDGE_CURVE('',#735,#617,#752,.T.);
#754=ORIENTED_EDGE('',*,*,#753,.F.);
#755=EDGE_LOOP('',(#741,#747,#748,#754));
#756=FACE_BOUND('',#755,.T.);
#757=ADVANCED_FACE('',(#731,#756),#653,.T.);
#758=CARTESIAN_POINT('',(91.063876538,0.832797425,-8.7));
#759=DIRECTION('',(0.,-1.,0.));
#760=DIRECTION('',(0.,0.,-1.));
#761=AXIS2_PLACEMENT_3D('',#758,#759,#760);
#762=PLANE('',#761);
#763=CARTESIAN_POINT('',(90.528779671,0.832797425,-2.));
#764=VERTEX_POINT('',#763);
#765=CARTESIAN_POINT('',(90.528779671,0.832797425,-8.5));
#766=VERTEX_POINT('',#765);
#767=CARTESIAN_POINT('',(90.528779671,0.832797425,-2.));
#768=DIRECTION('',(-0.,-0.,-1.));
#769=VECTOR('',#768,6.5);
#770=LINE('',#767,#769);
#771=EDGE_CURVE('',#764,#766,#770,.T.);
#772=ORIENTED_EDGE('',*,*,#771,.T.);
#773=CARTESIAN_POINT('',(90.528779671,0.832797425,-8.5));
#774=DIRECTION('',(1.,0.,-0.));
#775=VECTOR('',#774,3.570193734);
#776=LINE('',#773,#775);
#777=EDGE_CURVE('',#766,#733,#776,.T.);
#778=ORIENTED_EDGE('',*,*,#777,.T.);
#779=ORIENTED_EDGE('',*,*,#740,.T.);
#780=CARTESIAN_POINT('',(90.528779671,0.832797425,-2.));
#781=DIRECTION('',(1.,0.,-0.));
#782=VECTOR('',#781,3.570193734);
#783=LINE('',#780,#782);
#784=EDGE_CURVE('',#764,#735,#783,.T.);
#785=ORIENTED_EDGE('',*,*,#784,.F.);
#786=EDGE_LOOP('',(#772,#778,#779,#785));
#787=FACE_BOUND('',#786,.T.);
#788=ADVANCED_FACE('',(#787),#762,.T.);
#789=CARTESIAN_POINT('',(88.028779671,11.359571294,-8.7));
#790=DIRECTION('',(-1.,0.,0.));
#791=DIRECTION('',(0.,0.,1.));
#792=AXIS2_PLACEMENT_3D('',#789,#790,#791);
#793=PLANE('',#792);
#794=CARTESIAN_POINT('',(88.028779671,19.386345163,-2.));
#795=VERTEX_POINT('',#794);
#796=CARTESIAN_POINT('',(88.028779671,19.386345163,-8.5));
#797=VERTEX_POINT('',#796);
#798=CARTESIAN_POINT('',(88.028779671,19.386345163,-2.));
#799=DIRECTION('',(-0.,-0.,-1.));
#800=VECTOR('',#799,6.5);
#801=LINE('',#798,#800);
#802=EDGE_CURVE('',#795,#797,#801,.T.);
#803=ORIENTED_EDGE('',*,*,#802,.T.);
#804=CARTESIAN_POINT('',(88.028779671,3.332797425,-8.5));
#805=VERTEX_POINT('',#804);
#806=CARTESIAN_POINT('',(88.028779671,19.386345163,-8.5));
#807=DIRECTION('',(0.,-1.,0.));
#808=VECTOR('',#807,16.053547738);
#809=LINE('',#806,#808);
#810=EDGE_CURVE('',#797,#805,#809,.T.);
#811=ORIENTED_EDGE('',*,*,#810,.T.);
#812=CARTESIAN_POINT('',(88.028779671,3.332797425,-2.));
#813=VERTEX_POINT('',#812);
#814=CARTESIAN_POINT('',(88.028779671,3.332797425,-8.5));
#815=DIRECTION('',(0.,0.,1.));
#816=VECTOR('',#815,6.5);
#817=LINE('',#814,#816);
#818=EDGE_CURVE('',#805,#813,#817,.T.);
#819=ORIENTED_EDGE('',*,*,#818,.T.);
#820=CARTESIAN_POINT('',(88.028779671,19.386345163,-2.));
#821=DIRECTION('',(0.,-1.,0.));
#822=VECTOR('',#821,16.053547738);
#823=LINE('',#820,#822);
#824=EDGE_CURVE('',#795,#813,#823,.T.);
#825=ORIENTED_EDGE('',*,*,#824,.F.);
#826=EDGE_LOOP('',(#803,#811,#819,#825));
#827=FACE_BOUND('',#826,.T.);
#828=ADVANCED_FACE('',(#827),#793,.T.);
#829=CARTESIAN_POINT('',(84.063853056,21.886345163,-8.7));
#830=DIRECTION('',(0.,-1.,0.));
#831=DIRECTION('',(0.,0.,-1.));
#832=AXIS2_PLACEMENT_3D('',#829,#830,#831);
#833=PLANE('',#832);
#834=CARTESIAN_POINT('',(82.598926442,21.886345163,-2.));
#835=VERTEX_POINT('',#834);
#836=CARTESIAN_POINT('',(82.598926442,21.886345163,-8.5));
#837=VERTEX_POINT('',#836);
#838=CARTESIAN_POINT('',(82.598926442,21.886345163,-2.));
#839=DIRECTION('',(-0.,-0.,-1.));
#840=VECTOR('',#839,6.5);
#841=LINE('',#838,#840);
#842=EDGE_CURVE('',#835,#837,#841,.T.);
#843=ORIENTED_EDGE('',*,*,#842,.T.);
#844=CARTESIAN_POINT('',(85.528779671,21.886345163,-8.5));
#845=VERTEX_POINT('',#844);
#846=CARTESIAN_POINT('',(82.598926442,21.886345163,-8.5));
#847=DIRECTION('',(1.,0.,-0.));
#848=VECTOR('',#847,2.929853229);
#849=LINE('',#846,#848);
#850=EDGE_CURVE('',#837,#845,#849,.T.);
#851=ORIENTED_EDGE('',*,*,#850,.T.);
#852=CARTESIAN_POINT('',(85.528779671,21.886345163,-2.));
#853=VERTEX_POINT('',#852);
#854=CARTESIAN_POINT('',(85.528779671,21.886345163,-8.5));
#855=DIRECTION('',(0.,0.,1.));
#856=VECTOR('',#855,6.5);
#857=LINE('',#854,#856);
#858=EDGE_CURVE('',#845,#853,#857,.T.);
#859=ORIENTED_EDGE('',*,*,#858,.T.);
#860=CARTESIAN_POINT('',(82.598926442,21.886345163,-2.));
#861=DIRECTION('',(1.,0.,-0.));
#862=VECTOR('',#861,2.929853229);
#863=LINE('',#860,#862);
#864=EDGE_CURVE('',#835,#853,#863,.T.);
#865=ORIENTED_EDGE('',*,*,#864,.F.);
#866=EDGE_LOOP('',(#843,#851,#859,#865));
#867=FACE_BOUND('',#866,.T.);
#868=ADVANCED_FACE('',(#867),#833,.T.);
#869=CARTESIAN_POINT('',(118.911633521,33.963165945,-8.7));
#870=DIRECTION('',(1.,0.,0.));
#871=DIRECTION('',(0.,0.,-1.));
#872=AXIS2_PLACEMENT_3D('',#869,#870,#871);
#873=PLANE('',#872);
#874=ORIENTED_EDGE('',*,*,#398,.T.);
#875=CARTESIAN_POINT('',(118.911633521,22.918803617,-1.));
#876=DIRECTION('',(0.,1.,0.));
#877=VECTOR('',#876,22.088724655);
#878=LINE('',#875,#877);
#879=EDGE_CURVE('',#385,#153,#878,.T.);
#880=ORIENTED_EDGE('',*,*,#879,.T.);
#881=ORIENTED_EDGE('',*,*,#158,.F.);
#882=CARTESIAN_POINT('',(118.911633521,22.918803617,-8.3));
#883=DIRECTION('',(0.,1.,0.));
#884=VECTOR('',#883,22.088724655);
#885=LINE('',#882,#884);
#886=EDGE_CURVE('',#393,#151,#885,.T.);
#887=ORIENTED_EDGE('',*,*,#886,.F.);
#888=EDGE_LOOP('',(#874,#880,#881,#887));
#889=FACE_BOUND('',#888,.T.);
#890=ADVANCED_FACE('',(#889),#873,.F.);
#891=CARTESIAN_POINT('',(78.,0.,-8.3));
#892=DIRECTION('',(0.,0.,-1.));
#893=DIRECTION('',(-1.,0.,0.));
#894=AXIS2_PLACEMENT_3D('',#891,#892,#893);
#895=PLANE('',#894);
#896=ORIENTED_EDGE('',*,*,#180,.F.);
#897=ORIENTED_EDGE('',*,*,#211,.T.);
#898=ORIENTED_EDGE('',*,*,#242,.T.);
#899=ORIENTED_EDGE('',*,*,#281,.T.);
#900=ORIENTED_EDGE('',*,*,#303,.T.);
#901=ORIENTED_EDGE('',*,*,#62,.F.);
#902=ORIENTED_EDGE('',*,*,#334,.T.);
#903=ORIENTED_EDGE('',*,*,#373,.T.);
#904=ORIENTED_EDGE('',*,*,#404,.T.);
#905=ORIENTED_EDGE('',*,*,#886,.T.);
#906=EDGE_LOOP('',(#896,#897,#898,#899,#900,#901,#902,#903,#904,#905));
#907=FACE_BOUND('',#906,.T.);
#908=ADVANCED_FACE('',(#907),#895,.F.);
#909=CARTESIAN_POINT('',(78.,0.,-9.3));
#910=DIRECTION('',(0.,0.,-1.));
#911=DIRECTION('',(-1.,0.,0.));
#912=AXIS2_PLACEMENT_3D('',#909,#910,#911);
#913=PLANE('',#912);
#914=CARTESIAN_POINT('',(117.411633521,44.307528273,-9.3));
#915=VERTEX_POINT('',#914);
#916=CARTESIAN_POINT('',(117.411633521,22.718803617,-9.3));
#917=VERTEX_POINT('',#916);
#918=CARTESIAN_POINT('',(117.411633521,44.307528273,-9.3));
#919=DIRECTION('',(-0.,-1.,-0.));
#920=VECTOR('',#919,21.588724655);
#921=LINE('',#918,#920);
#922=EDGE_CURVE('',#915,#917,#921,.T.);
#923=ORIENTED_EDGE('',*,*,#922,.T.);
#924=CARTESIAN_POINT('',(113.169419259,22.718803617,-9.3));
#925=VERTEX_POINT('',#924);
#926=CARTESIAN_POINT('',(117.411633521,22.718803617,-9.3));
#927=DIRECTION('',(-1.,-0.,0.));
#928=VECTOR('',#927,4.242214262);
#929=LINE('',#926,#928);
#930=EDGE_CURVE('',#917,#925,#929,.T.);
#931=ORIENTED_EDGE('',*,*,#930,.T.);
#932=CARTESIAN_POINT('',(109.869419259,19.418803617,-9.3));
#933=VERTEX_POINT('',#932);
#934=CARTESIAN_POINT('',(113.169419259,19.418803617,-9.3));
#935=DIRECTION('',(-0.,-0.,1.));
#936=DIRECTION('',(-1.,0.,0.));
#937=AXIS2_PLACEMENT_3D('',#934,#935,#936);
#938=CIRCLE('',#937,3.3);
#939=EDGE_CURVE('',#925,#933,#938,.T.);
#940=ORIENTED_EDGE('',*,*,#939,.T.);
#941=CARTESIAN_POINT('',(109.869419259,3.202111447,-9.3));
#942=VERTEX_POINT('',#941);
#943=CARTESIAN_POINT('',(109.869419259,19.418803617,-9.3));
#944=DIRECTION('',(-0.,-1.,-0.));
#945=VECTOR('',#944,16.21669217);
#946=LINE('',#943,#945);
#947=EDGE_CURVE('',#933,#942,#946,.T.);
#948=ORIENTED_EDGE('',*,*,#947,.T.);
#949=CARTESIAN_POINT('',(108.169419259,1.502111447,-9.3));
#950=VERTEX_POINT('',#949);
#951=CARTESIAN_POINT('',(108.169419259,3.202111447,-9.3));
#952=DIRECTION('',(0.,0.,-1.));
#953=DIRECTION('',(-1.,0.,0.));
#954=AXIS2_PLACEMENT_3D('',#951,#952,#953);
#955=CIRCLE('',#954,1.7);
#956=EDGE_CURVE('',#942,#950,#955,.T.);
#957=ORIENTED_EDGE('',*,*,#956,.T.);
#958=CARTESIAN_POINT('',(104.929243374,1.502111447,-9.3));
#959=VERTEX_POINT('',#958);
#960=CARTESIAN_POINT('',(108.169419259,1.502111447,-9.3));
#961=DIRECTION('',(-1.,-0.,0.));
#962=VECTOR('',#961,3.240175885);
#963=LINE('',#960,#962);
#964=EDGE_CURVE('',#950,#959,#963,.T.);
#965=ORIENTED_EDGE('',*,*,#964,.T.);
#966=CARTESIAN_POINT('',(94.103802075,1.632797425,-9.3));
#967=VERTEX_POINT('',#966);
#968=CARTESIAN_POINT('',(104.929243374,1.502111447,-9.3));
#969=DIRECTION('',(-0.99992714,0.012071236,-0.));
#970=VECTOR('',#969,10.826230098);
#971=LINE('',#968,#970);
#972=EDGE_CURVE('',#959,#967,#971,.T.);
#973=ORIENTED_EDGE('',*,*,#972,.T.);
#974=CARTESIAN_POINT('',(90.528779671,1.632797425,-9.3));
#975=VERTEX_POINT('',#974);
#976=CARTESIAN_POINT('',(94.103802075,1.632797425,-9.3));
#977=DIRECTION('',(-1.,-0.,0.));
#978=VECTOR('',#977,3.575022405);
#979=LINE('',#976,#978);
#980=EDGE_CURVE('',#967,#975,#979,.T.);
#981=ORIENTED_EDGE('',*,*,#980,.T.);
#982=CARTESIAN_POINT('',(88.828779671,3.332797425,-9.3));
#983=VERTEX_POINT('',#982);
#984=CARTESIAN_POINT('',(90.528779671,3.332797425,-9.3));
#985=DIRECTION('',(0.,0.,-1.));
#986=DIRECTION('',(-1.,0.,0.));
#987=AXIS2_PLACEMENT_3D('',#984,#985,#986);
#988=CIRCLE('',#987,1.7);
#989=EDGE_CURVE('',#975,#983,#988,.T.);
#990=ORIENTED_EDGE('',*,*,#989,.T.);
#991=CARTESIAN_POINT('',(88.828779671,19.386345163,-9.3));
#992=VERTEX_POINT('',#991);
#993=CARTESIAN_POINT('',(88.828779671,3.332797425,-9.3));
#994=DIRECTION('',(-0.,1.,-0.));
#995=VECTOR('',#994,16.053547738);
#996=LINE('',#993,#995);
#997=EDGE_CURVE('',#983,#992,#996,.T.);
#998=ORIENTED_EDGE('',*,*,#997,.T.);
#999=CARTESIAN_POINT('',(85.528779671,22.686345163,-9.3));
#1000=VERTEX_POINT('',#999);
#1001=CARTESIAN_POINT('',(85.528779671,19.386345163,-9.3));
#1002=DIRECTION('',(-0.,-0.,1.));
#1003=DIRECTION('',(-1.,0.,0.));
#1004=AXIS2_PLACEMENT_3D('',#1001,#1002,#1003);
#1005=CIRCLE('',#1004,3.3);
#1006=EDGE_CURVE('',#992,#1000,#1005,.T.);
#1007=ORIENTED_EDGE('',*,*,#1006,.T.);
#1008=CARTESIAN_POINT('',(82.598926442,22.686345163,-9.3));
#1009=VERTEX_POINT('',#1008);
#1010=CARTESIAN_POINT('',(85.528779671,22.686345163,-9.3));
#1011=DIRECTION('',(-1.,-0.,0.));
#1012=VECTOR('',#1011,2.929853229);
#1013=LINE('',#1010,#1012);
#1014=EDGE_CURVE('',#1000,#1009,#1013,.T.);
#1015=ORIENTED_EDGE('',*,*,#1014,.T.);
#1016=CARTESIAN_POINT('',(82.598926442,44.307528273,-9.3));
#1017=VERTEX_POINT('',#1016);
#1018=CARTESIAN_POINT('',(82.598926442,22.686345163,-9.3));
#1019=DIRECTION('',(-0.,1.,-0.));
#1020=VECTOR('',#1019,21.62118311);
#1021=LINE('',#1018,#1020);
#1022=EDGE_CURVE('',#1009,#1017,#1021,.T.);
#1023=ORIENTED_EDGE('',*,*,#1022,.T.);
#1024=CARTESIAN_POINT('',(82.598926442,44.307528273,-9.3));
#1025=DIRECTION('',(1.,-0.,-0.));
#1026=VECTOR('',#1025,34.81270708);
#1027=LINE('',#1024,#1026);
#1028=EDGE_CURVE('',#1017,#915,#1027,.T.);
#1029=ORIENTED_EDGE('',*,*,#1028,.T.);
#1030=EDGE_LOOP('',(#923,#931,#940,#948,#957,#965,#973,#981,#990,#998,#1007,#1015,#1023,#1029));
#1031=FACE_BOUND('',#1030,.T.);
#1032=ADVANCED_FACE('',(#1031),#913,.T.);
#1033=CARTESIAN_POINT('',(117.411633521,46.007528273,-7.6));
#1034=CARTESIAN_POINT('',(105.807397828,46.007528273,-7.6));
#1035=CARTESIAN_POINT('',(94.203162135,46.007528273,-7.6));
#1036=CARTESIAN_POINT('',(82.598926441,46.007528273,-7.6));
#1037=CARTESIAN_POINT('',(117.411633521,46.007528273,-9.3));
#1038=CARTESIAN_POINT('',(105.807397828,46.007528273,-9.3));
#1039=CARTESIAN_POINT('',(94.203162135,46.007528273,-9.3));
#1040=CARTESIAN_POINT('',(82.598926441,46.007528273,-9.3));
#1041=CARTESIAN_POINT('',(117.411633521,44.307528273,-9.3));
#1042=CARTESIAN_POINT('',(105.807397828,44.307528273,-9.3));
#1043=CARTESIAN_POINT('',(94.203162135,44.307528273,-9.3));
#1044=CARTESIAN_POINT('',(82.598926441,44.307528273,-9.3));
#1045=(BOUNDED_SURFACE()
B_SPLINE_SURFACE(2,3,((#1033,#1034,#1035,#1036),(#1037,#1038,#1039,#1040),(#1041,#1042,#1043,#1044)),.UNSPECIFIED.,.F.,.F.,.U.)
B_SPLINE_SURFACE_WITH_KNOTS((3,3),(4,4),(0.,1.),(-0.017406354,0.017406354),.UNSPECIFIED.)
GEOMETRIC_REPRESENTATION_ITEM()
RATIONAL_B_SPLINE_SURFACE(((1.,1.,1.,1.),(0.784679677,0.784679677,0.784679677,0.784679677),(1.,1.,1.,1.)))
REPRESENTATION_ITEM('')
SURFACE()
);
#1046=ORIENTED_EDGE('',*,*,#478,.F.);
#1047=CARTESIAN_POINT('',(117.411633521,46.007528273,-7.6));
#1048=CARTESIAN_POINT('',(117.411633521,46.007528273,-7.822325908));
#1049=CARTESIAN_POINT('',(117.411633521,45.971256805,-8.048894848));
#1050=CARTESIAN_POINT('',(117.411633521,45.89194553,-8.259755317));
#1051=CARTESIAN_POINT('',(117.411633521,45.812634255,-8.470615786));
#1052=CARTESIAN_POINT('',(117.411633521,45.690010976,-8.664965406));
#1053=CARTESIAN_POINT('',(117.411633521,45.531252327,-8.823724055));
#1054=CARTESIAN_POINT('',(117.411633521,45.372493679,-8.982482703));
#1055=CARTESIAN_POINT('',(117.411633521,45.178144059,-9.105105983));
#1056=CARTESIAN_POINT('',(117.411633521,44.96728359,-9.184417257));
#1057=CARTESIAN_POINT('',(117.411633521,44.756423121,-9.263728532));
#1058=CARTESIAN_POINT('',(117.411633521,44.529854181,-9.3));
#1059=CARTESIAN_POINT('',(117.411633521,44.307528273,-9.3));
#1060=B_SPLINE_CURVE_WITH_KNOTS('',3,(#1047,#1048,#1049,#1050,#1051,#1052,#1053,#1054,#1055,#1056,#1057,#1058,#1059),.UNSPECIFIED.,.F.,.F.,(4,3,3,3,4),(0.,0.25,0.5,0.75,1.),.UNSPECIFIED.);
#1061=EDGE_CURVE('',#465,#915,#1060,.T.);
#1062=ORIENTED_EDGE('',*,*,#1061,.T.);
#1063=ORIENTED_EDGE('',*,*,#1028,.F.);
#1064=CARTESIAN_POINT('',(82.598926442,44.307528273,-9.3));
#1065=CARTESIAN_POINT('',(82.598926442,44.529854181,-9.3));
#1066=CARTESIAN_POINT('',(82.598926442,44.756423121,-9.263728532));
#1067=CARTESIAN_POINT('',(82.598926442,44.96728359,-9.184417257));
#1068=CARTESIAN_POINT('',(82.598926442,45.178144059,-9.105105983));
#1069=CARTESIAN_POINT('',(82.598926442,45.372493679,-8.982482703));
#1070=CARTESIAN_POINT('',(82.598926442,45.531252327,-8.823724055));
#1071=CARTESIAN_POINT('',(82.598926442,45.690010976,-8.664965406));
#1072=CARTESIAN_POINT('',(82.598926442,45.812634255,-8.470615786));
#1073=CARTESIAN_POINT('',(82.598926442,45.89194553,-8.259755317));
#1074=CARTESIAN_POINT('',(82.598926442,45.971256805,-8.048894848));
#1075=CARTESIAN_POINT('',(82.598926442,46.007528273,-7.822325908));
#1076=CARTESIAN_POINT('',(82.598926442,46.007528273,-7.6));
#1077=B_SPLINE_CURVE_WITH_KNOTS('',3,(#1064,#1065,#1066,#1067,#1068,#1069,#1070,#1071,#1072,#1073,#1074,#1075,#1076),.UNSPECIFIED.,.F.,.F.,(4,3,3,3,4),(0.,0.25,0.5,0.75,1.),.UNSPECIFIED.);
#1078=EDGE_CURVE('',#1017,#473,#1077,.T.);
#1079=ORIENTED_EDGE('',*,*,#1078,.T.);
#1080=EDGE_LOOP('',(#1046,#1062,#1063,#1079));
#1081=FACE_BOUND('',#1080,.T.);
#1082=ADVANCED_FACE('',(#1081),#1045,.T.);
#1083=CARTESIAN_POINT('',(108.169419259,3.202111447,-8.7));
#1084=DIRECTION('',(0.,0.,1.));
#1085=DIRECTION('',(1.,0.,-0.));
#1086=AXIS2_PLACEMENT_3D('',#1083,#1084,#1085);
#1087=CYLINDRICAL_SURFACE('',#1086,2.5);
#1088=ORIENTED_EDGE('',*,*,#638,.F.);
#1089=CARTESIAN_POINT('',(108.169419259,3.202111447,-8.5));
#1090=DIRECTION('',(-0.,-0.,1.));
#1091=DIRECTION('',(-1.,0.,0.));
#1092=AXIS2_PLACEMENT_3D('',#1089,#1090,#1091);
#1093=CIRCLE('',#1092,2.5);
#1094=EDGE_CURVE('',#625,#577,#1093,.T.);
#1095=ORIENTED_EDGE('',*,*,#1094,.T.);
#1096=ORIENTED_EDGE('',*,*,#582,.F.);
#1097=CARTESIAN_POINT('',(108.169419259,3.202111447,-2.));
#1098=DIRECTION('',(-0.,-0.,1.));
#1099=DIRECTION('',(-1.,0.,0.));
#1100=AXIS2_PLACEMENT_3D('',#1097,#1098,#1099);
#1101=CIRCLE('',#1100,2.5);
#1102=EDGE_CURVE('',#633,#575,#1101,.T.);
#1103=ORIENTED_EDGE('',*,*,#1102,.F.);
#1104=EDGE_LOOP('',(#1088,#1095,#1096,#1103));
#1105=FACE_BOUND('',#1104,.T.);
#1106=ADVANCED_FACE('',(#1105),#1087,.T.);
#1107=CARTESIAN_POINT('',(85.528779671,19.386345163,-8.7));
#1108=DIRECTION('',(0.,0.,-1.));
#1109=DIRECTION('',(-1.,0.,0.));
#1110=AXIS2_PLACEMENT_3D('',#1107,#1108,#1109);
#1111=CYLINDRICAL_SURFACE('',#1110,2.5);
#1112=ORIENTED_EDGE('',*,*,#858,.F.);
#1113=CARTESIAN_POINT('',(85.528779671,19.386345163,-8.5));
#1114=DIRECTION('',(0.,0.,-1.));
#1115=DIRECTION('',(-1.,0.,0.));
#1116=AXIS2_PLACEMENT_3D('',#1113,#1114,#1115);
#1117=CIRCLE('',#1116,2.5);
#1118=EDGE_CURVE('',#845,#797,#1117,.T.);
#1119=ORIENTED_EDGE('',*,*,#1118,.T.);
#1120=ORIENTED_EDGE('',*,*,#802,.F.);
#1121=CARTESIAN_POINT('',(85.528779671,19.386345163,-2.));
#1122=DIRECTION('',(0.,0.,-1.));
#1123=DIRECTION('',(-1.,0.,0.));
#1124=AXIS2_PLACEMENT_3D('',#1121,#1122,#1123);
#1125=CIRCLE('',#1124,2.5);
#1126=EDGE_CURVE('',#853,#795,#1125,.T.);
#1127=ORIENTED_EDGE('',*,*,#1126,.F.);
#1128=EDGE_LOOP('',(#1112,#1119,#1120,#1127));
#1129=FACE_BOUND('',#1128,.T.);
#1130=ADVANCED_FACE('',(#1129),#1111,.F.);
#1131=CARTESIAN_POINT('',(113.169419259,19.418803617,-8.7));
#1132=DIRECTION('',(0.,0.,-1.));
#1133=DIRECTION('',(-1.,0.,0.));
#1134=AXIS2_PLACEMENT_3D('',#1131,#1132,#1133);
#1135=CYLINDRICAL_SURFACE('',#1134,2.5);
#1136=ORIENTED_EDGE('',*,*,#598,.F.);
#1137=CARTESIAN_POINT('',(113.169419259,19.418803617,-8.5));
#1138=DIRECTION('',(0.,0.,-1.));
#1139=DIRECTION('',(-1.,0.,0.));
#1140=AXIS2_PLACEMENT_3D('',#1137,#1138,#1139);
#1141=CIRCLE('',#1140,2.5);
#1142=EDGE_CURVE('',#585,#537,#1141,.T.);
#1143=ORIENTED_EDGE('',*,*,#1142,.T.);
#1144=ORIENTED_EDGE('',*,*,#542,.F.);
#1145=CARTESIAN_POINT('',(113.169419259,19.418803617,-2.));
#1146=DIRECTION('',(0.,0.,-1.));
#1147=DIRECTION('',(-1.,0.,0.));
#1148=AXIS2_PLACEMENT_3D('',#1145,#1146,#1147);
#1149=CIRCLE('',#1148,2.5);
#1150=EDGE_CURVE('',#593,#535,#1149,.T.);
#1151=ORIENTED_EDGE('',*,*,#1150,.F.);
#1152=EDGE_LOOP('',(#1136,#1143,#1144,#1151));
#1153=FACE_BOUND('',#1152,.T.);
#1154=ADVANCED_FACE('',(#1153),#1135,.F.);
#1155=CARTESIAN_POINT('',(90.528779671,3.332797425,-8.7));
#1156=DIRECTION('',(0.,0.,1.));
#1157=DIRECTION('',(1.,0.,-0.));
#1158=AXIS2_PLACEMENT_3D('',#1155,#1156,#1157);
#1159=CYLINDRICAL_SURFACE('',#1158,2.5);
#1160=ORIENTED_EDGE('',*,*,#818,.F.);
#1161=CARTESIAN_POINT('',(90.528779671,3.332797425,-8.5));
#1162=DIRECTION('',(-0.,-0.,1.));
#1163=DIRECTION('',(-1.,0.,0.));
#1164=AXIS2_PLACEMENT_3D('',#1161,#1162,#1163);
#1165=CIRCLE('',#1164,2.5);
#1166=EDGE_CURVE('',#805,#766,#1165,.T.);
#1167=ORIENTED_EDGE('',*,*,#1166,.T.);
#1168=ORIENTED_EDGE('',*,*,#771,.F.);
#1169=CARTESIAN_POINT('',(90.528779671,3.332797425,-2.));
#1170=DIRECTION('',(-0.,-0.,1.));
#1171=DIRECTION('',(-1.,0.,0.));
#1172=AXIS2_PLACEMENT_3D('',#1169,#1170,#1171);
#1173=CIRCLE('',#1172,2.5);
#1174=EDGE_CURVE('',#813,#764,#1173,.T.);
#1175=ORIENTED_EDGE('',*,*,#1174,.F.);
#1176=EDGE_LOOP('',(#1160,#1167,#1168,#1175));
#1177=FACE_BOUND('',#1176,.T.);
#1178=ADVANCED_FACE('',(#1177),#1159,.T.);
#1179=CARTESIAN_POINT('',(117.411633521,43.507528273,-8.7));
#1180=DIRECTION('',(0.,0.,1.));
#1181=DIRECTION('',(1.,0.,-0.));
#1182=AXIS2_PLACEMENT_3D('',#1179,#1180,#1181);
#1183=CYLINDRICAL_SURFACE('',#1182,2.5);
#1184=CARTESIAN_POINT('',(117.411633521,46.007528273,-7.6));
#1185=CARTESIAN_POINT('',(117.741731452,46.007528273,-7.600000068));
#1186=CARTESIAN_POINT('',(118.076708483,45.941223027,-7.578773114));
#1187=CARTESIAN_POINT('',(118.38909471,45.808521455,-7.536319138));
#1188=CARTESIAN_POINT('',(118.408618849,45.800227607,-7.533665764));
#1189=CARTESIAN_POINT('',(118.42528934,45.792893437,-7.531317793));
#1190=CARTESIAN_POINT('',(118.443325068,45.784722281,-7.528700951));
#1191=CARTESIAN_POINT('',(118.461360795,45.776551125,-7.526084109));
#1192=CARTESIAN_POINT('',(118.479353212,45.768141332,-7.523389821));
#1193=CARTESIAN_POINT('',(118.497295423,45.759491468,-7.520618085));
#1194=CARTESIAN_POINT('',(118.533179844,45.742191741,-7.515074615));
#1195=CARTESIAN_POINT('',(118.568863569,45.723931536,-7.509221358));
#1196=CARTESIAN_POINT('',(118.604289841,45.704701662,-7.503058315));
#1197=CARTESIAN_POINT('',(118.675142385,45.666241914,-7.490732229));
#1198=CARTESIAN_POINT('',(118.744966957,45.623899985,-7.477166997));
#1199=CARTESIAN_POINT('',(118.813285863,45.577641968,-7.462362619));
#1200=CARTESIAN_POINT('',(118.949923675,45.485125935,-7.432753864));
#1201=CARTESIAN_POINT('',(119.080558312,45.376878178,-7.398188527));
#1202=CARTESIAN_POINT('',(119.201066799,45.253360036,-7.358666608));
#1203=CARTESIAN_POINT('',(119.204832689,45.249500094,-7.357431548));
#1204=CARTESIAN_POINT('',(119.207428494,45.246821615,-7.356574363));
#1205=CARTESIAN_POINT('',(119.210604067,45.243530858,-7.355521125));
#1206=CARTESIAN_POINT('',(119.213779641,45.2402401,-7.354467887));
#1207=CARTESIAN_POINT('',(119.216951651,45.236934965,-7.353409906));
#1208=CARTESIAN_POINT('',(119.220119957,45.233615412,-7.352347181));
#1209=CARTESIAN_POINT('',(119.226456568,45.226976306,-7.350221731));
#1210=CARTESIAN_POINT('',(119.232778362,45.220279526,-7.348077308));
#1211=CARTESIAN_POINT('',(119.239084194,45.213524767,-7.34591391));
#1212=CARTESIAN_POINT('',(119.251695858,45.200015247,-7.341587114));
#1213=CARTESIAN_POINT('',(119.264243688,45.186273788,-7.337184422));
#1214=CARTESIAN_POINT('',(119.276718327,45.172298127,-7.332705834));
#1215=CARTESIAN_POINT('',(119.301667603,45.144346806,-7.323748658));
#1216=CARTESIAN_POINT('',(119.326324368,45.115458377,-7.314487897));
#1217=CARTESIAN_POINT('',(119.350610648,45.085618163,-7.304923551));
#1218=CARTESIAN_POINT('',(119.399183208,45.025937733,-7.28579486));
#1219=CARTESIAN_POINT('',(119.446277607,44.962444425,-7.265451829));
#1220=CARTESIAN_POINT('',(119.491222627,44.895083371,-7.243894459));
#1221=CARTESIAN_POINT('',(119.581112667,44.760361262,-7.200779719));
#1222=CARTESIAN_POINT('',(119.662448332,44.610045837,-7.152807622));
#1223=CARTESIAN_POINT('',(119.729223248,44.444959796,-7.099978169));
#1224=CARTESIAN_POINT('',(119.731309964,44.439800857,-7.098327248));
#1225=CARTESIAN_POINT('',(119.732623889,44.436519476,-7.097277085));
#1226=CARTESIAN_POINT('',(119.734316669,44.432267693,-7.095916314));
#1227=CARTESIAN_POINT('',(119.736009449,44.42801591,-7.094555543));
#1228=CARTESIAN_POINT('',(119.737697103,44.42374303,-7.093187952));
#1229=CARTESIAN_POINT('',(119.739379334,44.419449011,-7.091813542));
#1230=CARTESIAN_POINT('',(119.742743795,44.410860971,-7.089064721));
#1231=CARTESIAN_POINT('',(119.746086565,44.402188371,-7.086288621));
#1232=CARTESIAN_POINT('',(119.749405225,44.393430898,-7.083485242));
#1233=CARTESIAN_POINT('',(119.756042545,44.37591595,-7.077878486));
#1234=CARTESIAN_POINT('',(119.762583469,44.358061467,-7.072162614));
#1235=CARTESIAN_POINT('',(119.76900809,44.33986543,-7.066337627));
#1236=CARTESIAN_POINT('',(119.781857331,44.303473358,-7.054687654));
#1237=CARTESIAN_POINT('',(119.794242075,44.265714281,-7.042601222));
#1238=CARTESIAN_POINT('',(119.805994278,44.226580821,-7.03007833));
#1239=CARTESIAN_POINT('',(119.829498684,44.148313901,-7.005032547));
#1240=CARTESIAN_POINT('',(119.85048322,44.064532775,-6.978240927));
#1241=CARTESIAN_POINT('',(119.867471712,43.975351723,-6.949703469));
#1242=CARTESIAN_POINT('',(119.868002602,43.972564815,-6.948811674));
#1243=CARTESIAN_POINT('',(119.868084247,43.972127655,-6.948671737));
#1244=CARTESIAN_POINT('',(119.868391659,43.970496361,-6.948149638));
#1245=CARTESIAN_POINT('',(119.868699072,43.968865067,-6.947627539));
#1246=CARTESIAN_POINT('',(119.869007222,43.967220929,-6.947101285));
#1247=CARTESIAN_POINT('',(119.869316034,43.965563936,-6.946570877));
#1248=CARTESIAN_POINT('',(119.869933658,43.96224995,-6.945510059));
#1249=CARTESIAN_POINT('',(119.87055393,43.958884544,-6.944432622));
#1250=CARTESIAN_POINT('',(119.871176228,43.955467635,-6.943338565));
#1251=CARTESIAN_POINT('',(119.872420824,43.948633815,-6.941150451));
#1252=CARTESIAN_POINT('',(119.873673541,43.941593973,-6.938895858));
#1253=CARTESIAN_POINT('',(119.874929157,43.93434745,-6.936574786));
#1254=CARTESIAN_POINT('',(119.877440391,43.919854404,-6.931932641));
#1255=CARTESIAN_POINT('',(119.879963536,43.904534571,-6.92702458));
#1256=CARTESIAN_POINT('',(119.882453121,43.888383239,-6.921850602));
#1257=CARTESIAN_POINT('',(119.887432291,43.856080574,-6.911502646));
#1258=CARTESIAN_POINT('',(119.892282189,43.820450179,-6.900091024));
#1259=CARTESIAN_POINT('',(119.896579398,43.78146985,-6.887615735));
#1260=CARTESIAN_POINT('',(119.905173817,43.703509193,-6.862665157));
#1261=CARTESIAN_POINT('',(119.911633521,43.612090496,-6.833459912));
#1262=CARTESIAN_POINT('',(119.911633521,43.507528273,-6.8));
#1263=B_SPLINE_CURVE_WITH_KNOTS('',3,(#1184,#1185,#1186,#1187,#1188,#1189,#1190,#1191,#1192,#1193,#1194,#1195,#1196,#1197,#1198,#1199,#1200,#1201,#1202,#1203,#1204,#1205,#1206,#1207,#1208,#1209,
#1210,#1211,#1212,#1213,#1214,#1215,#1216,#1217,#1218,#1219,#1220,#1221,#1222,#1223,#1224,#1225,#1226,#1227,#1228,#1229,#1230,#1231,#1232,#1233,#1234,
#1235,#1236,#1237,#1238,#1239,#1240,#1241,#1242,#1243,#1244,#1245,#1246,#1247,#1248,#1249,#1250,#1251,#1252,#1253,#1254,#1255,#1256,#1257,#1258,#1259,
#1260,#1261,#1262),.UNSPECIFIED.,.F.,.F.,(4,3,3,3,3,3,3,3,3,3,3,3,3,3,3,3,3,3,3,3,3,3,3,3,3,3,
4),(0.,0.25,0.265625,0.28125,0.3125,0.375,0.5,0.50390625,0.5078125,0.515625,0.53125,0.5625,0.625,0.75,0.75390625,0.7578125,0.765625,0.78125,0.8125,0.875,0.876953125,0.87890625,0.8828125,0.890625,0.90625,0.9375,
1.),.UNSPECIFIED.);
#1264=EDGE_CURVE('',#465,#513,#1263,.T.);
#1265=ORIENTED_EDGE('',*,*,#1264,.F.);
#1266=ORIENTED_EDGE('',*,*,#470,.F.);
#1267=CARTESIAN_POINT('',(117.411633521,43.507528273,-2.));
#1268=DIRECTION('',(-0.,-0.,1.));
#1269=DIRECTION('',(-1.,0.,0.));
#1270=AXIS2_PLACEMENT_3D('',#1267,#1268,#1269);
#1271=CIRCLE('',#1270,2.5);
#1272=EDGE_CURVE('',#497,#455,#1271,.T.);
#1273=ORIENTED_EDGE('',*,*,#1272,.F.);
#1274=ORIENTED_EDGE('',*,*,#524,.F.);
#1275=EDGE_LOOP('',(#1265,#1266,#1273,#1274));
#1276=FACE_BOUND('',#1275,.T.);
#1277=ADVANCED_FACE('',(#1276),#1183,.T.);
#1278=CARTESIAN_POINT('',(117.411633521,46.007528273,-7.6));
#1279=CARTESIAN_POINT('',(117.411633521,46.007528273,-7.712191089));
#1280=CARTESIAN_POINT('',(117.411633521,45.99837273,-7.824702915));
#1281=CARTESIAN_POINT('',(117.411633521,45.960270065,-8.046194706));
#1282=CARTESIAN_POINT('',(117.411633521,45.931322942,-8.155174673));
#1283=CARTESIAN_POINT('',(117.411633521,45.812573459,-8.470556789));
#1284=CARTESIAN_POINT('',(117.411633521,45.690118921,-8.664855933));
#1285=CARTESIAN_POINT('',(117.411633521,45.372396154,-8.982581756));
#1286=CARTESIAN_POINT('',(117.411633521,45.178067148,-9.10505479));
#1287=CARTESIAN_POINT('',(117.411633521,44.862683618,-9.223800517));
#1288=CARTESIAN_POINT('',(117.411633521,44.753714842,-9.252745865));
#1289=CARTESIAN_POINT('',(117.411633521,44.532239191,-9.290845606));
#1290=CARTESIAN_POINT('',(117.411633521,44.419732315,-9.3));
#1291=CARTESIAN_POINT('',(117.411633521,44.307528273,-9.3));
#1292=CARTESIAN_POINT('',(117.485248366,46.007528273,-7.600000015));
#1293=CARTESIAN_POINT('',(117.488635447,46.007528273,-7.711728527));
#1294=CARTESIAN_POINT('',(117.485248366,45.998372729,-7.824702927));
#1295=CARTESIAN_POINT('',(117.485248366,45.960270062,-8.046194716));
#1296=CARTESIAN_POINT('',(117.485248366,45.931322939,-8.155174681));
#1297=CARTESIAN_POINT('',(117.485248366,45.812573456,-8.470556793));
#1298=CARTESIAN_POINT('',(117.485248366,45.69011892,-8.664855935));
#1299=CARTESIAN_POINT('',(117.485248366,45.372396157,-8.982581755));
#1300=CARTESIAN_POINT('',(117.485248366,45.178067153,-9.105054788));
#1301=CARTESIAN_POINT('',(117.485248366,44.862683626,-9.223800514));
#1302=CARTESIAN_POINT('',(117.485248366,44.753714852,-9.252745862));
#1303=CARTESIAN_POINT('',(117.485248366,44.532239203,-9.290845605));
#1304=CARTESIAN_POINT('',(117.488635782,44.41926959,-9.3));
#1305=CARTESIAN_POINT('',(117.485248366,44.307528288,-9.3));
#1306=CARTESIAN_POINT('',(117.561154047,46.004178911,-7.598928222));
#1307=CARTESIAN_POINT('',(117.567992103,46.003873177,-7.710278755));
#1308=CARTESIAN_POINT('',(117.564512002,45.994398311,-7.823242147));
#1309=CARTESIAN_POINT('',(117.567329784,45.955730115,-8.044135814));
#1310=CARTESIAN_POINT('',(117.568547045,45.926536784,-8.152759953));
#1311=CARTESIAN_POINT('',(117.571519799,45.807308784,-8.467020806));
#1312=CARTESIAN_POINT('',(117.57258346,45.684907686,-8.66052334));
#1313=CARTESIAN_POINT('',(117.57258351,45.368064085,-8.977370201));
#1314=CARTESIAN_POINT('',(117.571519708,45.174532429,-9.099789677));
#1315=CARTESIAN_POINT('',(117.568546886,44.860270094,-9.219014241));
#1316=CARTESIAN_POINT('',(117.567329755,44.75165683,-9.248205837));
#1317=CARTESIAN_POINT('',(117.56451215,44.530778694,-9.286871153));
#1318=CARTESIAN_POINT('',(117.567992799,44.417819712,-9.296344873));
#1319=CARTESIAN_POINT('',(117.561154047,44.306456495,-9.296650639));
#1320=CARTESIAN_POINT('',(117.715302157,45.990149116,-7.594438682));
#1321=CARTESIAN_POINT('',(117.728732091,45.98861028,-7.703219723));
#1322=CARTESIAN_POINT('',(117.728826626,45.977738243,-7.814080934));
#1323=CARTESIAN_POINT('',(117.74017185,45.936381106,-8.030764498));
#1324=CARTESIAN_POINT('',(117.745071762,45.905896005,-8.137454181));
#1325=CARTESIAN_POINT('',(117.757036841,45.783601106,-8.446574105));
#1326=CARTESIAN_POINT('',(117.761316148,45.66031022,-8.637600417));
#1327=CARTESIAN_POINT('',(117.761316285,45.345140198,-8.952773539));
#1328=CARTESIAN_POINT('',(117.75703635,45.15408678,-9.076081886));
#1329=CARTESIAN_POINT('',(117.745070975,44.844965565,-9.198373623));
#1330=CARTESIAN_POINT('',(117.740171588,44.738286055,-9.228856911));
#1331=CARTESIAN_POINT('',(117.728827111,44.521616994,-9.270211026));
#1332=CARTESIAN_POINT('',(117.728733426,44.410759806,-9.281081855));
#1333=CARTESIAN_POINT('',(117.715302157,44.301966955,-9.282620843));
#1334=CARTESIAN_POINT('',(117.793544585,45.979468681,-7.591020936));
#1335=CARTESIAN_POINT('',(117.810128083,45.97700665,-7.698205147));
#1336=CARTESIAN_POINT('',(117.813901355,45.965134252,-7.807421719));
#1337=CARTESIAN_POINT('',(117.830975236,45.921899935,-8.021145432));
#1338=CARTESIAN_POINT('',(117.838348454,45.890538015,-8.126462081));
#1339=CARTESIAN_POINT('',(117.856352107,45.766214778,-8.431900756));
#1340=CARTESIAN_POINT('',(117.862789735,45.64242578,-8.621101911));
#1341=CARTESIAN_POINT('',(117.862789918,45.328640877,-8.934889745));
#1342=CARTESIAN_POINT('',(117.856351326,45.13941394,-9.058695548));
#1343=CARTESIAN_POINT('',(117.838347221,44.833974123,-9.18301576));
#1344=CARTESIAN_POINT('',(117.830974792,44.728667196,-9.214375802));
#1345=CARTESIAN_POINT('',(117.813902047,44.514957359,-9.257606989));
#1346=CARTESIAN_POINT('',(117.810129708,44.405744653,-9.269478135));
#1347=CARTESIAN_POINT('',(117.793544585,44.298549208,-9.271940409));
#1348=CARTESIAN_POINT('',(117.950121267,45.950144388,-7.581637151));
#1349=CARTESIAN_POINT('',(117.972539279,45.94530211,-7.685947764));
#1350=CARTESIAN_POINT('',(117.984844183,45.931138768,-7.791761377));
#1351=CARTESIAN_POINT('',(118.013936619,45.883945388,-7.999275934));
#1352=CARTESIAN_POINT('',(118.0264903,45.850915348,-8.101555099));
#1353=CARTESIAN_POINT('',(118.057132341,45.723188323,-8.39848423));
#1354=CARTESIAN_POINT('',(118.068073696,45.599366798,-8.582906656));
#1355=CARTESIAN_POINT('',(118.068073976,45.29044423,-8.891831815));
#1356=CARTESIAN_POINT('',(118.057130992,45.105998651,-9.015668856));
#1357=CARTESIAN_POINT('',(118.026488187,44.809068619,-9.143393188));
#1358=CARTESIAN_POINT('',(118.013935824,44.706798251,-9.176421245));
#1359=CARTESIAN_POINT('',(117.984845298,44.499296253,-9.223611339));
#1360=CARTESIAN_POINT('',(117.972541405,44.393486199,-9.237773378));
#1361=CARTESIAN_POINT('',(117.950121267,44.289165424,-9.242616116));
#1362=CARTESIAN_POINT('',(118.028416259,45.931477387,-7.575663713));
#1363=CARTESIAN_POINT('',(118.053506754,45.925183492,-7.678629659));
#1364=CARTESIAN_POINT('',(118.070657144,45.909725396,-7.782634463));
#1365=CARTESIAN_POINT('',(118.106026773,45.860429339,-7.986826799));
#1366=CARTESIAN_POINT('',(118.121282317,45.826591377,-8.087419085));
#1367=CARTESIAN_POINT('',(118.158511468,45.697430488,-8.379484611));
#1368=CARTESIAN_POINT('',(118.171793993,45.574024211,-8.560972548));
#1369=CARTESIAN_POINT('',(118.171794321,45.268509431,-8.86648972));
#1370=CARTESIAN_POINT('',(118.158509836,45.08699964,-8.989910853));
#1371=CARTESIAN_POINT('',(118.121279765,44.794933323,-9.119069216));
#1372=CARTESIAN_POINT('',(118.106025803,44.694349368,-9.152905146));
#1373=CARTESIAN_POINT('',(118.07065847,44.490168939,-9.202197854));
#1374=CARTESIAN_POINT('',(118.053509089,44.386167567,-9.217654632));
#1375=CARTESIAN_POINT('',(118.028416259,44.283191986,-9.223949115));
#1376=CARTESIAN_POINT('',(118.182576423,45.886939582,-7.56141162));
#1377=CARTESIAN_POINT('',(118.212340146,45.877385845,-7.661728329));
#1378=CARTESIAN_POINT('',(118.237737135,45.859266873,-7.762184125));
#1379=CARTESIAN_POINT('',(118.283836869,45.8059793,-7.959615251));
#1380=CARTESIAN_POINT('',(118.303692844,45.770810698,-8.056706226));
#1381=CARTESIAN_POINT('',(118.352117005,45.63985171,-8.338508226));
#1382=CARTESIAN_POINT('',(118.369349421,45.51824872,-8.513542169));
#1383=CARTESIAN_POINT('',(118.369349876,45.221078232,-8.810714668));
#1384=CARTESIAN_POINT('',(118.352115054,45.046024318,-8.932331508));
#1385=CARTESIAN_POINT('',(118.30368976,44.764221613,-9.063288268));
#1386=CARTESIAN_POINT('',(118.283835759,44.667138249,-9.098454792));
#1387=CARTESIAN_POINT('',(118.237738865,44.469718014,-9.151739013));
#1388=CARTESIAN_POINT('',(118.212342826,44.369265458,-9.169856711));
#1389=CARTESIAN_POINT('',(118.182576423,44.268939892,-9.17941131));
#1390=CARTESIAN_POINT('',(118.258441595,45.861068778,-7.553132965));
#1391=CARTESIAN_POINT('',(118.290226267,45.849694667,-7.652274289));
#1392=CARTESIAN_POINT('',(118.319042051,45.830216626,-7.751085255));
#1393=CARTESIAN_POINT('',(118.369625015,45.775079463,-7.945213747));
#1394=CARTESIAN_POINT('',(118.391392195,45.739420342,-8.040531274));
#1395=CARTESIAN_POINT('',(118.444454587,45.608211527,-8.316994613));
#1396=CARTESIAN_POINT('',(118.463305847,45.488096608,-8.48846763));
#1397=CARTESIAN_POINT('',(118.463306407,45.196004101,-8.78056209));
#1398=CARTESIAN_POINT('',(118.444452654,45.02451172,-8.900690611));
#1399=CARTESIAN_POINT('',(118.391389081,44.748047556,-9.031897471));
#1400=CARTESIAN_POINT('',(118.369624003,44.652737331,-9.067554566));
#1401=CARTESIAN_POINT('',(118.319044018,44.458619206,-9.122688514));
#1402=CARTESIAN_POINT('',(118.29022911,44.359811307,-9.142165368));
#1403=CARTESIAN_POINT('',(118.258441595,44.260661238,-9.153540506));
#1404=CARTESIAN_POINT('',(118.412480216,45.800086293,-7.533618563));
#1405=CARTESIAN_POINT('',(118.44742264,45.784925502,-7.628829748));
#1406=CARTESIAN_POINT('',(118.47900148,45.762764074,-7.7235718));
#1407=CARTESIAN_POINT('',(118.534321145,45.704156239,-7.909595465));
#1408=CARTESIAN_POINT('',(118.558061971,45.667709832,-8.000877078));
#1409=CARTESIAN_POINT('',(118.615861161,45.536517588,-8.26574799));
#1410=CARTESIAN_POINT('',(118.636291433,45.419584952,-8.430179813));
#1411=CARTESIAN_POINT('',(118.636292174,45.137715616,-8.712050432));
#1412=CARTESIAN_POINT('',(118.61585959,44.973264124,-8.828996308));
#1413=CARTESIAN_POINT('',(118.558059288,44.708392344,-8.960186388));
#1414=CARTESIAN_POINT('',(118.534320552,44.617118088,-8.996630755));
#1415=CARTESIAN_POINT('',(118.479003741,44.431105104,-9.055235522));
#1416=CARTESIAN_POINT('',(118.447425665,44.336366375,-9.077395923));
#1417=CARTESIAN_POINT('',(118.412480216,44.241146835,-9.09255802));
#1418=CARTESIAN_POINT('',(118.490626551,45.764335055,-7.522178167));
#1419=CARTESIAN_POINT('',(118.526671353,45.747147135,-7.614702961));
#1420=CARTESIAN_POINT('',(118.559164149,45.723413868,-7.706746107));
#1421=CARTESIAN_POINT('',(118.615992178,45.662567195,-7.887515916));
#1422=CARTESIAN_POINT('',(118.640327412,45.62545379,-7.976242579));
#1423=CARTESIAN_POINT('',(118.699516441,45.493609205,-8.23391806));
#1424=CARTESIAN_POINT('',(118.72036156,45.378060743,-8.394190289));
#1425=CARTESIAN_POINT('',(118.720362414,45.101726496,-8.670525717));
#1426=CARTESIAN_POINT('',(118.69951538,44.941435929,-8.786086561));
#1427=CARTESIAN_POINT('',(118.640325438,44.68375955,-8.917929264));
#1428=CARTESIAN_POINT('',(118.615992166,44.595039716,-8.955040838));
#1429=CARTESIAN_POINT('',(118.559166667,44.414279636,-9.015884899));
#1430=CARTESIAN_POINT('',(118.526674441,44.32223939,-9.039617386));
#1431=CARTESIAN_POINT('',(118.490626551,44.22970644,-9.056806782));
#1432=CARTESIAN_POINT('',(118.641944355,45.685541487,-7.496964228));
#1433=CARTESIAN_POINT('',(118.679058402,45.664633656,-7.58292266));
#1434=CARTESIAN_POINT('',(118.712334885,45.637840139,-7.668586307));
#1435=CARTESIAN_POINT('',(118.77033107,45.572407743,-7.837245141));
#1436=CARTESIAN_POINT('',(118.795050774,45.533768866,-7.92024033));
#1437=CARTESIAN_POINT('',(118.855052241,45.399973216,-8.162104878));
#1438=CARTESIAN_POINT('',(118.87602276,45.286687095,-8.313715557));
#1439=CARTESIAN_POINT('',(118.876023683,45.021250819,-8.579152583));
#1440=CARTESIAN_POINT('',(118.855052174,44.86962591,-8.692448274));
#1441=CARTESIAN_POINT('',(118.795050292,44.627760871,-8.826242344));
#1442=CARTESIAN_POINT('',(118.770332181,44.54477115,-8.864879802));
#1443=CARTESIAN_POINT('',(118.712337742,44.376119757,-8.930310472));
#1444=CARTESIAN_POINT('',(118.679061414,44.290458084,-8.957103684));
#1445=CARTESIAN_POINT('',(118.641944355,44.204492501,-8.978013214));
#1446=CARTESIAN_POINT('',(118.715115823,45.642499157,-7.483190684));
#1447=CARTESIAN_POINT('',(118.752247779,45.619862274,-7.565527967));
#1448=CARTESIAN_POINT('',(118.785438654,45.591585516,-7.647700598));
#1449=CARTESIAN_POINT('',(118.843171203,45.523871777,-7.809770654));
#1450=CARTESIAN_POINT('',(118.867712876,45.484434796,-7.889668079));
#1451=CARTESIAN_POINT('',(118.927213531,45.349562814,-8.123028689));
#1452=CARTESIAN_POINT('',(118.947920144,45.237358165,-8.270045488));
#1453=CARTESIAN_POINT('',(118.947921057,44.977580022,-8.529824193));
#1454=CARTESIAN_POINT('',(118.927214011,44.830551794,-8.642036576));
#1455=CARTESIAN_POINT('',(118.867713253,44.597191021,-8.776907159));
#1456=CARTESIAN_POINT('',(118.843172928,44.517298168,-8.816342977));
#1457=CARTESIAN_POINT('',(118.785441643,44.35523403,-8.88405551));
#1458=CARTESIAN_POINT('',(118.752250682,44.273062744,-8.912332226));
#1459=CARTESIAN_POINT('',(118.715115823,44.190718957,-8.934970884));
#1460=CARTESIAN_POINT('',(118.856436196,45.549509322,-7.453433934));
#1461=CARTESIAN_POINT('',(118.892900074,45.523720675,-7.529137628));
#1462=CARTESIAN_POINT('',(118.925303821,45.492856657,-7.604749695));
#1463=CARTESIAN_POINT('',(118.981453231,45.421419398,-7.754175662));
#1464=CARTESIAN_POINT('',(119.005198894,45.380846158,-7.827989562));
#1465=CARTESIAN_POINT('',(119.062642026,45.245224884,-8.04431164));
#1466=CARTESIAN_POINT('',(119.082468836,45.136150132,-8.181631364));
#1467=CARTESIAN_POINT('',(119.082469665,44.889164592,-8.428617242));
#1468=CARTESIAN_POINT('',(119.062643479,44.75183911,-8.537696137));
#1469=CARTESIAN_POINT('',(119.005200842,44.535517534,-8.673316423));
#1470=CARTESIAN_POINT('',(118.981456045,44.461706402,-8.713889015));
#1471=CARTESIAN_POINT('',(118.925306974,44.312283236,-8.785326074));
#1472=CARTESIAN_POINT('',(118.892902699,44.236671203,-8.81619054));
#1473=CARTESIAN_POINT('',(118.856436196,44.160962207,-8.84198105));
#1474=CARTESIAN_POINT('',(118.924618289,45.499556092,-7.437448901));
#1475=CARTESIAN_POINT('',(118.960394524,45.472378384,-7.510115905));
#1476=CARTESIAN_POINT('',(118.992095298,45.440432612,-7.582644382));
#1477=CARTESIAN_POINT('',(119.046922718,45.367580335,-7.726001976));
#1478=CARTESIAN_POINT('',(119.070049363,45.326673831,-7.796831093));
#1479=CARTESIAN_POINT('',(119.125933295,45.191376312,-8.004635943));
#1480=CARTESIAN_POINT('',(119.145143376,45.084323849,-8.136883291));
#1481=CARTESIAN_POINT('',(119.14514413,44.844415822,-8.376791595));
#1482=CARTESIAN_POINT('',(119.125935167,44.712165583,-8.483846425));
#1483=CARTESIAN_POINT('',(119.070052016,44.504361593,-8.619143154));
#1484=CARTESIAN_POINT('',(119.046925998,44.433534349,-8.660049259));
#1485=CARTESIAN_POINT('',(118.992098479,44.290177998,-8.732901804));
#1486=CARTESIAN_POINT('',(118.960396976,44.217648892,-8.764848243));
#1487=CARTESIAN_POINT('',(118.924618289,44.144977173,-8.792027819));
#1488=CARTESIAN_POINT('',(119.023061876,45.419393823,-7.411796975));
#1489=CARTESIAN_POINT('',(119.057440936,45.390421273,-7.480445354));
#1490=CARTESIAN_POINT('',(119.08780523,45.357263756,-7.548769385));
#1491=CARTESIAN_POINT('',(119.140210025,45.283212181,-7.683655737));
#1492=CARTESIAN_POINT('',(119.162250527,45.242318123,-7.750218059));
#1493=CARTESIAN_POINT('',(119.215444948,45.10898123,-7.945592936));
#1494=CARTESIAN_POINT('',(119.233649384,45.00584717,-8.070073331));
#1495=CARTESIAN_POINT('',(119.233650004,44.777605224,-8.298315548));
#1496=CARTESIAN_POINT('',(119.215447193,44.653125185,-8.401450018));
#1497=CARTESIAN_POINT('',(119.162253857,44.457751556,-8.534786384));
#1498=CARTESIAN_POINT('',(119.140213718,44.391190085,-8.575680333));
#1499=CARTESIAN_POINT('',(119.087808362,44.256303172,-8.64973271));
#1500=CARTESIAN_POINT('',(119.057443145,44.18797773,-8.682891138));
#1501=CARTESIAN_POINT('',(119.023061876,44.119325248,-8.71186555));
#1502=CARTESIAN_POINT('',(119.055238147,45.391800996,-7.402967271));
#1503=CARTESIAN_POINT('',(119.08909221,45.362275944,-7.470377978));
#1504=CARTESIAN_POINT('',(119.118965479,45.328782793,-7.537379742));
#1505=CARTESIAN_POINT('',(119.170491984,45.254487828,-7.669560251));
#1506=CARTESIAN_POINT('',(119.192145219,45.213686014,-7.734738996));
#1507=CARTESIAN_POINT('',(119.244387209,45.08125888,-7.926033005));
#1508=CARTESIAN_POINT('',(119.262243848,44.9795884,-8.047893138));
#1509=CARTESIAN_POINT('',(119.262244422,44.755424948,-8.272056887));
#1510=CARTESIAN_POINT('',(119.244389542,44.63356608,-8.373727254));
#1511=CARTESIAN_POINT('',(119.192148718,44.442273412,-8.506153959));
#1512=CARTESIAN_POINT('',(119.170495772,44.377095223,-8.546955752));
#1513=CARTESIAN_POINT('',(119.118968585,44.244913624,-8.621251677));
#1514=CARTESIAN_POINT('',(119.089094344,44.177910212,-8.65474581));
#1515=CARTESIAN_POINT('',(119.055238147,44.110495543,-8.684272723));
#1516=CARTESIAN_POINT('',(119.118295434,45.334863709,-7.384747339));
#1517=CARTESIAN_POINT('',(119.150990431,45.304334545,-7.44981544));
#1518=CARTESIAN_POINT('',(119.179805198,45.27031684,-7.514285287));
#1519=CARTESIAN_POINT('',(119.229465974,45.195861969,-7.641236082));
#1520=CARTESIAN_POINT('',(119.250311983,45.155424803,-7.703717029));
#1521=CARTESIAN_POINT('',(119.300584434,45.025320552,-7.886987932));
#1522=CARTESIAN_POINT('',(119.317742098,44.926855497,-8.00360308));
#1523=CARTESIAN_POINT('',(119.31774258,44.711134975,-8.219323978));
#1524=CARTESIAN_POINT('',(119.300586832,44.594522371,-8.317788225));
#1525=CARTESIAN_POINT('',(119.25031565,44.411252902,-8.447892238));
#1526=CARTESIAN_POINT('',(119.229469829,44.348772081,-8.488329523));
#1527=CARTESIAN_POINT('',(119.179808219,44.221819393,-8.562785607));
#1528=CARTESIAN_POINT('',(119.15099243,44.157347526,-8.596804406));
#1529=CARTESIAN_POINT('',(119.118295434,44.092275612,-8.627335436));
#1530=CARTESIAN_POINT('',(119.149176451,45.305519248,-7.375357112));
#1531=CARTESIAN_POINT('',(119.181233312,45.274541446,-7.43929489));
#1532=CARTESIAN_POINT('',(119.209477043,45.240333871,-7.502536418));
#1533=CARTESIAN_POINT('',(119.258144282,45.16595541,-7.626936782));
#1534=CARTESIAN_POINT('',(119.278567789,45.125784524,-7.688095617));
#1535=CARTESIAN_POINT('',(119.327817031,44.997071249,-7.867412787));
#1536=CARTESIAN_POINT('',(119.344621482,44.900328243,-7.981411788));
#1537=CARTESIAN_POINT('',(119.344621915,44.688943783,-8.192796662));
#1538=CARTESIAN_POINT('',(119.327819401,44.574947694,-8.289538674));
#1539=CARTESIAN_POINT('',(119.27857145,44.395631971,-8.418251785));
#1540=CARTESIAN_POINT('',(119.258148103,44.334473132,-8.458422838));
#1541=CARTESIAN_POINT('',(119.209480002,44.210070623,-8.532802595));
#1542=CARTESIAN_POINT('',(119.181235249,44.146826953,-8.5670113));
#1543=CARTESIAN_POINT('',(119.149176451,44.082885385,-8.597990976));
#1544=CARTESIAN_POINT('',(119.210198556,45.244497143,-7.355830039));
#1545=CARTESIAN_POINT('',(119.240814933,45.212781214,-7.417242077));
#1546=CARTESIAN_POINT('',(119.267798224,45.178352674,-7.477848676));
#1547=CARTESIAN_POINT('',(119.314304682,45.104410024,-7.596917391));
#1548=CARTESIAN_POINT('',(119.333827849,45.064895913,-7.655379507));
#1549=CARTESIAN_POINT('',(119.380916238,44.939234703,-7.826748722));
#1550=CARTESIAN_POINT('',(119.397000345,44.845968725,-7.935638688));
#1551=CARTESIAN_POINT('',(119.397000642,44.643170305,-8.138437424));
#1552=CARTESIAN_POINT('',(119.380918335,44.534283229,-8.231702332));
#1553=CARTESIAN_POINT('',(119.333831186,44.362915525,-8.357363278));
#1554=CARTESIAN_POINT('',(119.314308188,44.304453442,-8.396877524));
#1555=CARTESIAN_POINT('',(119.267800962,44.185382697,-8.470821423));
#1556=CARTESIAN_POINT('',(119.240816734,44.124774036,-8.505251075));
#1557=CARTESIAN_POINT('',(119.210198556,44.063358311,-8.536968871));
#1558=CARTESIAN_POINT('',(119.239994739,45.213110279,-7.345786242));
#1559=CARTESIAN_POINT('',(119.269833331,45.18110382,-7.405929724));
#1560=CARTESIAN_POINT('',(119.296132368,45.146630203,-7.465213912));
#1561=CARTESIAN_POINT('',(119.34146107,45.073015574,-7.581606111));
#1562=CARTESIAN_POINT('',(119.360490735,45.033874562,-7.638714123));
#1563=CARTESIAN_POINT('',(119.406390282,44.909850819,-7.806087513));
#1564=CARTESIAN_POINT('',(119.422070716,44.818367379,-7.912402247));
#1565=CARTESIAN_POINT('',(119.42207097,44.619933984,-8.110835971));
#1566=CARTESIAN_POINT('',(119.406392274,44.513622102,-8.20231837));
#1567=CARTESIAN_POINT('',(119.360493936,44.34625017,-8.32634189));
#1568=CARTESIAN_POINT('',(119.34146444,44.289142175,-8.36548305));
#1569=CARTESIAN_POINT('',(119.296135007,44.172747927,-8.439098946));
#1570=CARTESIAN_POINT('',(119.269835069,44.113461674,-8.473573682));
#1571=CARTESIAN_POINT('',(119.239994739,44.053314515,-8.505582007));
#1572=CARTESIAN_POINT('',(119.297629473,45.149183427,-7.325329649));
#1573=CARTESIAN_POINT('',(119.325800754,45.116800546,-7.382719609));
#1574=CARTESIAN_POINT('',(119.350627979,45.082372303,-7.439208206));
#1575=CARTESIAN_POINT('',(119.393416969,45.009583394,-7.550045224));
#1576=CARTESIAN_POINT('',(119.411378733,44.971222727,-7.604393646));
#1577=CARTESIAN_POINT('',(119.454699814,44.850479542,-7.763722472));
#1578=CARTESIAN_POINT('',(119.469494917,44.762435838,-7.864986439));
#1579=CARTESIAN_POINT('',(119.469495102,44.572518339,-8.054904273));
#1580=CARTESIAN_POINT('',(119.4547016,44.471257089,-8.142947001));
#1581=CARTESIAN_POINT('',(119.411381651,44.31192959,-8.26369004));
#1582=CARTESIAN_POINT('',(119.393420052,44.257581152,-8.302050877));
#1583=CARTESIAN_POINT('',(119.350630404,44.146742089,-8.374841074));
#1584=CARTESIAN_POINT('',(119.325802355,44.090251464,-8.409270432));
#1585=CARTESIAN_POINT('',(119.297629473,44.032857922,-8.441655154));
#1586=CARTESIAN_POINT('',(119.325468025,45.116643438,-7.314916853));
#1587=CARTESIAN_POINT('',(119.352744742,45.08418125,-7.370789837));
#1588=CARTESIAN_POINT('',(119.376780001,45.049844394,-7.425782072));
#1589=CARTESIAN_POINT('',(119.418199478,44.977547372,-7.533708092));
#1590=CARTESIAN_POINT('',(119.435583695,44.939587207,-7.586641877));
#1591=CARTESIAN_POINT('',(119.477507592,44.820460791,-7.741910135));
#1592=CARTESIAN_POINT('',(119.491818518,44.73404862,-7.840711509));
#1593=CARTESIAN_POINT('',(119.491818675,44.548243382,-8.026517062));
#1594=CARTESIAN_POINT('',(119.477509274,44.449444628,-8.112928278));
#1595=CARTESIAN_POINT('',(119.435586461,44.294177631,-8.232054565));
#1596=CARTESIAN_POINT('',(119.418202404,44.24124382,-8.270014904));
#1597=CARTESIAN_POINT('',(119.376782307,44.1333158,-8.342313203));
#1598=CARTESIAN_POINT('',(119.352746266,44.07832159,-8.376651162));
#1599=CARTESIAN_POINT('',(119.325468025,44.022445125,-8.409115166));
#1600=CARTESIAN_POINT('',(119.406116489,45.017330446,-7.283136695));
#1601=CARTESIAN_POINT('',(119.430589163,44.984940488,-7.334180325));
#1602=CARTESIAN_POINT('',(119.45213769,44.95109043,-7.384493649));
#1603=CARTESIAN_POINT('',(119.489251512,44.88054901,-7.483439491));
#1604=CARTESIAN_POINT('',(119.504816809,44.843857648,-7.532072011));
#1605=CARTESIAN_POINT('',(119.542335453,44.729639944,-7.675118077));
#1606=CARTESIAN_POINT('',(119.555111556,44.647969986,-7.766680132));
#1607=CARTESIAN_POINT('',(119.555111641,44.474211567,-7.940438742));
#1608=CARTESIAN_POINT('',(119.542336812,44.382651781,-8.022107775));
#1609=CARTESIAN_POINT('',(119.504819092,44.239606806,-8.136325323));
#1610=CARTESIAN_POINT('',(119.489253939,44.190974265,-8.173016839));
#1611=CARTESIAN_POINT('',(119.452139612,44.092026679,-8.243559439));
#1612=CARTESIAN_POINT('',(119.430590438,44.041711634,-8.277410523));
#1613=CARTESIAN_POINT('',(119.406116489,43.990664967,-8.309802174));
#1614=CARTESIAN_POINT('',(119.456059209,44.948864416,-7.261227565));
#1615=CARTESIAN_POINT('',(119.478525156,44.916915001,-7.308813204));
#1616=CARTESIAN_POINT('',(119.498288293,44.883673748,-7.35585112));
#1617=CARTESIAN_POINT('',(119.532303517,44.814706836,-7.448617271));
#1618=CARTESIAN_POINT('',(119.546555604,44.778981178,-7.494345506));
#1619=CARTESIAN_POINT('',(119.580887141,44.668226502,-7.629244335));
#1620=CARTESIAN_POINT('',(119.592541866,44.589619785,-7.716129053));
#1621=CARTESIAN_POINT('',(119.592541928,44.423659988,-7.882088931));
#1622=CARTESIAN_POINT('',(119.580888298,44.336777238,-7.960694739));
#1623=CARTESIAN_POINT('',(119.54655756,44.201879378,-8.071449209));
#1624=CARTESIAN_POINT('',(119.532305598,44.156151135,-8.107174992));
#1625=CARTESIAN_POINT('',(119.498289944,44.063383496,-8.176142969));
#1626=CARTESIAN_POINT('',(119.478526251,44.016344099,-8.209385164));
#1627=CARTESIAN_POINT('',(119.456059209,43.968755838,-8.241336144));
#1628=CARTESIAN_POINT('',(119.548668156,44.807613136,-7.216027157));
#1629=CARTESIAN_POINT('',(119.56717251,44.777072159,-7.257180499));
#1630=CARTESIAN_POINT('',(119.583410254,44.745550382,-7.298050396));
#1631=CARTESIAN_POINT('',(119.611306089,44.680666406,-7.379039823));
#1632=CARTESIAN_POINT('',(119.62296418,44.647304207,-7.419159354));
#1633=CARTESIAN_POINT('',(119.650999324,44.544638732,-7.538117177));
#1634=CARTESIAN_POINT('',(119.66043725,44.472756581,-7.615554701));
#1635=CARTESIAN_POINT('',(119.6604373,44.323084665,-7.765226542));
#1636=CARTESIAN_POINT('',(119.651000143,44.245648537,-7.837107847));
#1637=CARTESIAN_POINT('',(119.622965556,44.12669145,-7.939773026));
#1638=CARTESIAN_POINT('',(119.611307552,44.08657194,-7.97313529));
#1639=CARTESIAN_POINT('',(119.583411413,44.005581514,-8.038020081));
#1640=CARTESIAN_POINT('',(119.567173279,43.964710599,-8.069542608));
#1641=CARTESIAN_POINT('',(119.548668156,43.92355543,-8.100084864));
#1642=CARTESIAN_POINT('',(119.591348552,44.734790395,-7.192723879));
#1643=CARTESIAN_POINT('',(119.607911858,44.705236674,-7.230891379));
#1644=CARTESIAN_POINT('',(119.622421686,44.674839047,-7.268862036));
#1645=CARTESIAN_POINT('',(119.647317453,44.612481375,-7.344248288));
#1646=CARTESIAN_POINT('',(119.657703392,44.580521331,-7.381663885));
#1647=CARTESIAN_POINT('',(119.682649975,44.482485667,-7.492836024));
#1648=CARTESIAN_POINT('',(119.690999384,44.414254517,-7.565517917));
#1649=CARTESIAN_POINT('',(119.690999442,44.273047307,-7.706724987));
#1650=CARTESIAN_POINT('',(119.682650652,44.200366538,-7.774955322));
#1651=CARTESIAN_POINT('',(119.657704512,44.089195045,-7.872990623));
#1652=CARTESIAN_POINT('',(119.647318639,44.051779491,-7.90495069));
#1653=CARTESIAN_POINT('',(119.622422622,43.976392505,-7.967309024));
#1654=CARTESIAN_POINT('',(119.607912477,43.938421073,-7.99770729));
#1655=CARTESIAN_POINT('',(119.591348552,43.900252152,-8.027262122));
#1656=CARTESIAN_POINT('',(119.649821033,44.622194129,-7.156693074));
#1657=CARTESIAN_POINT('',(119.663646144,44.594402401,-7.190852505));
#1658=CARTESIAN_POINT('',(119.675726864,44.566002693,-7.224830311));
#1659=CARTESIAN_POINT('',(119.696415779,44.508076429,-7.292327198));
#1660=CARTESIAN_POINT('',(119.705023974,44.478549873,-7.325846278));
#1661=CARTESIAN_POINT('',(119.725664147,44.388413603,-7.425572222));
#1662=CARTESIAN_POINT('',(119.732511715,44.326247284,-7.490947786));
#1663=CARTESIAN_POINT('',(119.732511777,44.198476597,-7.618718322));
#1664=CARTESIAN_POINT('',(119.725664656,44.13310188,-7.680883894));
#1665=CARTESIAN_POINT('',(119.705024794,44.033376485,-7.771019748));
#1666=CARTESIAN_POINT('',(119.696416644,43.999857466,-7.800546282));
#1667=CARTESIAN_POINT('',(119.675727542,43.932360113,-7.858473022));
#1668=CARTESIAN_POINT('',(119.66364659,43.898381778,-7.886873228));
#1669=CARTESIAN_POINT('',(119.649821033,43.864221346,-7.914665857));
#1670=CARTESIAN_POINT('',(119.668387175,44.584101682,-7.14450349));
#1671=CARTESIAN_POINT('',(119.681327526,44.556944778,-7.177402027));
#1672=CARTESIAN_POINT('',(119.692624864,44.52926306,-7.210105807));
#1673=CARTESIAN_POINT('',(119.711958985,44.472920282,-7.275055433));
#1674=CARTESIAN_POINT('',(119.719995769,44.444259222,-7.307301278));
#1675=CARTESIAN_POINT('',(119.739253493,44.356912453,-7.403249277));
#1676=CARTESIAN_POINT('',(119.745621808,44.296863156,-7.466161894));
#1677=CARTESIAN_POINT('',(119.745621872,44.173690599,-7.589334318));
#1678=CARTESIAN_POINT('',(119.739253956,44.110778758,-7.649382901));
#1679=CARTESIAN_POINT('',(119.719996506,44.014831272,-7.736729254));
#1680=CARTESIAN_POINT('',(119.711959761,43.98258549,-7.765390285));
#1681=CARTESIAN_POINT('',(119.69262547,43.917635454,-7.821733491));
#1682=CARTESIAN_POINT('',(119.681327925,43.884931201,-7.849415667));
#1683=CARTESIAN_POINT('',(119.668387175,43.852031763,-7.876573409));
#1684=CARTESIAN_POINT('',(119.703651419,44.506784986,-7.119762148));
#1685=CARTESIAN_POINT('',(119.714883984,44.480988563,-7.150234536));
#1686=CARTESIAN_POINT('',(119.724674101,44.454838085,-7.180463111));
#1687=CARTESIAN_POINT('',(119.741407822,44.401851692,-7.240423333));
#1688=CARTESIAN_POINT('',(119.748351424,44.375015777,-7.270154979));
#1689=CARTESIAN_POINT('',(119.764970026,44.293513885,-7.358590572));
#1690=CARTESIAN_POINT('',(119.770432818,44.237853762,-7.416535173));
#1691=CARTESIAN_POINT('',(119.770432874,44.124063841,-7.530325034));
#1692=CARTESIAN_POINT('',(119.764970404,44.066119935,-7.585984521));
#1693=CARTESIAN_POINT('',(119.748352024,43.977684795,-7.667486027));
#1694=CARTESIAN_POINT('',(119.741408451,43.947953201,-7.694321909));
#1695=CARTESIAN_POINT('',(119.724674592,43.887992609,-7.747308669));
#1696=CARTESIAN_POINT('',(119.714884306,43.85776361,-7.773459548));
#1697=CARTESIAN_POINT('',(119.703651419,43.82729042,-7.799256713));
#1698=CARTESIAN_POINT('',(119.720349523,44.467560737,-7.107210388));
#1699=CARTESIAN_POINT('',(119.730757639,44.442492413,-7.136507677));
#1700=CARTESIAN_POINT('',(119.739822677,44.417155784,-7.165527993));
#1701=CARTESIAN_POINT('',(119.755308659,44.365940956,-7.223036295));
#1702=CARTESIAN_POINT('',(119.761729604,44.340062759,-7.251524281));
#1703=CARTESIAN_POINT('',(119.7770894,44.261608376,-7.336222166));
#1704=CARTESIAN_POINT('',(119.782125211,44.208212403,-7.391665991));
#1705=CARTESIAN_POINT('',(119.782125257,44.099194687,-7.500683695));
#1706=CARTESIAN_POINT('',(119.777089738,44.043751545,-7.554079071));
#1707=CARTESIAN_POINT('',(119.761730145,43.959054094,-7.632533087));
#1708=CARTESIAN_POINT('',(119.755309228,43.930566154,-7.658411252));
#1709=CARTESIAN_POINT('',(119.739823121,43.873057477,-7.709626426));
#1710=CARTESIAN_POINT('',(119.730757932,43.84403674,-7.734963435));
#1711=CARTESIAN_POINT('',(119.720349523,43.814738661,-7.760032465));
#1712=CARTESIAN_POINT('',(119.750825158,44.390580849,-7.082576825));
#1713=CARTESIAN_POINT('',(119.759692858,44.367039647,-7.109527303));
#1714=CARTESIAN_POINT('',(119.767410024,44.343372915,-7.136160498));
#1715=CARTESIAN_POINT('',(119.78058536,44.295737662,-7.188859708));
#1716=CARTESIAN_POINT('',(119.786043529,44.271769141,-7.214925722));
#1717=CARTESIAN_POINT('',(119.799092649,44.199334803,-7.292374066));
#1718=CARTESIAN_POINT('',(119.803358212,44.150340207,-7.343006697));
#1719=CARTESIAN_POINT('',(119.803358205,44.050535109,-7.442811821));
#1720=CARTESIAN_POINT('',(119.799092881,43.999903205,-7.491805812));
#1721=CARTESIAN_POINT('',(119.786043943,43.922455378,-7.564239717));
#1722=CARTESIAN_POINT('',(119.780585805,43.896389441,-7.588208172));
#1723=CARTESIAN_POINT('',(119.767410382,43.843689919,-7.635843683));
#1724=CARTESIAN_POINT('',(119.759693097,43.817056334,-7.659510739));
#1725=CARTESIAN_POINT('',(119.750825158,43.790105098,-7.683052577));
#1726=CARTESIAN_POINT('',(119.764681263,44.352903645,-7.07052012));
#1727=CARTESIAN_POINT('',(119.772839106,44.330142597,-7.09635413));
#1728=CARTESIAN_POINT('',(119.779935803,44.307321703,-7.12184748));
#1729=CARTESIAN_POINT('',(119.79204832,44.261487269,-7.1722422));
#1730=CARTESIAN_POINT('',(119.797064139,44.238473729,-7.19714357));
#1731=CARTESIAN_POINT('',(119.809052405,44.169034709,-7.271093726));
#1732=CARTESIAN_POINT('',(119.812965657,44.12221083,-7.319388557));
#1733=CARTESIAN_POINT('',(119.812965634,44.026917044,-7.414682412));
#1734=CARTESIAN_POINT('',(119.809052602,43.978622946,-7.461505722));
#1735=CARTESIAN_POINT('',(119.79706451,43.904673292,-7.530944337));
#1736=CARTESIAN_POINT('',(119.792048722,43.87977199,-7.553957816));
#1737=CARTESIAN_POINT('',(119.77993613,43.829376934,-7.599792503));
#1738=CARTESIAN_POINT('',(119.772839326,43.80388318,-7.622613711));
#1739=CARTESIAN_POINT('',(119.764681263,43.778048392,-7.645375373));
#1740=CARTESIAN_POINT('',(119.790599269,44.276826324,-7.046175377));
#1741=CARTESIAN_POINT('',(119.797403111,44.255728221,-7.069709432));
#1742=CARTESIAN_POINT('',(119.803317355,44.234675217,-7.092878426));
#1743=CARTESIAN_POINT('',(119.813405762,44.192554264,-7.138606907));
#1744=CARTESIAN_POINT('',(119.817579926,44.171486316,-7.161166393));
#1745=CARTESIAN_POINT('',(119.827550971,44.108102346,-7.22811151));
#1746=CARTESIAN_POINT('',(119.830796408,44.065606198,-7.271763798));
#1747=CARTESIAN_POINT('',(119.830796362,43.979292435,-7.358077694));
#1748=CARTESIAN_POINT('',(119.827551107,43.935640864,-7.400573351));
#1749=CARTESIAN_POINT('',(119.817580216,43.868696203,-7.463956983));
#1750=CARTESIAN_POINT('',(119.813406084,43.846136765,-7.485024885));
#1751=CARTESIAN_POINT('',(119.803317623,43.800407911,-7.527146085));
#1752=CARTESIAN_POINT('',(119.797403294,43.777238495,-7.548199382));
#1753=CARTESIAN_POINT('',(119.790599269,43.75370365,-7.569298052));
#1754=CARTESIAN_POINT('',(119.802661172,44.238426207,-7.033887339));
#1755=CARTESIAN_POINT('',(119.8088206,44.218215007,-7.056225889));
#1756=CARTESIAN_POINT('',(119.814172624,44.198085635,-7.078201876));
#1757=CARTESIAN_POINT('',(119.823299337,44.157876958,-7.121557136));
#1758=CARTESIAN_POINT('',(119.827074026,44.137797653,-7.142936409));
#1759=CARTESIAN_POINT('',(119.836088303,44.077464452,-7.206371772));
#1760=CARTESIAN_POINT('',(119.8390181,44.03711527,-7.247725407));
#1761=CARTESIAN_POINT('',(119.839018044,43.955254081,-7.329586746));
#1762=CARTESIAN_POINT('',(119.836088411,43.913901139,-7.369935472));
#1763=CARTESIAN_POINT('',(119.827074278,43.850466207,-7.430268364));
#1764=CARTESIAN_POINT('',(119.82329962,43.829086976,-7.450347628));
#1765=CARTESIAN_POINT('',(119.814172863,43.785731341,-7.490556544));
#1766=CARTESIAN_POINT('',(119.808820764,43.763754936,-7.510686196));
#1767=CARTESIAN_POINT('',(119.802661172,43.741415612,-7.530897935));
#1768=CARTESIAN_POINT('',(119.836058616,44.12253614,-6.996802517));
#1769=CARTESIAN_POINT('',(119.840404723,44.105130384,-7.015450208));
#1770=CARTESIAN_POINT('',(119.844176004,44.087874678,-7.033780136));
#1771=CARTESIAN_POINT('',(119.850600475,44.05354431,-7.069935995));
#1772=CARTESIAN_POINT('',(119.853253665,44.036469648,-7.087761926));
#1773=CARTESIAN_POINT('',(119.859583438,43.985338648,-7.140681024));
#1774=CARTESIAN_POINT('',(119.861630224,43.951375296,-7.175215493));
#1775=CARTESIAN_POINT('',(119.861630148,43.882744122,-7.24384682));
#1776=CARTESIAN_POINT('',(119.859583472,43.84821025,-7.277809802));
#1777=CARTESIAN_POINT('',(119.853253809,43.795291519,-7.328940548));
#1778=CARTESIAN_POINT('',(119.850600647,43.777465622,-7.346015175));
#1779=CARTESIAN_POINT('',(119.844176159,43.741309436,-7.380345737));
#1780=CARTESIAN_POINT('',(119.840404832,43.722979148,-7.397601672));
#1781=CARTESIAN_POINT('',(119.836058616,43.70433079,-7.415007868));
#1782=CARTESIAN_POINT('',(119.854605894,44.044356473,-6.971785024));
#1783=CARTESIAN_POINT('',(119.857908901,44.02900195,-6.987877128));
#1784=CARTESIAN_POINT('',(119.860772728,44.013795526,-7.003718541));
#1785=CARTESIAN_POINT('',(119.865648326,43.983577431,-7.035011829));
#1786=CARTESIAN_POINT('',(119.867660096,43.96856576,-7.050463704));
#1787=CARTESIAN_POINT('',(119.872456772,43.923670701,-7.096402793));
#1788=CARTESIAN_POINT('',(119.874003042,43.893927269,-7.12647347));
#1789=CARTESIAN_POINT('',(119.874002967,43.834002031,-7.186398831));
#1790=CARTESIAN_POINT('',(119.872456775,43.80393185,-7.216141952));
#1791=CARTESIAN_POINT('',(119.867660186,43.757993068,-7.261036797));
#1792=CARTESIAN_POINT('',(119.86564844,43.742541222,-7.276048439));
#1793=CARTESIAN_POINT('',(119.860772837,43.711247665,-7.306266695));
#1794=CARTESIAN_POINT('',(119.857908979,43.695405954,-7.321473309));
#1795=CARTESIAN_POINT('',(119.854605894,43.679313296,-7.336828201));
#1796=CARTESIAN_POINT('',(119.883747955,43.888262709,-6.92183502));
#1797=CARTESIAN_POINT('',(119.885379857,43.877183656,-6.932937659));
#1798=CARTESIAN_POINT('',(119.886791988,43.866217947,-6.943917769));
#1799=CARTESIAN_POINT('',(119.889192489,43.844453195,-6.965699187));
#1800=CARTESIAN_POINT('',(119.890180858,43.833654153,-6.976500495));
#1801=CARTESIAN_POINT('',(119.892533998,43.801417003,-7.008735607));
#1802=CARTESIAN_POINT('',(119.8932868,43.780138871,-7.030000595));
#1803=CARTESIAN_POINT('',(119.893286741,43.737529063,-7.072610464));
#1804=CARTESIAN_POINT('',(119.892533973,43.716264363,-7.093888405));
#1805=CARTESIAN_POINT('',(119.89018088,43.684029426,-7.126125431));
#1806=CARTESIAN_POINT('',(119.889192526,43.673228132,-7.136924459));
#1807=CARTESIAN_POINT('',(119.886792031,43.65144655,-7.158689319));
#1808=CARTESIAN_POINT('',(119.885379891,43.640466261,-7.169655151));
#1809=CARTESIAN_POINT('',(119.883747955,43.629363293,-7.180734437));
#1810=CARTESIAN_POINT('',(119.894362104,43.810377625,-6.896911793));
#1811=CARTESIAN_POINT('',(119.89537119,43.801527784,-6.905566363));
#1812=CARTESIAN_POINT('',(119.896243617,43.792755151,-6.914163973));
#1813=CARTESIAN_POINT('',(119.897725676,43.775330058,-6.931283674));
#1814=CARTESIAN_POINT('',(119.898335307,43.766677599,-6.939805766));
#1815=CARTESIAN_POINT('',(119.89978579,43.740849123,-6.965316368));
#1816=CARTESIAN_POINT('',(119.90024823,43.723802007,-6.982249206));
#1817=CARTESIAN_POINT('',(119.900248187,43.689777584,-7.016273645));
#1818=CARTESIAN_POINT('',(119.899785765,43.672844928,-7.033320621));
#1819=CARTESIAN_POINT('',(119.898335312,43.64733444,-7.059149007));
#1820=CARTESIAN_POINT('',(119.897725691,43.638812361,-7.067801456));
#1821=CARTESIAN_POINT('',(119.896243639,43.621692562,-7.085226626));
#1822=CARTESIAN_POINT('',(119.895371208,43.613094842,-7.093999347));
#1823=CARTESIAN_POINT('',(119.894362104,43.604440066,-7.102849353));
#1824=CARTESIAN_POINT('',(119.908304887,43.656820653,-6.847773562));
#1825=CARTESIAN_POINT('',(119.908498508,43.65242428,-6.851858769));
#1826=CARTESIAN_POINT('',(119.908665296,43.648051591,-6.855958142));
#1827=CARTESIAN_POINT('',(119.908947833,43.639351032,-6.864188817));
#1828=CARTESIAN_POINT('',(119.909063584,43.635023161,-6.868320118));
#1829=CARTESIAN_POINT('',(119.909338226,43.622102945,-6.880767308));
#1830=CARTESIAN_POINT('',(119.909424509,43.613573996,-6.889136484));
#1831=CARTESIAN_POINT('',(119.909424495,43.596664738,-6.906045708));
#1832=CARTESIAN_POINT('',(119.909338214,43.588295591,-6.9145746));
#1833=CARTESIAN_POINT('',(119.909063578,43.575848428,-6.92749478));
#1834=CARTESIAN_POINT('',(119.90894783,43.571717134,-6.931822647));
#1835=CARTESIAN_POINT('',(119.908665296,43.563486455,-6.940523233));
#1836=CARTESIAN_POINT('',(119.90849851,43.55938707,-6.944895951));
#1837=CARTESIAN_POINT('',(119.908304887,43.555301835,-6.94929238));
#1838=CARTESIAN_POINT('',(119.911633521,43.581148764,-6.823558557));
#1839=CARTESIAN_POINT('',(119.911633521,43.578961215,-6.825612733));
#1840=CARTESIAN_POINT('',(119.911633521,43.57679511,-6.827662136));
#1841=CARTESIAN_POINT('',(119.911633521,43.572499231,-6.831757951));
#1842=CARTESIAN_POINT('',(119.911633521,43.570369458,-6.833804363));
#1843=CARTESIAN_POINT('',(119.911633521,43.564024807,-6.839948948));
#1844=CARTESIAN_POINT('',(119.911633521,43.559854596,-6.844052467));
#1845=CARTESIAN_POINT('',(119.911633521,43.551580853,-6.852326203));
#1846=CARTESIAN_POINT('',(119.911633521,43.547477321,-6.85649642));
#1847=CARTESIAN_POINT('',(119.911633521,43.541332706,-6.862841099));
#1848=CARTESIAN_POINT('',(119.911633521,43.539286281,-6.864970885));
#1849=CARTESIAN_POINT('',(119.911633521,43.535190439,-6.869266795));
#1850=CARTESIAN_POINT('',(119.911633521,43.533141021,-6.87143292));
#1851=CARTESIAN_POINT('',(119.911633521,43.53108683,-6.873620492));
#1852=CARTESIAN_POINT('',(119.911633521,43.507528273,-6.8));
#1853=CARTESIAN_POINT('',(119.911633521,43.507528273,-6.8));
#1854=CARTESIAN_POINT('',(119.911633521,43.507528273,-6.8));
#1855=CARTESIAN_POINT('',(119.911633521,43.507528273,-6.8));
#1856=CARTESIAN_POINT('',(119.911633521,43.507528273,-6.8));
#1857=CARTESIAN_POINT('',(119.911633521,43.507528273,-6.8));
#1858=CARTESIAN_POINT('',(119.911633521,43.507528273,-6.8));
#1859=CARTESIAN_POINT('',(119.911633521,43.507528273,-6.8));
#1860=CARTESIAN_POINT('',(119.911633521,43.507528273,-6.8));
#1861=CARTESIAN_POINT('',(119.911633521,43.507528273,-6.8));
#1862=CARTESIAN_POINT('',(119.911633521,43.507528273,-6.8));
#1863=CARTESIAN_POINT('',(119.911633521,43.507528273,-6.8));
#1864=CARTESIAN_POINT('',(119.911633521,43.507528273,-6.8));
#1865=CARTESIAN_POINT('',(119.911633521,43.507528273,-6.8));
#1866=B_SPLINE_SURFACE_WITH_KNOTS('',3,3,((#1278,#1279,#1280,#1281,#1282,#1283,#1284,#1285,#1286,#1287,#1288,#1289,#1290,#1291),(#1292,#1293,#1294,#1295,#1296,#1297,#1298,#1299,#1300,#1301,#1302,#1303,#1304,#1305),(#1306,#1307,#1308,#1309,#1310,#1311,#1312,#1313,#1314,#1315,#1316,#1317,#1318,#1319),(#1320,#1321,#1322,#1323,#1324,#1325,#1326,#1327,#1328,#1329,#1330,#1331,#1332,#1333),(#1334,#1335,#1336,#1337,#1338,#1339,#1340,#1341,#1342,#1343,#1344,#1345,#1346,#1347),(#1348,#1349,#1350,#1351,#1352,#1353,#1354,#1355,#1356,#1357,#1358,#1359,#1360,#1361),(#1362,#1363,#1364,#1365,#1366,#1367,#1368,#1369,#1370,#1371,#1372,#1373,#1374,#1375),(#1376,#1377,#1378,#1379,#1380,#1381,#1382,#1383,#1384,#1385,#1386,#1387,#1388,#1389),(#1390,#1391,#1392,#1393,#1394,#1395,#1396,#1397,#1398,#1399,#1400,#1401,#1402,#1403),(#1404,#1405,#1406,#1407,#1408,#1409,#1410,#1411,#1412,#1413,#1414,#1415,#1416,#1417),(#1418,#1419,#1420,#1421,#1422,#1423,#1424,#1425,#1426,#1427,#1428,#1429,#1430,#1431),(#1432,#1433,#1434,#1435,#1436,#1437,#1438,#1439,#1440,#1441,#1442,#1443,#1444,#1445),(#1446,#1447,#1448,#1449,#1450,#1451,#1452,#1453,#1454,#1455,#1456,#1457,#1458,#1459),(#1460,#1461,#1462,#1463,#1464,#1465,#1466,#1467,#1468,#1469,#1470,#1471,#1472,#1473),(#1474,#1475,#1476,#1477,#1478,#1479,#1480,#1481,#1482,#1483,#1484,#1485,#1486,#1487),(#1488,#1489,#1490,#1491,#1492,#1493,#1494,#1495,#1496,#1497,#1498,#1499,#1500,#1501),(#1502,#1503,#1504,#1505,#1506,#1507,#1508,#1509,#1510,#1511,#1512,#1513,#1514,#1515),(#1516,#1517,#1518,#1519,#1520,#1521,#1522,#1523,#1524,#1525,#1526,#1527,#1528,#1529),(#1530,#1531,#1532,#1533,#1534,#1535,#1536,#1537,#1538,#1539,#1540,#1541,#1542,#1543),(#1544,#1545,#1546,#1547,#1548,#1549,#1550,#1551,#1552,#1553,#1554,#1555,#1556,#1557),(#1558,#1559,#1560,#1561,#1562,#1563,#1564,#1565,#1566,#1567,#1568,#1569,#1570,#1571),(#1572,#1573,#1574,#1575,#1576,#1577,#1578,#1579,#1580,#1581,#1582,#1583,#1584,#1585),(#1586,#1587,#1588,#1589,#1590,#1591,#1592,#1593,#1594,#1595,#1596,#1597,#1598,#1599),(#1600,#1601,#1602,#1603,#1604,#1605,#1606,#1607,#1608,#1609,#1610,#1611,#1612,#1613),(#1614,#1615,#1616,#1617,#1618,#1619,#1620,#1621,#1622,#1623,#1624,#1625,#1626,#1627),(#1628,#1629,#1630,#1631,#1632,#1633,#1634,#1635,#1636,#1637,#1638,#1639,#1640,#1641),
(#1642,#1643,#1644,#1645,#1646,#1647,#1648,#1649,#1650,#1651,#1652,#1653,#1654,#1655),(#1656,#1657,#1658,#1659,#1660,#1661,#1662,#1663,#1664,#1665,#1666,#1667,#1668,#1669),(#1670,#1671,#1672,#1673,#1674,#1675,#1676,#1677,#1678,#1679,#1680,#1681,#1682,#1683),(#1684,#1685,#1686,#1687,#1688,#1689,#1690,#1691,#1692,#1693,#1694,#1695,#1696,#1697),(#1698,#1699,#1700,#1701,#1702,#1703,#1704,#1705,#1706,#1707,#1708,#1709,#1710,#1711),(#1712,#1713,#1714,#1715,#1716,#1717,#1718,#1719,#1720,#1721,#1722,#1723,#1724,#1725),(#1726,#1727,#1728,#1729,#1730,#1731,#1732,#1733,#1734,#1735,#1736,#1737,#1738,#1739),(#1740,#1741,#1742,#1743,#1744,#1745,#1746,#1747,#1748,#1749,#1750,#1751,#1752,#1753),(#1754,#1755,#1756,#1757,#1758,#1759,#1760,#1761,#1762,#1763,#1764,#1765,#1766,#1767),(#1768,#1769,#1770,#1771,#1772,#1773,#1774,#1775,#1776,#1777,#1778,#1779,#1780,#1781),(#1782,#1783,#1784,#1785,#1786,#1787,#1788,#1789,#1790,#1791,#1792,#1793,#1794,#1795),(#1796,#1797,#1798,#1799,#1800,#1801,#1802,#1803,#1804,#1805,#1806,#1807,#1808,#1809),(#1810,#1811,#1812,#1813,#1814,#1815,#1816,#1817,#1818,#1819,#1820,#1821,#1822,#1823),(#1824,#1825,#1826,#1827,#1828,#1829,#1830,#1831,#1832,#1833,#1834,#1835,#1836,#1837),(#1838,#1839,#1840,#1841,#1842,#1843,#1844,#1845,#1846,#1847,#1848,#1849,#1850,#1851),(#1852,#1853,#1854,#1855,#1856,#1857,#1858,#1859,#1860,#1861,#1862,#1863,#1864,#1865)),.UNSPECIFIED.,.F.,.F.,.U.,(4,2,2,2,2,2,2,2,2,2,2,2,2,2,2,2,2,2,2,2,4),(4,2,2,2,2,2,4),(0.,0.058662187,0.117324374,0.175986562,0.234648749,0.299048013,0.363447276,0.42784654,0.460046172,0.492245804,0.525057019,0.557868233,0.623490663,0.689113092,0.721924307,0.754735522,0.785393582,0.816051641,0.877367761,0.93868388,1.),(0.,0.125,0.25,0.5,0.75,0.875,1.),.UNSPECIFIED.);
#1867=ORIENTED_EDGE('',*,*,#1061,.F.);
#1868=ORIENTED_EDGE('',*,*,#1264,.T.);
#1869=CARTESIAN_POINT('',(117.411633521,44.307528273,-9.3));
#1870=CARTESIAN_POINT('',(117.741700399,44.307528341,-9.3));
#1871=CARTESIAN_POINT('',(118.076679901,44.286301387,-9.233706896));
#1872=CARTESIAN_POINT('',(118.38909471,44.24384741,-9.100993182));
#1873=CARTESIAN_POINT('',(118.408620635,44.241194037,-9.092698575));
#1874=CARTESIAN_POINT('',(118.425282355,44.238847456,-9.085368233));
#1875=CARTESIAN_POINT('',(118.44331498,44.236231242,-9.077198579));
#1876=CARTESIAN_POINT('',(118.461347606,44.233615028,-9.069028924));
#1877=CARTESIAN_POINT('',(118.47933718,44.230921323,-9.060620606));
#1878=CARTESIAN_POINT('',(118.497276801,44.228150126,-9.051972173));
#1879=CARTESIAN_POINT('',(118.533156045,44.222607732,-9.034675308));
#1880=CARTESIAN_POINT('',(118.568835611,44.216755372,-9.016417789));
#1881=CARTESIAN_POINT('',(118.604258695,44.210593047,-8.997190295));
#1882=CARTESIAN_POINT('',(118.675104864,44.198268396,-8.958735309));
#1883=CARTESIAN_POINT('',(118.744926957,44.184703882,-8.916396913));
#1884=CARTESIAN_POINT('',(118.813246737,44.169899504,-8.870140187));
#1885=CARTESIAN_POINT('',(118.949886297,44.14029075,-8.777626736));
#1886=CARTESIAN_POINT('',(119.080536314,44.105722542,-8.669372453));
#1887=CARTESIAN_POINT('',(119.201066799,44.066194881,-8.545831763));
#1888=CARTESIAN_POINT('',(119.204833376,44.064959641,-8.541971117));
#1889=CARTESIAN_POINT('',(119.207427187,44.064103142,-8.539294689));
#1890=CARTESIAN_POINT('',(119.210602128,44.063050152,-8.536004594));
#1891=CARTESIAN_POINT('',(119.213777069,44.061997162,-8.5327145));
#1892=CARTESIAN_POINT('',(119.216948461,44.060939424,-8.52941002));
#1893=CARTESIAN_POINT('',(119.220116162,44.059876938,-8.526091115));
#1894=CARTESIAN_POINT('',(119.226451564,44.057751967,-8.519453305));
#1895=CARTESIAN_POINT('',(119.232772204,44.055608007,-8.512757793));
#1896=CARTESIAN_POINT('',(119.239076935,44.053445056,-8.50600427));
#1897=CARTESIAN_POINT('',(119.251686398,44.049119154,-8.492497223));
#1898=CARTESIAN_POINT('',(119.264232244,44.044717292,-8.478758113));
#1899=CARTESIAN_POINT('',(119.276705104,44.040239471,-8.464784668));
#1900=CARTESIAN_POINT('',(119.301650825,44.031283827,-8.436837777));
#1901=CARTESIAN_POINT('',(119.326304863,44.022024343,-8.407953241));
#1902=CARTESIAN_POINT('',(119.350589161,44.012461019,-8.37811629));
#1903=CARTESIAN_POINT('',(119.399157759,43.993334371,-8.318442389));
#1904=CARTESIAN_POINT('',(119.446251194,43.972992362,-8.25495309));
#1905=CARTESIAN_POINT('',(119.491197437,43.951434992,-8.187592851));
#1906=CARTESIAN_POINT('',(119.581089923,43.908320252,-8.052872375));
#1907=CARTESIAN_POINT('',(119.662436986,43.860344068,-7.902545614));
#1908=CARTESIAN_POINT('',(119.729223248,43.807506441,-7.737431523));
#1909=CARTESIAN_POINT('',(119.731310318,43.805855265,-7.732271708));
#1910=CARTESIAN_POINT('',(119.732622497,43.804806507,-7.728994673));
#1911=CARTESIAN_POINT('',(119.734314627,43.803446283,-7.724744548));
#1912=CARTESIAN_POINT('',(119.736006758,43.80208606,-7.720494423));
#1913=CARTESIAN_POINT('',(119.737693794,43.800718998,-7.716223149));
#1914=CARTESIAN_POINT('',(119.739375437,43.799345098,-7.711930684));
#1915=CARTESIAN_POINT('',(119.742738723,43.796597299,-7.703345754));
#1916=CARTESIAN_POINT('',(119.746080439,43.793822148,-7.694676055));
#1917=CARTESIAN_POINT('',(119.749398159,43.791019645,-7.685921271));
#1918=CARTESIAN_POINT('',(119.756033599,43.78541464,-7.668411704));
#1919=CARTESIAN_POINT('',(119.762573104,43.779700228,-7.650561758));
#1920=CARTESIAN_POINT('',(119.768996709,43.773876409,-7.632369391));
#1921=CARTESIAN_POINT('',(119.781843918,43.762228771,-7.595984657));
#1922=CARTESIAN_POINT('',(119.794228252,43.750143506,-7.558229446));
#1923=CARTESIAN_POINT('',(119.805981168,43.737620615,-7.5190962));
#1924=CARTESIAN_POINT('',(119.829487002,43.712574832,-7.440829708));
#1925=CARTESIAN_POINT('',(119.850477534,43.685778541,-7.357034351));
#1926=CARTESIAN_POINT('',(119.867471712,43.657231742,-7.26782345));
#1927=CARTESIAN_POINT('',(119.86800278,43.656339654,-7.26503561));
#1928=CARTESIAN_POINT('',(119.868084001,43.656200433,-7.264600685));
#1929=CARTESIAN_POINT('',(119.868391294,43.655678541,-7.262970026));
#1930=CARTESIAN_POINT('',(119.868698588,43.65515665,-7.261339368));
#1931=CARTESIAN_POINT('',(119.869006623,43.654630599,-7.259695856));
#1932=CARTESIAN_POINT('',(119.869315323,43.654100391,-7.258039479));
#1933=CARTESIAN_POINT('',(119.869932722,43.653039974,-7.254726725));
#1934=CARTESIAN_POINT('',(119.870552784,43.651962924,-7.251362511));
#1935=CARTESIAN_POINT('',(119.871174882,43.650869241,-7.247946753));
#1936=CARTESIAN_POINT('',(119.87241908,43.648681875,-7.241115236));
#1937=CARTESIAN_POINT('',(119.873671448,43.646427977,-7.234077537));
#1938=CARTESIAN_POINT('',(119.874926763,43.644107546,-7.226832994));
#1939=CARTESIAN_POINT('',(119.877437394,43.639466683,-7.21234391));
#1940=CARTESIAN_POINT('',(119.879960126,43.63455969,-7.197027393));
#1941=CARTESIAN_POINT('',(119.882449459,43.629386567,-7.180878725));
#1942=CARTESIAN_POINT('',(119.887428125,43.619040321,-7.148581388));
#1943=CARTESIAN_POINT('',(119.892278177,43.607629553,-7.112953711));
#1944=CARTESIAN_POINT('',(119.896575886,43.595154264,-7.073973437));
#1945=CARTESIAN_POINT('',(119.905171304,43.570203686,-6.99601289));
#1946=CARTESIAN_POINT('',(119.911633521,43.540995022,-6.904583592));
#1947=CARTESIAN_POINT('',(119.911633521,43.507528273,-6.8));
#1948=B_SPLINE_CURVE_WITH_KNOTS('',3,(#1869,#1870,#1871,#1872,#1873,#1874,#1875,#1876,#1877,#1878,#1879,#1880,#1881,#1882,#1883,#1884,#1885,#1886,#1887,#1888,#1889,#1890,#1891,#1892,#1893,#1894,
#1895,#1896,#1897,#1898,#1899,#1900,#1901,#1902,#1903,#1904,#1905,#1906,#1907,#1908,#1909,#1910,#1911,#1912,#1913,#1914,#1915,#1916,#1917,#1918,#1919,
#1920,#1921,#1922,#1923,#1924,#1925,#1926,#1927,#1928,#1929,#1930,#1931,#1932,#1933,#1934,#1935,#1936,#1937,#1938,#1939,#1940,#1941,#1942,#1943,#1944,
#1945,#1946,#1947),.UNSPECIFIED.,.F.,.F.,(4,3,3,3,3,3,3,3,3,3,3,3,3,3,3,3,3,3,3,3,3,3,3,3,3,3,
4),(0.,0.25,0.265625,0.28125,0.3125,0.375,0.5,0.50390625,0.5078125,0.515625,0.53125,0.5625,0.625,0.75,0.75390625,0.7578125,0.765625,0.78125,0.8125,0.875,0.876953125,0.87890625,0.8828125,0.890625,0.90625,0.9375,
1.),.UNSPECIFIED.);
#1949=EDGE_CURVE('',#915,#513,#1948,.T.);
#1950=ORIENTED_EDGE('',*,*,#1949,.F.);
#1951=EDGE_LOOP('',(#1867,#1868,#1950));
#1952=FACE_BOUND('',#1951,.T.);
#1953=ADVANCED_FACE('',(#1952),#1866,.T.);
#1954=CARTESIAN_POINT('',(117.411633521,33.963165945,-6.8));
#1955=DIRECTION('',(0.,1.,0.));
#1956=DIRECTION('',(0.,-0.,1.));
#1957=AXIS2_PLACEMENT_3D('',#1954,#1955,#1956);
#1958=CYLINDRICAL_SURFACE('',#1957,2.5);
#1959=ORIENTED_EDGE('',*,*,#518,.F.);
#1960=CARTESIAN_POINT('',(117.411633521,24.418803617,-6.8));
#1961=DIRECTION('',(0.,0.826926502,-0.562310021));
#1962=DIRECTION('',(0.,0.562310021,0.826926502));
#1963=AXIS2_PLACEMENT_3D('',#1960,#1961,#1962);
#1964=ELLIPSE('',#1963,3.023243292,2.5);
#1965=EDGE_CURVE('',#505,#917,#1964,.T.);
#1966=ORIENTED_EDGE('',*,*,#1965,.T.);
#1967=ORIENTED_EDGE('',*,*,#922,.F.);
#1968=ORIENTED_EDGE('',*,*,#1949,.T.);
#1969=EDGE_LOOP('',(#1959,#1966,#1967,#1968));
#1970=FACE_BOUND('',#1969,.T.);
#1971=ADVANCED_FACE('',(#1970),#1958,.T.);
#1972=CARTESIAN_POINT('',(117.411633521,24.418803617,-8.7));
#1973=DIRECTION('',(0.,0.,1.));
#1974=DIRECTION('',(1.,0.,-0.));
#1975=AXIS2_PLACEMENT_3D('',#1972,#1973,#1974);
#1976=CYLINDRICAL_SURFACE('',#1975,2.5);
#1977=ORIENTED_EDGE('',*,*,#558,.F.);
#1978=CARTESIAN_POINT('',(117.411633521,24.418803617,-6.8));
#1979=DIRECTION('',(-0.,-0.562310021,0.826926502));
#1980=DIRECTION('',(0.,0.826926502,0.562310021));
#1981=AXIS2_PLACEMENT_3D('',#1978,#1979,#1980);
#1982=ELLIPSE('',#1981,3.023243292,2.5);
#1983=EDGE_CURVE('',#545,#505,#1982,.T.);
#1984=ORIENTED_EDGE('',*,*,#1983,.T.);
#1985=ORIENTED_EDGE('',*,*,#510,.F.);
#1986=CARTESIAN_POINT('',(117.411633521,24.418803617,-2.));
#1987=DIRECTION('',(-0.,-0.,1.));
#1988=DIRECTION('',(-1.,0.,0.));
#1989=AXIS2_PLACEMENT_3D('',#1986,#1987,#1988);
#1990=CIRCLE('',#1989,2.5);
#1991=EDGE_CURVE('',#553,#495,#1990,.T.);
#1992=ORIENTED_EDGE('',*,*,#1991,.F.);
#1993=EDGE_LOOP('',(#1977,#1984,#1985,#1992));
#1994=FACE_BOUND('',#1993,.T.);
#1995=ADVANCED_FACE('',(#1994),#1976,.T.);
#1996=CARTESIAN_POINT('',(82.598926442,24.386345163,-8.7));
#1997=DIRECTION('',(0.,0.,1.));
#1998=DIRECTION('',(1.,0.,-0.));
#1999=AXIS2_PLACEMENT_3D('',#1996,#1997,#1998);
#2000=CYLINDRICAL_SURFACE('',#1999,2.5);
#2001=ORIENTED_EDGE('',*,*,#444,.F.);
#2002=CARTESIAN_POINT('',(82.598926442,24.386345163,-6.8));
#2003=DIRECTION('',(-0.,-0.562310021,0.826926502));
#2004=DIRECTION('',(0.,-0.826926502,-0.562310021));
#2005=AXIS2_PLACEMENT_3D('',#2002,#2003,#2004);
#2006=ELLIPSE('',#2005,3.023243292,2.5);
#2007=EDGE_CURVE('',#433,#837,#2006,.T.);
#2008=ORIENTED_EDGE('',*,*,#2007,.T.);
#2009=ORIENTED_EDGE('',*,*,#842,.F.);
#2010=CARTESIAN_POINT('',(82.598926442,24.386345163,-2.));
#2011=DIRECTION('',(-0.,-0.,1.));
#2012=DIRECTION('',(-1.,0.,0.));
#2013=AXIS2_PLACEMENT_3D('',#2010,#2011,#2012);
#2014=CIRCLE('',#2013,2.5);
#2015=EDGE_CURVE('',#417,#835,#2014,.T.);
#2016=ORIENTED_EDGE('',*,*,#2015,.F.);
#2017=EDGE_LOOP('',(#2001,#2008,#2009,#2016));
#2018=FACE_BOUND('',#2017,.T.);
#2019=ADVANCED_FACE('',(#2018),#2000,.T.);
#2020=CARTESIAN_POINT('',(82.598926442,33.946936718,-6.8));
#2021=DIRECTION('',(0.,-1.,0.));
#2022=DIRECTION('',(0.,0.,-1.));
#2023=AXIS2_PLACEMENT_3D('',#2020,#2021,#2022);
#2024=CYLINDRICAL_SURFACE('',#2023,2.5);
#2025=ORIENTED_EDGE('',*,*,#1022,.F.);
#2026=CARTESIAN_POINT('',(82.598926442,24.386345163,-6.8));
#2027=DIRECTION('',(0.,0.826926502,-0.562310021));
#2028=DIRECTION('',(0.,-0.562310021,-0.826926502));
#2029=AXIS2_PLACEMENT_3D('',#2026,#2027,#2028);
#2030=ELLIPSE('',#2029,3.023243292,2.5);
#2031=EDGE_CURVE('',#1009,#433,#2030,.T.);
#2032=ORIENTED_EDGE('',*,*,#2031,.T.);
#2033=ORIENTED_EDGE('',*,*,#438,.F.);
#2034=CARTESIAN_POINT('',(82.598926442,44.307528273,-9.3));
#2035=CARTESIAN_POINT('',(82.268828511,44.307528341,-9.3));
#2036=CARTESIAN_POINT('',(81.93385148,44.286301387,-9.233694755));
#2037=CARTESIAN_POINT('',(81.621465253,44.24384741,-9.100993182));
#2038=CARTESIAN_POINT('',(81.601941114,44.241194037,-9.092699334));
#2039=CARTESIAN_POINT('',(81.585270623,44.238846066,-9.085365165));
#2040=CARTESIAN_POINT('',(81.567234895,44.236229224,-9.077194009));
#2041=CARTESIAN_POINT('',(81.549199168,44.233612382,-9.069022853));
#2042=CARTESIAN_POINT('',(81.531206751,44.230918093,-9.06061306));
#2043=CARTESIAN_POINT('',(81.51326454,44.228146358,-9.051963196));
#2044=CARTESIAN_POINT('',(81.47738012,44.222602888,-9.034663469));
#2045=CARTESIAN_POINT('',(81.441696395,44.216749631,-9.016403264));
#2046=CARTESIAN_POINT('',(81.406270122,44.210586588,-8.99717339));
#2047=CARTESIAN_POINT('',(81.335417578,44.198260501,-8.958713642));
#2048=CARTESIAN_POINT('',(81.265593007,44.184695269,-8.916371713));
#2049=CARTESIAN_POINT('',(81.197274101,44.169890892,-8.870113696));
#2050=CARTESIAN_POINT('',(81.060636289,44.140282137,-8.777597662));
#2051=CARTESIAN_POINT('',(80.930001651,44.1057168,-8.669349906));
#2052=CARTESIAN_POINT('',(80.809493164,44.066194881,-8.545831763));
#2053=CARTESIAN_POINT('',(80.805727274,44.064959821,-8.541971821));
#2054=CARTESIAN_POINT('',(80.803131469,44.064102636,-8.539293342));
#2055=CARTESIAN_POINT('',(80.799955896,44.063049398,-8.536002585));
#2056=CARTESIAN_POINT('',(80.796780322,44.06199616,-8.532711828));
#2057=CARTESIAN_POINT('',(80.793608312,44.060938179,-8.529406693));
#2058=CARTESIAN_POINT('',(80.790440006,44.059875454,-8.52608714));
#2059=CARTESIAN_POINT('',(80.784103395,44.057750004,-8.519448033));
#2060=CARTESIAN_POINT('',(80.7777816,44.05560558,-8.512751254));
#2061=CARTESIAN_POINT('',(80.771475769,44.053442182,-8.505996494));
#2062=CARTESIAN_POINT('',(80.758864105,44.049115387,-8.492486975));
#2063=CARTESIAN_POINT('',(80.746316275,44.044712695,-8.478745516));
#2064=CARTESIAN_POINT('',(80.733841637,44.040234107,-8.464769855));
#2065=CARTESIAN_POINT('',(80.70889236,44.031276931,-8.436818534));
#2066=CARTESIAN_POINT('',(80.684235595,44.02201617,-8.407930105));
#2067=CARTESIAN_POINT('',(80.659949315,44.012451824,-8.378089891));
#2068=CARTESIAN_POINT('',(80.611376755,43.993323132,-8.318409461));
#2069=CARTESIAN_POINT('',(80.564282356,43.972980102,-8.254916153));
#2070=CARTESIAN_POINT('',(80.519337336,43.951422732,-8.187555099));
#2071=CARTESIAN_POINT('',(80.429447296,43.908307992,-8.052832991));
#2072=CARTESIAN_POINT('',(80.348111631,43.860335895,-7.902517565));
#2073=CARTESIAN_POINT('',(80.281336715,43.807506441,-7.737431523));
#2074=CARTESIAN_POINT('',(80.279249999,43.805855521,-7.732272584));
#2075=CARTESIAN_POINT('',(80.277936074,43.804805358,-7.728991204));
#2076=CARTESIAN_POINT('',(80.276243294,43.803444587,-7.724739421));
#2077=CARTESIAN_POINT('',(80.274550514,43.802083816,-7.720487638));
#2078=CARTESIAN_POINT('',(80.27286286,43.800716225,-7.716214758));
#2079=CARTESIAN_POINT('',(80.271180629,43.799341814,-7.711920738));
#2080=CARTESIAN_POINT('',(80.267816168,43.796592993,-7.703332699));
#2081=CARTESIAN_POINT('',(80.264473398,43.793816894,-7.694660099));
#2082=CARTESIAN_POINT('',(80.261154738,43.791013515,-7.685902625));
#2083=CARTESIAN_POINT('',(80.254517418,43.785406758,-7.668387678));
#2084=CARTESIAN_POINT('',(80.247976494,43.779690887,-7.650533195));
#2085=CARTESIAN_POINT('',(80.241551873,43.7738659,-7.632337158));
#2086=CARTESIAN_POINT('',(80.228702632,43.762215927,-7.595945086));
#2087=CARTESIAN_POINT('',(80.216317889,43.750129495,-7.55818601));
#2088=CARTESIAN_POINT('',(80.204565685,43.737606603,-7.51905255));
#2089=CARTESIAN_POINT('',(80.181061279,43.71256082,-7.440785629));
#2090=CARTESIAN_POINT('',(80.160076743,43.6857692,-7.357004503));
#2091=CARTESIAN_POINT('',(80.143088251,43.657231742,-7.26782345));
#2092=CARTESIAN_POINT('',(80.14255736,43.656339946,-7.265036542));
#2093=CARTESIAN_POINT('',(80.142475716,43.656200009,-7.264599383));
#2094=CARTESIAN_POINT('',(80.142168304,43.65567791,-7.262968089));
#2095=CARTESIAN_POINT('',(80.141860891,43.655155812,-7.261336795));
#2096=CARTESIAN_POINT('',(80.141552741,43.654629558,-7.259692657));
#2097=CARTESIAN_POINT('',(80.141243929,43.654099149,-7.258035664));
#2098=CARTESIAN_POINT('',(80.140626305,43.653038332,-7.254721678));
#2099=CARTESIAN_POINT('',(80.140006033,43.651960895,-7.251356273));
#2100=CARTESIAN_POINT('',(80.139383735,43.650866838,-7.247939364));
#2101=CARTESIAN_POINT('',(80.138139139,43.648678724,-7.241105544));
#2102=CARTESIAN_POINT('',(80.136886423,43.646424131,-7.234065703));
#2103=CARTESIAN_POINT('',(80.135630806,43.644103059,-7.226819181));
#2104=CARTESIAN_POINT('',(80.133119573,43.639460915,-7.212326135));
#2105=CARTESIAN_POINT('',(80.130596427,43.634552854,-7.197006303));
#2106=CARTESIAN_POINT('',(80.128106843,43.629378876,-7.180854972));
#2107=CARTESIAN_POINT('',(80.123127673,43.619030921,-7.148552309));
#2108=CARTESIAN_POINT('',(80.118277775,43.607619299,-7.112921914));
#2109=CARTESIAN_POINT('',(80.113980565,43.59514401,-7.073941585));
#2110=CARTESIAN_POINT('',(80.105386146,43.570193431,-6.995980928));
#2111=CARTESIAN_POINT('',(80.098926442,43.540988186,-6.904562229));
#2112=CARTESIAN_POINT('',(80.098926442,43.507528273,-6.8));
#2113=B_SPLINE_CURVE_WITH_KNOTS('',3,(#2034,#2035,#2036,#2037,#2038,#2039,#2040,#2041,#2042,#2043,#2044,#2045,#2046,#2047,#2048,#2049,#2050,#2051,#2052,#2053,#2054,#2055,#2056,#2057,#2058,#2059,
#2060,#2061,#2062,#2063,#2064,#2065,#2066,#2067,#2068,#2069,#2070,#2071,#2072,#2073,#2074,#2075,#2076,#2077,#2078,#2079,#2080,#2081,#2082,#2083,#2084,
#2085,#2086,#2087,#2088,#2089,#2090,#2091,#2092,#2093,#2094,#2095,#2096,#2097,#2098,#2099,#2100,#2101,#2102,#2103,#2104,#2105,#2106,#2107,#2108,#2109,
#2110,#2111,#2112),.UNSPECIFIED.,.F.,.F.,(4,3,3,3,3,3,3,3,3,3,3,3,3,3,3,3,3,3,3,3,3,3,3,3,3,3,
4),(0.,0.25,0.265625,0.28125,0.3125,0.375,0.5,0.50390625,0.5078125,0.515625,0.53125,0.5625,0.625,0.75,0.75390625,0.7578125,0.765625,0.78125,0.8125,0.875,0.876953125,0.87890625,0.8828125,0.890625,0.90625,0.9375,
1.),.UNSPECIFIED.);
#2114=EDGE_CURVE('',#1017,#425,#2113,.T.);
#2115=ORIENTED_EDGE('',*,*,#2114,.F.);
#2116=EDGE_LOOP('',(#2025,#2032,#2033,#2115));
#2117=FACE_BOUND('',#2116,.T.);
#2118=ADVANCED_FACE('',(#2117),#2024,.T.);
#2119=CARTESIAN_POINT('',(82.598926442,44.307528273,-9.3));
#2120=CARTESIAN_POINT('',(82.598926442,44.419719362,-9.3));
#2121=CARTESIAN_POINT('',(82.598926442,44.532231187,-9.290844458));
#2122=CARTESIAN_POINT('',(82.598926442,44.753722979,-9.252741792));
#2123=CARTESIAN_POINT('',(82.598926442,44.862702945,-9.223794669));
#2124=CARTESIAN_POINT('',(82.598926442,45.178085061,-9.105045186));
#2125=CARTESIAN_POINT('',(82.598926442,45.372384205,-8.982590649));
#2126=CARTESIAN_POINT('',(82.598926442,45.690110029,-8.664867882));
#2127=CARTESIAN_POINT('',(82.598926442,45.812583062,-8.470538876));
#2128=CARTESIAN_POINT('',(82.598926442,45.931328789,-8.155155345));
#2129=CARTESIAN_POINT('',(82.598926442,45.960274137,-8.046186569));
#2130=CARTESIAN_POINT('',(82.598926442,45.998373879,-7.824710918));
#2131=CARTESIAN_POINT('',(82.598926442,46.007528273,-7.712204043));
#2132=CARTESIAN_POINT('',(82.598926442,46.007528273,-7.6));
#2133=CARTESIAN_POINT('',(82.525311596,44.307528288,-9.3));
#2134=CARTESIAN_POINT('',(82.521924516,44.4192568,-9.3));
#2135=CARTESIAN_POINT('',(82.525311596,44.5322312,-9.290844456));
#2136=CARTESIAN_POINT('',(82.525311596,44.753722989,-9.25274179));
#2137=CARTESIAN_POINT('',(82.525311596,44.862702954,-9.223794667));
#2138=CARTESIAN_POINT('',(82.525311596,45.178085066,-9.105045184));
#2139=CARTESIAN_POINT('',(82.525311596,45.372384207,-8.982590648));
#2140=CARTESIAN_POINT('',(82.525311596,45.690110028,-8.664867884));
#2141=CARTESIAN_POINT('',(82.525311596,45.81258306,-8.47053888));
#2142=CARTESIAN_POINT('',(82.525311596,45.931328787,-8.155155354));
#2143=CARTESIAN_POINT('',(82.525311596,45.960274135,-8.046186579));
#2144=CARTESIAN_POINT('',(82.525311596,45.998373877,-7.824710931));
#2145=CARTESIAN_POINT('',(82.521924181,46.007528273,-7.711741317));
#2146=CARTESIAN_POINT('',(82.525311596,46.007528273,-7.600000015));
#2147=CARTESIAN_POINT('',(82.449405916,44.306456495,-9.296650639));
#2148=CARTESIAN_POINT('',(82.44256786,44.417807027,-9.296344905));
#2149=CARTESIAN_POINT('',(82.44604796,44.53077042,-9.286870039));
#2150=CARTESIAN_POINT('',(82.443230179,44.751664087,-9.248201843));
#2151=CARTESIAN_POINT('',(82.442012918,44.860288226,-9.219008512));
#2152=CARTESIAN_POINT('',(82.439040164,45.174549079,-9.099780511));
#2153=CARTESIAN_POINT('',(82.437976503,45.368051613,-8.977379414));
#2154=CARTESIAN_POINT('',(82.437976453,45.684898474,-8.660535813));
#2155=CARTESIAN_POINT('',(82.439040255,45.80731795,-8.467004157));
#2156=CARTESIAN_POINT('',(82.442013077,45.926542513,-8.152741822));
#2157=CARTESIAN_POINT('',(82.443230208,45.95573411,-8.044128558));
#2158=CARTESIAN_POINT('',(82.446047813,45.994399425,-7.823250421));
#2159=CARTESIAN_POINT('',(82.442567164,46.003873146,-7.71029144));
#2160=CARTESIAN_POINT('',(82.449405916,46.004178911,-7.598928222));
#2161=CARTESIAN_POINT('',(82.295257806,44.301966955,-9.282620843));
#2162=CARTESIAN_POINT('',(82.281827872,44.410747995,-9.281082008));
#2163=CARTESIAN_POINT('',(82.281733337,44.521609207,-9.27020997));
#2164=CARTESIAN_POINT('',(82.270388113,44.738292771,-9.228852833));
#2165=CARTESIAN_POINT('',(82.2654882,44.844982454,-9.198367733));
#2166=CARTESIAN_POINT('',(82.253523121,45.154102378,-9.076072834));
#2167=CARTESIAN_POINT('',(82.249243814,45.345128689,-8.952781948));
#2168=CARTESIAN_POINT('',(82.249243678,45.660301812,-8.637611925));
#2169=CARTESIAN_POINT('',(82.253523612,45.783610158,-8.446558508));
#2170=CARTESIAN_POINT('',(82.265488988,45.905901896,-8.137437292));
#2171=CARTESIAN_POINT('',(82.270388375,45.936385184,-8.030757783));
#2172=CARTESIAN_POINT('',(82.281732852,45.977739299,-7.814088722));
#2173=CARTESIAN_POINT('',(82.281826537,45.988610127,-7.703231534));
#2174=CARTESIAN_POINT('',(82.295257806,45.990149116,-7.594438682));
#2175=CARTESIAN_POINT('',(82.217015378,44.298549208,-9.271940409));
#2176=CARTESIAN_POINT('',(82.20043188,44.405733419,-9.269478378));
#2177=CARTESIAN_POINT('',(82.196658608,44.514949991,-9.25760598));
#2178=CARTESIAN_POINT('',(82.179584727,44.728673704,-9.214371663));
#2179=CARTESIAN_POINT('',(82.172211508,44.833990354,-9.183009743));
#2180=CARTESIAN_POINT('',(82.154207856,45.139429029,-9.058686506));
#2181=CARTESIAN_POINT('',(82.147770227,45.328630184,-8.934897508));
#2182=CARTESIAN_POINT('',(82.147770045,45.642418017,-8.621112604));
#2183=CARTESIAN_POINT('',(82.154208636,45.766223821,-8.431885667));
#2184=CARTESIAN_POINT('',(82.172212742,45.890544032,-8.126445851));
#2185=CARTESIAN_POINT('',(82.17958517,45.921904075,-8.021138924));
#2186=CARTESIAN_POINT('',(82.196657916,45.965135262,-7.807429086));
#2187=CARTESIAN_POINT('',(82.200430255,45.977006408,-7.698216381));
#2188=CARTESIAN_POINT('',(82.217015378,45.979468681,-7.591020936));
#2189=CARTESIAN_POINT('',(82.060438696,44.289165424,-9.242616116));
#2190=CARTESIAN_POINT('',(82.038020684,44.393476037,-9.237773838));
#2191=CARTESIAN_POINT('',(82.02571578,44.49928965,-9.223610496));
#2192=CARTESIAN_POINT('',(81.996623344,44.706804207,-9.176417115));
#2193=CARTESIAN_POINT('',(81.984069663,44.809083371,-9.143387076));
#2194=CARTESIAN_POINT('',(81.953427623,45.106012503,-9.015660051));
#2195=CARTESIAN_POINT('',(81.942486267,45.290434929,-8.891838526));
#2196=CARTESIAN_POINT('',(81.942485987,45.599360088,-8.582915958));
#2197=CARTESIAN_POINT('',(81.953428971,45.723197128,-8.398470379));
#2198=CARTESIAN_POINT('',(81.984071776,45.850921461,-8.101540347));
#2199=CARTESIAN_POINT('',(81.996624139,45.883949518,-7.999269979));
#2200=CARTESIAN_POINT('',(82.025714665,45.931139612,-7.791767981));
#2201=CARTESIAN_POINT('',(82.038018558,45.94530165,-7.685957927));
#2202=CARTESIAN_POINT('',(82.060438696,45.950144388,-7.581637151));
#2203=CARTESIAN_POINT('',(81.982143704,44.283191986,-9.223949115));
#2204=CARTESIAN_POINT('',(81.957053208,44.386157932,-9.217655219));
#2205=CARTESIAN_POINT('',(81.939902819,44.490162735,-9.202197123));
#2206=CARTESIAN_POINT('',(81.90453319,44.694355071,-9.152901066));
#2207=CARTESIAN_POINT('',(81.889277646,44.794947358,-9.119063105));
#2208=CARTESIAN_POINT('',(81.852048494,45.087012884,-8.989902216));
#2209=CARTESIAN_POINT('',(81.83876597,45.26850082,-8.866495939));
#2210=CARTESIAN_POINT('',(81.838765641,45.574017992,-8.560981159));
#2211=CARTESIAN_POINT('',(81.852050127,45.697439126,-8.379471368));
#2212=CARTESIAN_POINT('',(81.889280198,45.826597489,-8.087405051));
#2213=CARTESIAN_POINT('',(81.90453416,45.860433418,-7.986821096));
#2214=CARTESIAN_POINT('',(81.939901493,45.909726126,-7.782640666));
#2215=CARTESIAN_POINT('',(81.957050874,45.925182905,-7.678639294));
#2216=CARTESIAN_POINT('',(81.982143704,45.931477387,-7.575663713));
#2217=CARTESIAN_POINT('',(81.82798354,44.268939892,-9.17941131));
#2218=CARTESIAN_POINT('',(81.798219817,44.369256601,-9.169857572));
#2219=CARTESIAN_POINT('',(81.772822828,44.469712397,-9.1517386));
#2220=CARTESIAN_POINT('',(81.726723094,44.667143524,-9.098451027));
#2221=CARTESIAN_POINT('',(81.706867119,44.764234499,-9.063282426));
#2222=CARTESIAN_POINT('',(81.658442958,45.046036499,-8.932323437));
#2223=CARTESIAN_POINT('',(81.641210542,45.221070442,-8.810720447));
#2224=CARTESIAN_POINT('',(81.641210087,45.518242941,-8.51354996));
#2225=CARTESIAN_POINT('',(81.658444909,45.639859781,-8.338496046));
#2226=CARTESIAN_POINT('',(81.706870203,45.770816541,-8.056693341));
#2227=CARTESIAN_POINT('',(81.726724204,45.805983065,-7.959609977));
#2228=CARTESIAN_POINT('',(81.772821098,45.859267286,-7.762189741));
#2229=CARTESIAN_POINT('',(81.798217137,45.877384983,-7.661737185));
#2230=CARTESIAN_POINT('',(81.82798354,45.886939582,-7.56141162));
#2231=CARTESIAN_POINT('',(81.752118368,44.260661238,-9.153540506));
#2232=CARTESIAN_POINT('',(81.720333696,44.359802562,-9.142166394));
#2233=CARTESIAN_POINT('',(81.691517912,44.458613527,-9.122688353));
#2234=CARTESIAN_POINT('',(81.640934948,44.65274202,-9.067551191));
#2235=CARTESIAN_POINT('',(81.619167768,44.748059547,-9.031892069));
#2236=CARTESIAN_POINT('',(81.566105376,45.024522885,-8.900683254));
#2237=CARTESIAN_POINT('',(81.547254116,45.195995903,-8.780568335));
#2238=CARTESIAN_POINT('',(81.547253556,45.488090362,-8.488475828));
#2239=CARTESIAN_POINT('',(81.566107309,45.608218884,-8.316983447));
#2240=CARTESIAN_POINT('',(81.619170882,45.739425744,-8.040519283));
#2241=CARTESIAN_POINT('',(81.64093596,45.775082838,-7.945209058));
#2242=CARTESIAN_POINT('',(81.691515945,45.830216786,-7.751090933));
#2243=CARTESIAN_POINT('',(81.720330853,45.84969364,-7.652283034));
#2244=CARTESIAN_POINT('',(81.752118368,45.861068778,-7.553132965));
#2245=CARTESIAN_POINT('',(81.598079747,44.241146835,-9.09255802));
#2246=CARTESIAN_POINT('',(81.563137322,44.33635802,-9.077397229));
#2247=CARTESIAN_POINT('',(81.531558483,44.431100073,-9.055235801));
#2248=CARTESIAN_POINT('',(81.476238817,44.617123738,-8.996627967));
#2249=CARTESIAN_POINT('',(81.452497991,44.70840535,-8.96018156));
#2250=CARTESIAN_POINT('',(81.394698802,44.973276262,-8.828989316));
#2251=CARTESIAN_POINT('',(81.37426853,45.137708085,-8.71205668));
#2252=CARTESIAN_POINT('',(81.374267788,45.419578705,-8.430187344));
#2253=CARTESIAN_POINT('',(81.394700372,45.53652458,-8.265735852));
#2254=CARTESIAN_POINT('',(81.452500675,45.667714661,-8.000864071));
#2255=CARTESIAN_POINT('',(81.47623941,45.704159027,-7.909589816));
#2256=CARTESIAN_POINT('',(81.531556222,45.762763795,-7.723576832));
#2257=CARTESIAN_POINT('',(81.563134298,45.784924196,-7.628838103));
#2258=CARTESIAN_POINT('',(81.598079747,45.800086293,-7.533618563));
#2259=CARTESIAN_POINT('',(81.519933412,44.22970644,-9.056806782));
#2260=CARTESIAN_POINT('',(81.48388861,44.322231233,-9.039618863));
#2261=CARTESIAN_POINT('',(81.451395814,44.414274379,-9.015885595));
#2262=CARTESIAN_POINT('',(81.394567784,44.595044189,-8.955038922));
#2263=CARTESIAN_POINT('',(81.370232551,44.683770852,-8.917925517));
#2264=CARTESIAN_POINT('',(81.311043522,44.941446332,-8.786080932));
#2265=CARTESIAN_POINT('',(81.290198403,45.101718562,-8.67053247));
#2266=CARTESIAN_POINT('',(81.290197548,45.378053989,-8.394198224));
#2267=CARTESIAN_POINT('',(81.311044583,45.493614833,-8.233907657));
#2268=CARTESIAN_POINT('',(81.370234525,45.625457537,-7.976231277));
#2269=CARTESIAN_POINT('',(81.394567797,45.66256911,-7.887511443));
#2270=CARTESIAN_POINT('',(81.451393295,45.723413171,-7.706751363));
#2271=CARTESIAN_POINT('',(81.483885522,45.747145659,-7.614711117));
#2272=CARTESIAN_POINT('',(81.519933412,45.764335055,-7.522178167));
#2273=CARTESIAN_POINT('',(81.368615608,44.204492501,-8.978013214));
#2274=CARTESIAN_POINT('',(81.331501561,44.290450933,-8.957105384));
#2275=CARTESIAN_POINT('',(81.298225078,44.376114579,-8.930311866));
#2276=CARTESIAN_POINT('',(81.240228892,44.544773414,-8.864879471));
#2277=CARTESIAN_POINT('',(81.215509189,44.627768602,-8.826240593));
#2278=CARTESIAN_POINT('',(81.155507722,44.86963315,-8.692444943));
#2279=CARTESIAN_POINT('',(81.134537203,45.021243829,-8.579158823));
#2280=CARTESIAN_POINT('',(81.13453628,45.286680856,-8.313722546));
#2281=CARTESIAN_POINT('',(81.155507788,45.399976547,-8.162097638));
#2282=CARTESIAN_POINT('',(81.21550967,45.533770616,-7.920232599));
#2283=CARTESIAN_POINT('',(81.240227782,45.572408075,-7.837242878));
#2284=CARTESIAN_POINT('',(81.298222221,45.637838744,-7.668591484));
#2285=CARTESIAN_POINT('',(81.331498549,45.664631956,-7.582929811));
#2286=CARTESIAN_POINT('',(81.368615608,45.685541487,-7.496964228));
#2287=CARTESIAN_POINT('',(81.29544414,44.190718957,-8.934970884));
#2288=CARTESIAN_POINT('',(81.258312184,44.273056239,-8.912334002));
#2289=CARTESIAN_POINT('',(81.225121309,44.355228871,-8.884057243));
#2290=CARTESIAN_POINT('',(81.16738876,44.517298927,-8.816343504));
#2291=CARTESIAN_POINT('',(81.142847087,44.597196352,-8.776906523));
#2292=CARTESIAN_POINT('',(81.083346432,44.830556961,-8.642034542));
#2293=CARTESIAN_POINT('',(81.062639819,44.97757376,-8.529829893));
#2294=CARTESIAN_POINT('',(81.062638906,45.237352466,-8.270051749));
#2295=CARTESIAN_POINT('',(81.083345952,45.349564849,-8.123023521));
#2296=CARTESIAN_POINT('',(81.14284671,45.484435432,-7.889662749));
#2297=CARTESIAN_POINT('',(81.167387035,45.52387125,-7.809769896));
#2298=CARTESIAN_POINT('',(81.22511832,45.591583783,-7.647705757));
#2299=CARTESIAN_POINT('',(81.258309281,45.619860499,-7.565534472));
#2300=CARTESIAN_POINT('',(81.29544414,45.642499157,-7.483190684));
#2301=CARTESIAN_POINT('',(81.154123767,44.160962207,-8.84198105));
#2302=CARTESIAN_POINT('',(81.117659889,44.236665901,-8.816192402));
#2303=CARTESIAN_POINT('',(81.085256142,44.312277968,-8.785328384));
#2304=CARTESIAN_POINT('',(81.029106732,44.461703935,-8.713891126));
#2305=CARTESIAN_POINT('',(81.005361069,44.535517835,-8.673317886));
#2306=CARTESIAN_POINT('',(80.947917937,44.751839913,-8.537696612));
#2307=CARTESIAN_POINT('',(80.928091126,44.889159637,-8.42862186));
#2308=CARTESIAN_POINT('',(80.928090297,45.136145514,-8.18163632));
#2309=CARTESIAN_POINT('',(80.947916483,45.245224409,-8.044310838));
#2310=CARTESIAN_POINT('',(81.005359121,45.380844695,-7.827989261));
#2311=CARTESIAN_POINT('',(81.029103917,45.421417288,-7.75417813));
#2312=CARTESIAN_POINT('',(81.085252988,45.492854346,-7.604754964));
#2313=CARTESIAN_POINT('',(81.117657263,45.523718813,-7.52914293));
#2314=CARTESIAN_POINT('',(81.154123767,45.549509322,-7.453433934));
#2315=CARTESIAN_POINT('',(81.085941674,44.144977173,-8.792027819));
#2316=CARTESIAN_POINT('',(81.050165439,44.217644178,-8.764850112));
#2317=CARTESIAN_POINT('',(81.018464665,44.290172655,-8.732904339));
#2318=CARTESIAN_POINT('',(80.963637245,44.433530249,-8.660052063));
#2319=CARTESIAN_POINT('',(80.9405106,44.504359365,-8.619145558));
#2320=CARTESIAN_POINT('',(80.884626668,44.712164216,-8.483848039));
#2321=CARTESIAN_POINT('',(80.865416587,44.844411564,-8.376795577));
#2322=CARTESIAN_POINT('',(80.865415833,45.084319867,-8.136887549));
#2323=CARTESIAN_POINT('',(80.884624796,45.191374697,-8.00463731));
#2324=CARTESIAN_POINT('',(80.940507947,45.326671426,-7.796833321));
#2325=CARTESIAN_POINT('',(80.963633964,45.367577532,-7.726006076));
#2326=CARTESIAN_POINT('',(81.018461484,45.440430077,-7.582649726));
#2327=CARTESIAN_POINT('',(81.050162987,45.472376516,-7.51012062));
#2328=CARTESIAN_POINT('',(81.085941674,45.499556092,-7.437448901));
#2329=CARTESIAN_POINT('',(80.987498086,44.119325248,-8.71186555));
#2330=CARTESIAN_POINT('',(80.953119027,44.187973627,-8.682893001));
#2331=CARTESIAN_POINT('',(80.922754733,44.256297658,-8.649735483));
#2332=CARTESIAN_POINT('',(80.870349938,44.39118401,-8.575683908));
#2333=CARTESIAN_POINT('',(80.848309436,44.457746331,-8.53478985));
#2334=CARTESIAN_POINT('',(80.795115015,44.653121209,-8.401452958));
#2335=CARTESIAN_POINT('',(80.776910579,44.777601604,-8.298318898));
#2336=CARTESIAN_POINT('',(80.776909959,45.005843821,-8.070076951));
#2337=CARTESIAN_POINT('',(80.79511277,45.108978291,-7.945596913));
#2338=CARTESIAN_POINT('',(80.848306106,45.242314657,-7.750223284));
#2339=CARTESIAN_POINT('',(80.870346245,45.283208606,-7.683661812));
#2340=CARTESIAN_POINT('',(80.922751601,45.357260982,-7.548774899));
#2341=CARTESIAN_POINT('',(80.953116818,45.39041941,-7.480449458));
#2342=CARTESIAN_POINT('',(80.987498086,45.419393823,-7.411796975));
#2343=CARTESIAN_POINT('',(80.955321816,44.110495543,-8.684272723));
#2344=CARTESIAN_POINT('',(80.921467753,44.177906251,-8.654747671));
#2345=CARTESIAN_POINT('',(80.891594484,44.244908014,-8.62125452));
#2346=CARTESIAN_POINT('',(80.840067979,44.377088523,-8.546959555));
#2347=CARTESIAN_POINT('',(80.818414744,44.442267268,-8.506157741));
#2348=CARTESIAN_POINT('',(80.766172753,44.633561278,-8.373730608));
#2349=CARTESIAN_POINT('',(80.748316115,44.755421411,-8.272060128));
#2350=CARTESIAN_POINT('',(80.748315541,44.979585159,-8.047896675));
#2351=CARTESIAN_POINT('',(80.766170421,45.081255527,-7.926037807));
#2352=CARTESIAN_POINT('',(80.818411245,45.213682232,-7.734745139));
#2353=CARTESIAN_POINT('',(80.840064191,45.254484025,-7.669566951));
#2354=CARTESIAN_POINT('',(80.891591378,45.32877995,-7.537385351));
#2355=CARTESIAN_POINT('',(80.921465619,45.362274082,-7.47038194));
#2356=CARTESIAN_POINT('',(80.955321816,45.391800996,-7.402967271));
#2357=CARTESIAN_POINT('',(80.892264529,44.092275612,-8.627335436));
#2358=CARTESIAN_POINT('',(80.859569532,44.157343712,-8.596806273));
#2359=CARTESIAN_POINT('',(80.830754765,44.221813559,-8.562788567));
#2360=CARTESIAN_POINT('',(80.781093989,44.348764354,-8.488333696));
#2361=CARTESIAN_POINT('',(80.76024798,44.411245302,-8.447896531));
#2362=CARTESIAN_POINT('',(80.709975529,44.594516205,-8.31779228));
#2363=CARTESIAN_POINT('',(80.692817865,44.711131353,-8.219327225));
#2364=CARTESIAN_POINT('',(80.692817383,44.926852251,-8.003606702));
#2365=CARTESIAN_POINT('',(80.709973131,45.025316498,-7.886994098));
#2366=CARTESIAN_POINT('',(80.760244313,45.155420511,-7.70372463));
#2367=CARTESIAN_POINT('',(80.781090134,45.195857796,-7.641243808));
#2368=CARTESIAN_POINT('',(80.830751744,45.27031388,-7.51429112));
#2369=CARTESIAN_POINT('',(80.859567533,45.304332678,-7.449819253));
#2370=CARTESIAN_POINT('',(80.892264529,45.334863709,-7.384747339));
#2371=CARTESIAN_POINT('',(80.861383511,44.082885385,-8.597990976));
#2372=CARTESIAN_POINT('',(80.829326651,44.146823162,-8.567013173));
#2373=CARTESIAN_POINT('',(80.80108292,44.210064691,-8.532805598));
#2374=CARTESIAN_POINT('',(80.752415681,44.334465054,-8.458427138));
#2375=CARTESIAN_POINT('',(80.731992174,44.395623889,-8.418256252));
#2376=CARTESIAN_POINT('',(80.682742932,44.57494106,-8.289542977));
#2377=CARTESIAN_POINT('',(80.66593848,44.68894006,-8.192799971));
#2378=CARTESIAN_POINT('',(80.665938048,44.900324934,-7.981415511));
#2379=CARTESIAN_POINT('',(80.682740562,44.997066947,-7.867419422));
#2380=CARTESIAN_POINT('',(80.731988513,45.125780058,-7.688103699));
#2381=CARTESIAN_POINT('',(80.75241186,45.16595111,-7.626944859));
#2382=CARTESIAN_POINT('',(80.801079961,45.240330868,-7.50254235));
#2383=CARTESIAN_POINT('',(80.829324714,45.274539573,-7.43929868));
#2384=CARTESIAN_POINT('',(80.861383511,45.305519248,-7.375357112));
#2385=CARTESIAN_POINT('',(80.800361406,44.063358311,-8.536968871));
#2386=CARTESIAN_POINT('',(80.76974503,44.124770349,-8.505252942));
#2387=CARTESIAN_POINT('',(80.742761739,44.185376948,-8.470824402));
#2388=CARTESIAN_POINT('',(80.696255281,44.304445663,-8.396881751));
#2389=CARTESIAN_POINT('',(80.676732114,44.362907779,-8.357367641));
#2390=CARTESIAN_POINT('',(80.629643725,44.534276994,-8.23170643));
#2391=CARTESIAN_POINT('',(80.613559617,44.643166961,-8.138440452));
#2392=CARTESIAN_POINT('',(80.613559321,44.845965696,-7.935642033));
#2393=CARTESIAN_POINT('',(80.629641627,44.939230604,-7.826754957));
#2394=CARTESIAN_POINT('',(80.676728776,45.06489155,-7.655387252));
#2395=CARTESIAN_POINT('',(80.696251774,45.104405796,-7.596925169));
#2396=CARTESIAN_POINT('',(80.742759001,45.178349695,-7.477854425));
#2397=CARTESIAN_POINT('',(80.769743229,45.212779348,-7.417245763));
#2398=CARTESIAN_POINT('',(80.800361406,45.244497143,-7.355830039));
#2399=CARTESIAN_POINT('',(80.770565224,44.053314515,-8.505582007));
#2400=CARTESIAN_POINT('',(80.740726632,44.113457997,-8.473575547));
#2401=CARTESIAN_POINT('',(80.714427595,44.172742185,-8.43910193));
#2402=CARTESIAN_POINT('',(80.669098893,44.289134384,-8.365487301));
#2403=CARTESIAN_POINT('',(80.650069228,44.346242395,-8.326346289));
#2404=CARTESIAN_POINT('',(80.60416968,44.513615785,-8.202322546));
#2405=CARTESIAN_POINT('',(80.588489247,44.619930519,-8.110839106));
#2406=CARTESIAN_POINT('',(80.588488993,44.818364243,-7.912405711));
#2407=CARTESIAN_POINT('',(80.604167688,44.909846643,-7.806093829));
#2408=CARTESIAN_POINT('',(80.650066027,45.033870163,-7.638721897));
#2409=CARTESIAN_POINT('',(80.669095523,45.073011323,-7.581613902));
#2410=CARTESIAN_POINT('',(80.714424956,45.146627219,-7.465219654));
#2411=CARTESIAN_POINT('',(80.740724893,45.181101955,-7.405933401));
#2412=CARTESIAN_POINT('',(80.770565224,45.213110279,-7.345786242));
#2413=CARTESIAN_POINT('',(80.71293049,44.032857922,-8.441655154));
#2414=CARTESIAN_POINT('',(80.684759209,44.090247881,-8.409272274));
#2415=CARTESIAN_POINT('',(80.659931984,44.146736478,-8.374844031));
#2416=CARTESIAN_POINT('',(80.617142994,44.257573497,-8.302055122));
#2417=CARTESIAN_POINT('',(80.59918123,44.311921918,-8.263694455));
#2418=CARTESIAN_POINT('',(80.555860149,44.471250744,-8.142951269));
#2419=CARTESIAN_POINT('',(80.541065046,44.572514711,-8.054907565));
#2420=CARTESIAN_POINT('',(80.541064861,44.762432546,-7.864990066));
#2421=CARTESIAN_POINT('',(80.555858362,44.850475273,-7.763728817));
#2422=CARTESIAN_POINT('',(80.599178312,44.971218312,-7.604401317));
#2423=CARTESIAN_POINT('',(80.617139911,45.00957915,-7.55005288));
#2424=CARTESIAN_POINT('',(80.659929559,45.082369346,-7.439213817));
#2425=CARTESIAN_POINT('',(80.684757608,45.116798705,-7.382723191));
#2426=CARTESIAN_POINT('',(80.71293049,45.149183427,-7.325329649));
#2427=CARTESIAN_POINT('',(80.685091938,44.022445125,-8.409115166));
#2428=CARTESIAN_POINT('',(80.657815221,44.078318109,-8.376652978));
#2429=CARTESIAN_POINT('',(80.633779961,44.133310344,-8.342316121));
#2430=CARTESIAN_POINT('',(80.592360485,44.241236364,-8.270019099));
#2431=CARTESIAN_POINT('',(80.574976268,44.29417015,-8.232058934));
#2432=CARTESIAN_POINT('',(80.533052371,44.449438407,-8.112932519));
#2433=CARTESIAN_POINT('',(80.518741445,44.548239781,-8.026520348));
#2434=CARTESIAN_POINT('',(80.518741287,44.734045334,-7.84071511));
#2435=CARTESIAN_POINT('',(80.533050689,44.820456551,-7.741916356));
#2436=CARTESIAN_POINT('',(80.574973502,44.939582837,-7.586649358));
#2437=CARTESIAN_POINT('',(80.592357558,44.977543177,-7.533715548));
#2438=CARTESIAN_POINT('',(80.633777656,45.049841475,-7.425787528));
#2439=CARTESIAN_POINT('',(80.657813697,45.084179435,-7.370793318));
#2440=CARTESIAN_POINT('',(80.685091938,45.116643438,-7.314916853));
#2441=CARTESIAN_POINT('',(80.604443474,43.990664967,-8.309802174));
#2442=CARTESIAN_POINT('',(80.5799708,44.041708598,-8.277412215));
#2443=CARTESIAN_POINT('',(80.558422273,44.092021921,-8.243562158));
#2444=CARTESIAN_POINT('',(80.521308451,44.190967764,-8.173020738));
#2445=CARTESIAN_POINT('',(80.505743154,44.239600283,-8.136329376));
#2446=CARTESIAN_POINT('',(80.46822451,44.382646349,-8.022111672));
#2447=CARTESIAN_POINT('',(80.455448407,44.474208405,-7.940441713));
#2448=CARTESIAN_POINT('',(80.455448322,44.647967014,-7.766683294));
#2449=CARTESIAN_POINT('',(80.468223151,44.729636047,-7.675123509));
#2450=CARTESIAN_POINT('',(80.505740871,44.843853596,-7.532078534));
#2451=CARTESIAN_POINT('',(80.521306024,44.880545112,-7.483445993));
#2452=CARTESIAN_POINT('',(80.558420351,44.951087712,-7.384498406));
#2453=CARTESIAN_POINT('',(80.579969525,44.984938795,-7.334183361));
#2454=CARTESIAN_POINT('',(80.604443474,45.017330446,-7.283136695));
#2455=CARTESIAN_POINT('',(80.554500754,43.968755838,-8.241336144));
#2456=CARTESIAN_POINT('',(80.532034807,44.016341476,-8.209386729));
#2457=CARTESIAN_POINT('',(80.51227167,44.063379392,-8.176145476));
#2458=CARTESIAN_POINT('',(80.478256445,44.156145543,-8.107178564));
#2459=CARTESIAN_POINT('',(80.464004359,44.201873778,-8.071452905));
#2460=CARTESIAN_POINT('',(80.429672822,44.336772608,-7.96069823));
#2461=CARTESIAN_POINT('',(80.418018097,44.423657326,-7.882091512));
#2462=CARTESIAN_POINT('',(80.418018034,44.589617203,-7.716131716));
#2463=CARTESIAN_POINT('',(80.429671665,44.668223012,-7.629248965));
#2464=CARTESIAN_POINT('',(80.464002403,44.778977482,-7.494351105));
#2465=CARTESIAN_POINT('',(80.478254365,44.814703264,-7.448622863));
#2466=CARTESIAN_POINT('',(80.512270019,44.883671242,-7.355855224));
#2467=CARTESIAN_POINT('',(80.532033712,44.916913436,-7.308815827));
#2468=CARTESIAN_POINT('',(80.554500754,44.948864416,-7.261227565));
#2469=CARTESIAN_POINT('',(80.461891807,43.92355543,-8.100084864));
#2470=CARTESIAN_POINT('',(80.443387453,43.964708771,-8.069543886));
#2471=CARTESIAN_POINT('',(80.427149709,44.005578669,-8.03802211));
#2472=CARTESIAN_POINT('',(80.399253874,44.086568096,-7.973138134));
#2473=CARTESIAN_POINT('',(80.387595783,44.126687626,-7.939775934));
#2474=CARTESIAN_POINT('',(80.359560639,44.245645449,-7.837110459));
#2475=CARTESIAN_POINT('',(80.350122713,44.323082974,-7.765228309));
#2476=CARTESIAN_POINT('',(80.350122663,44.472754815,-7.615556393));
#2477=CARTESIAN_POINT('',(80.35955982,44.54463612,-7.538120264));
#2478=CARTESIAN_POINT('',(80.387594406,44.647301299,-7.419163178));
#2479=CARTESIAN_POINT('',(80.399252411,44.680663562,-7.379043667));
#2480=CARTESIAN_POINT('',(80.42714855,44.745548353,-7.298053241));
#2481=CARTESIAN_POINT('',(80.443386684,44.777070881,-7.257182327));
#2482=CARTESIAN_POINT('',(80.461891807,44.807613136,-7.216027157));
#2483=CARTESIAN_POINT('',(80.41921141,43.900252152,-8.027262122));
#2484=CARTESIAN_POINT('',(80.402648105,43.938419652,-7.997708402));
#2485=CARTESIAN_POINT('',(80.388138277,43.976390308,-7.967310774));
#2486=CARTESIAN_POINT('',(80.36324251,44.051776561,-7.904953102));
#2487=CARTESIAN_POINT('',(80.352856571,44.089192157,-7.872993058));
#2488=CARTESIAN_POINT('',(80.327909988,44.200364296,-7.774957394));
#2489=CARTESIAN_POINT('',(80.319560579,44.273046189,-7.706726244));
#2490=CARTESIAN_POINT('',(80.31956052,44.414253259,-7.565519034));
#2491=CARTESIAN_POINT('',(80.327909311,44.482483594,-7.492838265));
#2492=CARTESIAN_POINT('',(80.352855451,44.580518896,-7.381666773));
#2493=CARTESIAN_POINT('',(80.363241324,44.612478963,-7.344251219));
#2494=CARTESIAN_POINT('',(80.388137341,44.674837296,-7.268864233));
#2495=CARTESIAN_POINT('',(80.402647486,44.705235562,-7.2308928));
#2496=CARTESIAN_POINT('',(80.41921141,44.734790395,-7.192723879));
#2497=CARTESIAN_POINT('',(80.360738929,43.864221346,-7.914665857));
#2498=CARTESIAN_POINT('',(80.346913819,43.898380778,-7.886874128));
#2499=CARTESIAN_POINT('',(80.334833099,43.932358583,-7.85847442));
#2500=CARTESIAN_POINT('',(80.314144183,43.99985547,-7.800548156));
#2501=CARTESIAN_POINT('',(80.305535989,44.033374551,-7.771021601));
#2502=CARTESIAN_POINT('',(80.284895816,44.133100495,-7.68088533));
#2503=CARTESIAN_POINT('',(80.278048248,44.198476058,-7.618719012));
#2504=CARTESIAN_POINT('',(80.278048186,44.326246595,-7.490948324));
#2505=CARTESIAN_POINT('',(80.284895307,44.388412167,-7.425573607));
#2506=CARTESIAN_POINT('',(80.305535168,44.478548021,-7.325848212));
#2507=CARTESIAN_POINT('',(80.314143319,44.508074555,-7.292329194));
#2508=CARTESIAN_POINT('',(80.334832421,44.566001295,-7.22483184));
#2509=CARTESIAN_POINT('',(80.346913373,44.594401501,-7.190853505));
#2510=CARTESIAN_POINT('',(80.360738929,44.622194129,-7.156693074));
#2511=CARTESIAN_POINT('',(80.342172788,43.852031763,-7.876573409));
#2512=CARTESIAN_POINT('',(80.329232437,43.884930299,-7.849416505));
#2513=CARTESIAN_POINT('',(80.317935099,43.91763408,-7.821734788));
#2514=CARTESIAN_POINT('',(80.298600978,43.982583705,-7.76539201));
#2515=CARTESIAN_POINT('',(80.290564194,44.01482955,-7.73673095));
#2516=CARTESIAN_POINT('',(80.27130647,44.110777549,-7.64938418));
#2517=CARTESIAN_POINT('',(80.264938155,44.173690167,-7.589334883));
#2518=CARTESIAN_POINT('',(80.264938091,44.29686259,-7.466162326));
#2519=CARTESIAN_POINT('',(80.271306007,44.356911174,-7.403250485));
#2520=CARTESIAN_POINT('',(80.290563456,44.444257527,-7.307303));
#2521=CARTESIAN_POINT('',(80.298600202,44.472918557,-7.275057217));
#2522=CARTESIAN_POINT('',(80.317934493,44.529261764,-7.210107182));
#2523=CARTESIAN_POINT('',(80.329232038,44.55694394,-7.177402928));
#2524=CARTESIAN_POINT('',(80.342172788,44.584101682,-7.14450349));
#2525=CARTESIAN_POINT('',(80.306908543,43.82729042,-7.799256713));
#2526=CARTESIAN_POINT('',(80.295675979,43.857762809,-7.77346029));
#2527=CARTESIAN_POINT('',(80.285885861,43.887991384,-7.747309812));
#2528=CARTESIAN_POINT('',(80.269152141,43.947951605,-7.694323419));
#2529=CARTESIAN_POINT('',(80.262208539,43.977683252,-7.667487504));
#2530=CARTESIAN_POINT('',(80.245589937,44.066118845,-7.585985613));
#2531=CARTESIAN_POINT('',(80.240127145,44.124063445,-7.53032549));
#2532=CARTESIAN_POINT('',(80.240127088,44.237853306,-7.416535569));
#2533=CARTESIAN_POINT('',(80.245589558,44.293512794,-7.358591663));
#2534=CARTESIAN_POINT('',(80.262207939,44.3750143,-7.270156522));
#2535=CARTESIAN_POINT('',(80.269151512,44.401850181,-7.240424928));
#2536=CARTESIAN_POINT('',(80.285885371,44.454836942,-7.180464336));
#2537=CARTESIAN_POINT('',(80.295675657,44.480987821,-7.150235337));
#2538=CARTESIAN_POINT('',(80.306908543,44.506784986,-7.119762148));
#2539=CARTESIAN_POINT('',(80.29021044,43.814738661,-7.760032465));
#2540=CARTESIAN_POINT('',(80.279802323,43.844035949,-7.73496414));
#2541=CARTESIAN_POINT('',(80.270737286,43.873056265,-7.709627511));
#2542=CARTESIAN_POINT('',(80.255251304,43.930564568,-7.658412684));
#2543=CARTESIAN_POINT('',(80.248830359,43.959052554,-7.632534486));
#2544=CARTESIAN_POINT('',(80.233470563,44.043750439,-7.554080104));
#2545=CARTESIAN_POINT('',(80.228434752,44.099194264,-7.50068413));
#2546=CARTESIAN_POINT('',(80.228434706,44.208211967,-7.391666415));
#2547=CARTESIAN_POINT('',(80.233470225,44.261607343,-7.336223272));
#2548=CARTESIAN_POINT('',(80.248829818,44.34006136,-7.251525821));
#2549=CARTESIAN_POINT('',(80.255250735,44.365939524,-7.223037882));
#2550=CARTESIAN_POINT('',(80.270736842,44.417154698,-7.165529204));
#2551=CARTESIAN_POINT('',(80.279802031,44.442491708,-7.136508467));
#2552=CARTESIAN_POINT('',(80.29021044,44.467560737,-7.107210388));
#2553=CARTESIAN_POINT('',(80.259734804,43.790105098,-7.683052577));
#2554=CARTESIAN_POINT('',(80.250867105,43.817055575,-7.659511374));
#2555=CARTESIAN_POINT('',(80.243149939,43.843688771,-7.635844642));
#2556=CARTESIAN_POINT('',(80.229974603,43.89638798,-7.58820939));
#2557=CARTESIAN_POINT('',(80.224516434,43.922453995,-7.564240869));
#2558=CARTESIAN_POINT('',(80.211467313,43.999902338,-7.49180653));
#2559=CARTESIAN_POINT('',(80.207201751,44.050534969,-7.442811935));
#2560=CARTESIAN_POINT('',(80.207201758,44.150340093,-7.343006836));
#2561=CARTESIAN_POINT('',(80.211467082,44.199334085,-7.292374933));
#2562=CARTESIAN_POINT('',(80.22451602,44.27176799,-7.214927106));
#2563=CARTESIAN_POINT('',(80.229974158,44.295736444,-7.188861168));
#2564=CARTESIAN_POINT('',(80.243149581,44.343371955,-7.136161646));
#2565=CARTESIAN_POINT('',(80.250866865,44.367039011,-7.109528061));
#2566=CARTESIAN_POINT('',(80.259734804,44.390580849,-7.082576825));
#2567=CARTESIAN_POINT('',(80.2458787,43.778048392,-7.645375373));
#2568=CARTESIAN_POINT('',(80.237720857,43.803882403,-7.622614325));
#2569=CARTESIAN_POINT('',(80.23062416,43.829375752,-7.59979343));
#2570=CARTESIAN_POINT('',(80.218511643,43.879770472,-7.553958996));
#2571=CARTESIAN_POINT('',(80.213495824,43.904671843,-7.530945456));
#2572=CARTESIAN_POINT('',(80.201507558,43.978621999,-7.461506436));
#2573=CARTESIAN_POINT('',(80.197594306,44.02691683,-7.414682557));
#2574=CARTESIAN_POINT('',(80.197594329,44.122210684,-7.319388771));
#2575=CARTESIAN_POINT('',(80.201507361,44.169033995,-7.271094673));
#2576=CARTESIAN_POINT('',(80.213495453,44.238472609,-7.19714502));
#2577=CARTESIAN_POINT('',(80.218511241,44.261486089,-7.172243718));
#2578=CARTESIAN_POINT('',(80.230623833,44.307320776,-7.121848662));
#2579=CARTESIAN_POINT('',(80.237720637,44.330141984,-7.096354908));
#2580=CARTESIAN_POINT('',(80.2458787,44.352903645,-7.07052012));
#2581=CARTESIAN_POINT('',(80.219960694,43.75370365,-7.569298052));
#2582=CARTESIAN_POINT('',(80.213156852,43.777237704,-7.548199948));
#2583=CARTESIAN_POINT('',(80.207242608,43.800406698,-7.527146944));
#2584=CARTESIAN_POINT('',(80.197154201,43.846135179,-7.485025992));
#2585=CARTESIAN_POINT('',(80.192980037,43.868694666,-7.463958044));
#2586=CARTESIAN_POINT('',(80.183008991,43.935639783,-7.400574074));
#2587=CARTESIAN_POINT('',(80.179763555,43.979292071,-7.358077925));
#2588=CARTESIAN_POINT('',(80.179763601,44.065605966,-7.271764163));
#2589=CARTESIAN_POINT('',(80.183008855,44.108101624,-7.228112591));
#2590=CARTESIAN_POINT('',(80.192979747,44.171485256,-7.16116793));
#2591=CARTESIAN_POINT('',(80.197153879,44.192553158,-7.138608493));
#2592=CARTESIAN_POINT('',(80.20724234,44.234674357,-7.092879638));
#2593=CARTESIAN_POINT('',(80.213156669,44.255727655,-7.069710222));
#2594=CARTESIAN_POINT('',(80.219960694,44.276826324,-7.046175377));
#2595=CARTESIAN_POINT('',(80.207898791,43.741415612,-7.530897935));
#2596=CARTESIAN_POINT('',(80.201739363,43.763754161,-7.510686734));
#2597=CARTESIAN_POINT('',(80.196387339,43.785730149,-7.490557362));
#2598=CARTESIAN_POINT('',(80.187260626,43.829085409,-7.450348686));
#2599=CARTESIAN_POINT('',(80.183485937,43.850464682,-7.430269381));
#2600=CARTESIAN_POINT('',(80.17447166,43.913900045,-7.369936179));
#2601=CARTESIAN_POINT('',(80.171541863,43.95525368,-7.329586997));
#2602=CARTESIAN_POINT('',(80.171541919,44.037115019,-7.247725808));
#2603=CARTESIAN_POINT('',(80.174471552,44.077463744,-7.206372867));
#2604=CARTESIAN_POINT('',(80.183485685,44.137796636,-7.142937934));
#2605=CARTESIAN_POINT('',(80.187260343,44.157875901,-7.121558703));
#2606=CARTESIAN_POINT('',(80.1963871,44.198084817,-7.078203068));
#2607=CARTESIAN_POINT('',(80.201739199,44.218214469,-7.056226664));
#2608=CARTESIAN_POINT('',(80.207898791,44.238426207,-7.033887339));
#2609=CARTESIAN_POINT('',(80.174501347,43.70433079,-7.415007868));
#2610=CARTESIAN_POINT('',(80.17015524,43.722978481,-7.397602112));
#2611=CARTESIAN_POINT('',(80.166383959,43.741308408,-7.380346405));
#2612=CARTESIAN_POINT('',(80.159959487,43.777464267,-7.346016037));
#2613=CARTESIAN_POINT('',(80.157306297,43.795290199,-7.328941375));
#2614=CARTESIAN_POINT('',(80.150976525,43.848209297,-7.277810375));
#2615=CARTESIAN_POINT('',(80.148929739,43.882743766,-7.243847023));
#2616=CARTESIAN_POINT('',(80.148929815,43.951375093,-7.17521585));
#2617=CARTESIAN_POINT('',(80.150976491,43.985338075,-7.140681978));
#2618=CARTESIAN_POINT('',(80.157306153,44.03646882,-7.087763247));
#2619=CARTESIAN_POINT('',(80.159959316,44.053543448,-7.069937349));
#2620=CARTESIAN_POINT('',(80.166383804,44.08787401,-7.033781163));
#2621=CARTESIAN_POINT('',(80.170155131,44.105129944,-7.015450875));
#2622=CARTESIAN_POINT('',(80.174501347,44.12253614,-6.996802517));
#2623=CARTESIAN_POINT('',(80.155954069,43.679313296,-7.336828201));
#2624=CARTESIAN_POINT('',(80.152651062,43.695405401,-7.321473677));
#2625=CARTESIAN_POINT('',(80.149787235,43.711246813,-7.306267254));
#2626=CARTESIAN_POINT('',(80.144911637,43.742540101,-7.276049159));
#2627=CARTESIAN_POINT('',(80.142899867,43.757991976,-7.261037487));
#2628=CARTESIAN_POINT('',(80.138103191,43.803931065,-7.216142429));
#2629=CARTESIAN_POINT('',(80.13655692,43.834001742,-7.186398996));
#2630=CARTESIAN_POINT('',(80.136556996,43.893927104,-7.126473759));
#2631=CARTESIAN_POINT('',(80.138103188,43.923670225,-7.096403578));
#2632=CARTESIAN_POINT('',(80.142899776,43.96856507,-7.050464795));
#2633=CARTESIAN_POINT('',(80.144911522,43.983576712,-7.035012949));
#2634=CARTESIAN_POINT('',(80.149787126,44.013794968,-7.003719392));
#2635=CARTESIAN_POINT('',(80.152650984,44.029001582,-6.987877681));
#2636=CARTESIAN_POINT('',(80.155954069,44.044356473,-6.971785024));
#2637=CARTESIAN_POINT('',(80.126812008,43.629363293,-7.180734437));
#2638=CARTESIAN_POINT('',(80.125180106,43.640465932,-7.169655384));
#2639=CARTESIAN_POINT('',(80.123767975,43.651446041,-7.158689674));
#2640=CARTESIAN_POINT('',(80.121367474,43.673227459,-7.136924923));
#2641=CARTESIAN_POINT('',(80.120379105,43.684028768,-7.126125881));
#2642=CARTESIAN_POINT('',(80.118025965,43.71626388,-7.093888731));
#2643=CARTESIAN_POINT('',(80.117273163,43.737528868,-7.072610598));
#2644=CARTESIAN_POINT('',(80.117273222,43.780138736,-7.03000079));
#2645=CARTESIAN_POINT('',(80.11802599,43.801416678,-7.00873609));
#2646=CARTESIAN_POINT('',(80.120379083,43.833653704,-6.976501153));
#2647=CARTESIAN_POINT('',(80.121367437,43.844452731,-6.965699859));
#2648=CARTESIAN_POINT('',(80.123767932,43.866217591,-6.943918277));
#2649=CARTESIAN_POINT('',(80.125180072,43.877183424,-6.932937989));
#2650=CARTESIAN_POINT('',(80.126812008,43.888262709,-6.92183502));
#2651=CARTESIAN_POINT('',(80.116197859,43.604440066,-7.102849353));
#2652=CARTESIAN_POINT('',(80.115188773,43.613094636,-7.093999512));
#2653=CARTESIAN_POINT('',(80.114316346,43.621692246,-7.085226878));
#2654=CARTESIAN_POINT('',(80.112834287,43.638811947,-7.067801786));
#2655=CARTESIAN_POINT('',(80.112224656,43.647334038,-7.059149327));
#2656=CARTESIAN_POINT('',(80.110774173,43.67284464,-7.03332085));
#2657=CARTESIAN_POINT('',(80.110311733,43.689777478,-7.016273734));
#2658=CARTESIAN_POINT('',(80.110311776,43.723801918,-6.982249312));
#2659=CARTESIAN_POINT('',(80.110774198,43.740848894,-6.965316655));
#2660=CARTESIAN_POINT('',(80.112224651,43.76667728,-6.939806168));
#2661=CARTESIAN_POINT('',(80.112834272,43.775329729,-6.931284088));
#2662=CARTESIAN_POINT('',(80.114316324,43.792754899,-6.914164289));
#2663=CARTESIAN_POINT('',(80.115188755,43.801527619,-6.905566569));
#2664=CARTESIAN_POINT('',(80.116197859,43.810377625,-6.896911793));
#2665=CARTESIAN_POINT('',(80.102255076,43.555301835,-6.94929238));
#2666=CARTESIAN_POINT('',(80.102061455,43.559387042,-6.944896007));
#2667=CARTESIAN_POINT('',(80.101894667,43.563486415,-6.940523319));
#2668=CARTESIAN_POINT('',(80.101612129,43.571717089,-6.931822759));
#2669=CARTESIAN_POINT('',(80.101496379,43.57584839,-6.927494888));
#2670=CARTESIAN_POINT('',(80.101221737,43.58829558,-6.914574672));
#2671=CARTESIAN_POINT('',(80.101135454,43.596664756,-6.906045724));
#2672=CARTESIAN_POINT('',(80.101135468,43.61357398,-6.889136466));
#2673=CARTESIAN_POINT('',(80.101221749,43.622102872,-6.880767318));
#2674=CARTESIAN_POINT('',(80.101496385,43.635023053,-6.868320156));
#2675=CARTESIAN_POINT('',(80.101612132,43.63935092,-6.864188862));
#2676=CARTESIAN_POINT('',(80.101894666,43.648051505,-6.855958183));
#2677=CARTESIAN_POINT('',(80.102061453,43.652424224,-6.851858798));
#2678=CARTESIAN_POINT('',(80.102255076,43.656820653,-6.847773562));
#2679=CARTESIAN_POINT('',(80.098926442,43.53108683,-6.873620492));
#2680=CARTESIAN_POINT('',(80.098926442,43.533141005,-6.871432943));
#2681=CARTESIAN_POINT('',(80.098926442,43.535190408,-6.869266837));
#2682=CARTESIAN_POINT('',(80.098926442,43.539286223,-6.864970959));
#2683=CARTESIAN_POINT('',(80.098926442,43.541332636,-6.862841186));
#2684=CARTESIAN_POINT('',(80.098926442,43.54747722,-6.856496534));
#2685=CARTESIAN_POINT('',(80.098926442,43.551580739,-6.852326323));
#2686=CARTESIAN_POINT('',(80.098926442,43.559854475,-6.84405258));
#2687=CARTESIAN_POINT('',(80.098926442,43.564024693,-6.839949048));
#2688=CARTESIAN_POINT('',(80.098926442,43.570369372,-6.833804433));
#2689=CARTESIAN_POINT('',(80.098926442,43.572499157,-6.831758009));
#2690=CARTESIAN_POINT('',(80.098926442,43.576795068,-6.827662166));
#2691=CARTESIAN_POINT('',(80.098926442,43.578961192,-6.825612749));
#2692=CARTESIAN_POINT('',(80.098926442,43.581148764,-6.823558557));
#2693=CARTESIAN_POINT('',(80.098926442,43.507528273,-6.8));
#2694=CARTESIAN_POINT('',(80.098926442,43.507528273,-6.8));
#2695=CARTESIAN_POINT('',(80.098926442,43.507528273,-6.8));
#2696=CARTESIAN_POINT('',(80.098926442,43.507528273,-6.8));
#2697=CARTESIAN_POINT('',(80.098926442,43.507528273,-6.8));
#2698=CARTESIAN_POINT('',(80.098926442,43.507528273,-6.8));
#2699=CARTESIAN_POINT('',(80.098926442,43.507528273,-6.8));
#2700=CARTESIAN_POINT('',(80.098926442,43.507528273,-6.8));
#2701=CARTESIAN_POINT('',(80.098926442,43.507528273,-6.8));
#2702=CARTESIAN_POINT('',(80.098926442,43.507528273,-6.8));
#2703=CARTESIAN_POINT('',(80.098926442,43.507528273,-6.8));
#2704=CARTESIAN_POINT('',(80.098926442,43.507528273,-6.8));
#2705=CARTESIAN_POINT('',(80.098926442,43.507528273,-6.8));
#2706=CARTESIAN_POINT('',(80.098926442,43.507528273,-6.8));
#2707=B_SPLINE_SURFACE_WITH_KNOTS('',3,3,((#2119,#2120,#2121,#2122,#2123,#2124,#2125,#2126,#2127,#2128,#2129,#2130,#2131,#2132),(#2133,#2134,#2135,#2136,#2137,#2138,#2139,#2140,#2141,#2142,#2143,#2144,#2145,#2146),(#2147,#2148,#2149,#2150,#2151,#2152,#2153,#2154,#2155,#2156,#2157,#2158,#2159,#2160),(#2161,#2162,#2163,#2164,#2165,#2166,#2167,#2168,#2169,#2170,#2171,#2172,#2173,#2174),(#2175,#2176,#2177,#2178,#2179,#2180,#2181,#2182,#2183,#2184,#2185,#2186,#2187,#2188),(#2189,#2190,#2191,#2192,#2193,#2194,#2195,#2196,#2197,#2198,#2199,#2200,#2201,#2202),(#2203,#2204,#2205,#2206,#2207,#2208,#2209,#2210,#2211,#2212,#2213,#2214,#2215,#2216),(#2217,#2218,#2219,#2220,#2221,#2222,#2223,#2224,#2225,#2226,#2227,#2228,#2229,#2230),(#2231,#2232,#2233,#2234,#2235,#2236,#2237,#2238,#2239,#2240,#2241,#2242,#2243,#2244),(#2245,#2246,#2247,#2248,#2249,#2250,#2251,#2252,#2253,#2254,#2255,#2256,#2257,#2258),(#2259,#2260,#2261,#2262,#2263,#2264,#2265,#2266,#2267,#2268,#2269,#2270,#2271,#2272),(#2273,#2274,#2275,#2276,#2277,#2278,#2279,#2280,#2281,#2282,#2283,#2284,#2285,#2286),(#2287,#2288,#2289,#2290,#2291,#2292,#2293,#2294,#2295,#2296,#2297,#2298,#2299,#2300),(#2301,#2302,#2303,#2304,#2305,#2306,#2307,#2308,#2309,#2310,#2311,#2312,#2313,#2314),(#2315,#2316,#2317,#2318,#2319,#2320,#2321,#2322,#2323,#2324,#2325,#2326,#2327,#2328),(#2329,#2330,#2331,#2332,#2333,#2334,#2335,#2336,#2337,#2338,#2339,#2340,#2341,#2342),(#2343,#2344,#2345,#2346,#2347,#2348,#2349,#2350,#2351,#2352,#2353,#2354,#2355,#2356),(#2357,#2358,#2359,#2360,#2361,#2362,#2363,#2364,#2365,#2366,#2367,#2368,#2369,#2370),(#2371,#2372,#2373,#2374,#2375,#2376,#2377,#2378,#2379,#2380,#2381,#2382,#2383,#2384),(#2385,#2386,#2387,#2388,#2389,#2390,#2391,#2392,#2393,#2394,#2395,#2396,#2397,#2398),(#2399,#2400,#2401,#2402,#2403,#2404,#2405,#2406,#2407,#2408,#2409,#2410,#2411,#2412),(#2413,#2414,#2415,#2416,#2417,#2418,#2419,#2420,#2421,#2422,#2423,#2424,#2425,#2426),(#2427,#2428,#2429,#2430,#2431,#2432,#2433,#2434,#2435,#2436,#2437,#2438,#2439,#2440),(#2441,#2442,#2443,#2444,#2445,#2446,#2447,#2448,#2449,#2450,#2451,#2452,#2453,#2454),(#2455,#2456,#2457,#2458,#2459,#2460,#2461,#2462,#2463,#2464,#2465,#2466,#2467,#2468),(#2469,#2470,#2471,#2472,#2473,#2474,#2475,#2476,#2477,#2478,#2479,#2480,#2481,#2482),
(#2483,#2484,#2485,#2486,#2487,#2488,#2489,#2490,#2491,#2492,#2493,#2494,#2495,#2496),(#2497,#2498,#2499,#2500,#2501,#2502,#2503,#2504,#2505,#2506,#2507,#2508,#2509,#2510),(#2511,#2512,#2513,#2514,#2515,#2516,#2517,#2518,#2519,#2520,#2521,#2522,#2523,#2524),(#2525,#2526,#2527,#2528,#2529,#2530,#2531,#2532,#2533,#2534,#2535,#2536,#2537,#2538),(#2539,#2540,#2541,#2542,#2543,#2544,#2545,#2546,#2547,#2548,#2549,#2550,#2551,#2552),(#2553,#2554,#2555,#2556,#2557,#2558,#2559,#2560,#2561,#2562,#2563,#2564,#2565,#2566),(#2567,#2568,#2569,#2570,#2571,#2572,#2573,#2574,#2575,#2576,#2577,#2578,#2579,#2580),(#2581,#2582,#2583,#2584,#2585,#2586,#2587,#2588,#2589,#2590,#2591,#2592,#2593,#2594),(#2595,#2596,#2597,#2598,#2599,#2600,#2601,#2602,#2603,#2604,#2605,#2606,#2607,#2608),(#2609,#2610,#2611,#2612,#2613,#2614,#2615,#2616,#2617,#2618,#2619,#2620,#2621,#2622),(#2623,#2624,#2625,#2626,#2627,#2628,#2629,#2630,#2631,#2632,#2633,#2634,#2635,#2636),(#2637,#2638,#2639,#2640,#2641,#2642,#2643,#2644,#2645,#2646,#2647,#2648,#2649,#2650),(#2651,#2652,#2653,#2654,#2655,#2656,#2657,#2658,#2659,#2660,#2661,#2662,#2663,#2664),(#2665,#2666,#2667,#2668,#2669,#2670,#2671,#2672,#2673,#2674,#2675,#2676,#2677,#2678),(#2679,#2680,#2681,#2682,#2683,#2684,#2685,#2686,#2687,#2688,#2689,#2690,#2691,#2692),(#2693,#2694,#2695,#2696,#2697,#2698,#2699,#2700,#2701,#2702,#2703,#2704,#2705,#2706)),.UNSPECIFIED.,.F.,.F.,.U.,(4,2,2,2,2,2,2,2,2,2,2,2,2,2,2,2,2,2,2,2,4),(4,2,2,2,2,2,4),(0.,0.058662187,0.117324374,0.175986562,0.234648749,0.299048013,0.363447276,0.42784654,0.460046172,0.492245804,0.525057019,0.557868233,0.623490663,0.689113092,0.721924307,0.754735522,0.785393582,0.816051641,0.877367761,0.93868388,1.),(0.,0.125,0.25,0.5,0.75,0.875,1.),.UNSPECIFIED.);
#2708=ORIENTED_EDGE('',*,*,#1078,.F.);
#2709=ORIENTED_EDGE('',*,*,#2114,.T.);
#2710=CARTESIAN_POINT('',(82.598926442,46.007528273,-7.6));
#2711=CARTESIAN_POINT('',(82.268859564,46.007528273,-7.600000068));
#2712=CARTESIAN_POINT('',(81.933880062,45.941235168,-7.578773114));
#2713=CARTESIAN_POINT('',(81.621465253,45.808521455,-7.536319138));
#2714=CARTESIAN_POINT('',(81.601939328,45.800226848,-7.533665764));
#2715=CARTESIAN_POINT('',(81.585277608,45.792896506,-7.531319184));
#2716=CARTESIAN_POINT('',(81.567244983,45.784726851,-7.52870297));
#2717=CARTESIAN_POINT('',(81.549212357,45.776557197,-7.526086756));
#2718=CARTESIAN_POINT('',(81.531222783,45.768148878,-7.52339305));
#2719=CARTESIAN_POINT('',(81.513283161,45.759500446,-7.520621853));
#2720=CARTESIAN_POINT('',(81.477403918,45.74220358,-7.51507946));
#2721=CARTESIAN_POINT('',(81.441724351,45.723946061,-7.5092271));
#2722=CARTESIAN_POINT('',(81.406301267,45.704718568,-7.503064774));
#2723=CARTESIAN_POINT('',(81.335455099,45.666263581,-7.490740124));
#2724=CARTESIAN_POINT('',(81.265633006,45.623925185,-7.477175609));
#2725=CARTESIAN_POINT('',(81.197313226,45.57766846,-7.462371232));
#2726=CARTESIAN_POINT('',(81.060673665,45.485155008,-7.432762477));
#2727=CARTESIAN_POINT('',(80.930023648,45.376900725,-7.398194269));
#2728=CARTESIAN_POINT('',(80.809493164,45.253360036,-7.358666608));
#2729=CARTESIAN_POINT('',(80.805726587,45.249499389,-7.357431369));
#2730=CARTESIAN_POINT('',(80.803132776,45.246822961,-7.35657487));
#2731=CARTESIAN_POINT('',(80.799957835,45.243532867,-7.355521879));
#2732=CARTESIAN_POINT('',(80.796782894,45.240242772,-7.354468889));
#2733=CARTESIAN_POINT('',(80.793611502,45.236938293,-7.353411151));
#2734=CARTESIAN_POINT('',(80.790443801,45.233619388,-7.352348666));
#2735=CARTESIAN_POINT('',(80.784108399,45.226981578,-7.350223695));
#2736=CARTESIAN_POINT('',(80.777787759,45.220286066,-7.348079734));
#2737=CARTESIAN_POINT('',(80.771483027,45.213532542,-7.345916783));
#2738=CARTESIAN_POINT('',(80.758873564,45.200025495,-7.341590882));
#2739=CARTESIAN_POINT('',(80.746327719,45.186286386,-7.33718902));
#2740=CARTESIAN_POINT('',(80.733854858,45.17231294,-7.332711198));
#2741=CARTESIAN_POINT('',(80.708909137,45.144366049,-7.323755554));
#2742=CARTESIAN_POINT('',(80.6842551,45.115481513,-7.31449607));
#2743=CARTESIAN_POINT('',(80.659970801,45.085644562,-7.304932746));
#2744=CARTESIAN_POINT('',(80.611402203,45.025970661,-7.285806098));
#2745=CARTESIAN_POINT('',(80.564308769,44.962481362,-7.265464089));
#2746=CARTESIAN_POINT('',(80.519362526,44.895121123,-7.243906719));
#2747=CARTESIAN_POINT('',(80.429470039,44.760400647,-7.200791979));
#2748=CARTESIAN_POINT('',(80.348122977,44.610073886,-7.152815796));
#2749=CARTESIAN_POINT('',(80.281336715,44.444959796,-7.099978169));
#2750=CARTESIAN_POINT('',(80.279249645,44.43979998,-7.098326993));
#2751=CARTESIAN_POINT('',(80.277937466,44.436522946,-7.097278235));
#2752=CARTESIAN_POINT('',(80.276245335,44.432272821,-7.095918011));
#2753=CARTESIAN_POINT('',(80.274553205,44.428022696,-7.094557787));
#2754=CARTESIAN_POINT('',(80.272866168,44.423751422,-7.093190725));
#2755=CARTESIAN_POINT('',(80.271184526,44.419458957,-7.091816826));
#2756=CARTESIAN_POINT('',(80.26782124,44.410874026,-7.089069026));
#2757=CARTESIAN_POINT('',(80.264479524,44.402204327,-7.086293875));
#2758=CARTESIAN_POINT('',(80.261161804,44.393449544,-7.083491373));
#2759=CARTESIAN_POINT('',(80.254526363,44.375939977,-7.077886367));
#2760=CARTESIAN_POINT('',(80.247986859,44.35809003,-7.072171955));
#2761=CARTESIAN_POINT('',(80.241563254,44.339897663,-7.066348136));
#2762=CARTESIAN_POINT('',(80.228716044,44.303512929,-7.054700498));
#2763=CARTESIAN_POINT('',(80.216331711,44.265757718,-7.042615234));
#2764=CARTESIAN_POINT('',(80.204578794,44.226624472,-7.030092342));
#2765=CARTESIAN_POINT('',(80.181072961,44.14835798,-7.005046559));
#2766=CARTESIAN_POINT('',(80.160082429,44.064562623,-6.978250268));
#2767=CARTESIAN_POINT('',(80.143088251,43.975351723,-6.949703469));
#2768=CARTESIAN_POINT('',(80.142557183,43.972563882,-6.948811382));
#2769=CARTESIAN_POINT('',(80.142475962,43.972128957,-6.94867216));
#2770=CARTESIAN_POINT('',(80.142168669,43.970498298,-6.948150269));
#2771=CARTESIAN_POINT('',(80.141861375,43.96886764,-6.947628377));
#2772=CARTESIAN_POINT('',(80.14155334,43.967224128,-6.947102327));
#2773=CARTESIAN_POINT('',(80.14124464,43.96556775,-6.946572118));
#2774=CARTESIAN_POINT('',(80.14062724,43.962254996,-6.945511701));
#2775=CARTESIAN_POINT('',(80.140007179,43.958890782,-6.944434652));
#2776=CARTESIAN_POINT('',(80.13938508,43.955475024,-6.943340968));
#2777=CARTESIAN_POINT('',(80.138140882,43.948643506,-6.941153602));
#2778=CARTESIAN_POINT('',(80.136888515,43.941605807,-6.938899703));
#2779=CARTESIAN_POINT('',(80.135633199,43.934361264,-6.936579272));
#2780=CARTESIAN_POINT('',(80.133122569,43.919872179,-6.931938409));
#2781=CARTESIAN_POINT('',(80.130599837,43.904555662,-6.927031416));
#2782=CARTESIAN_POINT('',(80.128110503,43.888406993,-6.921858293));
#2783=CARTESIAN_POINT('',(80.123131837,43.856109655,-6.911512046));
#2784=CARTESIAN_POINT('',(80.118281785,43.820481977,-6.900101279));
#2785=CARTESIAN_POINT('',(80.113984076,43.781501703,-6.88762599));
#2786=CARTESIAN_POINT('',(80.105388658,43.703541156,-6.862675411));
#2787=CARTESIAN_POINT('',(80.098926442,43.61211186,-6.833466748));
#2788=CARTESIAN_POINT('',(80.098926442,43.507528273,-6.8));
#2789=B_SPLINE_CURVE_WITH_KNOTS('',3,(#2710,#2711,#2712,#2713,#2714,#2715,#2716,#2717,#2718,#2719,#2720,#2721,#2722,#2723,#2724,#2725,#2726,#2727,#2728,#2729,#2730,#2731,#2732,#2733,#2734,#2735,
#2736,#2737,#2738,#2739,#2740,#2741,#2742,#2743,#2744,#2745,#2746,#2747,#2748,#2749,#2750,#2751,#2752,#2753,#2754,#2755,#2756,#2757,#2758,#2759,#2760,
#2761,#2762,#2763,#2764,#2765,#2766,#2767,#2768,#2769,#2770,#2771,#2772,#2773,#2774,#2775,#2776,#2777,#2778,#2779,#2780,#2781,#2782,#2783,#2784,#2785,
#2786,#2787,#2788),.UNSPECIFIED.,.F.,.F.,(4,3,3,3,3,3,3,3,3,3,3,3,3,3,3,3,3,3,3,3,3,3,3,3,3,3,
4),(0.,0.25,0.265625,0.28125,0.3125,0.375,0.5,0.50390625,0.5078125,0.515625,0.53125,0.5625,0.625,0.75,0.75390625,0.7578125,0.765625,0.78125,0.8125,0.875,0.876953125,0.87890625,0.8828125,0.890625,0.90625,0.9375,
1.),.UNSPECIFIED.);
#2790=EDGE_CURVE('',#473,#425,#2789,.T.);
#2791=ORIENTED_EDGE('',*,*,#2790,.F.);
#2792=EDGE_LOOP('',(#2708,#2709,#2791));
#2793=FACE_BOUND('',#2792,.T.);
#2794=ADVANCED_FACE('',(#2793),#2707,.T.);
#2795=CARTESIAN_POINT('',(82.598926442,43.507528273,-8.7));
#2796=DIRECTION('',(0.,0.,1.));
#2797=DIRECTION('',(1.,0.,-0.));
#2798=AXIS2_PLACEMENT_3D('',#2795,#2796,#2797);
#2799=CYLINDRICAL_SURFACE('',#2798,2.5);
#2800=ORIENTED_EDGE('',*,*,#2790,.T.);
#2801=ORIENTED_EDGE('',*,*,#430,.F.);
#2802=CARTESIAN_POINT('',(82.598926442,43.507528273,-2.));
#2803=DIRECTION('',(-0.,-0.,1.));
#2804=DIRECTION('',(-1.,0.,0.));
#2805=AXIS2_PLACEMENT_3D('',#2802,#2803,#2804);
#2806=CIRCLE('',#2805,2.5);
#2807=EDGE_CURVE('',#457,#415,#2806,.T.);
#2808=ORIENTED_EDGE('',*,*,#2807,.F.);
#2809=ORIENTED_EDGE('',*,*,#484,.F.);
#2810=EDGE_LOOP('',(#2800,#2801,#2808,#2809));
#2811=FACE_BOUND('',#2810,.T.);
#2812=ADVANCED_FACE('',(#2811),#2799,.T.);
#2813=CARTESIAN_POINT('',(104.837486023,1.903248299,-5.536399955));
#2814=DIRECTION('',(-0.99992714,0.012071236,0.));
#2815=DIRECTION('',(-0.012071236,-0.99992714,0.));
#2816=AXIS2_PLACEMENT_3D('',#2813,#2814,#2815);
#2817=PLANE('',#2816);
#2818=CARTESIAN_POINT('',(104.835071776,1.703262871,-5.891354415));
#2819=DIRECTION('',(-0.012071236,-0.99992714,0.));
#2820=VECTOR('',#2819,1.);
#2821=LINE('',#2818,#2820);
#2822=EDGE_CURVE('',#67,#666,#2821,.T.);
#2823=ORIENTED_EDGE('',*,*,#2822,.T.);
#2824=ORIENTED_EDGE('',*,*,#671,.F.);
#2825=CARTESIAN_POINT('',(104.835071776,1.703262871,-5.181445496));
#2826=DIRECTION('',(-0.012071236,-0.99992714,0.));
#2827=VECTOR('',#2826,1.);
#2828=LINE('',#2825,#2827);
#2829=EDGE_CURVE('',#78,#655,#2828,.T.);
#2830=ORIENTED_EDGE('',*,*,#2829,.F.);
#2831=ORIENTED_EDGE('',*,*,#83,.F.);
#2832=EDGE_LOOP('',(#2823,#2824,#2830,#2831));
#2833=FACE_BOUND('',#2832,.T.);
#2834=ADVANCED_FACE('',(#2833),#2817,.T.);
#2835=CARTESIAN_POINT('',(103.087567991,1.924373511,-5.181445496));
#2836=DIRECTION('',(-0.012071236,-0.99992714,0.));
#2837=DIRECTION('',(0.99992714,-0.012071236,0.));
#2838=AXIS2_PLACEMENT_3D('',#2835,#2836,#2837);
#2839=CYLINDRICAL_SURFACE('',#2838,1.750045541);
#2840=ORIENTED_EDGE('',*,*,#92,.T.);
#2841=ORIENTED_EDGE('',*,*,#2829,.T.);
#2842=ORIENTED_EDGE('',*,*,#663,.T.);
#2843=CARTESIAN_POINT('',(103.085153744,1.724388083,-3.431399955));
#2844=DIRECTION('',(-0.012071236,-0.99992714,0.));
#2845=VECTOR('',#2844,1.);
#2846=LINE('',#2843,#2845);
#2847=EDGE_CURVE('',#86,#657,#2846,.T.);
#2848=ORIENTED_EDGE('',*,*,#2847,.F.);
#2849=EDGE_LOOP('',(#2840,#2841,#2842,#2848));
#2850=FACE_BOUND('',#2849,.T.);
#2851=ADVANCED_FACE('',(#2850),#2839,.F.);
#2852=CARTESIAN_POINT('',(101.477545222,1.943809892,-3.198245388));
#2853=DIRECTION('',(0.143298789,-0.00172992,0.98967796));
#2854=DIRECTION('',(0.989679441,0.,-0.143299003));
#2855=AXIS2_PLACEMENT_3D('',#2852,#2853,#2854);
#2856=PLANE('',#2855);
#2857=ORIENTED_EDGE('',*,*,#100,.T.);
#2858=ORIENTED_EDGE('',*,*,#2847,.T.);
#2859=ORIENTED_EDGE('',*,*,#728,.T.);
#2860=CARTESIAN_POINT('',(99.865108206,1.763260845,-2.965090822));
#2861=DIRECTION('',(-0.012071236,-0.99992714,0.));
#2862=VECTOR('',#2861,1.);
#2863=LINE('',#2860,#2862);
#2864=EDGE_CURVE('',#95,#717,#2863,.T.);
#2865=ORIENTED_EDGE('',*,*,#2864,.F.);
#2866=EDGE_LOOP('',(#2857,#2858,#2859,#2865));
#2867=FACE_BOUND('',#2866,.T.);
#2868=ADVANCED_FACE('',(#2867),#2856,.F.);
#2869=CARTESIAN_POINT('',(98.257499685,1.982682654,-3.198245388));
#2870=DIRECTION('',(-0.143298789,0.00172992,0.98967796));
#2871=DIRECTION('',(0.989679441,0.,0.143299003));
#2872=AXIS2_PLACEMENT_3D('',#2869,#2870,#2871);
#2873=PLANE('',#2872);
#2874=ORIENTED_EDGE('',*,*,#108,.T.);
#2875=ORIENTED_EDGE('',*,*,#2864,.T.);
#2876=ORIENTED_EDGE('',*,*,#722,.T.);
#2877=CARTESIAN_POINT('',(96.645062669,1.802133607,-3.431399955));
#2878=DIRECTION('',(-0.012071236,-0.99992714,0.));
#2879=VECTOR('',#2878,1.);
#2880=LINE('',#2877,#2879);
#2881=EDGE_CURVE('',#103,#708,#2880,.T.);
#2882=ORIENTED_EDGE('',*,*,#2881,.F.);
#2883=EDGE_LOOP('',(#2874,#2875,#2876,#2882));
#2884=FACE_BOUND('',#2883,.T.);
#2885=ADVANCED_FACE('',(#2884),#2873,.F.);
#2886=CARTESIAN_POINT('',(96.647476916,2.002119035,-5.181445496));
#2887=DIRECTION('',(-0.012071236,-0.99992714,0.));
#2888=DIRECTION('',(0.99992714,-0.012071236,0.));
#2889=AXIS2_PLACEMENT_3D('',#2886,#2887,#2888);
#2890=CYLINDRICAL_SURFACE('',#2889,1.750045541);
#2891=ORIENTED_EDGE('',*,*,#117,.T.);
#2892=ORIENTED_EDGE('',*,*,#2881,.T.);
#2893=ORIENTED_EDGE('',*,*,#714,.T.);
#2894=CARTESIAN_POINT('',(94.895144636,1.823258819,-5.181445496));
#2895=DIRECTION('',(-0.012071236,-0.99992714,0.));
#2896=VECTOR('',#2895,1.);
#2897=LINE('',#2894,#2896);
#2898=EDGE_CURVE('',#111,#700,#2897,.T.);
#2899=ORIENTED_EDGE('',*,*,#2898,.F.);
#2900=EDGE_LOOP('',(#2891,#2892,#2893,#2899));
#2901=FACE_BOUND('',#2900,.T.);
#2902=ADVANCED_FACE('',(#2901),#2890,.F.);
#2903=CARTESIAN_POINT('',(94.897558883,2.023244247,-5.536399955));
#2904=DIRECTION('',(0.99992714,-0.012071236,-0.));
#2905=DIRECTION('',(0.012071236,0.99992714,-0.));
#2906=AXIS2_PLACEMENT_3D('',#2903,#2904,#2905);
#2907=PLANE('',#2906);
#2908=ORIENTED_EDGE('',*,*,#2898,.T.);
#2909=ORIENTED_EDGE('',*,*,#705,.F.);
#2910=CARTESIAN_POINT('',(94.895144636,1.823258819,-5.891354415));
#2911=DIRECTION('',(-0.012071236,-0.99992714,0.));
#2912=VECTOR('',#2911,1.);
#2913=LINE('',#2910,#2912);
#2914=EDGE_CURVE('',#120,#691,#2913,.T.);
#2915=ORIENTED_EDGE('',*,*,#2914,.F.);
#2916=ORIENTED_EDGE('',*,*,#125,.F.);
#2917=EDGE_LOOP('',(#2908,#2909,#2915,#2916));
#2918=FACE_BOUND('',#2917,.T.);
#2919=ADVANCED_FACE('',(#2918),#2907,.T.);
#2920=CARTESIAN_POINT('',(96.647476916,2.002119035,-5.891354415));
#2921=DIRECTION('',(-0.012071236,-0.99992714,0.));
#2922=DIRECTION('',(0.99992714,-0.012071236,0.));
#2923=AXIS2_PLACEMENT_3D('',#2920,#2921,#2922);
#2924=CYLINDRICAL_SURFACE('',#2923,1.750045541);
#2925=ORIENTED_EDGE('',*,*,#134,.T.);
#2926=ORIENTED_EDGE('',*,*,#2914,.T.);
#2927=ORIENTED_EDGE('',*,*,#697,.T.);
#2928=CARTESIAN_POINT('',(96.645062669,1.802133607,-7.641399955));
#2929=DIRECTION('',(-0.012071236,-0.99992714,0.));
#2930=VECTOR('',#2929,1.);
#2931=LINE('',#2928,#2930);
#2932=EDGE_CURVE('',#128,#683,#2931,.T.);
#2933=ORIENTED_EDGE('',*,*,#2932,.F.);
#2934=EDGE_LOOP('',(#2925,#2926,#2927,#2933));
#2935=FACE_BOUND('',#2934,.T.);
#2936=ADVANCED_FACE('',(#2935),#2924,.F.);
#2937=CARTESIAN_POINT('',(99.867522453,1.963246273,-7.641399955));
#2938=DIRECTION('',(0.,-0.,1.));
#2939=DIRECTION('',(1.,0.,-0.));
#2940=AXIS2_PLACEMENT_3D('',#2937,#2938,#2939);
#2941=PLANE('',#2940);
#2942=ORIENTED_EDGE('',*,*,#2932,.T.);
#2943=ORIENTED_EDGE('',*,*,#688,.F.);
#2944=CARTESIAN_POINT('',(103.085153744,1.724388083,-7.641399955));
#2945=DIRECTION('',(-0.012071236,-0.99992714,0.));
#2946=VECTOR('',#2945,1.);
#2947=LINE('',#2944,#2946);
#2948=EDGE_CURVE('',#69,#674,#2947,.T.);
#2949=ORIENTED_EDGE('',*,*,#2948,.F.);
#2950=ORIENTED_EDGE('',*,*,#140,.F.);
#2951=EDGE_LOOP('',(#2942,#2943,#2949,#2950));
#2952=FACE_BOUND('',#2951,.T.);
#2953=ADVANCED_FACE('',(#2952),#2941,.T.);
#2954=CARTESIAN_POINT('',(103.087567991,1.924373511,-5.891354415));
#2955=DIRECTION('',(-0.012071236,-0.99992714,0.));
#2956=DIRECTION('',(0.99992714,-0.012071236,0.));
#2957=AXIS2_PLACEMENT_3D('',#2954,#2955,#2956);
#2958=CYLINDRICAL_SURFACE('',#2957,1.750045541);
#2959=ORIENTED_EDGE('',*,*,#75,.T.);
#2960=ORIENTED_EDGE('',*,*,#2948,.T.);
#2961=ORIENTED_EDGE('',*,*,#680,.T.);
#2962=ORIENTED_EDGE('',*,*,#2822,.F.);
#2963=EDGE_LOOP('',(#2959,#2960,#2961,#2962));
#2964=FACE_BOUND('',#2963,.T.);
#2965=ADVANCED_FACE('',(#2964),#2958,.F.);
#2966=CARTESIAN_POINT('',(80.098926442,24.386345163,-6.8));
#2967=CARTESIAN_POINT('',(80.098926442,24.386345163,-6.8));
#2968=CARTESIAN_POINT('',(80.098926442,24.386345163,-6.8));
#2969=CARTESIAN_POINT('',(80.098926442,24.386345163,-6.8));
#2970=CARTESIAN_POINT('',(80.098926442,24.386345163,-6.8));
#2971=CARTESIAN_POINT('',(80.098926442,24.386345163,-6.8));
#2972=CARTESIAN_POINT('',(80.098926442,24.386345163,-6.8));
#2973=CARTESIAN_POINT('',(80.098926442,24.386345163,-6.8));
#2974=CARTESIAN_POINT('',(80.098926442,24.386345163,-6.8));
#2975=CARTESIAN_POINT('',(80.098926442,24.386345163,-6.8));
#2976=CARTESIAN_POINT('',(80.098926442,24.163815683,-7.127249235));
#2977=CARTESIAN_POINT('',(80.098926442,24.163815683,-7.127249235));
#2978=CARTESIAN_POINT('',(80.098926442,24.137635745,-7.101069296));
#2979=CARTESIAN_POINT('',(80.098926442,24.137635745,-7.101069296));
#2980=CARTESIAN_POINT('',(80.098926442,24.111455806,-7.074889357));
#2981=CARTESIAN_POINT('',(80.098926442,24.111455806,-7.074889357));
#2982=CARTESIAN_POINT('',(80.098926442,24.085275867,-7.048709418));
#2983=CARTESIAN_POINT('',(80.098926442,24.085275867,-7.048709418));
#2984=CARTESIAN_POINT('',(80.098926442,24.059095928,-7.02252948));
#2985=CARTESIAN_POINT('',(80.098926442,24.059095928,-7.02252948));
#2986=CARTESIAN_POINT('',(80.16399475,23.94137376,-7.454369711));
#2987=CARTESIAN_POINT('',(80.160303454,23.923907688,-7.436977593));
#2988=CARTESIAN_POINT('',(80.157549726,23.906441514,-7.41955219));
#2989=CARTESIAN_POINT('',(80.15388216,23.871511143,-7.38467218));
#2990=CARTESIAN_POINT('',(80.15296827,23.854046746,-7.367217403));
#2991=CARTESIAN_POINT('',(80.15296827,23.81912776,-7.332298417));
#2992=CARTESIAN_POINT('',(80.15388216,23.801672983,-7.31483402));
#2993=CARTESIAN_POINT('',(80.157549726,23.766792973,-7.279903649));
#2994=CARTESIAN_POINT('',(80.160303454,23.74936757,-7.262437475));
#2995=CARTESIAN_POINT('',(80.16399475,23.731975452,-7.244971403));
#2996=CARTESIAN_POINT('',(80.414460471,23.530192896,-8.059047451));
#2997=CARTESIAN_POINT('',(80.399176221,23.493988021,-8.03062855));
#2998=CARTESIAN_POINT('',(80.387586293,23.457783563,-8.000324658));
#2999=CARTESIAN_POINT('',(80.372098816,23.386377919,-7.936802932));
#3000=CARTESIAN_POINT('',(80.368201431,23.351177558,-7.903585846));
#3001=CARTESIAN_POINT('',(80.368201431,23.282759317,-7.835167605));
#3002=CARTESIAN_POINT('',(80.372098816,23.249542231,-7.799967243));
#3003=CARTESIAN_POINT('',(80.387586293,23.186020505,-7.7285616));
#3004=CARTESIAN_POINT('',(80.399176221,23.155716613,-7.692357142));
#3005=CARTESIAN_POINT('',(80.414460471,23.127297712,-7.656152267));
#3006=CARTESIAN_POINT('',(80.599759336,23.341615739,-8.3363668));
#3007=CARTESIAN_POINT('',(80.576615604,23.295328276,-8.305761496));
#3008=CARTESIAN_POINT('',(80.55893514,23.249041861,-8.271395876));
#3009=CARTESIAN_POINT('',(80.535273744,23.158506373,-8.196796995));
#3010=CARTESIAN_POINT('',(80.52929333,23.11425941,-8.156565931));
#3011=CARTESIAN_POINT('',(80.52929333,23.029779232,-8.072085753));
#3012=CARTESIAN_POINT('',(80.535273744,22.989548168,-8.02783879));
#3013=CARTESIAN_POINT('',(80.55893514,22.914949287,-7.937303302));
#3014=CARTESIAN_POINT('',(80.576615604,22.880583667,-7.891016887));
#3015=CARTESIAN_POINT('',(80.599759336,22.849978363,-7.844729424));
#3016=CARTESIAN_POINT('',(81.062559642,23.026911531,-8.799167106));
#3017=CARTESIAN_POINT('',(81.028701158,22.959194564,-8.772770195));
#3018=CARTESIAN_POINT('',(81.002380989,22.891485446,-8.737140916));
#3019=CARTESIAN_POINT('',(80.96702935,22.76178129,-8.650513186));
#3020=CARTESIAN_POINT('',(80.958001967,22.699801327,-8.599525122));
#3021=CARTESIAN_POINT('',(80.958001967,22.586820041,-8.486543836));
#3022=CARTESIAN_POINT('',(80.96702935,22.535831977,-8.424563873));
#3023=CARTESIAN_POINT('',(81.002380989,22.449204247,-8.294859717));
#3024=CARTESIAN_POINT('',(81.028701158,22.413574968,-8.227150599));
#3025=CARTESIAN_POINT('',(81.062559642,22.387178057,-8.159433632));
#3026=CARTESIAN_POINT('',(81.339878991,22.900908303,-8.984465971));
#3027=CARTESIAN_POINT('',(81.303655291,22.821661181,-8.964654888));
#3028=CARTESIAN_POINT('',(81.275168501,22.742428956,-8.932026527));
#3029=CARTESIAN_POINT('',(81.236813045,22.592424726,-8.844731211));
#3030=CARTESIAN_POINT('',(81.226952249,22.521681033,-8.790081516));
#3031=CARTESIAN_POINT('',(81.226952249,22.396263647,-8.66466413));
#3032=CARTESIAN_POINT('',(81.236813045,22.341613952,-8.593920437));
#3033=CARTESIAN_POINT('',(81.275168501,22.254318636,-8.443916207));
#3034=CARTESIAN_POINT('',(81.303655291,22.221690275,-8.364683982));
#3035=CARTESIAN_POINT('',(81.339878991,22.201879192,-8.28543686));
#3036=CARTESIAN_POINT('',(81.944556731,22.730591613,-9.234931692));
#3037=CARTESIAN_POINT('',(81.918094184,22.632535257,-9.228777281));
#3038=CARTESIAN_POINT('',(81.896976223,22.534511159,-9.203905781));
#3039=CARTESIAN_POINT('',(81.868453083,22.352137318,-9.120282243));
#3040=CARTESIAN_POINT('',(81.86105782,22.267847663,-9.061558401));
#3041=CARTESIAN_POINT('',(81.86105782,22.124786762,-8.9184975));
#3042=CARTESIAN_POINT('',(81.868453083,22.06606292,-8.834207845));
#3043=CARTESIAN_POINT('',(81.896976223,21.982439381,-8.651834004));
#3044=CARTESIAN_POINT('',(81.918094184,21.957567882,-8.553809906));
#3045=CARTESIAN_POINT('',(81.944556731,21.951413471,-8.45575355));
#3046=CARTESIAN_POINT('',(82.271677207,22.686345163,-9.3));
#3047=CARTESIAN_POINT('',(82.257969423,22.581625408,-9.3));
#3048=CARTESIAN_POINT('',(82.246992607,22.476946856,-9.279178141));
#3049=CARTESIAN_POINT('',(82.232155409,22.283449979,-9.199029111));
#3050=CARTESIAN_POINT('',(82.228300864,22.194707787,-9.139733474));
#3051=CARTESIAN_POINT('',(82.228300864,22.046611689,-8.991637376));
#3052=CARTESIAN_POINT('',(82.232155409,21.987316052,-8.902895184));
#3053=CARTESIAN_POINT('',(82.246992607,21.907167022,-8.709398307));
#3054=CARTESIAN_POINT('',(82.257969423,21.886345163,-8.604719755));
#3055=CARTESIAN_POINT('',(82.271677207,21.886345163,-8.5));
#3056=CARTESIAN_POINT('',(82.598926442,22.686345163,-9.3));
#3057=CARTESIAN_POINT('',(82.598926442,22.581625408,-9.3));
#3058=CARTESIAN_POINT('',(82.598926442,22.476946856,-9.279178141));
#3059=CARTESIAN_POINT('',(82.598926442,22.283449979,-9.199029111));
#3060=CARTESIAN_POINT('',(82.598926442,22.194707787,-9.139733474));
#3061=CARTESIAN_POINT('',(82.598926442,22.046611689,-8.991637376));
#3062=CARTESIAN_POINT('',(82.598926442,21.987316052,-8.902895184));
#3063=CARTESIAN_POINT('',(82.598926442,21.907167022,-8.709398307));
#3064=CARTESIAN_POINT('',(82.598926442,21.886345163,-8.604719755));
#3065=CARTESIAN_POINT('',(82.598926442,21.886345163,-8.5));
#3066=B_SPLINE_SURFACE_WITH_KNOTS('',3,3,((#2966,#2967,#2968,#2969,#2970,#2971,#2972,#2973,#2974,#2975),(#2976,#2977,#2978,#2979,#2980,#2981,#2982,#2983,#2984,#2985),(#2986,#2987,#2988,#2989,#2990,#2991,#2992,#2993,#2994,#2995),(#2996,#2997,#2998,#2999,#3000,#3001,#3002,#3003,#3004,#3005),(#3006,#3007,#3008,#3009,#3010,#3011,#3012,#3013,#3014,#3015),(#3016,#3017,#3018,#3019,#3020,#3021,#3022,#3023,#3024,#3025),(#3026,#3027,#3028,#3029,#3030,#3031,#3032,#3033,#3034,#3035),(#3036,#3037,#3038,#3039,#3040,#3041,#3042,#3043,#3044,#3045),(#3046,#3047,#3048,#3049,#3050,#3051,#3052,#3053,#3054,#3055),(#3056,#3057,#3058,#3059,#3060,#3061,#3062,#3063,#3064,#3065)),.UNSPECIFIED.,.F.,.F.,.U.,(4,2,2,2,4),(4,2,2,2,4),(4.71238898,5.105088062,5.497787144,5.890486225,6.283185307),(0.,0.25,0.5,0.75,1.),.UNSPECIFIED.);
#3067=ORIENTED_EDGE('',*,*,#2007,.F.);
#3068=ORIENTED_EDGE('',*,*,#2031,.F.);
#3069=CARTESIAN_POINT('',(82.598926442,22.686345163,-8.5));
#3070=DIRECTION('',(1.,0.,0.));
#3071=DIRECTION('',(0.,0.,-1.));
#3072=AXIS2_PLACEMENT_3D('',#3069,#3070,#3071);
#3073=CIRCLE('',#3072,0.8);
#3074=EDGE_CURVE('',#837,#1009,#3073,.T.);
#3075=ORIENTED_EDGE('',*,*,#3074,.F.);
#3076=EDGE_LOOP('',(#3067,#3068,#3075));
#3077=FACE_BOUND('',#3076,.T.);
#3078=ADVANCED_FACE('',(#3077),#3066,.T.);
#3079=CARTESIAN_POINT('',(84.063853056,22.686345163,-8.5));
#3080=DIRECTION('',(1.,0.,0.));
#3081=DIRECTION('',(0.,0.,-1.));
#3082=AXIS2_PLACEMENT_3D('',#3079,#3080,#3081);
#3083=CYLINDRICAL_SURFACE('',#3082,0.8);
#3084=ORIENTED_EDGE('',*,*,#3074,.T.);
#3085=ORIENTED_EDGE('',*,*,#1014,.F.);
#3086=CARTESIAN_POINT('',(85.528779671,22.686345163,-8.5));
#3087=DIRECTION('',(1.,0.,0.));
#3088=DIRECTION('',(0.,0.,-1.));
#3089=AXIS2_PLACEMENT_3D('',#3086,#3087,#3088);
#3090=CIRCLE('',#3089,0.8);
#3091=EDGE_CURVE('',#845,#1000,#3090,.T.);
#3092=ORIENTED_EDGE('',*,*,#3091,.F.);
#3093=ORIENTED_EDGE('',*,*,#850,.F.);
#3094=EDGE_LOOP('',(#3084,#3085,#3092,#3093));
#3095=FACE_BOUND('',#3094,.T.);
#3096=ADVANCED_FACE('',(#3095),#3083,.T.);
#3097=CARTESIAN_POINT('',(85.528779671,19.386345163,-8.5));
#3098=DIRECTION('',(0.,0.,-1.));
#3099=DIRECTION('',(-1.,0.,0.));
#3100=AXIS2_PLACEMENT_3D('',#3097,#3098,#3099);
#3101=TOROIDAL_SURFACE('',#3100,3.3,0.8);
#3102=ORIENTED_EDGE('',*,*,#3091,.T.);
#3103=ORIENTED_EDGE('',*,*,#1006,.F.);
#3104=CARTESIAN_POINT('',(88.828779671,19.386345163,-8.5));
#3105=DIRECTION('',(0.,-1.,0.));
#3106=DIRECTION('',(0.,0.,-1.));
#3107=AXIS2_PLACEMENT_3D('',#3104,#3105,#3106);
#3108=CIRCLE('',#3107,0.8);
#3109=EDGE_CURVE('',#797,#992,#3108,.T.);
#3110=ORIENTED_EDGE('',*,*,#3109,.F.);
#3111=ORIENTED_EDGE('',*,*,#1118,.F.);
#3112=EDGE_LOOP('',(#3102,#3103,#3110,#3111));
#3113=FACE_BOUND('',#3112,.T.);
#3114=ADVANCED_FACE('',(#3113),#3101,.T.);
#3115=CARTESIAN_POINT('',(88.828779671,11.359571294,-8.5));
#3116=DIRECTION('',(0.,-1.,0.));
#3117=DIRECTION('',(0.,0.,-1.));
#3118=AXIS2_PLACEMENT_3D('',#3115,#3116,#3117);
#3119=CYLINDRICAL_SURFACE('',#3118,0.8);
#3120=ORIENTED_EDGE('',*,*,#3109,.T.);
#3121=ORIENTED_EDGE('',*,*,#997,.F.);
#3122=CARTESIAN_POINT('',(88.828779671,3.332797425,-8.5));
#3123=DIRECTION('',(0.,-1.,0.));
#3124=DIRECTION('',(0.,0.,-1.));
#3125=AXIS2_PLACEMENT_3D('',#3122,#3123,#3124);
#3126=CIRCLE('',#3125,0.8);
#3127=EDGE_CURVE('',#805,#983,#3126,.T.);
#3128=ORIENTED_EDGE('',*,*,#3127,.F.);
#3129=ORIENTED_EDGE('',*,*,#810,.F.);
#3130=EDGE_LOOP('',(#3120,#3121,#3128,#3129));
#3131=FACE_BOUND('',#3130,.T.);
#3132=ADVANCED_FACE('',(#3131),#3119,.T.);
#3133=CARTESIAN_POINT('',(90.528779671,3.332797425,-8.5));
#3134=DIRECTION('',(0.,0.,-1.));
#3135=DIRECTION('',(-1.,0.,0.));
#3136=AXIS2_PLACEMENT_3D('',#3133,#3134,#3135);
#3137=TOROIDAL_SURFACE('',#3136,1.7,0.8);
#3138=ORIENTED_EDGE('',*,*,#3127,.T.);
#3139=ORIENTED_EDGE('',*,*,#989,.F.);
#3140=CARTESIAN_POINT('',(90.528779671,1.632797425,-8.5));
#3141=DIRECTION('',(1.,0.,0.));
#3142=DIRECTION('',(0.,0.,-1.));
#3143=AXIS2_PLACEMENT_3D('',#3140,#3141,#3142);
#3144=CIRCLE('',#3143,0.8);
#3145=EDGE_CURVE('',#766,#975,#3144,.T.);
#3146=ORIENTED_EDGE('',*,*,#3145,.F.);
#3147=ORIENTED_EDGE('',*,*,#1166,.F.);
#3148=EDGE_LOOP('',(#3138,#3139,#3146,#3147));
#3149=FACE_BOUND('',#3148,.T.);
#3150=ADVANCED_FACE('',(#3149),#3137,.T.);
#3151=CARTESIAN_POINT('',(91.063876538,1.632797425,-8.5));
#3152=DIRECTION('',(1.,0.,0.));
#3153=DIRECTION('',(0.,0.,-1.));
#3154=AXIS2_PLACEMENT_3D('',#3151,#3152,#3153);
#3155=CYLINDRICAL_SURFACE('',#3154,0.8);
#3156=ORIENTED_EDGE('',*,*,#3145,.T.);
#3157=ORIENTED_EDGE('',*,*,#980,.F.);
#3158=CARTESIAN_POINT('',(94.103802075,1.632797425,-8.5));
#3159=DIRECTION('',(0.999981785,-0.006035728,0.));
#3160=DIRECTION('',(-0.006035728,-0.999981785,0.));
#3161=AXIS2_PLACEMENT_3D('',#3158,#3159,#3160);
#3162=ELLIPSE('',#3161,0.800014572,0.8);
#3163=EDGE_CURVE('',#733,#967,#3162,.T.);
#3164=ORIENTED_EDGE('',*,*,#3163,.F.);
#3165=ORIENTED_EDGE('',*,*,#777,.F.);
#3166=EDGE_LOOP('',(#3156,#3157,#3164,#3165));
#3167=FACE_BOUND('',#3166,.T.);
#3168=ADVANCED_FACE('',(#3167),#3155,.T.);
#3169=CARTESIAN_POINT('',(99.521351043,1.567396148,-8.5));
#3170=DIRECTION('',(0.99992714,-0.012071236,0.));
#3171=DIRECTION('',(0.012071236,0.99992714,0.));
#3172=AXIS2_PLACEMENT_3D('',#3169,#3170,#3171);
#3173=CYLINDRICAL_SURFACE('',#3172,0.8);
#3174=ORIENTED_EDGE('',*,*,#3163,.T.);
#3175=ORIENTED_EDGE('',*,*,#972,.F.);
#3176=CARTESIAN_POINT('',(104.929243374,1.502111447,-8.5));
#3177=DIRECTION('',(0.999981785,-0.006035728,0.));
#3178=DIRECTION('',(-0.006035728,-0.999981785,0.));
#3179=AXIS2_PLACEMENT_3D('',#3176,#3177,#3178);
#3180=ELLIPSE('',#3179,0.800014572,0.8);
#3181=EDGE_CURVE('',#615,#959,#3180,.T.);
#3182=ORIENTED_EDGE('',*,*,#3181,.F.);
#3183=ORIENTED_EDGE('',*,*,#746,.F.);
#3184=EDGE_LOOP('',(#3174,#3175,#3182,#3183));
#3185=FACE_BOUND('',#3184,.T.);
#3186=ADVANCED_FACE('',(#3185),#3173,.T.);
#3187=CARTESIAN_POINT('',(107.796916981,1.502111447,-8.5));
#3188=DIRECTION('',(1.,0.,0.));
#3189=DIRECTION('',(0.,0.,-1.));
#3190=AXIS2_PLACEMENT_3D('',#3187,#3188,#3189);
#3191=CYLINDRICAL_SURFACE('',#3190,0.8);
#3192=ORIENTED_EDGE('',*,*,#3181,.T.);
#3193=ORIENTED_EDGE('',*,*,#964,.F.);
#3194=CARTESIAN_POINT('',(108.169419259,1.502111447,-8.5));
#3195=DIRECTION('',(1.,0.,0.));
#3196=DIRECTION('',(0.,0.,-1.));
#3197=AXIS2_PLACEMENT_3D('',#3194,#3195,#3196);
#3198=CIRCLE('',#3197,0.8);
#3199=EDGE_CURVE('',#625,#950,#3198,.T.);
#3200=ORIENTED_EDGE('',*,*,#3199,.F.);
#3201=ORIENTED_EDGE('',*,*,#630,.F.);
#3202=EDGE_LOOP('',(#3192,#3193,#3200,#3201));
#3203=FACE_BOUND('',#3202,.T.);
#3204=ADVANCED_FACE('',(#3203),#3191,.T.);
#3205=CARTESIAN_POINT('',(108.169419259,3.202111447,-8.5));
#3206=DIRECTION('',(0.,0.,-1.));
#3207=DIRECTION('',(-1.,0.,0.));
#3208=AXIS2_PLACEMENT_3D('',#3205,#3206,#3207);
#3209=TOROIDAL_SURFACE('',#3208,1.7,0.8);
#3210=ORIENTED_EDGE('',*,*,#3199,.T.);
#3211=ORIENTED_EDGE('',*,*,#956,.F.);
#3212=CARTESIAN_POINT('',(109.869419259,3.202111447,-8.5));
#3213=DIRECTION('',(0.,1.,0.));
#3214=DIRECTION('',(0.,-0.,1.));
#3215=AXIS2_PLACEMENT_3D('',#3212,#3213,#3214);
#3216=CIRCLE('',#3215,0.8);
#3217=EDGE_CURVE('',#577,#942,#3216,.T.);
#3218=ORIENTED_EDGE('',*,*,#3217,.F.);
#3219=ORIENTED_EDGE('',*,*,#1094,.F.);
#3220=EDGE_LOOP('',(#3210,#3211,#3218,#3219));
#3221=FACE_BOUND('',#3220,.T.);
#3222=ADVANCED_FACE('',(#3221),#3209,.T.);
#3223=CARTESIAN_POINT('',(109.869419259,11.310457532,-8.5));
#3224=DIRECTION('',(0.,1.,0.));
#3225=DIRECTION('',(0.,-0.,1.));
#3226=AXIS2_PLACEMENT_3D('',#3223,#3224,#3225);
#3227=CYLINDRICAL_SURFACE('',#3226,0.8);
#3228=ORIENTED_EDGE('',*,*,#3217,.T.);
#3229=ORIENTED_EDGE('',*,*,#947,.F.);
#3230=CARTESIAN_POINT('',(109.869419259,19.418803617,-8.5));
#3231=DIRECTION('',(0.,1.,0.));
#3232=DIRECTION('',(0.,-0.,1.));
#3233=AXIS2_PLACEMENT_3D('',#3230,#3231,#3232);
#3234=CIRCLE('',#3233,0.8);
#3235=EDGE_CURVE('',#585,#933,#3234,.T.);
#3236=ORIENTED_EDGE('',*,*,#3235,.F.);
#3237=ORIENTED_EDGE('',*,*,#590,.F.);
#3238=EDGE_LOOP('',(#3228,#3229,#3236,#3237));
#3239=FACE_BOUND('',#3238,.T.);
#3240=ADVANCED_FACE('',(#3239),#3227,.T.);
#3241=CARTESIAN_POINT('',(113.169419259,19.418803617,-8.5));
#3242=DIRECTION('',(0.,0.,-1.));
#3243=DIRECTION('',(-1.,0.,0.));
#3244=AXIS2_PLACEMENT_3D('',#3241,#3242,#3243);
#3245=TOROIDAL_SURFACE('',#3244,3.3,0.8);
#3246=ORIENTED_EDGE('',*,*,#3235,.T.);
#3247=ORIENTED_EDGE('',*,*,#939,.F.);
#3248=CARTESIAN_POINT('',(113.169419259,22.718803617,-8.5));
#3249=DIRECTION('',(1.,0.,0.));
#3250=DIRECTION('',(0.,0.,-1.));
#3251=AXIS2_PLACEMENT_3D('',#3248,#3249,#3250);
#3252=CIRCLE('',#3251,0.8);
#3253=EDGE_CURVE('',#537,#925,#3252,.T.);
#3254=ORIENTED_EDGE('',*,*,#3253,.F.);
#3255=ORIENTED_EDGE('',*,*,#1142,.F.);
#3256=EDGE_LOOP('',(#3246,#3247,#3254,#3255));
#3257=FACE_BOUND('',#3256,.T.);
#3258=ADVANCED_FACE('',(#3257),#3245,.T.);
#3259=CARTESIAN_POINT('',(115.29052639,22.718803617,-8.5));
#3260=DIRECTION('',(1.,0.,0.));
#3261=DIRECTION('',(0.,0.,-1.));
#3262=AXIS2_PLACEMENT_3D('',#3259,#3260,#3261);
#3263=CYLINDRICAL_SURFACE('',#3262,0.8);
#3264=ORIENTED_EDGE('',*,*,#3253,.T.);
#3265=ORIENTED_EDGE('',*,*,#930,.F.);
#3266=CARTESIAN_POINT('',(117.411633521,22.718803617,-8.5));
#3267=DIRECTION('',(1.,0.,0.));
#3268=DIRECTION('',(0.,0.,-1.));
#3269=AXIS2_PLACEMENT_3D('',#3266,#3267,#3268);
#3270=CIRCLE('',#3269,0.8);
#3271=EDGE_CURVE('',#545,#917,#3270,.T.);
#3272=ORIENTED_EDGE('',*,*,#3271,.F.);
#3273=ORIENTED_EDGE('',*,*,#550,.F.);
#3274=EDGE_LOOP('',(#3264,#3265,#3272,#3273));
#3275=FACE_BOUND('',#3274,.T.);
#3276=ADVANCED_FACE('',(#3275),#3263,.T.);
#3277=CARTESIAN_POINT('',(117.411633521,22.718803617,-9.3));
#3278=CARTESIAN_POINT('',(117.411633521,22.614083862,-9.3));
#3279=CARTESIAN_POINT('',(117.411633521,22.50940531,-9.279178141));
#3280=CARTESIAN_POINT('',(117.411633521,22.315908433,-9.199029111));
#3281=CARTESIAN_POINT('',(117.411633521,22.227166241,-9.139733474));
#3282=CARTESIAN_POINT('',(117.411633521,22.079070143,-8.991637376));
#3283=CARTESIAN_POINT('',(117.411633521,22.019774507,-8.902895184));
#3284=CARTESIAN_POINT('',(117.411633521,21.939625476,-8.709398307));
#3285=CARTESIAN_POINT('',(117.411633521,21.918803617,-8.604719755));
#3286=CARTESIAN_POINT('',(117.411633521,21.918803617,-8.5));
#3287=CARTESIAN_POINT('',(117.738882756,22.718803617,-9.3));
#3288=CARTESIAN_POINT('',(117.75259054,22.614083862,-9.3));
#3289=CARTESIAN_POINT('',(117.763567355,22.50940531,-9.279178141));
#3290=CARTESIAN_POINT('',(117.778404554,22.315908433,-9.199029111));
#3291=CARTESIAN_POINT('',(117.782259099,22.227166241,-9.139733474));
#3292=CARTESIAN_POINT('',(117.782259099,22.079070143,-8.991637376));
#3293=CARTESIAN_POINT('',(117.778404554,22.019774507,-8.902895184));
#3294=CARTESIAN_POINT('',(117.763567355,21.939625476,-8.709398307));
#3295=CARTESIAN_POINT('',(117.75259054,21.918803617,-8.604719755));
#3296=CARTESIAN_POINT('',(117.738882756,21.918803617,-8.5));
#3297=CARTESIAN_POINT('',(118.066003232,22.763050067,-9.234931692));
#3298=CARTESIAN_POINT('',(118.092465779,22.664993711,-9.228777281));
#3299=CARTESIAN_POINT('',(118.11358374,22.566969613,-9.203905781));
#3300=CARTESIAN_POINT('',(118.14210688,22.384595773,-9.120282243));
#3301=CARTESIAN_POINT('',(118.149502143,22.300306118,-9.061558401));
#3302=CARTESIAN_POINT('',(118.149502143,22.157245216,-8.9184975));
#3303=CARTESIAN_POINT('',(118.14210688,22.098521374,-8.834207845));
#3304=CARTESIAN_POINT('',(118.11358374,22.014897836,-8.651834004));
#3305=CARTESIAN_POINT('',(118.092465779,21.990026336,-8.553809906));
#3306=CARTESIAN_POINT('',(118.066003232,21.983871926,-8.45575355));
#3307=CARTESIAN_POINT('',(118.670680972,22.933366757,-8.984465971));
#3308=CARTESIAN_POINT('',(118.706904671,22.854119635,-8.964654888));
#3309=CARTESIAN_POINT('',(118.735391461,22.77488741,-8.932026527));
#3310=CARTESIAN_POINT('',(118.773746918,22.624883181,-8.844731211));
#3311=CARTESIAN_POINT('',(118.783607714,22.554139488,-8.790081516));
#3312=CARTESIAN_POINT('',(118.783607714,22.428722101,-8.66466413));
#3313=CARTESIAN_POINT('',(118.773746918,22.374072406,-8.593920437));
#3314=CARTESIAN_POINT('',(118.735391461,22.28677709,-8.443916207));
#3315=CARTESIAN_POINT('',(118.706904671,22.254148729,-8.364683982));
#3316=CARTESIAN_POINT('',(118.670680972,22.234337646,-8.28543686));
#3317=CARTESIAN_POINT('',(118.948000321,23.059369985,-8.799167106));
#3318=CARTESIAN_POINT('',(118.981858804,22.991653019,-8.772770195));
#3319=CARTESIAN_POINT('',(119.008178974,22.923943901,-8.737140916));
#3320=CARTESIAN_POINT('',(119.043530612,22.794239744,-8.650513186));
#3321=CARTESIAN_POINT('',(119.052557995,22.732259781,-8.599525122));
#3322=CARTESIAN_POINT('',(119.052557995,22.619278495,-8.486543836));
#3323=CARTESIAN_POINT('',(119.043530612,22.568290431,-8.424563873));
#3324=CARTESIAN_POINT('',(119.008178974,22.481662701,-8.294859717));
#3325=CARTESIAN_POINT('',(118.981858804,22.446033422,-8.227150599));
#3326=CARTESIAN_POINT('',(118.948000321,22.419636511,-8.159433632));
#3327=CARTESIAN_POINT('',(119.410800627,23.374074193,-8.3363668));
#3328=CARTESIAN_POINT('',(119.433944359,23.327786731,-8.305761496));
#3329=CARTESIAN_POINT('',(119.451624822,23.281500316,-8.271395876));
#3330=CARTESIAN_POINT('',(119.475286219,23.190964827,-8.196796995));
#3331=CARTESIAN_POINT('',(119.481266633,23.146717865,-8.156565931));
#3332=CARTESIAN_POINT('',(119.481266633,23.062237687,-8.072085753));
#3333=CARTESIAN_POINT('',(119.475286219,23.022006622,-8.02783879));
#3334=CARTESIAN_POINT('',(119.451624822,22.947407742,-7.937303302));
#3335=CARTESIAN_POINT('',(119.433944359,22.913042121,-7.891016887));
#3336=CARTESIAN_POINT('',(119.410800627,22.882436817,-7.844729424));
#3337=CARTESIAN_POINT('',(119.596099492,23.562651351,-8.059047451));
#3338=CARTESIAN_POINT('',(119.611383742,23.526446476,-8.03062855));
#3339=CARTESIAN_POINT('',(119.62297367,23.490242017,-8.000324658));
#3340=CARTESIAN_POINT('',(119.638461147,23.418836374,-7.936802932));
#3341=CARTESIAN_POINT('',(119.642358532,23.383636013,-7.903585846));
#3342=CARTESIAN_POINT('',(119.642358532,23.315217771,-7.835167605));
#3343=CARTESIAN_POINT('',(119.638461147,23.282000685,-7.799967243));
#3344=CARTESIAN_POINT('',(119.62297367,23.21847896,-7.7285616));
#3345=CARTESIAN_POINT('',(119.611383742,23.188175067,-7.692357142));
#3346=CARTESIAN_POINT('',(119.596099492,23.159756166,-7.656152267));
#3347=CARTESIAN_POINT('',(119.846565213,23.973832214,-7.454369711));
#3348=CARTESIAN_POINT('',(119.850256509,23.956366142,-7.436977593));
#3349=CARTESIAN_POINT('',(119.853010236,23.938899969,-7.41955219));
#3350=CARTESIAN_POINT('',(119.856677803,23.903969598,-7.38467218));
#3351=CARTESIAN_POINT('',(119.857591693,23.8865052,-7.367217403));
#3352=CARTESIAN_POINT('',(119.857591693,23.851586214,-7.332298417));
#3353=CARTESIAN_POINT('',(119.856677803,23.834131438,-7.31483402));
#3354=CARTESIAN_POINT('',(119.853010236,23.799251427,-7.279903649));
#3355=CARTESIAN_POINT('',(119.850256509,23.781826024,-7.262437475));
#3356=CARTESIAN_POINT('',(119.846565213,23.764433906,-7.244971403));
#3357=CARTESIAN_POINT('',(119.911633521,24.196274138,-7.127249235));
#3358=CARTESIAN_POINT('',(119.911633521,24.196274138,-7.127249235));
#3359=CARTESIAN_POINT('',(119.911633521,24.170094199,-7.101069296));
#3360=CARTESIAN_POINT('',(119.911633521,24.170094199,-7.101069296));
#3361=CARTESIAN_POINT('',(119.911633521,24.14391426,-7.074889357));
#3362=CARTESIAN_POINT('',(119.911633521,24.14391426,-7.074889357));
#3363=CARTESIAN_POINT('',(119.911633521,24.117734321,-7.048709418));
#3364=CARTESIAN_POINT('',(119.911633521,24.117734321,-7.048709418));
#3365=CARTESIAN_POINT('',(119.911633521,24.091554383,-7.02252948));
#3366=CARTESIAN_POINT('',(119.911633521,24.091554383,-7.02252948));
#3367=CARTESIAN_POINT('',(119.911633521,24.418803617,-6.8));
#3368=CARTESIAN_POINT('',(119.911633521,24.418803617,-6.8));
#3369=CARTESIAN_POINT('',(119.911633521,24.418803617,-6.8));
#3370=CARTESIAN_POINT('',(119.911633521,24.418803617,-6.8));
#3371=CARTESIAN_POINT('',(119.911633521,24.418803617,-6.8));
#3372=CARTESIAN_POINT('',(119.911633521,24.418803617,-6.8));
#3373=CARTESIAN_POINT('',(119.911633521,24.418803617,-6.8));
#3374=CARTESIAN_POINT('',(119.911633521,24.418803617,-6.8));
#3375=CARTESIAN_POINT('',(119.911633521,24.418803617,-6.8));
#3376=CARTESIAN_POINT('',(119.911633521,24.418803617,-6.8));
#3377=B_SPLINE_SURFACE_WITH_KNOTS('',3,3,((#3277,#3278,#3279,#3280,#3281,#3282,#3283,#3284,#3285,#3286),(#3287,#3288,#3289,#3290,#3291,#3292,#3293,#3294,#3295,#3296),(#3297,#3298,#3299,#3300,#3301,#3302,#3303,#3304,#3305,#3306),(#3307,#3308,#3309,#3310,#3311,#3312,#3313,#3314,#3315,#3316),(#3317,#3318,#3319,#3320,#3321,#3322,#3323,#3324,#3325,#3326),(#3327,#3328,#3329,#3330,#3331,#3332,#3333,#3334,#3335,#3336),(#3337,#3338,#3339,#3340,#3341,#3342,#3343,#3344,#3345,#3346),(#3347,#3348,#3349,#3350,#3351,#3352,#3353,#3354,#3355,#3356),(#3357,#3358,#3359,#3360,#3361,#3362,#3363,#3364,#3365,#3366),(#3367,#3368,#3369,#3370,#3371,#3372,#3373,#3374,#3375,#3376)),.UNSPECIFIED.,.F.,.F.,.U.,(4,2,2,2,4),(4,2,2,2,4),(3.141592654,3.534291735,3.926990817,4.319689899,4.71238898),(0.,0.25,0.5,0.75,1.),.UNSPECIFIED.);
#3378=ORIENTED_EDGE('',*,*,#3271,.T.);
#3379=ORIENTED_EDGE('',*,*,#1965,.F.);
#3380=ORIENTED_EDGE('',*,*,#1983,.F.);
#3381=EDGE_LOOP('',(#3378,#3379,#3380));
#3382=FACE_BOUND('',#3381,.T.);
#3383=ADVANCED_FACE('',(#3382),#3377,.T.);
#3384=CARTESIAN_POINT('',(78.,0.,-1.));
#3385=DIRECTION('',(0.,0.,1.));
#3386=DIRECTION('',(1.,0.,0.));
#3387=AXIS2_PLACEMENT_3D('',#3384,#3385,#3386);
#3388=PLANE('',#3387);
#3389=ORIENTED_EDGE('',*,*,#351,.F.);
#3390=ORIENTED_EDGE('',*,*,#320,.F.);
#3391=ORIENTED_EDGE('',*,*,#48,.T.);
#3392=ORIENTED_EDGE('',*,*,#296,.F.);
#3393=ORIENTED_EDGE('',*,*,#267,.F.);
#3394=CARTESIAN_POINT('',(91.074425407,2.263755779,-1.));
#3395=VERTEX_POINT('',#3394);
#3396=CARTESIAN_POINT('',(91.074425407,2.263755779,-1.));
#3397=DIRECTION('',(-0.707106781,0.707106781,0.));
#3398=VECTOR('',#3397,2.892979944);
#3399=LINE('',#3396,#3398);
#3400=EDGE_CURVE('',#3395,#254,#3399,.T.);
#3401=ORIENTED_EDGE('',*,*,#3400,.F.);
#3402=CARTESIAN_POINT('',(108.898427407,2.263755779,-1.));
#3403=VERTEX_POINT('',#3402);
#3404=CARTESIAN_POINT('',(108.898427407,2.263755779,-1.));
#3405=DIRECTION('',(-1.,-0.,0.));
#3406=VECTOR('',#3405,17.824002);
#3407=LINE('',#3404,#3406);
#3408=EDGE_CURVE('',#3403,#3395,#3407,.T.);
#3409=ORIENTED_EDGE('',*,*,#3408,.F.);
#3410=CARTESIAN_POINT('',(109.669419259,3.008400807,-1.));
#3411=DIRECTION('',(-0.719289986,-0.694709951,0.));
#3412=VECTOR('',#3411,1.071879029);
#3413=LINE('',#3410,#3412);
#3414=EDGE_CURVE('',#346,#3403,#3413,.T.);
#3415=ORIENTED_EDGE('',*,*,#3414,.F.);
#3416=EDGE_LOOP('',(#3389,#3390,#3391,#3392,#3393,#3401,#3409,#3415));
#3417=FACE_BOUND('',#3416,.T.);
#3418=ADVANCED_FACE('',(#3417),#3388,.F.);
#3419=CARTESIAN_POINT('',(82.019425407,48.209755779,3.));
#3420=DIRECTION('',(-0.707106781,0.707106781,0.));
#3421=DIRECTION('',(-0.707106781,-0.707106781,0.));
#3422=AXIS2_PLACEMENT_3D('',#3419,#3420,#3421);
#3423=PLANE('',#3422);
#3424=CARTESIAN_POINT('',(78.019425407,44.209755779,-1.));
#3425=VERTEX_POINT('',#3424);
#3426=CARTESIAN_POINT('',(86.019425407,52.209755779,-1.));
#3427=VERTEX_POINT('',#3426);
#3428=CARTESIAN_POINT('',(78.019425407,44.209755779,-1.));
#3429=DIRECTION('',(0.707106781,0.707106781,0.));
#3430=VECTOR('',#3429,11.313708499);
#3431=LINE('',#3428,#3430);
#3432=EDGE_CURVE('',#3425,#3427,#3431,.T.);
#3433=ORIENTED_EDGE('',*,*,#3432,.T.);
#3434=CARTESIAN_POINT('',(86.019425407,52.209755779,5.5));
#3435=VERTEX_POINT('',#3434);
#3436=CARTESIAN_POINT('',(86.019425407,52.209755779,5.5));
#3437=DIRECTION('',(0.,0.,-1.));
#3438=VECTOR('',#3437,6.5);
#3439=LINE('',#3436,#3438);
#3440=EDGE_CURVE('',#3435,#3427,#3439,.T.);
#3441=ORIENTED_EDGE('',*,*,#3440,.F.);
#3442=CARTESIAN_POINT('',(78.019425407,44.209755779,5.5));
#3443=VERTEX_POINT('',#3442);
#3444=CARTESIAN_POINT('',(78.019425407,44.209755779,5.5));
#3445=DIRECTION('',(0.707106781,0.707106781,0.));
#3446=VECTOR('',#3445,11.313708499);
#3447=LINE('',#3444,#3446);
#3448=EDGE_CURVE('',#3443,#3435,#3447,.T.);
#3449=ORIENTED_EDGE('',*,*,#3448,.F.);
#3450=CARTESIAN_POINT('',(78.019425407,44.209755779,5.5));
#3451=DIRECTION('',(0.,0.,-1.));
#3452=VECTOR('',#3451,6.5);
#3453=LINE('',#3450,#3452);
#3454=EDGE_CURVE('',#3443,#3425,#3453,.T.);
#3455=ORIENTED_EDGE('',*,*,#3454,.T.);
#3456=EDGE_LOOP('',(#3433,#3441,#3449,#3455));
#3457=FACE_BOUND('',#3456,.T.);
#3458=ADVANCED_FACE('',(#3457),#3423,.F.);
#3459=CARTESIAN_POINT('',(78.019425407,32.209755779,3.));
#3460=DIRECTION('',(1.,0.,0.));
#3461=DIRECTION('',(0.,0.,-1.));
#3462=AXIS2_PLACEMENT_3D('',#3459,#3460,#3461);
#3463=PLANE('',#3462);
#3464=CARTESIAN_POINT('',(78.019425407,20.209755779,-1.));
#3465=VERTEX_POINT('',#3464);
#3466=CARTESIAN_POINT('',(78.019425407,44.209755779,-1.));
#3467=DIRECTION('',(0.,-1.,0.));
#3468=VECTOR('',#3467,24.);
#3469=LINE('',#3466,#3468);
#3470=EDGE_CURVE('',#3425,#3465,#3469,.T.);
#3471=ORIENTED_EDGE('',*,*,#3470,.F.);
#3472=ORIENTED_EDGE('',*,*,#3454,.F.);
#3473=CARTESIAN_POINT('',(78.019425407,20.209755779,5.5));
#3474=VERTEX_POINT('',#3473);
#3475=CARTESIAN_POINT('',(78.019425407,44.209755779,5.5));
#3476=DIRECTION('',(0.,-1.,0.));
#3477=VECTOR('',#3476,24.);
#3478=LINE('',#3475,#3477);
#3479=EDGE_CURVE('',#3443,#3474,#3478,.T.);
#3480=ORIENTED_EDGE('',*,*,#3479,.T.);
#3481=CARTESIAN_POINT('',(78.019425407,20.209755779,5.5));
#3482=DIRECTION('',(0.,0.,-1.));
#3483=VECTOR('',#3482,6.5);
#3484=LINE('',#3481,#3483);
#3485=EDGE_CURVE('',#3474,#3465,#3484,.T.);
#3486=ORIENTED_EDGE('',*,*,#3485,.T.);
#3487=EDGE_LOOP('',(#3471,#3472,#3480,#3486));
#3488=FACE_BOUND('',#3487,.T.);
#3489=ADVANCED_FACE('',(#3488),#3463,.T.);
#3490=CARTESIAN_POINT('',(82.019425407,13.764255779,3.));
#3491=DIRECTION('',(-0.849678863,-0.527300512,0.));
#3492=DIRECTION('',(0.527300512,-0.849678863,0.));
#3493=AXIS2_PLACEMENT_3D('',#3490,#3491,#3492);
#3494=PLANE('',#3493);
#3495=CARTESIAN_POINT('',(86.019425407,7.318755779,-1.));
#3496=VERTEX_POINT('',#3495);
#3497=CARTESIAN_POINT('',(86.019425407,7.318755779,-1.));
#3498=DIRECTION('',(-0.527300512,0.849678863,0.));
#3499=VECTOR('',#3498,15.171614318);
#3500=LINE('',#3497,#3499);
#3501=EDGE_CURVE('',#3496,#3465,#3500,.T.);
#3502=ORIENTED_EDGE('',*,*,#3501,.T.);
#3503=ORIENTED_EDGE('',*,*,#3485,.F.);
#3504=CARTESIAN_POINT('',(86.019425407,7.318755779,5.5));
#3505=VERTEX_POINT('',#3504);
#3506=CARTESIAN_POINT('',(86.019425407,7.318755779,5.5));
#3507=DIRECTION('',(-0.527300512,0.849678863,0.));
#3508=VECTOR('',#3507,15.171614318);
#3509=LINE('',#3506,#3508);
#3510=EDGE_CURVE('',#3505,#3474,#3509,.T.);
#3511=ORIENTED_EDGE('',*,*,#3510,.F.);
#3512=CARTESIAN_POINT('',(86.019425407,7.318755779,5.5));
#3513=DIRECTION('',(0.,0.,-1.));
#3514=VECTOR('',#3513,6.5);
#3515=LINE('',#3512,#3514);
#3516=EDGE_CURVE('',#3505,#3496,#3515,.T.);
#3517=ORIENTED_EDGE('',*,*,#3516,.T.);
#3518=EDGE_LOOP('',(#3502,#3503,#3511,#3517));
#3519=FACE_BOUND('',#3518,.T.);
#3520=ADVANCED_FACE('',(#3519),#3494,.F.);
#3521=CARTESIAN_POINT('',(88.546925407,4.791255779,3.));
#3522=DIRECTION('',(-0.707106781,-0.707106781,0.));
#3523=DIRECTION('',(0.707106781,-0.707106781,0.));
#3524=AXIS2_PLACEMENT_3D('',#3521,#3522,#3523);
#3525=PLANE('',#3524);
#3526=ORIENTED_EDGE('',*,*,#3400,.T.);
#3527=CARTESIAN_POINT('',(89.028779671,4.309401516,-1.));
#3528=DIRECTION('',(-0.707106781,0.707106781,0.));
#3529=VECTOR('',#3528,4.255869613);
#3530=LINE('',#3527,#3529);
#3531=EDGE_CURVE('',#254,#3496,#3530,.T.);
#3532=ORIENTED_EDGE('',*,*,#3531,.T.);
#3533=ORIENTED_EDGE('',*,*,#3516,.F.);
#3534=CARTESIAN_POINT('',(91.074425407,2.263755779,5.5));
#3535=VERTEX_POINT('',#3534);
#3536=CARTESIAN_POINT('',(91.074425407,2.263755779,5.5));
#3537=DIRECTION('',(-0.707106781,0.707106781,0.));
#3538=VECTOR('',#3537,7.148849558);
#3539=LINE('',#3536,#3538);
#3540=EDGE_CURVE('',#3535,#3505,#3539,.T.);
#3541=ORIENTED_EDGE('',*,*,#3540,.F.);
#3542=CARTESIAN_POINT('',(91.074425407,2.263755779,5.5));
#3543=DIRECTION('',(0.,0.,-1.));
#3544=VECTOR('',#3543,6.5);
#3545=LINE('',#3542,#3544);
#3546=EDGE_CURVE('',#3535,#3395,#3545,.T.);
#3547=ORIENTED_EDGE('',*,*,#3546,.T.);
#3548=EDGE_LOOP('',(#3526,#3532,#3533,#3541,#3547));
#3549=FACE_BOUND('',#3548,.T.);
#3550=ADVANCED_FACE('',(#3549),#3525,.F.);
#3551=CARTESIAN_POINT('',(99.986426407,2.263755779,3.));
#3552=DIRECTION('',(0.,-1.,0.));
#3553=DIRECTION('',(1.,0.,0.));
#3554=AXIS2_PLACEMENT_3D('',#3551,#3552,#3553);
#3555=PLANE('',#3554);
#3556=ORIENTED_EDGE('',*,*,#3408,.T.);
#3557=ORIENTED_EDGE('',*,*,#3546,.F.);
#3558=CARTESIAN_POINT('',(108.898427407,2.263755779,5.5));
#3559=VERTEX_POINT('',#3558);
#3560=CARTESIAN_POINT('',(108.898427407,2.263755779,5.5));
#3561=DIRECTION('',(-1.,-0.,0.));
#3562=VECTOR('',#3561,17.824002);
#3563=LINE('',#3560,#3562);
#3564=EDGE_CURVE('',#3559,#3535,#3563,.T.);
#3565=ORIENTED_EDGE('',*,*,#3564,.F.);
#3566=CARTESIAN_POINT('',(108.898427407,2.263755779,5.5));
#3567=DIRECTION('',(0.,0.,-1.));
#3568=VECTOR('',#3567,6.5);
#3569=LINE('',#3566,#3568);
#3570=EDGE_CURVE('',#3559,#3403,#3569,.T.);
#3571=ORIENTED_EDGE('',*,*,#3570,.T.);
#3572=EDGE_LOOP('',(#3556,#3557,#3565,#3571));
#3573=FACE_BOUND('',#3572,.T.);
#3574=ADVANCED_FACE('',(#3573),#3555,.F.);
#3575=CARTESIAN_POINT('',(111.458926407,4.736755779,3.));
#3576=DIRECTION('',(0.694709951,-0.719289986,0.));
#3577=DIRECTION('',(0.719289986,0.694709951,0.));
#3578=AXIS2_PLACEMENT_3D('',#3575,#3576,#3577);
#3579=PLANE('',#3578);
#3580=CARTESIAN_POINT('',(114.019425407,7.209755779,-1.));
#3581=VERTEX_POINT('',#3580);
#3582=CARTESIAN_POINT('',(114.019425407,7.209755779,-1.));
#3583=DIRECTION('',(-0.719289986,-0.694709951,0.));
#3584=VECTOR('',#3583,6.047638968);
#3585=LINE('',#3582,#3584);
#3586=EDGE_CURVE('',#3581,#346,#3585,.T.);
#3587=ORIENTED_EDGE('',*,*,#3586,.T.);
#3588=ORIENTED_EDGE('',*,*,#3414,.T.);
#3589=ORIENTED_EDGE('',*,*,#3570,.F.);
#3590=CARTESIAN_POINT('',(114.019425407,7.209755779,5.5));
#3591=VERTEX_POINT('',#3590);
#3592=CARTESIAN_POINT('',(114.019425407,7.209755779,5.5));
#3593=DIRECTION('',(-0.719289986,-0.694709951,0.));
#3594=VECTOR('',#3593,7.119517997);
#3595=LINE('',#3592,#3594);
#3596=EDGE_CURVE('',#3591,#3559,#3595,.T.);
#3597=ORIENTED_EDGE('',*,*,#3596,.F.);
#3598=CARTESIAN_POINT('',(114.019425407,7.209755779,5.5));
#3599=DIRECTION('',(0.,0.,-1.));
#3600=VECTOR('',#3599,6.5);
#3601=LINE('',#3598,#3600);
#3602=EDGE_CURVE('',#3591,#3581,#3601,.T.);
#3603=ORIENTED_EDGE('',*,*,#3602,.T.);
#3604=EDGE_LOOP('',(#3587,#3588,#3589,#3597,#3603));
#3605=FACE_BOUND('',#3604,.T.);
#3606=ADVANCED_FACE('',(#3605),#3579,.F.);
#3607=CARTESIAN_POINT('',(118.019425407,13.709755779,3.));
#3608=DIRECTION('',(0.851658317,-0.524097426,0.));
#3609=DIRECTION('',(0.524097426,0.851658317,0.));
#3610=AXIS2_PLACEMENT_3D('',#3607,#3608,#3609);
#3611=PLANE('',#3610);
#3612=CARTESIAN_POINT('',(122.019425407,20.209755779,-1.));
#3613=VERTEX_POINT('',#3612);
#3614=CARTESIAN_POINT('',(122.019425407,20.209755779,-1.));
#3615=DIRECTION('',(-0.524097426,-0.851658317,0.));
#3616=VECTOR('',#3615,15.264337522);
#3617=LINE('',#3614,#3616);
#3618=EDGE_CURVE('',#3613,#3581,#3617,.T.);
#3619=ORIENTED_EDGE('',*,*,#3618,.T.);
#3620=ORIENTED_EDGE('',*,*,#3602,.F.);
#3621=CARTESIAN_POINT('',(122.019425407,20.209755779,5.5));
#3622=VERTEX_POINT('',#3621);
#3623=CARTESIAN_POINT('',(122.019425407,20.209755779,5.5));
#3624=DIRECTION('',(-0.524097426,-0.851658317,0.));
#3625=VECTOR('',#3624,15.264337522);
#3626=LINE('',#3623,#3625);
#3627=EDGE_CURVE('',#3622,#3591,#3626,.T.);
#3628=ORIENTED_EDGE('',*,*,#3627,.F.);
#3629=CARTESIAN_POINT('',(122.019425407,20.209755779,5.5));
#3630=DIRECTION('',(0.,0.,-1.));
#3631=VECTOR('',#3630,6.5);
#3632=LINE('',#3629,#3631);
#3633=EDGE_CURVE('',#3622,#3613,#3632,.T.);
#3634=ORIENTED_EDGE('',*,*,#3633,.T.);
#3635=EDGE_LOOP('',(#3619,#3620,#3628,#3634));
#3636=FACE_BOUND('',#3635,.T.);
#3637=ADVANCED_FACE('',(#3636),#3611,.F.);
#3638=CARTESIAN_POINT('',(122.019425407,32.209755779,3.));
#3639=DIRECTION('',(1.,0.,0.));
#3640=DIRECTION('',(0.,0.,-1.));
#3641=AXIS2_PLACEMENT_3D('',#3638,#3639,#3640);
#3642=PLANE('',#3641);
#3643=CARTESIAN_POINT('',(122.019425407,44.209755779,-1.));
#3644=VERTEX_POINT('',#3643);
#3645=CARTESIAN_POINT('',(122.019425407,44.209755779,-1.));
#3646=DIRECTION('',(0.,-1.,0.));
#3647=VECTOR('',#3646,24.);
#3648=LINE('',#3645,#3647);
#3649=EDGE_CURVE('',#3644,#3613,#3648,.T.);
#3650=ORIENTED_EDGE('',*,*,#3649,.T.);
#3651=ORIENTED_EDGE('',*,*,#3633,.F.);
#3652=CARTESIAN_POINT('',(122.019425407,44.209755779,5.5));
#3653=VERTEX_POINT('',#3652);
#3654=CARTESIAN_POINT('',(122.019425407,44.209755779,5.5));
#3655=DIRECTION('',(0.,-1.,0.));
#3656=VECTOR('',#3655,24.);
#3657=LINE('',#3654,#3656);
#3658=EDGE_CURVE('',#3653,#3622,#3657,.T.);
#3659=ORIENTED_EDGE('',*,*,#3658,.F.);
#3660=CARTESIAN_POINT('',(122.019425407,44.209755779,5.5));
#3661=DIRECTION('',(0.,0.,-1.));
#3662=VECTOR('',#3661,6.5);
#3663=LINE('',#3660,#3662);
#3664=EDGE_CURVE('',#3653,#3644,#3663,.T.);
#3665=ORIENTED_EDGE('',*,*,#3664,.T.);
#3666=EDGE_LOOP('',(#3650,#3651,#3659,#3665));
#3667=FACE_BOUND('',#3666,.T.);
#3668=ADVANCED_FACE('',(#3667),#3642,.F.);
#3669=CARTESIAN_POINT('',(118.019425407,48.209755779,3.));
#3670=DIRECTION('',(0.707106781,0.707106781,0.));
#3671=DIRECTION('',(-0.707106781,0.707106781,0.));
#3672=AXIS2_PLACEMENT_3D('',#3669,#3670,#3671);
#3673=PLANE('',#3672);
#3674=CARTESIAN_POINT('',(114.019425407,52.209755779,-1.));
#3675=VERTEX_POINT('',#3674);
#3676=CARTESIAN_POINT('',(114.019425407,52.209755779,-1.));
#3677=DIRECTION('',(0.707106781,-0.707106781,0.));
#3678=VECTOR('',#3677,11.313708499);
#3679=LINE('',#3676,#3678);
#3680=EDGE_CURVE('',#3675,#3644,#3679,.T.);
#3681=ORIENTED_EDGE('',*,*,#3680,.T.);
#3682=ORIENTED_EDGE('',*,*,#3664,.F.);
#3683=CARTESIAN_POINT('',(114.019425407,52.209755779,5.5));
#3684=VERTEX_POINT('',#3683);
#3685=CARTESIAN_POINT('',(114.019425407,52.209755779,5.5));
#3686=DIRECTION('',(0.707106781,-0.707106781,0.));
#3687=VECTOR('',#3686,11.313708499);
#3688=LINE('',#3685,#3687);
#3689=EDGE_CURVE('',#3684,#3653,#3688,.T.);
#3690=ORIENTED_EDGE('',*,*,#3689,.F.);
#3691=CARTESIAN_POINT('',(114.019425407,52.209755779,5.5));
#3692=DIRECTION('',(0.,0.,-1.));
#3693=VECTOR('',#3692,6.5);
#3694=LINE('',#3691,#3693);
#3695=EDGE_CURVE('',#3684,#3675,#3694,.T.);
#3696=ORIENTED_EDGE('',*,*,#3695,.T.);
#3697=EDGE_LOOP('',(#3681,#3682,#3690,#3696));
#3698=FACE_BOUND('',#3697,.T.);
#3699=ADVANCED_FACE('',(#3698),#3673,.F.);
#3700=CARTESIAN_POINT('',(100.019425407,52.209755779,3.));
#3701=DIRECTION('',(0.,1.,0.));
#3702=DIRECTION('',(0.,0.,1.));
#3703=AXIS2_PLACEMENT_3D('',#3700,#3701,#3702);
#3704=PLANE('',#3703);
#3705=CARTESIAN_POINT('',(86.019425407,52.209755779,-1.));
#3706=DIRECTION('',(1.,0.,-0.));
#3707=VECTOR('',#3706,28.);
#3708=LINE('',#3705,#3707);
#3709=EDGE_CURVE('',#3427,#3675,#3708,.T.);
#3710=ORIENTED_EDGE('',*,*,#3709,.T.);
#3711=ORIENTED_EDGE('',*,*,#3695,.F.);
#3712=CARTESIAN_POINT('',(86.019425407,52.209755779,5.5));
#3713=DIRECTION('',(1.,0.,-0.));
#3714=VECTOR('',#3713,28.);
#3715=LINE('',#3712,#3714);
#3716=EDGE_CURVE('',#3435,#3684,#3715,.T.);
#3717=ORIENTED_EDGE('',*,*,#3716,.F.);
#3718=ORIENTED_EDGE('',*,*,#3440,.T.);
#3719=EDGE_LOOP('',(#3710,#3711,#3717,#3718));
#3720=FACE_BOUND('',#3719,.T.);
#3721=ADVANCED_FACE('',(#3720),#3704,.F.);
#3722=CARTESIAN_POINT('',(121.,-7.,5.5));
#3723=CARTESIAN_POINT('',(121.,-7.,3.));
#3724=CARTESIAN_POINT('',(121.,-7.,0.));
#3725=CARTESIAN_POINT('',(121.,-7.,-1.));
#3726=CARTESIAN_POINT('',(116.813889372,-8.026338309,5.5));
#3727=CARTESIAN_POINT('',(116.813889372,-8.026338309,3.));
#3728=CARTESIAN_POINT('',(116.813889372,-8.026338309,0.));
#3729=CARTESIAN_POINT('',(116.813889372,-8.026338309,-1.));
#3730=CARTESIAN_POINT('',(109.,-4.,5.5));
#3731=CARTESIAN_POINT('',(109.,-4.,3.));
#3732=CARTESIAN_POINT('',(109.,-4.,0.));
#3733=CARTESIAN_POINT('',(109.,-4.,-1.));
#3734=B_SPLINE_SURFACE_WITH_KNOTS('',2,1,((#3722,#3723,#3724,#3725),(#3726,#3727,#3728,#3729),(#3730,#3731,#3732,#3733)),.UNSPECIFIED.,.F.,.F.,.U.,(3,3),(2,1,1,2),(0.,1.),(-0.833333333,0.,1.,1.333333333),.UNSPECIFIED.);
#3735=CARTESIAN_POINT('',(121.,-7.,-1.));
#3736=VERTEX_POINT('',#3735);
#3737=CARTESIAN_POINT('',(109.,-4.,-1.));
#3738=VERTEX_POINT('',#3737);
#3739=CARTESIAN_POINT('',(121.,-7.,-1.));
#3740=CARTESIAN_POINT('',(120.482948182,-7.126769246,-1.));
#3741=CARTESIAN_POINT('',(119.963661795,-7.187436082,-1.));
#3742=CARTESIAN_POINT('',(119.442881015,-7.203896204,-1.));
#3743=CARTESIAN_POINT('',(118.922100235,-7.220356327,-1.));
#3744=CARTESIAN_POINT('',(118.399807018,-7.192075962,-1.));
#3745=CARTESIAN_POINT('',(117.876411425,-7.131185385,-1.));
#3746=CARTESIAN_POINT('',(117.614713628,-7.100740096,-1.));
#3747=CARTESIAN_POINT('',(117.353420296,-7.062091782,-1.));
#3748=CARTESIAN_POINT('',(117.094380435,-7.016807283,-1.));
#3749=CARTESIAN_POINT('',(116.835340574,-6.971522783,-1.));
#3750=CARTESIAN_POINT('',(116.577924675,-6.919534632,-1.));
#3751=CARTESIAN_POINT('',(116.321890645,-6.861842182,-1.));
#3752=CARTESIAN_POINT('',(115.809822585,-6.746457283,-1.));
#3753=CARTESIAN_POINT('',(115.30324475,-6.608408958,-1.));
#3754=CARTESIAN_POINT('',(114.800812628,-6.4532473,-1.));
#3755=CARTESIAN_POINT('',(114.298380506,-6.298085642,-1.));
#3756=CARTESIAN_POINT('',(113.799931363,-6.125619275,-1.));
#3757=CARTESIAN_POINT('',(113.307866337,-5.940857648,-1.));
#3758=CARTESIAN_POINT('',(112.815801312,-5.756096022,-1.));
#3759=CARTESIAN_POINT('',(112.329207432,-5.558734918,-1.));
#3760=CARTESIAN_POINT('',(111.846973953,-5.351332266,-1.));
#3761=CARTESIAN_POINT('',(110.882506995,-4.936526963,-1.));
#3762=CARTESIAN_POINT('',(109.935311601,-4.48194705,-1.));
#3763=CARTESIAN_POINT('',(109.,-4.,-1.));
#3764=B_SPLINE_CURVE_WITH_KNOTS('',3,(#3739,#3740,#3741,#3742,#3743,#3744,#3745,#3746,#3747,#3748,#3749,#3750,#3751,#3752,#3753,#3754,#3755,#3756,#3757,#3758,#3759,#3760,#3761,#3762,#3763),.UNSPECIFIED.,.F.,.F.,(4,3,3,3,3,3,3,3,4),(0.,0.001563119,0.003126238,0.003907797,0.004689356,0.006252475,0.007815594,0.009378713,0.01250495),.UNSPECIFIED.);
#3765=EDGE_CURVE('',#3736,#3738,#3764,.T.);
#3766=ORIENTED_EDGE('',*,*,#3765,.F.);
#3767=CARTESIAN_POINT('',(121.,-7.,5.5));
#3768=VERTEX_POINT('',#3767);
#3769=CARTESIAN_POINT('',(121.,-7.,5.5));
#3770=DIRECTION('',(0.,0.,-1.));
#3771=VECTOR('',#3770,6.5);
#3772=LINE('',#3769,#3771);
#3773=EDGE_CURVE('',#3768,#3736,#3772,.T.);
#3774=ORIENTED_EDGE('',*,*,#3773,.F.);
#3775=CARTESIAN_POINT('',(109.,-4.,5.5));
#3776=VERTEX_POINT('',#3775);
#3777=CARTESIAN_POINT('',(121.,-7.,5.5));
#3778=CARTESIAN_POINT('',(116.813889372,-8.026338309,5.5));
#3779=CARTESIAN_POINT('',(109.,-4.,5.5));
#3780=B_SPLINE_CURVE_WITH_KNOTS('',2,(#3777,#3778,#3779),.UNSPECIFIED.,.F.,.F.,(3,3),(0.,1.),.UNSPECIFIED.);
#3781=EDGE_CURVE('',#3768,#3776,#3780,.T.);
#3782=ORIENTED_EDGE('',*,*,#3781,.T.);
#3783=CARTESIAN_POINT('',(109.,-4.,5.5));
#3784=DIRECTION('',(0.,0.,-1.));
#3785=VECTOR('',#3784,6.5);
#3786=LINE('',#3783,#3785);
#3787=EDGE_CURVE('',#3776,#3738,#3786,.T.);
#3788=ORIENTED_EDGE('',*,*,#3787,.T.);
#3789=EDGE_LOOP('',(#3766,#3774,#3782,#3788));
#3790=FACE_BOUND('',#3789,.T.);
#3791=ADVANCED_FACE('',(#3790),#3734,.T.);
#3792=CARTESIAN_POINT('',(109.,-4.,5.5));
#3793=CARTESIAN_POINT('',(109.,-4.,3.));
#3794=CARTESIAN_POINT('',(109.,-4.,0.));
#3795=CARTESIAN_POINT('',(109.,-4.,-1.));
#3796=CARTESIAN_POINT('',(97.817847258,1.360297164,5.5));
#3797=CARTESIAN_POINT('',(97.817847258,1.360297164,3.));
#3798=CARTESIAN_POINT('',(97.817847258,1.360297164,0.));
#3799=CARTESIAN_POINT('',(97.817847258,1.360297164,-1.));
#3800=CARTESIAN_POINT('',(87.370582448,-10.076990785,5.5));
#3801=CARTESIAN_POINT('',(87.370582448,-10.076990785,3.));
#3802=CARTESIAN_POINT('',(87.370582448,-10.076990785,0.));
#3803=CARTESIAN_POINT('',(87.370582448,-10.076990785,-1.));
#3804=CARTESIAN_POINT('',(72.188527018,-7.872474393,5.5));
#3805=CARTESIAN_POINT('',(72.188527018,-7.872474393,3.));
#3806=CARTESIAN_POINT('',(72.188527018,-7.872474393,0.));
#3807=CARTESIAN_POINT('',(72.188527018,-7.872474393,-1.));
#3808=CARTESIAN_POINT('',(65.113016869,5.410977075,5.5));
#3809=CARTESIAN_POINT('',(65.113016869,5.410977075,3.));
#3810=CARTESIAN_POINT('',(65.113016869,5.410977075,0.));
#3811=CARTESIAN_POINT('',(65.113016869,5.410977075,-1.));
#3812=CARTESIAN_POINT('',(79.021204357,14.355057056,5.5));
#3813=CARTESIAN_POINT('',(79.021204357,14.355057056,3.));
#3814=CARTESIAN_POINT('',(79.021204357,14.355057056,0.));
#3815=CARTESIAN_POINT('',(79.021204357,14.355057056,-1.));
#3816=CARTESIAN_POINT('',(72.583574915,22.315606385,5.5));
#3817=CARTESIAN_POINT('',(72.583574915,22.315606385,3.));
#3818=CARTESIAN_POINT('',(72.583574915,22.315606385,0.));
#3819=CARTESIAN_POINT('',(72.583574915,22.315606385,-1.));
#3820=B_SPLINE_SURFACE_WITH_KNOTS('',3,1,((#3792,#3793,#3794,#3795),(#3796,#3797,#3798,#3799),(#3800,#3801,#3802,#3803),(#3804,#3805,#3806,#3807),(#3808,#3809,#3810,#3811),(#3812,#3813,#3814,#3815),(#3816,#3817,#3818,#3819)),.UNSPECIFIED.,.F.,.F.,.U.,(4,1,1,1,4),(2,1,1,2),(0.,0.309938095,0.51590938,0.715292341,0.992144135),(-0.833333333,0.,1.,1.333333333),.UNSPECIFIED.);
#3821=CARTESIAN_POINT('',(72.583565342,22.315598644,5.5));
#3822=VERTEX_POINT('',#3821);
#3823=CARTESIAN_POINT('',(109.,-4.,5.5));
#3824=CARTESIAN_POINT('',(107.353172968,-3.210573986,5.5));
#3825=CARTESIAN_POINT('',(105.762029103,-2.734294485,5.5));
#3826=CARTESIAN_POINT('',(104.259967338,-2.284680064,5.5));
#3827=CARTESIAN_POINT('',(102.79200794,-2.11051479,5.5));
#3828=CARTESIAN_POINT('',(101.420241931,-1.947762331,5.5));
#3829=CARTESIAN_POINT('',(100.058649226,-2.024522021,5.5));
#3830=CARTESIAN_POINT('',(98.804364956,-2.095232206,5.5));
#3831=CARTESIAN_POINT('',(97.53066568,-2.372177283,5.5));
#3832=CARTESIAN_POINT('',(96.383918888,-2.621518618,5.5));
#3833=CARTESIAN_POINT('',(95.176770018,-3.04934168,5.5));
#3834=CARTESIAN_POINT('',(94.136232695,-3.418116298,5.5));
#3835=CARTESIAN_POINT('',(92.965674958,-3.951876318,5.5));
#3836=CARTESIAN_POINT('',(92.465735348,-4.179842669,5.5));
#3837=CARTESIAN_POINT('',(91.903900378,-4.455114072,5.5));
#3838=CARTESIAN_POINT('',(91.439842187,-4.68247968,5.5));
#3839=CARTESIAN_POINT('',(90.866093217,-4.975642302,5.5));
#3840=CARTESIAN_POINT('',(90.533612152,-5.145526738,5.5));
#3841=CARTESIAN_POINT('',(89.848342565,-5.500443644,5.5));
#3842=CARTESIAN_POINT('',(89.187168552,-5.842880897,5.5));
#3843=CARTESIAN_POINT('',(88.846737512,-6.016500737,5.5));
#3844=CARTESIAN_POINT('',(88.297211836,-6.296758848,5.5));
#3845=CARTESIAN_POINT('',(87.857367148,-6.510796219,5.5));
#3846=CARTESIAN_POINT('',(87.334507318,-6.765230447,5.5));
#3847=CARTESIAN_POINT('',(86.876320561,-6.970312729,5.5));
#3848=CARTESIAN_POINT('',(85.823823171,-7.441405713,5.5));
#3849=CARTESIAN_POINT('',(84.923560294,-7.73294964,5.5));
#3850=CARTESIAN_POINT('',(83.954507108,-8.046770834,5.5));
#3851=CARTESIAN_POINT('',(82.969138415,-8.22382413,5.5));
#3852=CARTESIAN_POINT('',(82.000031026,-8.397955557,5.5));
#3853=CARTESIAN_POINT('',(81.031217217,-8.436099971,5.5));
#3854=CARTESIAN_POINT('',(80.074548511,-8.473766206,5.5));
#3855=CARTESIAN_POINT('',(79.135279155,-8.377344931,5.5));
#3856=CARTESIAN_POINT('',(78.203682745,-8.281711328,5.5));
#3857=CARTESIAN_POINT('',(77.306806685,-8.055126775,5.5));
#3858=CARTESIAN_POINT('',(76.413101574,-7.829343323,5.5));
#3859=CARTESIAN_POINT('',(75.571282261,-7.477013268,5.5));
#3860=CARTESIAN_POINT('',(74.728461853,-7.124264221,5.5));
#3861=CARTESIAN_POINT('',(73.954188339,-6.650572177,5.5));
#3862=CARTESIAN_POINT('',(73.176859764,-6.17501108,5.5));
#3863=CARTESIAN_POINT('',(72.481524845,-5.583980407,5.5));
#3864=CARTESIAN_POINT('',(71.781719871,-4.989150213,5.5));
#3865=CARTESIAN_POINT('',(71.191717965,-4.300042399,5.5));
#3866=CARTESIAN_POINT('',(70.593658248,-3.601523258,5.5));
#3867=CARTESIAN_POINT('',(70.135918677,-2.836541546,5.5));
#3868=CARTESIAN_POINT('',(69.667478269,-2.053676422,5.5));
#3869=CARTESIAN_POINT('',(69.365855146,-1.231940674,5.5));
#3870=CARTESIAN_POINT('',(69.05486157,-0.384676257,5.5));
#3871=CARTESIAN_POINT('',(68.933255537,0.475297389,5.5));
#3872=CARTESIAN_POINT('',(68.807199075,1.366743585,5.5));
#3873=CARTESIAN_POINT('',(68.889848014,2.246709818,5.5));
#3874=CARTESIAN_POINT('',(68.975564244,3.159333603,5.5));
#3875=CARTESIAN_POINT('',(69.287308364,4.043848064,5.5));
#3876=CARTESIAN_POINT('',(69.439352109,4.475243178,5.5));
#3877=CARTESIAN_POINT('',(69.658822455,4.942418197,5.5));
#3878=CARTESIAN_POINT('',(69.859012329,5.368551885,5.5));
#3879=CARTESIAN_POINT('',(70.124545948,5.842647987,5.5));
#3880=CARTESIAN_POINT('',(70.35844127,6.260255596,5.5));
#3881=CARTESIAN_POINT('',(70.661943795,6.747635426,5.5));
#3882=CARTESIAN_POINT('',(70.907702364,7.142287069,5.5));
#3883=CARTESIAN_POINT('',(71.248480944,7.660478508,5.5));
#3884=CARTESIAN_POINT('',(71.373785568,7.851018018,5.5));
#3885=CARTESIAN_POINT('',(71.861622346,8.584275224,5.5));
#3886=CARTESIAN_POINT('',(72.243845839,9.158787322,5.5));
#3887=CARTESIAN_POINT('',(72.478832952,9.522123568,5.5));
#3888=CARTESIAN_POINT('',(72.814473358,10.041089582,5.5));
#3889=CARTESIAN_POINT('',(73.077577712,10.477121532,5.5));
#3890=CARTESIAN_POINT('',(73.386414457,10.98894388,5.5));
#3891=CARTESIAN_POINT('',(73.635321576,11.452367109,5.5));
#3892=CARTESIAN_POINT('',(74.208412102,12.519365364,5.5));
#3893=CARTESIAN_POINT('',(74.537666418,13.475993074,5.5));
#3894=CARTESIAN_POINT('',(74.915322438,14.573248893,5.5));
#3895=CARTESIAN_POINT('',(75.005587079,15.617785404,5.5));
#3896=CARTESIAN_POINT('',(75.105098718,16.769327577,5.5));
#3897=CARTESIAN_POINT('',(74.858803161,17.90252804,5.5));
#3898=CARTESIAN_POINT('',(74.592977289,19.125587059,5.5));
#3899=CARTESIAN_POINT('',(73.917034268,20.355004925,5.5));
#3900=CARTESIAN_POINT('',(73.381900583,21.328316124,5.5));
#3901=CARTESIAN_POINT('',(72.583555769,22.315590902,5.5));
#3902=B_SPLINE_CURVE_WITH_KNOTS('',2,(#3823,#3824,#3825,#3826,#3827,#3828,#3829,#3830,#3831,#3832,#3833,#3834,#3835,#3836,#3837,#3838,#3839,#3840,#3841,#3842,#3843,#3844,#3845,#3846,#3847,#3848,
#3849,#3850,#3851,#3852,#3853,#3854,#3855,#3856,#3857,#3858,#3859,#3860,#3861,#3862,#3863,#3864,#3865,#3866,#3867,#3868,#3869,#3870,#3871,#3872,#3873,
#3874,#3875,#3876,#3877,#3878,#3879,#3880,#3881,#3882,#3883,#3884,#3885,#3886,#3887,#3888,#3889,#3890,#3891,#3892,#3893,#3894,#3895,#3896,#3897,#3898,
#3899,#3900,#3901),.UNSPECIFIED.,.F.,.F.,(3,2,2,2,2,2,2,2,2,2,2,2,2,2,2,2,2,2,2,2,2,2,2,2,2,2,
2,2,2,2,2,2,2,2,2,2,2,2,2,3),(0.,0.03125,0.0625,0.09375,0.125,0.15625,0.1875,0.203125,0.21875,0.234375,0.25,0.265625,0.28125,0.3125,0.34375,0.375,0.40625,0.4375,0.46875,0.5,0.53125,0.5625,0.59375,0.625,0.65625,0.6875,
0.71875,0.734375,0.75,0.765625,0.78125,0.796875,0.8125,0.828125,0.84375,0.875,0.90625,0.9375,0.96875,0.99197091),.UNSPECIFIED.);
#3903=EDGE_CURVE('',#3776,#3822,#3902,.T.);
#3904=ORIENTED_EDGE('',*,*,#3903,.T.);
#3905=CARTESIAN_POINT('',(72.583574916,22.315606383,-1.));
#3906=VERTEX_POINT('',#3905);
#3907=CARTESIAN_POINT('',(72.583574916,22.315606383,5.5));
#3908=DIRECTION('',(0.,0.,-1.));
#3909=VECTOR('',#3908,6.5);
#3910=LINE('',#3907,#3909);
#3911=EDGE_CURVE('',#3822,#3906,#3910,.T.);
#3912=ORIENTED_EDGE('',*,*,#3911,.T.);
#3913=CARTESIAN_POINT('',(109.,-4.,-1.));
#3914=CARTESIAN_POINT('',(108.340437508,-3.683830919,-1.));
#3915=CARTESIAN_POINT('',(107.669104028,-3.396473529,-1.));
#3916=CARTESIAN_POINT('',(106.98950391,-3.14518078,-1.));
#3917=CARTESIAN_POINT('',(106.309903792,-2.893888032,-1.));
#3918=CARTESIAN_POINT('',(105.620639124,-2.677961566,-1.));
#3919=CARTESIAN_POINT('',(104.920116503,-2.503232254,-1.));
#3920=CARTESIAN_POINT('',(104.219593883,-2.328502943,-1.));
#3921=CARTESIAN_POINT('',(103.507810451,-2.194981245,-1.));
#3922=CARTESIAN_POINT('',(102.782915602,-2.109439239,-1.));
#3923=CARTESIAN_POINT('',(102.420468177,-2.066668235,-1.));
#3924=CARTESIAN_POINT('',(102.053237892,-2.035893037,-1.));
#3925=CARTESIAN_POINT('',(101.687986067,-2.018181232,-1.));
#3926=CARTESIAN_POINT('',(101.322734242,-2.000469427,-1.));
#3927=CARTESIAN_POINT('',(100.958792491,-1.995636305,-1.));
#3928=CARTESIAN_POINT('',(100.596143813,-2.003514738,-1.));
#3929=CARTESIAN_POINT('',(99.870846456,-2.019271603,-1.));
#3930=CARTESIAN_POINT('',(99.150738635,-2.086044214,-1.));
#3931=CARTESIAN_POINT('',(98.435528854,-2.200967018,-1.));
#3932=CARTESIAN_POINT('',(98.077923963,-2.258428419,-1.));
#3933=CARTESIAN_POINT('',(97.721540123,-2.327893357,-1.));
#3934=CARTESIAN_POINT('',(97.36631588,-2.408757715,-1.));
#3935=CARTESIAN_POINT('',(97.011091636,-2.489622074,-1.));
#3936=CARTESIAN_POINT('',(96.656069423,-2.5821787,-1.));
#3937=CARTESIAN_POINT('',(96.304527431,-2.684616999,-1.));
#3938=CARTESIAN_POINT('',(94.898359466,-3.094370193,-1.));
#3939=CARTESIAN_POINT('',(93.560610175,-3.657921008,-1.));
#3940=CARTESIAN_POINT('',(92.251727354,-4.286360458,-1.));
#3941=CARTESIAN_POINT('',(91.597285944,-4.600580183,-1.));
#3942=CARTESIAN_POINT('',(90.950011928,-4.930911418,-1.));
#3943=CARTESIAN_POINT('',(90.304201735,-5.264533167,-1.));
#3944=CARTESIAN_POINT('',(89.658391542,-5.598154917,-1.));
#3945=CARTESIAN_POINT('',(89.014010047,-5.935191711,-1.));
#3946=CARTESIAN_POINT('',(88.364512386,-6.260304305,-1.));
#3947=CARTESIAN_POINT('',(87.065517064,-6.910529492,-1.));
#3948=CARTESIAN_POINT('',(85.749036884,-7.512906606,-1.));
#3949=CARTESIAN_POINT('',(84.355604885,-7.904701736,-1.));
#3950=CARTESIAN_POINT('',(84.007246886,-8.002650519,-1.));
#3951=CARTESIAN_POINT('',(83.654409823,-8.088342152,-1.));
#3952=CARTESIAN_POINT('',(83.296836042,-8.161071549,-1.));
#3953=CARTESIAN_POINT('',(82.939262262,-8.233800947,-1.));
#3954=CARTESIAN_POINT('',(82.576915664,-8.293409573,-1.));
#3955=CARTESIAN_POINT('',(82.21591056,-8.338593174,-1.));
#3956=CARTESIAN_POINT('',(81.493900351,-8.428960377,-1.));
#3957=CARTESIAN_POINT('',(80.771138809,-8.463288755,-1.));
#3958=CARTESIAN_POINT('',(80.047594048,-8.439200071,-1.));
#3959=CARTESIAN_POINT('',(79.685821668,-8.427155729,-1.));
#3960=CARTESIAN_POINT('',(79.323852663,-8.400445948,-1.));
#3961=CARTESIAN_POINT('',(78.961677198,-8.358337186,-1.));
#3962=CARTESIAN_POINT('',(78.599501733,-8.316228424,-1.));
#3963=CARTESIAN_POINT('',(78.235958213,-8.258350062,-1.));
#3964=CARTESIAN_POINT('',(77.87918148,-8.18565779,-1.));
#3965=CARTESIAN_POINT('',(77.165628015,-8.040273246,-1.));
#3966=CARTESIAN_POINT('',(76.472841755,-7.835625424,-1.));
#3967=CARTESIAN_POINT('',(75.801241024,-7.57052056,-1.));
#3968=CARTESIAN_POINT('',(75.465440659,-7.437968127,-1.));
#3969=CARTESIAN_POINT('',(75.134962494,-7.290227755,-1.));
#3970=CARTESIAN_POINT('',(74.810030045,-7.126661604,-1.));
#3971=CARTESIAN_POINT('',(74.485097595,-6.963095452,-1.));
#3972=CARTESIAN_POINT('',(74.164567869,-6.782930363,-1.));
#3973=CARTESIAN_POINT('',(73.853708555,-6.588391651,-1.));
#3974=CARTESIAN_POINT('',(73.542849241,-6.393852939,-1.));
#3975=CARTESIAN_POINT('',(73.240393873,-6.184172826,-1.));
#3976=CARTESIAN_POINT('',(72.949936728,-5.961902326,-1.));
#3977=CARTESIAN_POINT('',(72.659479584,-5.739631826,-1.));
#3978=CARTESIAN_POINT('',(72.381310966,-5.50526971,-1.));
#3979=CARTESIAN_POINT('',(72.115174971,-5.259067783,-1.));
#3980=CARTESIAN_POINT('',(71.58290298,-4.766663929,-1.));
#3981=CARTESIAN_POINT('',(71.098105158,-4.227546632,-1.));
#3982=CARTESIAN_POINT('',(70.666220124,-3.636364421,-1.));
#3983=CARTESIAN_POINT('',(70.558248865,-3.488568868,-1.));
#3984=CARTESIAN_POINT('',(70.453458941,-3.337150338,-1.));
#3985=CARTESIAN_POINT('',(70.353314325,-3.183957434,-1.));
#3986=CARTESIAN_POINT('',(70.253169709,-3.03076453,-1.));
#3987=CARTESIAN_POINT('',(70.157403801,-2.875463392,-1.));
#3988=CARTESIAN_POINT('',(70.066101481,-2.718013153,-1.));
#3989=CARTESIAN_POINT('',(69.883496841,-2.403112676,-1.));
#3990=CARTESIAN_POINT('',(69.71868801,-2.079643982,-1.));
#3991=CARTESIAN_POINT('',(69.573009703,-1.746964439,-1.));
#3992=CARTESIAN_POINT('',(69.427331397,-1.414284896,-1.));
#3993=CARTESIAN_POINT('',(69.300762016,-1.072404905,-1.));
#3994=CARTESIAN_POINT('',(69.195708917,-0.720165386,-1.));
#3995=CARTESIAN_POINT('',(69.090655818,-0.367925867,-1.));
#3996=CARTESIAN_POINT('',(69.008857069,-0.010420687,-1.));
#3997=CARTESIAN_POINT('',(68.952171854,0.3487984,-1.));
#3998=CARTESIAN_POINT('',(68.89548664,0.708017488,-1.));
#3999=CARTESIAN_POINT('',(68.863558096,1.070105345,-1.));
#4000=CARTESIAN_POINT('',(68.858039892,1.435253598,-1.));
#4001=CARTESIAN_POINT('',(68.852521688,1.800401851,-1.));
#4002=CARTESIAN_POINT('',(68.874086577,2.170796731,-1.));
#4003=CARTESIAN_POINT('',(68.922329751,2.532424808,-1.));
#4004=CARTESIAN_POINT('',(68.970572925,2.894052886,-1.));
#4005=CARTESIAN_POINT('',(69.045145601,3.249499931,-1.));
#4006=CARTESIAN_POINT('',(69.145168537,3.59897235,-1.));
#4007=CARTESIAN_POINT('',(69.245191473,3.94844477,-1.));
#4008=CARTESIAN_POINT('',(69.372124917,4.292812607,-1.));
#4009=CARTESIAN_POINT('',(69.517865284,4.630070394,-1.));
#4010=CARTESIAN_POINT('',(69.663605652,4.96732818,-1.));
#4011=CARTESIAN_POINT('',(69.826302423,5.294672627,-1.));
#4012=CARTESIAN_POINT('',(69.999702073,5.615759778,-1.));
#4013=CARTESIAN_POINT('',(70.173101723,5.936846928,-1.));
#4014=CARTESIAN_POINT('',(70.357269437,6.251638671,-1.));
#4015=CARTESIAN_POINT('',(70.547749205,6.562740154,-1.));
#4016=CARTESIAN_POINT('',(70.928708743,7.18494312,-1.));
#4017=CARTESIAN_POINT('',(71.334500035,7.792628526,-1.));
#4018=CARTESIAN_POINT('',(71.739478019,8.400789423,-1.));
#4019=CARTESIAN_POINT('',(72.144456002,9.00895032,-1.));
#4020=CARTESIAN_POINT('',(72.549152486,9.617277139,-1.));
#4021=CARTESIAN_POINT('',(72.932018079,10.238481674,-1.));
#4022=CARTESIAN_POINT('',(73.314883673,10.85968621,-1.));
#4023=CARTESIAN_POINT('',(73.676370288,11.493501823,-1.));
#4024=CARTESIAN_POINT('',(73.991973151,12.154383444,-1.));
#4025=CARTESIAN_POINT('',(74.149774583,12.484824255,-1.));
#4026=CARTESIAN_POINT('',(74.295778505,12.82196427,-1.));
#4027=CARTESIAN_POINT('',(74.424640001,13.162970763,-1.));
#4028=CARTESIAN_POINT('',(74.553501497,13.503977256,-1.));
#4029=CARTESIAN_POINT('',(74.665736775,13.849863508,-1.));
#4030=CARTESIAN_POINT('',(74.757681875,14.20170488,-1.));
#4031=CARTESIAN_POINT('',(74.849626974,14.553546253,-1.));
#4032=CARTESIAN_POINT('',(74.921290404,14.91134025,-1.));
#4033=CARTESIAN_POINT('',(74.968664644,15.27626307,-1.));
#4034=CARTESIAN_POINT('',(75.016038885,15.641185889,-1.));
#4035=CARTESIAN_POINT('',(75.037978117,16.006252479,-1.));
#4036=CARTESIAN_POINT('',(75.033795772,16.368227079,-1.));
#4037=CARTESIAN_POINT('',(75.029613428,16.730201679,-1.));
#4038=CARTESIAN_POINT('',(74.999470168,17.090122339,-1.));
#4039=CARTESIAN_POINT('',(74.9436568,17.448012067,-1.));
#4040=CARTESIAN_POINT('',(74.915750117,17.626956931,-1.));
#4041=CARTESIAN_POINT('',(74.881436277,17.805394882,-1.));
#4042=CARTESIAN_POINT('',(74.840786911,17.983331588,-1.));
#4043=CARTESIAN_POINT('',(74.800137546,18.161268294,-1.));
#4044=CARTESIAN_POINT('',(74.75294643,18.339368415,-1.));
#4045=CARTESIAN_POINT('',(74.700038945,18.515287249,-1.));
#4046=CARTESIAN_POINT('',(74.488409003,19.218962586,-1.));
#4047=CARTESIAN_POINT('',(74.189626348,19.880516187,-1.));
#4048=CARTESIAN_POINT('',(73.828954254,20.512158034,-1.));
#4049=CARTESIAN_POINT('',(73.648618207,20.827978957,-1.));
#4050=CARTESIAN_POINT('',(73.452266128,21.136727432,-1.));
#4051=CARTESIAN_POINT('',(73.24324428,21.437880228,-1.));
#4052=CARTESIAN_POINT('',(73.034222431,21.739033025,-1.));
#4053=CARTESIAN_POINT('',(72.813667707,22.031083615,-1.));
#4054=CARTESIAN_POINT('',(72.583574916,22.315606383,-1.));
#4055=B_SPLINE_CURVE_WITH_KNOTS('',3,(#3913,#3914,#3915,#3916,#3917,#3918,#3919,#3920,#3921,#3922,#3923,#3924,#3925,#3926,#3927,#3928,#3929,#3930,#3931,#3932,#3933,#3934,#3935,#3936,#3937,#3938,
#3939,#3940,#3941,#3942,#3943,#3944,#3945,#3946,#3947,#3948,#3949,#3950,#3951,#3952,#3953,#3954,#3955,#3956,#3957,#3958,#3959,#3960,#3961,#3962,#3963,
#3964,#3965,#3966,#3967,#3968,#3969,#3970,#3971,#3972,#3973,#3974,#3975,#3976,#3977,#3978,#3979,#3980,#3981,#3982,#3983,#3984,#3985,#3986,#3987,#3988,
#3989,#3990,#3991,#3992,#3993,#3994,#3995,#3996,#3997,#3998,#3999,#4000,#4001,#4002,#4003,#4004,#4005,#4006,#4007,#4008,#4009,#4010,#4011,#4012,#4013,
#4014,#4015,#4016,#4017,#4018,#4019,#4020,#4021,#4022,#4023,#4024,#4025,#4026,#4027,#4028,#4029,#4030,#4031,#4032,#4033,#4034,#4035,#4036,#4037,#4038,
#4039,#4040,#4041,#4042,#4043,#4044,#4045,#4046,#4047,#4048,#4049,#4050,#4051,#4052,#4053,#4054),.UNSPECIFIED.,.F.,.F.,(4,3,3,3,3,3,3,3,3,3,3,3,3,3,3,3,3,3,3,3,3,3,3,3,3,3,
3,3,3,3,3,3,3,3,3,3,3,3,3,3,3,3,3,3,3,3,3,4),(0.407726528,0.409920467,0.412114405,0.414308344,0.415405314,0.416502283,0.418696222,0.419793191,0.420890161,0.425278038,0.427471977,0.429665916,0.434053794,0.435150763,0.436247732,0.438441671,0.439538641,0.44063561,0.442829549,0.443926518,0.445023488,0.446120457,0.447217427,0.449411365,0.44995985,0.450508335,
0.451605304,0.452702274,0.453799243,0.454896212,0.455993182,0.457090151,0.458187121,0.45928409,0.46038106,0.462574998,0.464768937,0.466962876,0.468059845,0.469156815,0.470253784,0.471350754,0.472447723,0.472996208,0.473544692,0.475738631,0.476835601,0.47793257),.UNSPECIFIED.);
#4056=EDGE_CURVE('',#3738,#3906,#4055,.T.);
#4057=ORIENTED_EDGE('',*,*,#4056,.F.);
#4058=ORIENTED_EDGE('',*,*,#3787,.F.);
#4059=EDGE_LOOP('',(#3904,#3912,#4057,#4058));
#4060=FACE_BOUND('',#4059,.T.);
#4061=ADVANCED_FACE('',(#4060),#3820,.T.);
#4062=CARTESIAN_POINT('',(71.468250581,23.395371502,5.5));
#4063=CARTESIAN_POINT('',(71.468250581,23.395371502,3.));
#4064=CARTESIAN_POINT('',(71.468250581,23.395371502,0.));
#4065=CARTESIAN_POINT('',(71.468250581,23.395371502,-1.));
#4066=CARTESIAN_POINT('',(61.380115959,31.026634376,5.5));
#4067=CARTESIAN_POINT('',(61.380115959,31.026634376,3.));
#4068=CARTESIAN_POINT('',(61.380115959,31.026634376,0.));
#4069=CARTESIAN_POINT('',(61.380115959,31.026634376,-1.));
#4070=CARTESIAN_POINT('',(63.,40.,5.5));
#4071=CARTESIAN_POINT('',(63.,40.,3.));
#4072=CARTESIAN_POINT('',(63.,40.,0.));
#4073=CARTESIAN_POINT('',(63.,40.,-1.));
#4074=B_SPLINE_SURFACE_WITH_KNOTS('',2,1,((#4062,#4063,#4064,#4065),(#4066,#4067,#4068,#4069),(#4070,#4071,#4072,#4073)),.UNSPECIFIED.,.F.,.F.,.U.,(3,3),(2,1,1,2),(0.025306933,1.),(-0.833333333,0.,1.,1.333333333),.UNSPECIFIED.);
#4075=CARTESIAN_POINT('',(71.468250581,23.395371502,-1.));
#4076=VERTEX_POINT('',#4075);
#4077=CARTESIAN_POINT('',(63.,40.,-1.));
#4078=VERTEX_POINT('',#4077);
#4079=CARTESIAN_POINT('',(71.468250581,23.395371502,-1.));
#4080=CARTESIAN_POINT('',(70.811864762,23.891900623,-1.));
#4081=CARTESIAN_POINT('',(70.171554182,24.408617404,-1.));
#4082=CARTESIAN_POINT('',(69.554686669,24.946386991,-1.));
#4083=CARTESIAN_POINT('',(68.937819156,25.484156578,-1.));
#4084=CARTESIAN_POINT('',(68.343333155,26.043690557,-1.));
#4085=CARTESIAN_POINT('',(67.776302482,26.629922842,-1.));
#4086=CARTESIAN_POINT('',(67.209271808,27.216155127,-1.));
#4087=CARTESIAN_POINT('',(66.66962024,27.829011599,-1.));
#4088=CARTESIAN_POINT('',(66.164661308,28.475604134,-1.));
#4089=CARTESIAN_POINT('',(65.659702376,29.122196668,-1.));
#4090=CARTESIAN_POINT('',(65.18786221,29.805746789,-1.));
#4091=CARTESIAN_POINT('',(64.769582278,30.518596132,-1.));
#4092=CARTESIAN_POINT('',(64.560442312,30.875020804,-1.));
#4093=CARTESIAN_POINT('',(64.363841406,31.240195695,-1.));
#4094=CARTESIAN_POINT('',(64.18310566,31.610763582,-1.));
#4095=CARTESIAN_POINT('',(64.002369914,31.98133147,-1.));
#4096=CARTESIAN_POINT('',(63.837210629,32.357633721,-1.));
#4097=CARTESIAN_POINT('',(63.688620834,32.740035912,-1.));
#4098=CARTESIAN_POINT('',(63.540031038,33.122438103,-1.));
#4099=CARTESIAN_POINT('',(63.408010856,33.51094028,-1.));
#4100=CARTESIAN_POINT('',(63.29366333,33.90594852,-1.));
#4101=CARTESIAN_POINT('',(63.236489566,34.10345264,-1.));
#4102=CARTESIAN_POINT('',(63.183736101,34.302584062,-1.));
#4103=CARTESIAN_POINT('',(63.13555243,34.50339782,-1.));
#4104=CARTESIAN_POINT('',(63.087368759,34.704211579,-1.));
#4105=CARTESIAN_POINT('',(63.043679583,34.907185274,-1.));
#4106=CARTESIAN_POINT('',(63.005049384,35.109999708,-1.));
#4107=CARTESIAN_POINT('',(62.850528587,35.921257443,-1.));
#4108=CARTESIAN_POINT('',(62.775442587,36.734529059,-1.));
#4109=CARTESIAN_POINT('',(62.775879919,37.549715392,-1.));
#4110=CARTESIAN_POINT('',(62.776098586,37.957308558,-1.));
#4111=CARTESIAN_POINT('',(62.795203154,38.365380531,-1.));
#4112=CARTESIAN_POINT('',(62.832734445,38.773919671,-1.));
#4113=CARTESIAN_POINT('',(62.870265735,39.182458811,-1.));
#4114=CARTESIAN_POINT('',(62.926451129,39.592575215,-1.));
#4115=CARTESIAN_POINT('',(63.,40.,-1.));
#4116=B_SPLINE_CURVE_WITH_KNOTS('',3,(#4079,#4080,#4081,#4082,#4083,#4084,#4085,#4086,#4087,#4088,#4089,#4090,#4091,#4092,#4093,#4094,#4095,#4096,#4097,#4098,#4099,#4100,#4101,#4102,#4103,#4104,
#4105,#4106,#4107,#4108,#4109,#4110,#4111,#4112,#4113,#4114,#4115),.UNSPECIFIED.,.F.,.F.,(4,3,3,3,3,3,3,3,3,3,3,3,4),(0.106316614,0.108784913,0.111253213,0.113721513,0.116189812,0.117423962,0.118658112,0.119892262,0.120509337,0.121126412,0.123594711,0.124828861,0.126063011),.UNSPECIFIED.);
#4117=EDGE_CURVE('',#4076,#4078,#4116,.T.);
#4118=ORIENTED_EDGE('',*,*,#4117,.F.);
#4119=CARTESIAN_POINT('',(71.468250581,23.395371502,5.5));
#4120=VERTEX_POINT('',#4119);
#4121=CARTESIAN_POINT('',(71.468250581,23.395371502,-1.));
#4122=DIRECTION('',(-0.,-0.,1.));
#4123=VECTOR('',#4122,6.5);
#4124=LINE('',#4121,#4123);
#4125=EDGE_CURVE('',#4076,#4120,#4124,.T.);
#4126=ORIENTED_EDGE('',*,*,#4125,.T.);
#4127=CARTESIAN_POINT('',(63.,40.,5.5));
#4128=VERTEX_POINT('',#4127);
#4129=CARTESIAN_POINT('',(71.468250581,23.395371502,5.5));
#4130=CARTESIAN_POINT('',(61.380115959,31.026634376,5.5));
#4131=CARTESIAN_POINT('',(63.,40.,5.5));
#4132=B_SPLINE_CURVE_WITH_KNOTS('',2,(#4129,#4130,#4131),.UNSPECIFIED.,.F.,.F.,(3,3),(0.025306933,1.),.UNSPECIFIED.);
#4133=EDGE_CURVE('',#4120,#4128,#4132,.T.);
#4134=ORIENTED_EDGE('',*,*,#4133,.T.);
#4135=CARTESIAN_POINT('',(63.,40.,5.5));
#4136=DIRECTION('',(0.,0.,-1.));
#4137=VECTOR('',#4136,6.5);
#4138=LINE('',#4135,#4137);
#4139=EDGE_CURVE('',#4128,#4078,#4138,.T.);
#4140=ORIENTED_EDGE('',*,*,#4139,.T.);
#4141=EDGE_LOOP('',(#4118,#4126,#4134,#4140));
#4142=FACE_BOUND('',#4141,.T.);
#4143=ADVANCED_FACE('',(#4142),#4074,.T.);
#4144=CARTESIAN_POINT('',(63.,40.,5.5));
#4145=CARTESIAN_POINT('',(63.,40.,3.));
#4146=CARTESIAN_POINT('',(63.,40.,0.));
#4147=CARTESIAN_POINT('',(63.,40.,-1.));
#4148=CARTESIAN_POINT('',(65.225523073,48.915628075,5.5));
#4149=CARTESIAN_POINT('',(65.225523073,48.915628075,3.));
#4150=CARTESIAN_POINT('',(65.225523073,48.915628075,0.));
#4151=CARTESIAN_POINT('',(65.225523073,48.915628075,-1.));
#4152=CARTESIAN_POINT('',(76.,47.,5.5));
#4153=CARTESIAN_POINT('',(76.,47.,3.));
#4154=CARTESIAN_POINT('',(76.,47.,0.));
#4155=CARTESIAN_POINT('',(76.,47.,-1.));
#4156=B_SPLINE_SURFACE_WITH_KNOTS('',2,1,((#4144,#4145,#4146,#4147),(#4148,#4149,#4150,#4151),(#4152,#4153,#4154,#4155)),.UNSPECIFIED.,.F.,.F.,.U.,(3,3),(2,1,1,2),(0.,1.),(-0.833333333,0.,1.,1.333333333),.UNSPECIFIED.);
#4157=CARTESIAN_POINT('',(76.,47.,-1.));
#4158=VERTEX_POINT('',#4157);
#4159=CARTESIAN_POINT('',(63.,40.,-1.));
#4160=CARTESIAN_POINT('',(63.169330893,40.678353452,-1.));
#4161=CARTESIAN_POINT('',(63.384920122,41.345956152,-1.));
#4162=CARTESIAN_POINT('',(63.657298996,41.98394115,-1.));
#4163=CARTESIAN_POINT('',(63.793488433,42.302933649,-1.));
#4164=CARTESIAN_POINT('',(63.944033031,42.615061338,-1.));
#4165=CARTESIAN_POINT('',(64.111173745,42.919252564,-1.));
#4166=CARTESIAN_POINT('',(64.194744103,43.071348177,-1.));
#4167=CARTESIAN_POINT('',(64.2824745,43.22145441,-1.));
#4168=CARTESIAN_POINT('',(64.374701092,43.369410508,-1.));
#4169=CARTESIAN_POINT('',(64.466927683,43.517366606,-1.));
#4170=CARTESIAN_POINT('',(64.564005092,43.663654708,-1.));
#4171=CARTESIAN_POINT('',(64.664985055,43.806253848,-1.));
#4172=CARTESIAN_POINT('',(65.068904908,44.376650411,-1.));
#4173=CARTESIAN_POINT('',(65.533223517,44.886443889,-1.));
#4174=CARTESIAN_POINT('',(66.063704013,45.329851653,-1.));
#4175=CARTESIAN_POINT('',(66.196324136,45.440703595,-1.));
#4176=CARTESIAN_POINT('',(66.333083772,45.547402019,-1.));
#4177=CARTESIAN_POINT('',(66.474081958,45.649847556,-1.));
#4178=CARTESIAN_POINT('',(66.615080143,45.752293093,-1.));
#4179=CARTESIAN_POINT('',(66.76073248,45.8507289,-1.));
#4180=CARTESIAN_POINT('',(66.909337781,45.943972106,-1.));
#4181=CARTESIAN_POINT('',(67.206548382,46.130458519,-1.));
#4182=CARTESIAN_POINT('',(67.517169223,46.297014214,-1.));
#4183=CARTESIAN_POINT('',(67.833221214,46.441832943,-1.));
#4184=CARTESIAN_POINT('',(68.465325195,46.731470401,-1.));
#4185=CARTESIAN_POINT('',(69.123602056,46.938382155,-1.));
#4186=CARTESIAN_POINT('',(69.80218962,47.081097032,-1.));
#4187=CARTESIAN_POINT('',(70.141483402,47.15245447,-1.));
#4188=CARTESIAN_POINT('',(70.48755359,47.207795848,-1.));
#4189=CARTESIAN_POINT('',(70.8335258,47.248205912,-1.));
#4190=CARTESIAN_POINT('',(71.17949801,47.288615975,-1.));
#4191=CARTESIAN_POINT('',(71.525081308,47.314280539,-1.));
#4192=CARTESIAN_POINT('',(71.870339989,47.327637383,-1.));
#4193=CARTESIAN_POINT('',(72.560857353,47.354351071,-1.));
#4194=CARTESIAN_POINT('',(73.250085858,47.332198103,-1.));
#4195=CARTESIAN_POINT('',(73.938367869,47.274159091,-1.));
#4196=CARTESIAN_POINT('',(74.62664988,47.216120078,-1.));
#4197=CARTESIAN_POINT('',(75.315145014,47.121762518,-1.));
#4198=CARTESIAN_POINT('',(76.,47.,-1.));
#4199=B_SPLINE_CURVE_WITH_KNOTS('',3,(#4159,#4160,#4161,#4162,#4163,#4164,#4165,#4166,#4167,#4168,#4169,#4170,#4171,#4172,#4173,#4174,#4175,#4176,#4177,#4178,#4179,#4180,#4181,#4182,#4183,#4184,
#4185,#4186,#4187,#4188,#4189,#4190,#4191,#4192,#4193,#4194,#4195,#4196,#4197,#4198),.UNSPECIFIED.,.F.,.F.,(4,3,3,3,3,3,3,3,3,3,3,3,3,4),(0.020707301,0.022800749,0.023847472,0.024370834,0.024894196,0.026987644,0.027511005,0.028034367,0.029081091,0.031174538,0.032221262,0.033267986,0.035361433,0.03745488),.UNSPECIFIED.);
#4200=EDGE_CURVE('',#4078,#4158,#4199,.T.);
#4201=ORIENTED_EDGE('',*,*,#4200,.F.);
#4202=ORIENTED_EDGE('',*,*,#4139,.F.);
#4203=CARTESIAN_POINT('',(76.,47.,5.5));
#4204=VERTEX_POINT('',#4203);
#4205=CARTESIAN_POINT('',(63.,40.,5.5));
#4206=CARTESIAN_POINT('',(65.225523073,48.915628075,5.5));
#4207=CARTESIAN_POINT('',(76.,47.,5.5));
#4208=B_SPLINE_CURVE_WITH_KNOTS('',2,(#4205,#4206,#4207),.UNSPECIFIED.,.F.,.F.,(3,3),(0.,1.),.UNSPECIFIED.);
#4209=EDGE_CURVE('',#4128,#4204,#4208,.T.);
#4210=ORIENTED_EDGE('',*,*,#4209,.T.);
#4211=CARTESIAN_POINT('',(76.,47.,5.5));
#4212=DIRECTION('',(0.,0.,-1.));
#4213=VECTOR('',#4212,6.5);
#4214=LINE('',#4211,#4213);
#4215=EDGE_CURVE('',#4204,#4158,#4214,.T.);
#4216=ORIENTED_EDGE('',*,*,#4215,.T.);
#4217=EDGE_LOOP('',(#4201,#4202,#4210,#4216));
#4218=FACE_BOUND('',#4217,.T.);
#4219=ADVANCED_FACE('',(#4218),#4156,.T.);
#4220=CARTESIAN_POINT('',(76.,47.,5.5));
#4221=CARTESIAN_POINT('',(76.,47.,3.));
#4222=CARTESIAN_POINT('',(76.,47.,0.));
#4223=CARTESIAN_POINT('',(76.,47.,-1.));
#4224=CARTESIAN_POINT('',(80.914336256,46.744609869,5.5));
#4225=CARTESIAN_POINT('',(80.914336256,46.744609869,3.));
#4226=CARTESIAN_POINT('',(80.914336256,46.744609869,0.));
#4227=CARTESIAN_POINT('',(80.914336256,46.744609869,-1.));
#4228=CARTESIAN_POINT('',(82.197245464,51.529690623,5.5));
#4229=CARTESIAN_POINT('',(82.197245464,51.529690623,3.));
#4230=CARTESIAN_POINT('',(82.197245464,51.529690623,0.));
#4231=CARTESIAN_POINT('',(82.197245464,51.529690623,-1.));
#4232=B_SPLINE_SURFACE_WITH_KNOTS('',2,1,((#4220,#4221,#4222,#4223),(#4224,#4225,#4226,#4227),(#4228,#4229,#4230,#4231)),.UNSPECIFIED.,.F.,.F.,.U.,(3,3),(2,1,1,2),(0.,1.),(-0.833333333,0.,1.,1.333333333),.UNSPECIFIED.);
#4233=CARTESIAN_POINT('',(82.197245464,51.529690623,-1.));
#4234=VERTEX_POINT('',#4233);
#4235=CARTESIAN_POINT('',(76.,47.,-1.));
#4236=CARTESIAN_POINT('',(76.353466998,46.98163089,-1.));
#4237=CARTESIAN_POINT('',(76.706128353,46.981963232,-1.));
#4238=CARTESIAN_POINT('',(77.057760257,47.006192247,-1.));
#4239=CARTESIAN_POINT('',(77.409392161,47.030421262,-1.));
#4240=CARTESIAN_POINT('',(77.762304565,47.07922137,-1.));
#4241=CARTESIAN_POINT('',(78.104953585,47.157358408,-1.));
#4242=CARTESIAN_POINT('',(78.447602605,47.235495446,-1.));
#4243=CARTESIAN_POINT('',(78.78114295,47.342697287,-1.));
#4244=CARTESIAN_POINT('',(79.103658663,47.485077552,-1.));
#4245=CARTESIAN_POINT('',(79.264916519,47.556267684,-1.));
#4246=CARTESIAN_POINT('',(79.423991236,47.636685239,-1.));
#4247=CARTESIAN_POINT('',(79.577462992,47.725307867,-1.));
#4248=CARTESIAN_POINT('',(79.730934747,47.813930494,-1.));
#4249=CARTESIAN_POINT('',(79.879426379,47.910999117,-1.));
#4250=CARTESIAN_POINT('',(80.022356948,48.016383399,-1.));
#4251=CARTESIAN_POINT('',(80.308218084,48.227151962,-1.));
#4252=CARTESIAN_POINT('',(80.564654448,48.465684779,-1.));
#4253=CARTESIAN_POINT('',(80.795104287,48.728737634,-1.));
#4254=CARTESIAN_POINT('',(80.910329207,48.860264061,-1.));
#4255=CARTESIAN_POINT('',(81.019046459,48.99793091,-1.));
#4256=CARTESIAN_POINT('',(81.121625064,49.141389988,-1.));
#4257=CARTESIAN_POINT('',(81.224203668,49.284849065,-1.));
#4258=CARTESIAN_POINT('',(81.320677197,49.434336283,-1.));
#4259=CARTESIAN_POINT('',(81.40967345,49.586086217,-1.));
#4260=CARTESIAN_POINT('',(81.587665955,49.889586084,-1.));
#4261=CARTESIAN_POINT('',(81.738260829,50.205069937,-1.));
#4262=CARTESIAN_POINT('',(81.867799583,50.529763938,-1.));
#4263=CARTESIAN_POINT('',(81.997338338,50.854457939,-1.));
#4264=CARTESIAN_POINT('',(82.10582505,51.188704636,-1.));
#4265=CARTESIAN_POINT('',(82.197245464,51.529690623,-1.));
#4266=B_SPLINE_CURVE_WITH_KNOTS('',3,(#4235,#4236,#4237,#4238,#4239,#4240,#4241,#4242,#4243,#4244,#4245,#4246,#4247,#4248,#4249,#4250,#4251,#4252,#4253,#4254,#4255,#4256,#4257,#4258,#4259,#4260,
#4261,#4262,#4263,#4264,#4265),.UNSPECIFIED.,.F.,.F.,(4,3,3,3,3,3,3,3,3,3,4),(0.02398429,0.025040247,0.026096204,0.027152161,0.027680139,0.028208118,0.029264074,0.029792053,0.030320031,0.031375988,0.032431945),.UNSPECIFIED.);
#4267=EDGE_CURVE('',#4158,#4234,#4266,.T.);
#4268=ORIENTED_EDGE('',*,*,#4267,.F.);
#4269=ORIENTED_EDGE('',*,*,#4215,.F.);
#4270=CARTESIAN_POINT('',(82.197245464,51.529690623,5.5));
#4271=VERTEX_POINT('',#4270);
#4272=CARTESIAN_POINT('',(76.,47.,5.5));
#4273=CARTESIAN_POINT('',(80.914336256,46.744609869,5.5));
#4274=CARTESIAN_POINT('',(82.197245464,51.529690623,5.5));
#4275=B_SPLINE_CURVE_WITH_KNOTS('',2,(#4272,#4273,#4274),.UNSPECIFIED.,.F.,.F.,(3,3),(0.,1.),.UNSPECIFIED.);
#4276=EDGE_CURVE('',#4204,#4271,#4275,.T.);
#4277=ORIENTED_EDGE('',*,*,#4276,.T.);
#4278=CARTESIAN_POINT('',(82.197245464,51.529690623,5.5));
#4279=DIRECTION('',(0.,0.,-1.));
#4280=VECTOR('',#4279,6.5);
#4281=LINE('',#4278,#4280);
#4282=EDGE_CURVE('',#4271,#4234,#4281,.T.);
#4283=ORIENTED_EDGE('',*,*,#4282,.T.);
#4284=EDGE_LOOP('',(#4268,#4269,#4277,#4283));
#4285=FACE_BOUND('',#4284,.T.);
#4286=ADVANCED_FACE('',(#4285),#4232,.T.);
#4287=CARTESIAN_POINT('',(82.197245464,51.529690623,5.5));
#4288=CARTESIAN_POINT('',(82.197245464,51.529690623,3.));
#4289=CARTESIAN_POINT('',(82.197245464,51.529690623,0.));
#4290=CARTESIAN_POINT('',(82.197245464,51.529690623,-1.));
#4291=CARTESIAN_POINT('',(85.849702239,63.630314128,5.5));
#4292=CARTESIAN_POINT('',(85.849702239,63.630314128,3.));
#4293=CARTESIAN_POINT('',(85.849702239,63.630314128,0.));
#4294=CARTESIAN_POINT('',(85.849702239,63.630314128,-1.));
#4295=CARTESIAN_POINT('',(94.949421184,59.518965975,5.5));
#4296=CARTESIAN_POINT('',(94.949421184,59.518965975,3.));
#4297=CARTESIAN_POINT('',(94.949421184,59.518965975,0.));
#4298=CARTESIAN_POINT('',(94.949421184,59.518965975,-1.));
#4299=B_SPLINE_SURFACE_WITH_KNOTS('',2,1,((#4287,#4288,#4289,#4290),(#4291,#4292,#4293,#4294),(#4295,#4296,#4297,#4298)),.UNSPECIFIED.,.F.,.F.,.U.,(3,3),(2,1,1,2),(0.,0.946287262),(-0.833333333,0.,1.,1.333333333),.UNSPECIFIED.);
#4300=CARTESIAN_POINT('',(94.949421184,59.518965975,5.5));
#4301=VERTEX_POINT('',#4300);
#4302=CARTESIAN_POINT('',(82.197245464,51.529690623,5.5));
#4303=CARTESIAN_POINT('',(85.849702239,63.630314127,5.5));
#4304=CARTESIAN_POINT('',(94.949421184,59.518965975,5.5));
#4305=B_SPLINE_CURVE_WITH_KNOTS('',2,(#4302,#4303,#4304),.UNSPECIFIED.,.F.,.F.,(3,3),(0.,0.946287262),.UNSPECIFIED.);
#4306=EDGE_CURVE('',#4271,#4301,#4305,.T.);
#4307=ORIENTED_EDGE('',*,*,#4306,.T.);
#4308=CARTESIAN_POINT('',(94.949421184,59.518965975,-1.));
#4309=VERTEX_POINT('',#4308);
#4310=CARTESIAN_POINT('',(94.949421184,59.518965975,5.5));
#4311=DIRECTION('',(0.,0.,-1.));
#4312=VECTOR('',#4311,6.5);
#4313=LINE('',#4310,#4312);
#4314=EDGE_CURVE('',#4301,#4309,#4313,.T.);
#4315=ORIENTED_EDGE('',*,*,#4314,.T.);
#4316=CARTESIAN_POINT('',(82.197245464,51.529690623,-1.));
#4317=CARTESIAN_POINT('',(82.411534404,52.239631891,-1.));
#4318=CARTESIAN_POINT('',(82.649289431,52.940074589,-1.));
#4319=CARTESIAN_POINT('',(82.918801652,53.627662654,-1.));
#4320=CARTESIAN_POINT('',(83.188313873,54.315250719,-1.));
#4321=CARTESIAN_POINT('',(83.489258625,54.990115568,-1.));
#4322=CARTESIAN_POINT('',(83.836174541,55.646372273,-1.));
#4323=CARTESIAN_POINT('',(84.009632499,55.974500625,-1.));
#4324=CARTESIAN_POINT('',(84.194409381,56.29714109,-1.));
#4325=CARTESIAN_POINT('',(84.391065184,56.610126058,-1.));
#4326=CARTESIAN_POINT('',(84.587720988,56.923111027,-1.));
#4327=CARTESIAN_POINT('',(84.796643313,57.22724723,-1.));
#4328=CARTESIAN_POINT('',(85.020532357,57.520586813,-1.));
#4329=CARTESIAN_POINT('',(85.244421402,57.813926395,-1.));
#4330=CARTESIAN_POINT('',(85.48323919,58.096496751,-1.));
#4331=CARTESIAN_POINT('',(85.740837566,58.365519255,-1.));
#4332=CARTESIAN_POINT('',(85.998435942,58.63454176,-1.));
#4333=CARTESIAN_POINT('',(86.271978897,58.886712235,-1.));
#4334=CARTESIAN_POINT('',(86.561223313,59.116524116,-1.));
#4335=CARTESIAN_POINT('',(86.850467729,59.346335996,-1.));
#4336=CARTESIAN_POINT('',(87.156177618,59.55462886,-1.));
#4337=CARTESIAN_POINT('',(87.48121377,59.737663889,-1.));
#4338=CARTESIAN_POINT('',(87.643731846,59.829181404,-1.));
#4339=CARTESIAN_POINT('',(87.810376933,59.9138744,-1.));
#4340=CARTESIAN_POINT('',(87.978953217,59.990481666,-1.));
#4341=CARTESIAN_POINT('',(88.147529501,60.067088932,-1.));
#4342=CARTESIAN_POINT('',(88.318678022,60.135981562,-1.));
#4343=CARTESIAN_POINT('',(88.492397203,60.197164291,-1.));
#4344=CARTESIAN_POINT('',(88.839835563,60.319529751,-1.));
#4345=CARTESIAN_POINT('',(89.197556556,60.411055619,-1.));
#4346=CARTESIAN_POINT('',(89.565547564,60.471779736,-1.));
#4347=CARTESIAN_POINT('',(89.749543067,60.502141795,-1.));
#4348=CARTESIAN_POINT('',(89.935148822,60.524583323,-1.));
#4349=CARTESIAN_POINT('',(90.119998601,60.53935294,-1.));
#4350=CARTESIAN_POINT('',(90.304848379,60.554122557,-1.));
#4351=CARTESIAN_POINT('',(90.489643162,60.561344139,-1.));
#4352=CARTESIAN_POINT('',(90.674387154,60.561595076,-1.));
#4353=CARTESIAN_POINT('',(91.043875138,60.562096949,-1.));
#4354=CARTESIAN_POINT('',(91.413160421,60.534778932,-1.));
#4355=CARTESIAN_POINT('',(91.782270898,60.483469886,-1.));
#4356=CARTESIAN_POINT('',(92.151381376,60.432160841,-1.));
#4357=CARTESIAN_POINT('',(92.514988061,60.35757866,-1.));
#4358=CARTESIAN_POINT('',(92.871714737,60.265071755,-1.));
#4359=CARTESIAN_POINT('',(93.58516809,60.080057944,-1.));
#4360=CARTESIAN_POINT('',(94.275191229,59.82359289,-1.));
#4361=CARTESIAN_POINT('',(94.949421184,59.518965976,-1.));
#4362=B_SPLINE_CURVE_WITH_KNOTS('',3,(#4316,#4317,#4318,#4319,#4320,#4321,#4322,#4323,#4324,#4325,#4326,#4327,#4328,#4329,#4330,#4331,#4332,#4333,#4334,#4335,#4336,#4337,#4338,#4339,#4340,#4341,
#4342,#4343,#4344,#4345,#4346,#4347,#4348,#4349,#4350,#4351,#4352,#4353,#4354,#4355,#4356,#4357,#4358,#4359,#4360,#4361),.UNSPECIFIED.,.F.,.F.,(4,3,3,3,3,3,3,3,3,3,3,3,3,3,3,4),(0.042186614,0.044409804,0.046632995,0.04774459,0.048856186,0.049967781,0.051079377,0.052190972,0.05274677,0.053302567,0.054414163,0.05496996,0.055525758,0.056637353,0.057748949,0.05997214),.UNSPECIFIED.);
#4363=EDGE_CURVE('',#4234,#4309,#4362,.T.);
#4364=ORIENTED_EDGE('',*,*,#4363,.F.);
#4365=ORIENTED_EDGE('',*,*,#4282,.F.);
#4366=EDGE_LOOP('',(#4307,#4315,#4364,#4365));
#4367=FACE_BOUND('',#4366,.T.);
#4368=ADVANCED_FACE('',(#4367),#4299,.T.);
#4369=CARTESIAN_POINT('',(96.503636393,58.472869504,5.5));
#4370=CARTESIAN_POINT('',(96.503636393,58.472869504,3.));
#4371=CARTESIAN_POINT('',(96.503636393,58.472869504,0.));
#4372=CARTESIAN_POINT('',(96.503636393,58.472869504,-1.));
#4373=CARTESIAN_POINT('',(99.937772235,55.205702491,5.5));
#4374=CARTESIAN_POINT('',(99.937772235,55.205702491,3.));
#4375=CARTESIAN_POINT('',(99.937772235,55.205702491,0.));
#4376=CARTESIAN_POINT('',(99.937772235,55.205702491,-1.));
#4377=CARTESIAN_POINT('',(105.,59.,5.5));
#4378=CARTESIAN_POINT('',(105.,59.,3.));
#4379=CARTESIAN_POINT('',(105.,59.,0.));
#4380=CARTESIAN_POINT('',(105.,59.,-1.));
#4381=B_SPLINE_SURFACE_WITH_KNOTS('',2,1,((#4369,#4370,#4371,#4372),(#4373,#4374,#4375,#4376),(#4377,#4378,#4379,#4380)),.UNSPECIFIED.,.F.,.F.,.U.,(3,3),(2,1,1,2),(0.069463517,1.),(-0.833333333,0.,1.,1.333333333),.UNSPECIFIED.);
#4382=CARTESIAN_POINT('',(96.503636393,58.472869503,-1.));
#4383=VERTEX_POINT('',#4382);
#4384=CARTESIAN_POINT('',(105.,59.,-1.));
#4385=VERTEX_POINT('',#4384);
#4386=CARTESIAN_POINT('',(96.503636393,58.472869503,-1.));
#4387=CARTESIAN_POINT('',(96.645702948,58.33770958,-1.));
#4388=CARTESIAN_POINT('',(96.79326149,58.208341162,-1.));
#4389=CARTESIAN_POINT('',(96.947213132,58.085714509,-1.));
#4390=CARTESIAN_POINT('',(97.101164774,57.963087857,-1.));
#4391=CARTESIAN_POINT('',(97.261017005,57.847713373,-1.));
#4392=CARTESIAN_POINT('',(97.425377035,57.741874864,-1.));
#4393=CARTESIAN_POINT('',(97.754097097,57.530197846,-1.));
#4394=CARTESIAN_POINT('',(98.10368612,57.354474757,-1.));
#4395=CARTESIAN_POINT('',(98.476121527,57.223603558,-1.));
#4396=CARTESIAN_POINT('',(98.848556935,57.092732358,-1.));
#4397=CARTESIAN_POINT('',(99.229590525,57.011751947,-1.));
#4398=CARTESIAN_POINT('',(99.618862962,56.978577285,-1.));
#4399=CARTESIAN_POINT('',(99.81349918,56.961989954,-1.));
#4400=CARTESIAN_POINT('',(100.011125763,56.957419337,-1.));
#4401=CARTESIAN_POINT('',(100.208139843,56.96440208,-1.));
#4402=CARTESIAN_POINT('',(100.405153923,56.971384823,-1.));
#4403=CARTESIAN_POINT('',(100.601806404,56.989827071,-1.));
#4404=CARTESIAN_POINT('',(100.79682585,57.018423556,-1.));
#4405=CARTESIAN_POINT('',(101.186864744,57.075616524,-1.));
#4406=CARTESIAN_POINT('',(101.56464134,57.171950472,-1.));
#4407=CARTESIAN_POINT('',(101.933434812,57.296958356,-1.));
#4408=CARTESIAN_POINT('',(102.302228284,57.42196624,-1.));
#4409=CARTESIAN_POINT('',(102.663229486,57.576458326,-1.));
#4410=CARTESIAN_POINT('',(103.01438153,57.751785818,-1.));
#4411=CARTESIAN_POINT('',(103.365533574,57.927113309,-1.));
#4412=CARTESIAN_POINT('',(103.70463189,58.121943323,-1.));
#4413=CARTESIAN_POINT('',(104.034750913,58.331301526,-1.));
#4414=CARTESIAN_POINT('',(104.364869937,58.540659729,-1.));
#4415=CARTESIAN_POINT('',(104.685963908,58.76462016,-1.));
#4416=CARTESIAN_POINT('',(105.,59.,-1.));
#4417=B_SPLINE_CURVE_WITH_KNOTS('',3,(#4386,#4387,#4388,#4389,#4390,#4391,#4392,#4393,#4394,#4395,#4396,#4397,#4398,#4399,#4400,#4401,#4402,#4403,#4404,#4405,#4406,#4407,#4408,#4409,#4410,#4411,
#4412,#4413,#4414,#4415,#4416),.UNSPECIFIED.,.F.,.F.,(4,3,3,3,3,3,3,3,3,3,4),(0.015478168,0.016066183,0.016654198,0.017830229,0.01900626,0.019594275,0.02018229,0.021358321,0.022534352,0.023710382,0.024886413),.UNSPECIFIED.);
#4418=EDGE_CURVE('',#4383,#4385,#4417,.T.);
#4419=ORIENTED_EDGE('',*,*,#4418,.F.);
#4420=CARTESIAN_POINT('',(96.503636393,58.472869504,5.5));
#4421=VERTEX_POINT('',#4420);
#4422=CARTESIAN_POINT('',(96.503636393,58.472869503,-1.));
#4423=DIRECTION('',(-0.,-0.,1.));
#4424=VECTOR('',#4423,6.5);
#4425=LINE('',#4422,#4424);
#4426=EDGE_CURVE('',#4383,#4421,#4425,.T.);
#4427=ORIENTED_EDGE('',*,*,#4426,.T.);
#4428=CARTESIAN_POINT('',(105.,59.,5.5));
#4429=VERTEX_POINT('',#4428);
#4430=CARTESIAN_POINT('',(96.503636393,58.472869504,5.5));
#4431=CARTESIAN_POINT('',(99.937772235,55.205702491,5.5));
#4432=CARTESIAN_POINT('',(105.,59.,5.5));
#4433=B_SPLINE_CURVE_WITH_KNOTS('',2,(#4430,#4431,#4432),.UNSPECIFIED.,.F.,.F.,(3,3),(0.069463517,1.),.UNSPECIFIED.);
#4434=EDGE_CURVE('',#4421,#4429,#4433,.T.);
#4435=ORIENTED_EDGE('',*,*,#4434,.T.);
#4436=CARTESIAN_POINT('',(105.,59.,5.5));
#4437=DIRECTION('',(0.,0.,-1.));
#4438=VECTOR('',#4437,6.5);
#4439=LINE('',#4436,#4438);
#4440=EDGE_CURVE('',#4429,#4385,#4439,.T.);
#4441=ORIENTED_EDGE('',*,*,#4440,.T.);
#4442=EDGE_LOOP('',(#4419,#4427,#4435,#4441));
#4443=FACE_BOUND('',#4442,.T.);
#4444=ADVANCED_FACE('',(#4443),#4381,.T.);
#4445=CARTESIAN_POINT('',(105.,59.,5.5));
#4446=CARTESIAN_POINT('',(105.,59.,3.));
#4447=CARTESIAN_POINT('',(105.,59.,0.));
#4448=CARTESIAN_POINT('',(105.,59.,-1.));
#4449=CARTESIAN_POINT('',(113.903255308,64.256790526,5.5));
#4450=CARTESIAN_POINT('',(113.903255308,64.256790526,3.));
#4451=CARTESIAN_POINT('',(113.903255308,64.256790526,0.));
#4452=CARTESIAN_POINT('',(113.903255308,64.256790526,-1.));
#4453=CARTESIAN_POINT('',(118.,51.,5.5));
#4454=CARTESIAN_POINT('',(118.,51.,3.));
#4455=CARTESIAN_POINT('',(118.,51.,0.));
#4456=CARTESIAN_POINT('',(118.,51.,-1.));
#4457=B_SPLINE_SURFACE_WITH_KNOTS('',2,1,((#4445,#4446,#4447,#4448),(#4449,#4450,#4451,#4452),(#4453,#4454,#4455,#4456)),.UNSPECIFIED.,.F.,.F.,.U.,(3,3),(2,1,1,2),(0.,1.),(-0.833333333,0.,1.,1.333333333),.UNSPECIFIED.);
#4458=CARTESIAN_POINT('',(118.,51.,-1.));
#4459=VERTEX_POINT('',#4458);
#4460=CARTESIAN_POINT('',(105.,59.,-1.));
#4461=CARTESIAN_POINT('',(105.332907668,59.196560226,-1.));
#4462=CARTESIAN_POINT('',(105.67234016,59.380658386,-1.));
#4463=CARTESIAN_POINT('',(106.019954246,59.549130136,-1.));
#4464=CARTESIAN_POINT('',(106.367568332,59.717601887,-1.));
#4465=CARTESIAN_POINT('',(106.723031216,59.870125739,-1.));
#4466=CARTESIAN_POINT('',(107.083641037,60.000877643,-1.));
#4467=CARTESIAN_POINT('',(107.444250858,60.131629547,-1.));
#4468=CARTESIAN_POINT('',(107.811037386,60.24118463,-1.));
#4469=CARTESIAN_POINT('',(108.185628633,60.323955985,-1.));
#4470=CARTESIAN_POINT('',(108.372924257,60.365341662,-1.));
#4471=CARTESIAN_POINT('',(108.562180456,60.399999165,-1.));
#4472=CARTESIAN_POINT('',(108.753673856,60.426979187,-1.));
#4473=CARTESIAN_POINT('',(108.945167256,60.453959209,-1.));
#4474=CARTESIAN_POINT('',(109.138954614,60.473155141,-1.));
#4475=CARTESIAN_POINT('',(109.331464995,60.483503384,-1.));
#4476=CARTESIAN_POINT('',(109.716485756,60.504199869,-1.));
#4477=CARTESIAN_POINT('',(110.099936577,60.49016184,-1.));
#4478=CARTESIAN_POINT('',(110.481612024,60.43684417,-1.));
#4479=CARTESIAN_POINT('',(110.672449748,60.410185335,-1.));
#4480=CARTESIAN_POINT('',(110.863941314,60.373391652,-1.));
#4481=CARTESIAN_POINT('',(111.051980666,60.326893433,-1.));
#4482=CARTESIAN_POINT('',(111.240020017,60.280395213,-1.));
#4483=CARTESIAN_POINT('',(111.424211582,60.224438581,-1.));
#4484=CARTESIAN_POINT('',(111.604710566,60.159405055,-1.));
#4485=CARTESIAN_POINT('',(111.965708535,60.029338002,-1.));
#4486=CARTESIAN_POINT('',(112.311945444,59.862986138,-1.));
#4487=CARTESIAN_POINT('',(112.644544578,59.66311066,-1.));
#4488=CARTESIAN_POINT('',(112.977143711,59.463235181,-1.));
#4489=CARTESIAN_POINT('',(113.288979051,59.234111658,-1.));
#4490=CARTESIAN_POINT('',(113.581682018,58.983166365,-1.));
#4491=CARTESIAN_POINT('',(113.874384986,58.732221072,-1.));
#4492=CARTESIAN_POINT('',(114.150221494,58.457161798,-1.));
#4493=CARTESIAN_POINT('',(114.406621986,58.168980739,-1.));
#4494=CARTESIAN_POINT('',(114.663022478,57.880799681,-1.));
#4495=CARTESIAN_POINT('',(114.900741589,57.579289398,-1.));
#4496=CARTESIAN_POINT('',(115.123998445,57.26746025,-1.));
#4497=CARTESIAN_POINT('',(115.347255301,56.955631102,-1.));
#4498=CARTESIAN_POINT('',(115.556004065,56.633450385,-1.));
#4499=CARTESIAN_POINT('',(115.753089363,56.302947747,-1.));
#4500=CARTESIAN_POINT('',(115.950174661,55.972445109,-1.));
#4501=CARTESIAN_POINT('',(116.135930025,55.632850366,-1.));
#4502=CARTESIAN_POINT('',(116.310590712,55.289327646,-1.));
#4503=CARTESIAN_POINT('',(116.659912085,54.602282205,-1.));
#4504=CARTESIAN_POINT('',(116.966820554,53.897799675,-1.));
#4505=CARTESIAN_POINT('',(117.244986075,53.181500143,-1.));
#4506=CARTESIAN_POINT('',(117.523151595,52.465200612,-1.));
#4507=CARTESIAN_POINT('',(117.772367986,51.736601901,-1.));
#4508=CARTESIAN_POINT('',(118.,51.,-1.));
#4509=B_SPLINE_CURVE_WITH_KNOTS('',3,(#4460,#4461,#4462,#4463,#4464,#4465,#4466,#4467,#4468,#4469,#4470,#4471,#4472,#4473,#4474,#4475,#4476,#4477,#4478,#4479,#4480,#4481,#4482,#4483,#4484,#4485,
#4486,#4487,#4488,#4489,#4490,#4491,#4492,#4493,#4494,#4495,#4496,#4497,#4498,#4499,#4500,#4501,#4502,#4503,#4504,#4505,#4506,#4507,#4508),.UNSPECIFIED.,.F.,.F.,(4,3,3,3,3,3,3,3,3,3,3,3,3,3,3,3,4),(0.06028316,0.061439595,0.06259603,0.063752465,0.064330683,0.0649089,0.066065335,0.066643553,0.06722177,0.068378205,0.06953464,0.070691075,0.07184751,0.073003945,0.07416038,0.07647325,0.07878612),.UNSPECIFIED.);
#4510=EDGE_CURVE('',#4385,#4459,#4509,.T.);
#4511=ORIENTED_EDGE('',*,*,#4510,.F.);
#4512=ORIENTED_EDGE('',*,*,#4440,.F.);
#4513=CARTESIAN_POINT('',(118.,51.,5.5));
#4514=VERTEX_POINT('',#4513);
#4515=CARTESIAN_POINT('',(105.,59.,5.5));
#4516=CARTESIAN_POINT('',(113.903255308,64.256790526,5.5));
#4517=CARTESIAN_POINT('',(118.,51.,5.5));
#4518=B_SPLINE_CURVE_WITH_KNOTS('',2,(#4515,#4516,#4517),.UNSPECIFIED.,.F.,.F.,(3,3),(0.,1.),.UNSPECIFIED.);
#4519=EDGE_CURVE('',#4429,#4514,#4518,.T.);
#4520=ORIENTED_EDGE('',*,*,#4519,.T.);
#4521=CARTESIAN_POINT('',(118.,51.,5.5));
#4522=DIRECTION('',(0.,0.,-1.));
#4523=VECTOR('',#4522,6.5);
#4524=LINE('',#4521,#4523);
#4525=EDGE_CURVE('',#4514,#4459,#4524,.T.);
#4526=ORIENTED_EDGE('',*,*,#4525,.T.);
#4527=EDGE_LOOP('',(#4511,#4512,#4520,#4526));
#4528=FACE_BOUND('',#4527,.T.);
#4529=ADVANCED_FACE('',(#4528),#4457,.T.);
#4530=CARTESIAN_POINT('',(118.,51.,5.5));
#4531=CARTESIAN_POINT('',(118.,51.,3.));
#4532=CARTESIAN_POINT('',(118.,51.,0.));
#4533=CARTESIAN_POINT('',(118.,51.,-1.));
#4534=CARTESIAN_POINT('',(118.368673039,46.921596826,5.5));
#4535=CARTESIAN_POINT('',(118.368673039,46.921596826,3.));
#4536=CARTESIAN_POINT('',(118.368673039,46.921596826,0.));
#4537=CARTESIAN_POINT('',(118.368673039,46.921596826,-1.));
#4538=CARTESIAN_POINT('',(125.,48.,5.5));
#4539=CARTESIAN_POINT('',(125.,48.,3.));
#4540=CARTESIAN_POINT('',(125.,48.,0.));
#4541=CARTESIAN_POINT('',(125.,48.,-1.));
#4542=B_SPLINE_SURFACE_WITH_KNOTS('',2,1,((#4530,#4531,#4532,#4533),(#4534,#4535,#4536,#4537),(#4538,#4539,#4540,#4541)),.UNSPECIFIED.,.F.,.F.,.U.,(3,3),(2,1,1,2),(0.,1.),(-0.833333333,0.,1.,1.333333333),.UNSPECIFIED.);
#4543=CARTESIAN_POINT('',(125.,48.,-1.));
#4544=VERTEX_POINT('',#4543);
#4545=CARTESIAN_POINT('',(118.,51.,-1.));
#4546=CARTESIAN_POINT('',(118.016471847,50.817782082,-1.));
#4547=CARTESIAN_POINT('',(118.043003637,50.636345063,-1.));
#4548=CARTESIAN_POINT('',(118.081281523,50.459002458,-1.));
#4549=CARTESIAN_POINT('',(118.119559409,50.281659853,-1.));
#4550=CARTESIAN_POINT('',(118.16958131,50.107838019,-1.));
#4551=CARTESIAN_POINT('',(118.233792507,49.938270031,-1.));
#4552=CARTESIAN_POINT('',(118.298003703,49.768702044,-1.));
#4553=CARTESIAN_POINT('',(118.377582024,49.601739991,-1.));
#4554=CARTESIAN_POINT('',(118.470787677,49.445928114,-1.));
#4555=CARTESIAN_POINT('',(118.56399333,49.290116236,-1.));
#4556=CARTESIAN_POINT('',(118.67074782,49.144662316,-1.));
#4557=CARTESIAN_POINT('',(118.791335144,49.009783467,-1.));
#4558=CARTESIAN_POINT('',(118.911922469,48.874904618,-1.));
#4559=CARTESIAN_POINT('',(119.048031475,48.749541516,-1.));
#4560=CARTESIAN_POINT('',(119.192456664,48.638957793,-1.));
#4561=CARTESIAN_POINT('',(119.336881854,48.528374069,-1.));
#4562=CARTESIAN_POINT('',(119.48991667,48.431596344,-1.));
#4563=CARTESIAN_POINT('',(119.650237999,48.346502933,-1.));
#4564=CARTESIAN_POINT('',(119.810559327,48.261409521,-1.));
#4565=CARTESIAN_POINT('',(119.97919359,48.187723073,-1.));
#4566=CARTESIAN_POINT('',(120.150269039,48.125331526,-1.));
#4567=CARTESIAN_POINT('',(120.321344487,48.062939978,-1.));
#4568=CARTESIAN_POINT('',(120.495403188,48.011380905,-1.));
#4569=CARTESIAN_POINT('',(120.671830843,47.968423728,-1.));
#4570=CARTESIAN_POINT('',(121.024686152,47.882509373,-1.));
#4571=CARTESIAN_POINT('',(121.388260562,47.830794497,-1.));
#4572=CARTESIAN_POINT('',(121.749562866,47.802523544,-1.));
#4573=CARTESIAN_POINT('',(122.110865169,47.774252592,-1.));
#4574=CARTESIAN_POINT('',(122.472381229,47.768957311,-1.));
#4575=CARTESIAN_POINT('',(122.834043444,47.779371652,-1.));
#4576=CARTESIAN_POINT('',(123.557367875,47.800200335,-1.));
#4577=CARTESIAN_POINT('',(124.282168315,47.883264395,-1.));
#4578=CARTESIAN_POINT('',(125.,48.,-1.));
#4579=B_SPLINE_CURVE_WITH_KNOTS('',3,(#4545,#4546,#4547,#4548,#4549,#4550,#4551,#4552,#4553,#4554,#4555,#4556,#4557,#4558,#4559,#4560,#4561,#4562,#4563,#4564,#4565,#4566,#4567,#4568,#4569,#4570,
#4571,#4572,#4573,#4574,#4575,#4576,#4577,#4578),.UNSPECIFIED.,.F.,.F.,(4,3,3,3,3,3,3,3,3,3,3,4),(0.053748325,0.054293076,0.054837828,0.05538258,0.055927331,0.056472083,0.057016835,0.057561586,0.058106338,0.059195842,0.060285345,0.062464352),.UNSPECIFIED.);
#4580=EDGE_CURVE('',#4459,#4544,#4579,.T.);
#4581=ORIENTED_EDGE('',*,*,#4580,.F.);
#4582=ORIENTED_EDGE('',*,*,#4525,.F.);
#4583=CARTESIAN_POINT('',(125.,48.,5.5));
#4584=VERTEX_POINT('',#4583);
#4585=CARTESIAN_POINT('',(118.,51.,5.5));
#4586=CARTESIAN_POINT('',(118.368673039,46.921596826,5.5));
#4587=CARTESIAN_POINT('',(125.,48.,5.5));
#4588=B_SPLINE_CURVE_WITH_KNOTS('',2,(#4585,#4586,#4587),.UNSPECIFIED.,.F.,.F.,(3,3),(0.,1.),.UNSPECIFIED.);
#4589=EDGE_CURVE('',#4514,#4584,#4588,.T.);
#4590=ORIENTED_EDGE('',*,*,#4589,.T.);
#4591=CARTESIAN_POINT('',(125.,48.,5.5));
#4592=DIRECTION('',(0.,0.,-1.));
#4593=VECTOR('',#4592,6.5);
#4594=LINE('',#4591,#4593);
#4595=EDGE_CURVE('',#4584,#4544,#4594,.T.);
#4596=ORIENTED_EDGE('',*,*,#4595,.T.);
#4597=EDGE_LOOP('',(#4581,#4582,#4590,#4596));
#4598=FACE_BOUND('',#4597,.T.);
#4599=ADVANCED_FACE('',(#4598),#4542,.T.);
#4600=CARTESIAN_POINT('',(125.,48.,5.5));
#4601=CARTESIAN_POINT('',(125.,48.,3.));
#4602=CARTESIAN_POINT('',(125.,48.,0.));
#4603=CARTESIAN_POINT('',(125.,48.,-1.));
#4604=CARTESIAN_POINT('',(137.606017895,47.956227544,5.5));
#4605=CARTESIAN_POINT('',(137.606017895,47.956227544,3.));
#4606=CARTESIAN_POINT('',(137.606017895,47.956227544,0.));
#4607=CARTESIAN_POINT('',(137.606017895,47.956227544,-1.));
#4608=CARTESIAN_POINT('',(135.,37.,5.5));
#4609=CARTESIAN_POINT('',(135.,37.,3.));
#4610=CARTESIAN_POINT('',(135.,37.,0.));
#4611=CARTESIAN_POINT('',(135.,37.,-1.));
#4612=B_SPLINE_SURFACE_WITH_KNOTS('',2,1,((#4600,#4601,#4602,#4603),(#4604,#4605,#4606,#4607),(#4608,#4609,#4610,#4611)),.UNSPECIFIED.,.F.,.F.,.U.,(3,3),(2,1,1,2),(0.,1.),(-0.833333333,0.,1.,1.333333333),.UNSPECIFIED.);
#4613=CARTESIAN_POINT('',(135.,37.,-1.));
#4614=VERTEX_POINT('',#4613);
#4615=CARTESIAN_POINT('',(125.,48.,-1.));
#4616=CARTESIAN_POINT('',(125.757726219,47.997368912,-1.));
#4617=CARTESIAN_POINT('',(126.512517942,47.965550685,-1.));
#4618=CARTESIAN_POINT('',(127.263182407,47.892681866,-1.));
#4619=CARTESIAN_POINT('',(127.638514639,47.856247457,-1.));
#4620=CARTESIAN_POINT('',(128.012806187,47.809462171,-1.));
#4621=CARTESIAN_POINT('',(128.385822326,47.749991391,-1.));
#4622=CARTESIAN_POINT('',(128.758838464,47.690520611,-1.));
#4623=CARTESIAN_POINT('',(129.131321752,47.618218285,-1.));
#4624=CARTESIAN_POINT('',(129.500560335,47.530304892,-1.));
#4625=CARTESIAN_POINT('',(130.239037501,47.354478107,-1.));
#4626=CARTESIAN_POINT('',(130.956239881,47.119963236,-1.));
#4627=CARTESIAN_POINT('',(131.640228491,46.793825704,-1.));
#4628=CARTESIAN_POINT('',(131.811225644,46.712291321,-1.));
#4629=CARTESIAN_POINT('',(131.980677497,46.624567107,-1.));
#4630=CARTESIAN_POINT('',(132.146217179,46.53101974,-1.));
#4631=CARTESIAN_POINT('',(132.311756861,46.437472372,-1.));
#4632=CARTESIAN_POINT('',(132.473012879,46.338364467,-1.));
#4633=CARTESIAN_POINT('',(132.629665753,46.233281315,-1.));
#4634=CARTESIAN_POINT('',(132.942971501,46.023115009,-1.));
#4635=CARTESIAN_POINT('',(133.237913139,45.789110625,-1.));
#4636=CARTESIAN_POINT('',(133.511399291,45.527255312,-1.));
#4637=CARTESIAN_POINT('',(133.648142368,45.396327655,-1.));
#4638=CARTESIAN_POINT('',(133.780187236,45.257599878,-1.));
#4639=CARTESIAN_POINT('',(133.904562585,45.113461984,-1.));
#4640=CARTESIAN_POINT('',(134.028937933,44.96932409,-1.));
#4641=CARTESIAN_POINT('',(134.145410157,44.820227847,-1.));
#4642=CARTESIAN_POINT('',(134.254121562,44.666262536,-1.));
#4643=CARTESIAN_POINT('',(134.471544371,44.358331912,-1.));
#4644=CARTESIAN_POINT('',(134.657927963,44.030927563,-1.));
#4645=CARTESIAN_POINT('',(134.81436083,43.684732397,-1.));
#4646=CARTESIAN_POINT('',(134.892577263,43.511634814,-1.));
#4647=CARTESIAN_POINT('',(134.963351292,43.333452674,-1.));
#4648=CARTESIAN_POINT('',(135.025730474,43.154140968,-1.));
#4649=CARTESIAN_POINT('',(135.088109656,42.974829263,-1.));
#4650=CARTESIAN_POINT('',(135.142506195,42.793583731,-1.));
#4651=CARTESIAN_POINT('',(135.189666359,42.610585159,-1.));
#4652=CARTESIAN_POINT('',(135.283986686,42.244588014,-1.));
#4653=CARTESIAN_POINT('',(135.349453032,41.871600878,-1.));
#4654=CARTESIAN_POINT('',(135.390809564,41.492773045,-1.));
#4655=CARTESIAN_POINT('',(135.432166096,41.113945212,-1.));
#4656=CARTESIAN_POINT('',(135.448750151,40.73579015,-1.));
#4657=CARTESIAN_POINT('',(135.446191267,40.359299537,-1.));
#4658=CARTESIAN_POINT('',(135.443632382,39.982808924,-1.));
#4659=CARTESIAN_POINT('',(135.421907721,39.607541224,-1.));
#4660=CARTESIAN_POINT('',(135.384873165,39.233250406,-1.));
#4661=CARTESIAN_POINT('',(135.347838609,38.858959587,-1.));
#4662=CARTESIAN_POINT('',(135.295458585,38.485647918,-1.));
#4663=CARTESIAN_POINT('',(135.230451535,38.113141945,-1.));
#4664=CARTESIAN_POINT('',(135.165444485,37.740635971,-1.));
#4665=CARTESIAN_POINT('',(135.087745857,37.368901369,-1.));
#4666=CARTESIAN_POINT('',(135.,37.,-1.));
#4667=B_SPLINE_CURVE_WITH_KNOTS('',3,(#4615,#4616,#4617,#4618,#4619,#4620,#4621,#4622,#4623,#4624,#4625,#4626,#4627,#4628,#4629,#4630,#4631,#4632,#4633,#4634,#4635,#4636,#4637,#4638,#4639,#4640,
#4641,#4642,#4643,#4644,#4645,#4646,#4647,#4648,#4649,#4650,#4651,#4652,#4653,#4654,#4655,#4656,#4657,#4658,#4659,#4660,#4661,#4662,#4663,#4664,#4665,
#4666),.UNSPECIFIED.,.F.,.F.,(4,3,3,3,3,3,3,3,3,3,3,3,3,3,3,3,3,4),(0.032718066,0.034990513,0.036126736,0.03726296,0.039535407,0.040103519,0.040671631,0.041807854,0.042375966,0.042944078,0.044080301,0.044648413,0.045216525,0.046352748,0.047488972,0.048625195,0.049761419,0.050897642),.UNSPECIFIED.);
#4668=EDGE_CURVE('',#4544,#4614,#4667,.T.);
#4669=ORIENTED_EDGE('',*,*,#4668,.F.);
#4670=ORIENTED_EDGE('',*,*,#4595,.F.);
#4671=CARTESIAN_POINT('',(135.,37.,5.5));
#4672=VERTEX_POINT('',#4671);
#4673=CARTESIAN_POINT('',(125.,48.,5.5));
#4674=CARTESIAN_POINT('',(137.606017895,47.956227544,5.5));
#4675=CARTESIAN_POINT('',(135.,37.,5.5));
#4676=B_SPLINE_CURVE_WITH_KNOTS('',2,(#4673,#4674,#4675),.UNSPECIFIED.,.F.,.F.,(3,3),(0.,1.),.UNSPECIFIED.);
#4677=EDGE_CURVE('',#4584,#4672,#4676,.T.);
#4678=ORIENTED_EDGE('',*,*,#4677,.T.);
#4679=CARTESIAN_POINT('',(135.,37.,5.5));
#4680=DIRECTION('',(0.,0.,-1.));
#4681=VECTOR('',#4680,6.5);
#4682=LINE('',#4679,#4681);
#4683=EDGE_CURVE('',#4672,#4614,#4682,.T.);
#4684=ORIENTED_EDGE('',*,*,#4683,.T.);
#4685=EDGE_LOOP('',(#4669,#4670,#4678,#4684));
#4686=FACE_BOUND('',#4685,.T.);
#4687=ADVANCED_FACE('',(#4686),#4612,.T.);
#4688=CARTESIAN_POINT('',(135.,37.,5.5));
#4689=CARTESIAN_POINT('',(135.,37.,3.));
#4690=CARTESIAN_POINT('',(135.,37.,0.));
#4691=CARTESIAN_POINT('',(135.,37.,-1.));
#4692=CARTESIAN_POINT('',(135.464809408,31.491271252,5.5));
#4693=CARTESIAN_POINT('',(135.464809408,31.491271252,3.));
#4694=CARTESIAN_POINT('',(135.464809408,31.491271252,0.));
#4695=CARTESIAN_POINT('',(135.464809408,31.491271252,-1.));
#4696=CARTESIAN_POINT('',(127.,25.,5.5));
#4697=CARTESIAN_POINT('',(127.,25.,3.));
#4698=CARTESIAN_POINT('',(127.,25.,0.));
#4699=CARTESIAN_POINT('',(127.,25.,-1.));
#4700=B_SPLINE_SURFACE_WITH_KNOTS('',2,1,((#4688,#4689,#4690,#4691),(#4692,#4693,#4694,#4695),(#4696,#4697,#4698,#4699)),.UNSPECIFIED.,.F.,.F.,.U.,(3,3),(2,1,1,2),(0.,1.),(-0.833333333,0.,1.,1.333333333),.UNSPECIFIED.);
#4701=CARTESIAN_POINT('',(127.,25.,-1.));
#4702=VERTEX_POINT('',#4701);
#4703=CARTESIAN_POINT('',(135.,37.,-1.));
#4704=CARTESIAN_POINT('',(135.053194676,36.369558719,-1.));
#4705=CARTESIAN_POINT('',(135.017414988,35.748445892,-1.));
#4706=CARTESIAN_POINT('',(134.906662133,35.135193575,-1.));
#4707=CARTESIAN_POINT('',(134.851285705,34.828567416,-1.));
#4708=CARTESIAN_POINT('',(134.776720696,34.522688945,-1.));
#4709=CARTESIAN_POINT('',(134.68562954,34.221391343,-1.));
#4710=CARTESIAN_POINT('',(134.594538384,33.920093741,-1.));
#4711=CARTESIAN_POINT('',(134.487997836,33.626223264,-1.));
#4712=CARTESIAN_POINT('',(134.368529879,33.338567498,-1.));
#4713=CARTESIAN_POINT('',(134.129593964,32.763255967,-1.));
#4714=CARTESIAN_POINT('',(133.839320878,32.212624217,-1.));
#4715=CARTESIAN_POINT('',(133.511192373,31.680191046,-1.));
#4716=CARTESIAN_POINT('',(133.34712812,31.41397446,-1.));
#4717=CARTESIAN_POINT('',(133.173055586,31.151790666,-1.));
#4718=CARTESIAN_POINT('',(132.992354113,30.896043886,-1.));
#4719=CARTESIAN_POINT('',(132.81165264,30.640297106,-1.));
#4720=CARTESIAN_POINT('',(132.624069381,30.390483853,-1.));
#4721=CARTESIAN_POINT('',(132.430631708,30.145718318,-1.));
#4722=CARTESIAN_POINT('',(132.043756363,29.656187247,-1.));
#4723=CARTESIAN_POINT('',(131.633613721,29.186717412,-1.));
#4724=CARTESIAN_POINT('',(131.205898723,28.732398592,-1.));
#4725=CARTESIAN_POINT('',(130.778183725,28.278079772,-1.));
#4726=CARTESIAN_POINT('',(130.332198955,27.838414452,-1.));
#4727=CARTESIAN_POINT('',(129.873793596,27.412157739,-1.));
#4728=CARTESIAN_POINT('',(128.956982877,26.559644313,-1.));
#4729=CARTESIAN_POINT('',(127.993636317,25.761973784,-1.));
#4730=CARTESIAN_POINT('',(127.,25.,-1.));
#4731=B_SPLINE_CURVE_WITH_KNOTS('',3,(#4703,#4704,#4705,#4706,#4707,#4708,#4709,#4710,#4711,#4712,#4713,#4714,#4715,#4716,#4717,#4718,#4719,#4720,#4721,#4722,#4723,#4724,#4725,#4726,#4727,#4728,
#4729,#4730),.UNSPECIFIED.,.F.,.F.,(4,3,3,3,3,3,3,3,3,4),(0.041752651,0.043629872,0.044568482,0.045507093,0.047384314,0.048322925,0.049261535,0.051138756,0.053015977,0.05677042),.UNSPECIFIED.);
#4732=EDGE_CURVE('',#4614,#4702,#4731,.T.);
#4733=ORIENTED_EDGE('',*,*,#4732,.F.);
#4734=ORIENTED_EDGE('',*,*,#4683,.F.);
#4735=CARTESIAN_POINT('',(127.,25.,5.5));
#4736=VERTEX_POINT('',#4735);
#4737=CARTESIAN_POINT('',(135.,37.,5.5));
#4738=CARTESIAN_POINT('',(135.464809408,31.491271252,5.5));
#4739=CARTESIAN_POINT('',(127.,25.,5.5));
#4740=B_SPLINE_CURVE_WITH_KNOTS('',2,(#4737,#4738,#4739),.UNSPECIFIED.,.F.,.F.,(3,3),(0.,1.),.UNSPECIFIED.);
#4741=EDGE_CURVE('',#4672,#4736,#4740,.T.);
#4742=ORIENTED_EDGE('',*,*,#4741,.T.);
#4743=CARTESIAN_POINT('',(127.,25.,5.5));
#4744=DIRECTION('',(0.,0.,-1.));
#4745=VECTOR('',#4744,6.5);
#4746=LINE('',#4743,#4745);
#4747=EDGE_CURVE('',#4736,#4702,#4746,.T.);
#4748=ORIENTED_EDGE('',*,*,#4747,.T.);
#4749=EDGE_LOOP('',(#4733,#4734,#4742,#4748));
#4750=FACE_BOUND('',#4749,.T.);
#4751=ADVANCED_FACE('',(#4750),#4700,.T.);
#4752=CARTESIAN_POINT('',(127.,25.,5.5));
#4753=CARTESIAN_POINT('',(127.,25.,3.));
#4754=CARTESIAN_POINT('',(127.,25.,0.));
#4755=CARTESIAN_POINT('',(127.,25.,-1.));
#4756=CARTESIAN_POINT('',(123.954436473,20.861172164,5.5));
#4757=CARTESIAN_POINT('',(123.954436473,20.861172164,3.));
#4758=CARTESIAN_POINT('',(123.954436473,20.861172164,0.));
#4759=CARTESIAN_POINT('',(123.954436473,20.861172164,-1.));
#4760=CARTESIAN_POINT('',(130.,11.,5.5));
#4761=CARTESIAN_POINT('',(130.,11.,3.));
#4762=CARTESIAN_POINT('',(130.,11.,0.));
#4763=CARTESIAN_POINT('',(130.,11.,-1.));
#4764=B_SPLINE_SURFACE_WITH_KNOTS('',2,1,((#4752,#4753,#4754,#4755),(#4756,#4757,#4758,#4759),(#4760,#4761,#4762,#4763)),.UNSPECIFIED.,.F.,.F.,.U.,(3,3),(2,1,1,2),(0.,1.),(-0.833333333,0.,1.,1.333333333),.UNSPECIFIED.);
#4765=CARTESIAN_POINT('',(130.,11.,-1.));
#4766=VERTEX_POINT('',#4765);
#4767=CARTESIAN_POINT('',(127.,25.,-1.));
#4768=CARTESIAN_POINT('',(126.904720004,24.870517394,-1.));
#4769=CARTESIAN_POINT('',(126.816095602,24.736810072,-1.));
#4770=CARTESIAN_POINT('',(126.734134265,24.598873292,-1.));
#4771=CARTESIAN_POINT('',(126.652172927,24.460936512,-1.));
#4772=CARTESIAN_POINT('',(126.576838901,24.318540095,-1.));
#4773=CARTESIAN_POINT('',(126.50911291,24.174216217,-1.));
#4774=CARTESIAN_POINT('',(126.37366093,23.885568461,-1.));
#4775=CARTESIAN_POINT('',(126.267217816,23.587151815,-1.));
#4776=CARTESIAN_POINT('',(126.186226413,23.280164168,-1.));
#4777=CARTESIAN_POINT('',(126.10523501,22.973176522,-1.));
#4778=CARTESIAN_POINT('',(126.049675462,22.654949072,-1.));
#4779=CARTESIAN_POINT('',(126.017273189,22.339497496,-1.));
#4780=CARTESIAN_POINT('',(125.984870916,22.02404592,-1.));
#4781=CARTESIAN_POINT('',(125.974721959,21.709632866,-1.));
#4782=CARTESIAN_POINT('',(125.981899453,21.396028406,-1.));
#4783=CARTESIAN_POINT('',(125.996254441,20.768819486,-1.));
#4784=CARTESIAN_POINT('',(126.07916064,20.144809726,-1.));
#4785=CARTESIAN_POINT('',(126.207773666,19.522933022,-1.));
#4786=CARTESIAN_POINT('',(126.27208018,19.21199467,-1.));
#4787=CARTESIAN_POINT('',(126.347510192,18.904322961,-1.));
#4788=CARTESIAN_POINT('',(126.431293985,18.601169447,-1.));
#4789=CARTESIAN_POINT('',(126.515077778,18.298015933,-1.));
#4790=CARTESIAN_POINT('',(126.607385465,17.998672267,-1.));
#4791=CARTESIAN_POINT('',(126.706624121,17.702426474,-1.));
#4792=CARTESIAN_POINT('',(126.905101433,17.109934889,-1.));
#4793=CARTESIAN_POINT('',(127.131061003,16.529726802,-1.));
#4794=CARTESIAN_POINT('',(127.376464517,15.9582094,-1.));
#4795=CARTESIAN_POINT('',(127.62186803,15.386691998,-1.));
#4796=CARTESIAN_POINT('',(127.886870819,14.823934709,-1.));
#4797=CARTESIAN_POINT('',(128.166677846,14.267794337,-1.));
#4798=CARTESIAN_POINT('',(128.726291899,13.155513592,-1.));
#4799=CARTESIAN_POINT('',(129.344448866,12.069296943,-1.));
#4800=CARTESIAN_POINT('',(130.,11.,-1.));
#4801=B_SPLINE_CURVE_WITH_KNOTS('',3,(#4767,#4768,#4769,#4770,#4771,#4772,#4773,#4774,#4775,#4776,#4777,#4778,#4779,#4780,#4781,#4782,#4783,#4784,#4785,#4786,#4787,#4788,#4789,#4790,#4791,#4792,
#4793,#4794,#4795,#4796,#4797,#4798,#4799,#4800),.UNSPECIFIED.,.F.,.F.,(4,3,3,3,3,3,3,3,3,3,3,4),(0.037204982,0.037675326,0.038145669,0.039086357,0.040027044,0.040967731,0.042849106,0.043789794,0.044730481,0.046611856,0.048493231,0.05225598),.UNSPECIFIED.);
#4802=EDGE_CURVE('',#4702,#4766,#4801,.T.);
#4803=ORIENTED_EDGE('',*,*,#4802,.F.);
#4804=ORIENTED_EDGE('',*,*,#4747,.F.);
#4805=CARTESIAN_POINT('',(130.,11.,5.5));
#4806=VERTEX_POINT('',#4805);
#4807=CARTESIAN_POINT('',(127.,25.,5.5));
#4808=CARTESIAN_POINT('',(123.954436473,20.861172164,5.5));
#4809=CARTESIAN_POINT('',(130.,11.,5.5));
#4810=B_SPLINE_CURVE_WITH_KNOTS('',2,(#4807,#4808,#4809),.UNSPECIFIED.,.F.,.F.,(3,3),(0.,1.),.UNSPECIFIED.);
#4811=EDGE_CURVE('',#4736,#4806,#4810,.T.);
#4812=ORIENTED_EDGE('',*,*,#4811,.T.);
#4813=CARTESIAN_POINT('',(130.,11.,5.5));
#4814=DIRECTION('',(0.,0.,-1.));
#4815=VECTOR('',#4814,6.5);
#4816=LINE('',#4813,#4815);
#4817=EDGE_CURVE('',#4806,#4766,#4816,.T.);
#4818=ORIENTED_EDGE('',*,*,#4817,.T.);
#4819=EDGE_LOOP('',(#4803,#4804,#4812,#4818));
#4820=FACE_BOUND('',#4819,.T.);
#4821=ADVANCED_FACE('',(#4820),#4764,.T.);
#4822=CARTESIAN_POINT('',(130.,11.,5.5));
#4823=CARTESIAN_POINT('',(130.,11.,3.));
#4824=CARTESIAN_POINT('',(130.,11.,0.));
#4825=CARTESIAN_POINT('',(130.,11.,-1.));
#4826=CARTESIAN_POINT('',(134.739763491,-3.536644439,5.5));
#4827=CARTESIAN_POINT('',(134.739763491,-3.536644439,3.));
#4828=CARTESIAN_POINT('',(134.739763491,-3.536644439,0.));
#4829=CARTESIAN_POINT('',(134.739763491,-3.536644439,-1.));
#4830=CARTESIAN_POINT('',(121.,-7.,5.5));
#4831=CARTESIAN_POINT('',(121.,-7.,3.));
#4832=CARTESIAN_POINT('',(121.,-7.,0.));
#4833=CARTESIAN_POINT('',(121.,-7.,-1.));
#4834=B_SPLINE_SURFACE_WITH_KNOTS('',2,1,((#4822,#4823,#4824,#4825),(#4826,#4827,#4828,#4829),(#4830,#4831,#4832,#4833)),.UNSPECIFIED.,.F.,.F.,.U.,(3,3),(2,1,1,2),(0.,1.),(-0.833333333,0.,1.,1.333333333),.UNSPECIFIED.);
#4835=CARTESIAN_POINT('',(130.,11.,-1.));
#4836=CARTESIAN_POINT('',(130.304095959,10.06735118,-1.));
#4837=CARTESIAN_POINT('',(130.565968592,9.125456465,-1.));
#4838=CARTESIAN_POINT('',(130.770127984,8.170923935,-1.));
#4839=CARTESIAN_POINT('',(130.872207681,7.693657671,-1.));
#4840=CARTESIAN_POINT('',(130.959750804,7.213208245,-1.));
#4841=CARTESIAN_POINT('',(131.029828872,6.728934392,-1.));
#4842=CARTESIAN_POINT('',(131.09990694,6.244660539,-1.));
#4843=CARTESIAN_POINT('',(131.152611579,5.754731613,-1.));
#4844=CARTESIAN_POINT('',(131.183588699,5.265748466,-1.));
#4845=CARTESIAN_POINT('',(131.24554294,4.287782174,-1.));
#4846=CARTESIAN_POINT('',(131.222537006,3.3134463,-1.));
#4847=CARTESIAN_POINT('',(131.079399566,2.344243744,-1.));
#4848=CARTESIAN_POINT('',(131.007830846,1.859642466,-1.));
#4849=CARTESIAN_POINT('',(130.905016762,1.374721035,-1.));
#4850=CARTESIAN_POINT('',(130.769462336,0.903811549,-1.));
#4851=CARTESIAN_POINT('',(130.63390791,0.432902064,-1.));
#4852=CARTESIAN_POINT('',(130.465425426,-0.026763717,-1.));
#4853=CARTESIAN_POINT('',(130.260720049,-0.474060729,-1.));
#4854=CARTESIAN_POINT('',(130.15836736,-0.697709235,-1.));
#4855=CARTESIAN_POINT('',(130.046606229,-0.918723725,-1.));
#4856=CARTESIAN_POINT('',(129.927426577,-1.133008774,-1.));
#4857=CARTESIAN_POINT('',(129.808246924,-1.347293823,-1.));
#4858=CARTESIAN_POINT('',(129.681305061,-1.555714194,-1.));
#4859=CARTESIAN_POINT('',(129.546794604,-1.758416171,-1.));
#4860=CARTESIAN_POINT('',(129.277773689,-2.163820125,-1.));
#4861=CARTESIAN_POINT('',(128.978486156,-2.546356367,-1.));
#4862=CARTESIAN_POINT('',(128.650387962,-2.907124935,-1.));
#4863=CARTESIAN_POINT('',(128.486338865,-3.087509219,-1.));
#4864=CARTESIAN_POINT('',(128.315085281,-3.262450208,-1.));
#4865=CARTESIAN_POINT('',(128.136798401,-3.432077245,-1.));
#4866=CARTESIAN_POINT('',(127.958511522,-3.601704282,-1.));
#4867=CARTESIAN_POINT('',(127.773948589,-3.765220046,-1.));
#4868=CARTESIAN_POINT('',(127.585575415,-3.921352554,-1.));
#4869=CARTESIAN_POINT('',(127.208829067,-4.233617572,-1.));
#4870=CARTESIAN_POINT('',(126.814513042,-4.518741739,-1.));
#4871=CARTESIAN_POINT('',(126.405457292,-4.781096639,-1.));
#4872=CARTESIAN_POINT('',(125.996401543,-5.043451538,-1.));
#4873=CARTESIAN_POINT('',(125.572589791,-5.283012024,-1.));
#4874=CARTESIAN_POINT('',(125.13616811,-5.503093256,-1.));
#4875=CARTESIAN_POINT('',(124.699746429,-5.723174487,-1.));
#4876=CARTESIAN_POINT('',(124.249855658,-5.923966981,-1.));
#4877=CARTESIAN_POINT('',(123.795174018,-6.105662649,-1.));
#4878=CARTESIAN_POINT('',(122.885810737,-6.469053984,-1.));
#4879=CARTESIAN_POINT('',(121.951670344,-6.7601143,-1.));
#4880=CARTESIAN_POINT('',(121.,-7.,-1.));
#4881=B_SPLINE_CURVE_WITH_KNOTS('',3,(#4835,#4836,#4837,#4838,#4839,#4840,#4841,#4842,#4843,#4844,#4845,#4846,#4847,#4848,#4849,#4850,#4851,#4852,#4853,#4854,#4855,#4856,#4857,#4858,#4859,#4860,
#4861,#4862,#4863,#4864,#4865,#4866,#4867,#4868,#4869,#4870,#4871,#4872,#4873,#4874,#4875,#4876,#4877,#4878,#4879,#4880),.UNSPECIFIED.,.F.,.F.,(4,3,3,3,3,3,3,3,3,3,3,3,3,3,3,4),(0.049639229,0.052575673,0.054043895,0.055512116,0.05844856,0.059916782,0.061385004,0.062119115,0.062853226,0.064321448,0.065055559,0.065789669,0.067257891,0.068726113,0.070194335,0.073130779),.UNSPECIFIED.);
#4882=EDGE_CURVE('',#4766,#3736,#4881,.T.);
#4883=ORIENTED_EDGE('',*,*,#4882,.F.);
#4884=ORIENTED_EDGE('',*,*,#4817,.F.);
#4885=CARTESIAN_POINT('',(130.,11.,5.5));
#4886=CARTESIAN_POINT('',(134.739763491,-3.536644439,5.5));
#4887=CARTESIAN_POINT('',(121.,-7.,5.5));
#4888=B_SPLINE_CURVE_WITH_KNOTS('',2,(#4885,#4886,#4887),.UNSPECIFIED.,.F.,.F.,(3,3),(0.,1.),.UNSPECIFIED.);
#4889=EDGE_CURVE('',#4806,#3768,#4888,.T.);
#4890=ORIENTED_EDGE('',*,*,#4889,.T.);
#4891=ORIENTED_EDGE('',*,*,#3773,.T.);
#4892=EDGE_LOOP('',(#4883,#4884,#4890,#4891));
#4893=FACE_BOUND('',#4892,.T.);
#4894=ADVANCED_FACE('',(#4893),#4834,.T.);
#4895=CARTESIAN_POINT('',(78.,0.,5.5));
#4896=DIRECTION('',(0.,0.,1.));
#4897=DIRECTION('',(1.,0.,0.));
#4898=AXIS2_PLACEMENT_3D('',#4895,#4896,#4897);
#4899=PLANE('',#4898);
#4900=ORIENTED_EDGE('',*,*,#4434,.F.);
#4901=CARTESIAN_POINT('',(92.643698193,54.415668856,5.5));
#4902=DIRECTION('',(0.,0.,1.));
#4903=DIRECTION('',(1.,0.,-0.));
#4904=AXIS2_PLACEMENT_3D('',#4901,#4902,#4903);
#4905=CIRCLE('',#4904,5.6);
#4906=EDGE_CURVE('',#4421,#4301,#4905,.T.);
#4907=ORIENTED_EDGE('',*,*,#4906,.T.);
#4908=ORIENTED_EDGE('',*,*,#4306,.F.);
#4909=ORIENTED_EDGE('',*,*,#4276,.F.);
#4910=ORIENTED_EDGE('',*,*,#4209,.F.);
#4911=ORIENTED_EDGE('',*,*,#4133,.F.);
#4912=CARTESIAN_POINT('',(67.607183078,18.291240063,5.5));
#4913=DIRECTION('',(-0.,-0.,-1.));
#4914=DIRECTION('',(1.,0.,-0.));
#4915=AXIS2_PLACEMENT_3D('',#4912,#4913,#4914);
#4916=CIRCLE('',#4915,6.4);
#4917=EDGE_CURVE('',#4120,#3822,#4916,.T.);
#4918=ORIENTED_EDGE('',*,*,#4917,.T.);
#4919=ORIENTED_EDGE('',*,*,#3903,.F.);
#4920=ORIENTED_EDGE('',*,*,#3781,.F.);
#4921=ORIENTED_EDGE('',*,*,#4889,.F.);
#4922=ORIENTED_EDGE('',*,*,#4811,.F.);
#4923=ORIENTED_EDGE('',*,*,#4741,.F.);
#4924=ORIENTED_EDGE('',*,*,#4677,.F.);
#4925=ORIENTED_EDGE('',*,*,#4589,.F.);
#4926=ORIENTED_EDGE('',*,*,#4519,.F.);
#4927=EDGE_LOOP('',(#4900,#4907,#4908,#4909,#4910,#4911,#4918,#4919,#4920,#4921,#4922,#4923,#4924,#4925,#4926));
#4928=FACE_BOUND('',#4927,.T.);
#4929=ORIENTED_EDGE('',*,*,#3448,.T.);
#4930=ORIENTED_EDGE('',*,*,#3716,.T.);
#4931=ORIENTED_EDGE('',*,*,#3689,.T.);
#4932=ORIENTED_EDGE('',*,*,#3658,.T.);
#4933=ORIENTED_EDGE('',*,*,#3627,.T.);
#4934=ORIENTED_EDGE('',*,*,#3596,.T.);
#4935=ORIENTED_EDGE('',*,*,#3564,.T.);
#4936=ORIENTED_EDGE('',*,*,#3540,.T.);
#4937=ORIENTED_EDGE('',*,*,#3510,.T.);
#4938=ORIENTED_EDGE('',*,*,#3479,.F.);
#4939=EDGE_LOOP('',(#4929,#4930,#4931,#4932,#4933,#4934,#4935,#4936,#4937,#4938));
#4940=FACE_BOUND('',#4939,.T.);
#4941=ADVANCED_FACE('',(#4928,#4940),#4899,.T.);
#4942=CARTESIAN_POINT('',(92.643698193,54.415668856,2.25));
#4943=DIRECTION('',(0.,0.,-1.));
#4944=DIRECTION('',(-1.,0.,0.));
#4945=AXIS2_PLACEMENT_3D('',#4942,#4943,#4944);
#4946=CYLINDRICAL_SURFACE('',#4945,5.6);
#4947=ORIENTED_EDGE('',*,*,#4906,.F.);
#4948=ORIENTED_EDGE('',*,*,#4426,.F.);
#4949=CARTESIAN_POINT('',(92.643698193,54.415668856,-1.));
#4950=DIRECTION('',(-0.,-0.,-1.));
#4951=DIRECTION('',(1.,0.,-0.));
#4952=AXIS2_PLACEMENT_3D('',#4949,#4950,#4951);
#4953=CIRCLE('',#4952,5.6);
#4954=EDGE_CURVE('',#4309,#4383,#4953,.T.);
#4955=ORIENTED_EDGE('',*,*,#4954,.F.);
#4956=ORIENTED_EDGE('',*,*,#4314,.F.);
#4957=EDGE_LOOP('',(#4947,#4948,#4955,#4956));
#4958=FACE_BOUND('',#4957,.T.);
#4959=ADVANCED_FACE('',(#4958),#4946,.T.);
#4960=CARTESIAN_POINT('',(67.607183078,18.291240063,2.25));
#4961=DIRECTION('',(0.,0.,-1.));
#4962=DIRECTION('',(-1.,0.,0.));
#4963=AXIS2_PLACEMENT_3D('',#4960,#4961,#4962);
#4964=CYLINDRICAL_SURFACE('',#4963,6.4);
#4965=ORIENTED_EDGE('',*,*,#4917,.F.);
#4966=ORIENTED_EDGE('',*,*,#4125,.F.);
#4967=CARTESIAN_POINT('',(67.607183078,18.291240063,-1.));
#4968=DIRECTION('',(0.,0.,1.));
#4969=DIRECTION('',(1.,0.,-0.));
#4970=AXIS2_PLACEMENT_3D('',#4967,#4968,#4969);
#4971=CIRCLE('',#4970,6.4);
#4972=EDGE_CURVE('',#3906,#4076,#4971,.T.);
#4973=ORIENTED_EDGE('',*,*,#4972,.F.);
#4974=ORIENTED_EDGE('',*,*,#3911,.F.);
#4975=EDGE_LOOP('',(#4965,#4966,#4973,#4974));
#4976=FACE_BOUND('',#4975,.T.);
#4977=ADVANCED_FACE('',(#4976),#4964,.F.);
#4978=CARTESIAN_POINT('',(78.,0.,-2.));
#4979=DIRECTION('',(0.,0.,-1.));
#4980=DIRECTION('',(-1.,0.,0.));
#4981=AXIS2_PLACEMENT_3D('',#4978,#4979,#4980);
#4982=PLANE('',#4981);
#4983=ORIENTED_EDGE('',*,*,#2015,.T.);
#4984=ORIENTED_EDGE('',*,*,#864,.T.);
#4985=ORIENTED_EDGE('',*,*,#1126,.T.);
#4986=ORIENTED_EDGE('',*,*,#824,.T.);
#4987=ORIENTED_EDGE('',*,*,#1174,.T.);
#4988=ORIENTED_EDGE('',*,*,#784,.T.);
#4989=ORIENTED_EDGE('',*,*,#753,.T.);
#4990=ORIENTED_EDGE('',*,*,#644,.T.);
#4991=ORIENTED_EDGE('',*,*,#1102,.T.);
#4992=ORIENTED_EDGE('',*,*,#604,.T.);
#4993=ORIENTED_EDGE('',*,*,#1150,.T.);
#4994=ORIENTED_EDGE('',*,*,#564,.T.);
#4995=ORIENTED_EDGE('',*,*,#1991,.T.);
#4996=ORIENTED_EDGE('',*,*,#502,.T.);
#4997=ORIENTED_EDGE('',*,*,#1272,.T.);
#4998=ORIENTED_EDGE('',*,*,#462,.T.);
#4999=ORIENTED_EDGE('',*,*,#2807,.T.);
#5000=ORIENTED_EDGE('',*,*,#422,.T.);
#5001=EDGE_LOOP('',(#4983,#4984,#4985,#4986,#4987,#4988,#4989,#4990,#4991,#4992,#4993,#4994,#4995,#4996,#4997,#4998,#4999,#5000));
#5002=FACE_BOUND('',#5001,.T.);
#5003=CARTESIAN_POINT('',(73.361136141,22.94441362,-2.));
#5004=VERTEX_POINT('',#5003);
#5005=CARTESIAN_POINT('',(72.071542378,24.192892039,-2.));
#5006=VERTEX_POINT('',#5005);
#5007=CARTESIAN_POINT('',(67.607183078,18.291240063,-2.));
#5008=DIRECTION('',(-0.,-0.,1.));
#5009=DIRECTION('',(-1.,0.,0.));
#5010=AXIS2_PLACEMENT_3D('',#5007,#5008,#5009);
#5011=CIRCLE('',#5010,7.4);
#5012=EDGE_CURVE('',#5004,#5006,#5011,.T.);
#5013=ORIENTED_EDGE('',*,*,#5012,.T.);
#5014=CARTESIAN_POINT('',(63.978270815,39.789870631,-2.));
#5015=VERTEX_POINT('',#5014);
#5016=CARTESIAN_POINT('',(72.071542378,24.192892039,-2.));
#5017=CARTESIAN_POINT('',(70.833700926,25.12926867,-2.));
#5018=CARTESIAN_POINT('',(69.650251756,26.141365301,-2.));
#5019=CARTESIAN_POINT('',(68.574823048,27.243096158,-2.));
#5020=CARTESIAN_POINT('',(68.037108694,27.793961587,-2.));
#5021=CARTESIAN_POINT('',(67.525637304,28.368080741,-2.));
#5022=CARTESIAN_POINT('',(67.047061256,28.971348248,-2.));
#5023=CARTESIAN_POINT('',(66.807773232,29.272982002,-2.));
#5024=CARTESIAN_POINT('',(66.576745432,29.581935088,-2.));
#5025=CARTESIAN_POINT('',(66.355099337,29.899201245,-2.));
#5026=CARTESIAN_POINT('',(66.133453243,30.216467401,-2.));
#5027=CARTESIAN_POINT('',(65.920547897,30.543112215,-2.));
#5028=CARTESIAN_POINT('',(65.719945124,30.876733062,-2.));
#5029=CARTESIAN_POINT('',(65.318739577,31.543974756,-2.));
#5030=CARTESIAN_POINT('',(64.969472749,32.233399992,-1.99999999));
#5031=CARTESIAN_POINT('',(64.681243384,32.948894934,-1.99999999));
#5032=CARTESIAN_POINT('',(64.537128702,33.306642405,-1.99999999));
#5033=CARTESIAN_POINT('',(64.408369139,33.670948199,-1.999999999));
#5034=CARTESIAN_POINT('',(64.296108832,34.042300989,-1.999999999));
#5035=CARTESIAN_POINT('',(64.183848524,34.413653779,-1.999999999));
#5036=CARTESIAN_POINT('',(64.087887482,34.794270258,-2.));
#5037=CARTESIAN_POINT('',(64.011244815,35.175271511,-2.));
#5038=CARTESIAN_POINT('',(63.857959482,35.937274016,-2.));
#5039=CARTESIAN_POINT('',(63.780469777,36.703225881,-2.));
#5040=CARTESIAN_POINT('',(63.77606737,37.472985987,-2.));
#5041=CARTESIAN_POINT('',(63.773866167,37.85786604,-2.));
#5042=CARTESIAN_POINT('',(63.789933307,38.243697972,-2.));
#5043=CARTESIAN_POINT('',(63.823871099,38.630461061,-2.));
#5044=CARTESIAN_POINT('',(63.857808892,39.01722415,-2.));
#5045=CARTESIAN_POINT('',(63.909858497,39.405616626,-2.));
#5046=CARTESIAN_POINT('',(63.978270812,39.789870631,-2.));
#5047=B_SPLINE_CURVE_WITH_KNOTS('',3,(#5016,#5017,#5018,#5019,#5020,#5021,#5022,#5023,#5024,#5025,#5026,#5027,#5028,#5029,#5030,#5031,#5032,#5033,#5034,#5035,#5036,#5037,#5038,#5039,#5040,#5041,
#5042,#5043,#5044,#5045,#5046),.UNSPECIFIED.,.F.,.F.,(4,3,3,3,3,3,3,3,3,3,4),(-0.,0.004654253,0.006981379,0.008144942,0.009308506,0.011635632,0.012799195,0.013962758,0.016289885,0.017453448,0.018617011),.UNSPECIFIED.);
#5048=EDGE_CURVE('',#5006,#5015,#5047,.T.);
#5049=ORIENTED_EDGE('',*,*,#5048,.T.);
#5050=CARTESIAN_POINT('',(75.886089282,46.00457031,-2.));
#5051=VERTEX_POINT('',#5050);
#5052=CARTESIAN_POINT('',(63.97827081,39.789870632,-2.));
#5053=CARTESIAN_POINT('',(64.05572779,40.09717192,-2.));
#5054=CARTESIAN_POINT('',(64.143183497,40.401820669,-1.999999996));
#5055=CARTESIAN_POINT('',(64.242674445,40.703276617,-1.999999996));
#5056=CARTESIAN_POINT('',(64.342165393,41.004732566,-1.999999996));
#5057=CARTESIAN_POINT('',(64.453940059,41.303527761,-1.999999998));
#5058=CARTESIAN_POINT('',(64.578331156,41.594605476,-1.999999998));
#5059=CARTESIAN_POINT('',(64.827113351,42.176760907,-1.999999998));
#5060=CARTESIAN_POINT('',(65.126851947,42.731843886,-2.));
#5061=CARTESIAN_POINT('',(65.496361107,43.2498587,-2.));
#5062=CARTESIAN_POINT('',(65.588738397,43.379362403,-2.));
#5063=CARTESIAN_POINT('',(65.685675196,43.506612047,-2.));
#5064=CARTESIAN_POINT('',(65.785820548,43.629487164,-2.));
#5065=CARTESIAN_POINT('',(65.8859659,43.752362281,-2.));
#5066=CARTESIAN_POINT('',(65.989646786,43.871342506,-2.));
#5067=CARTESIAN_POINT('',(66.096942562,43.986340418,-2.));
#5068=CARTESIAN_POINT('',(66.311534113,44.21633624,-2.));
#5069=CARTESIAN_POINT('',(66.540573215,44.430416036,-2.));
#5070=CARTESIAN_POINT('',(66.784557604,44.628031478,-2.));
#5071=CARTESIAN_POINT('',(67.028541993,44.82564692,-2.));
#5072=CARTESIAN_POINT('',(67.287562019,45.006838052,-2.));
#5073=CARTESIAN_POINT('',(67.561749823,45.171038494,-2.));
#5074=CARTESIAN_POINT('',(67.835937627,45.335238935,-2.));
#5075=CARTESIAN_POINT('',(68.121172544,45.479843596,-1.999999998));
#5076=CARTESIAN_POINT('',(68.412105402,45.604823788,-1.999999998));
#5077=CARTESIAN_POINT('',(68.70303826,45.72980398,-1.999999998));
#5078=CARTESIAN_POINT('',(69.000739025,45.83593662,-1.999999998));
#5079=CARTESIAN_POINT('',(69.304359004,45.925585183,-1.999999998));
#5080=CARTESIAN_POINT('',(69.607978983,46.015233747,-1.999999998));
#5081=CARTESIAN_POINT('',(69.919011482,46.088633975,-1.999999999));
#5082=CARTESIAN_POINT('',(70.231283679,46.146809629,-1.999999999));
#5083=CARTESIAN_POINT('',(70.855828074,46.263160937,-1.999999999));
#5084=CARTESIAN_POINT('',(71.483133822,46.319716044,-2.));
#5085=CARTESIAN_POINT('',(72.112357611,46.334736581,-2.));
#5086=CARTESIAN_POINT('',(72.741581401,46.349757117,-2.));
#5087=CARTESIAN_POINT('',(73.373583455,46.322725497,-2.));
#5088=CARTESIAN_POINT('',(74.005263034,46.264358845,-2.));
#5089=CARTESIAN_POINT('',(74.321102823,46.23517552,-2.));
#5090=CARTESIAN_POINT('',(74.635640573,46.198233671,-2.));
#5091=CARTESIAN_POINT('',(74.9490553,46.154600018,-2.));
#5092=CARTESIAN_POINT('',(75.262470026,46.110966364,-2.));
#5093=CARTESIAN_POINT('',(75.574644614,46.059943035,-2.));
#5094=CARTESIAN_POINT('',(75.886089282,46.00457031,-2.));
#5095=B_SPLINE_CURVE_WITH_KNOTS('',3,(#5052,#5053,#5054,#5055,#5056,#5057,#5058,#5059,#5060,#5061,#5062,#5063,#5064,#5065,#5066,#5067,#5068,#5069,#5070,#5071,#5072,#5073,#5074,#5075,#5076,#5077,
#5078,#5079,#5080,#5081,#5082,#5083,#5084,#5085,#5086,#5087,#5088,#5089,#5090,#5091,#5092,#5093,#5094),.UNSPECIFIED.,.F.,.F.,(4,3,3,3,3,3,3,3,3,3,3,3,3,3,4),(0.024738506,0.025689273,0.026640041,0.028541576,0.02901696,0.029492344,0.030443111,0.031393879,0.032344647,0.033295414,0.034246182,0.036147717,0.038049252,0.03900002,0.039950788),.UNSPECIFIED.);
#5096=EDGE_CURVE('',#5015,#5051,#5095,.T.);
#5097=ORIENTED_EDGE('',*,*,#5096,.T.);
#5098=CARTESIAN_POINT('',(83.158955969,51.255193624,-2.));
#5099=VERTEX_POINT('',#5098);
#5100=CARTESIAN_POINT('',(75.886089282,46.00457031,-2.));
#5101=CARTESIAN_POINT('',(76.091874837,45.993875967,-2.));
#5102=CARTESIAN_POINT('',(76.298220684,45.986750873,-2.));
#5103=CARTESIAN_POINT('',(76.50384492,45.98706705,-2.));
#5104=CARTESIAN_POINT('',(76.709469157,45.987383227,-2.));
#5105=CARTESIAN_POINT('',(76.914253528,45.994083561,-1.999999999));
#5106=CARTESIAN_POINT('',(77.118097534,46.007931988,-1.999999999));
#5107=CARTESIAN_POINT('',(77.525785546,46.035628841,-1.999999999));
#5108=CARTESIAN_POINT('',(77.929755743,46.091586302,-1.999999999));
#5109=CARTESIAN_POINT('',(78.329093056,46.182760188,-1.999999999));
#5110=CARTESIAN_POINT('',(78.528761712,46.228347131,-1.999999999));
#5111=CARTESIAN_POINT('',(78.727944452,46.283046189,-2.));
#5112=CARTESIAN_POINT('',(78.924272369,46.347212788,-2.));
#5113=CARTESIAN_POINT('',(79.120600285,46.411379387,-2.));
#5114=CARTESIAN_POINT('',(79.312470281,46.484467298,-2.));
#5115=CARTESIAN_POINT('',(79.499713361,46.566814718,-2.));
#5116=CARTESIAN_POINT('',(79.874199522,46.73150956,-2.));
#5117=CARTESIAN_POINT('',(80.230226527,46.933145366,-2.));
#5118=CARTESIAN_POINT('',(80.566041484,47.175230073,-2.));
#5119=CARTESIAN_POINT('',(80.733948962,47.296272426,-2.));
#5120=CARTESIAN_POINT('',(80.895019652,47.426217682,-2.));
#5121=CARTESIAN_POINT('',(81.048655986,47.564290119,-2.));
#5122=CARTESIAN_POINT('',(81.20229232,47.702362555,-2.));
#5123=CARTESIAN_POINT('',(81.349271855,47.849390454,-2.));
#5124=CARTESIAN_POINT('',(81.487215678,48.002220523,-2.));
#5125=CARTESIAN_POINT('',(81.763103323,48.307880663,-2.));
#5126=CARTESIAN_POINT('',(82.004550875,48.637533184,-2.));
#5127=CARTESIAN_POINT('',(82.216938314,48.987430173,-2.));
#5128=CARTESIAN_POINT('',(82.429325754,49.337327161,-2.));
#5129=CARTESIAN_POINT('',(82.613332192,49.709969807,-2.));
#5130=CARTESIAN_POINT('',(82.768678889,50.08999532,-2.));
#5131=CARTESIAN_POINT('',(82.924025586,50.470020833,-2.));
#5132=CARTESIAN_POINT('',(83.052143035,50.859075115,-2.));
#5133=CARTESIAN_POINT('',(83.158955994,51.255193616,-2.));
#5134=B_SPLINE_CURVE_WITH_KNOTS('',3,(#5100,#5101,#5102,#5103,#5104,#5105,#5106,#5107,#5108,#5109,#5110,#5111,#5112,#5113,#5114,#5115,#5116,#5117,#5118,#5119,#5120,#5121,#5122,#5123,#5124,#5125,
#5126,#5127,#5128,#5129,#5130,#5131,#5132,#5133),.UNSPECIFIED.,.F.,.F.,(4,3,3,3,3,3,3,3,3,3,3,4),(0.013137202,0.013752653,0.014368104,0.015599006,0.016214458,0.016829909,0.018060811,0.018676263,0.019291714,0.020522616,0.021753519,0.022984421),.UNSPECIFIED.);
#5135=EDGE_CURVE('',#5051,#5099,#5134,.T.);
#5136=ORIENTED_EDGE('',*,*,#5135,.T.);
#5137=CARTESIAN_POINT('',(94.537684936,58.607662918,-2.));
#5138=VERTEX_POINT('',#5137);
#5139=CARTESIAN_POINT('',(83.158955894,51.255193652,-2.));
#5140=CARTESIAN_POINT('',(83.351413952,51.891695942,-2.));
#5141=CARTESIAN_POINT('',(83.563549486,52.520832618,-2.));
#5142=CARTESIAN_POINT('',(83.802160989,53.140058888,-2.));
#5143=CARTESIAN_POINT('',(84.040772491,53.759285159,-2.));
#5144=CARTESIAN_POINT('',(84.305580268,54.36870572,-2.));
#5145=CARTESIAN_POINT('',(84.608602866,54.963821823,-2.));
#5146=CARTESIAN_POINT('',(84.760114165,55.261379874,-2.));
#5147=CARTESIAN_POINT('',(84.921890034,55.556396966,-1.999999999));
#5148=CARTESIAN_POINT('',(85.094074951,55.843891207,-1.999999999));
#5149=CARTESIAN_POINT('',(85.266259868,56.131385449,-1.999999999));
#5150=CARTESIAN_POINT('',(85.448593874,56.411114911,-2.));
#5151=CARTESIAN_POINT('',(85.643204354,56.681451993,-2.));
#5152=CARTESIAN_POINT('',(85.837814834,56.951789074,-2.));
#5153=CARTESIAN_POINT('',(86.044708667,57.212728512,-2.));
#5154=CARTESIAN_POINT('',(86.267084628,57.461823014,-2.));
#5155=CARTESIAN_POINT('',(86.378272609,57.586370265,-2.));
#5156=CARTESIAN_POINT('',(86.493306956,57.707974771,-1.999999999));
#5157=CARTESIAN_POINT('',(86.612816852,57.826155162,-1.999999999));
#5158=CARTESIAN_POINT('',(86.732326748,57.944335552,-1.999999999));
#5159=CARTESIAN_POINT('',(86.856647285,58.059348804,-2.));
#5160=CARTESIAN_POINT('',(86.98413318,58.168924153,-2.));
#5161=CARTESIAN_POINT('',(87.23910497,58.38807485,-2.));
#5162=CARTESIAN_POINT('',(87.508160531,58.586947495,-1.999999999));
#5163=CARTESIAN_POINT('',(87.793886506,58.761817798,-1.999999999));
#5164=CARTESIAN_POINT('',(88.079612481,58.9366881,-1.999999999));
#5165=CARTESIAN_POINT('',(88.385118358,59.088252221,-2.));
#5166=CARTESIAN_POINT('',(88.697924663,59.207510563,-2.));
#5167=CARTESIAN_POINT('',(89.010730968,59.326768906,-2.));
#5168=CARTESIAN_POINT('',(89.332370384,59.415236247,-2.));
#5169=CARTESIAN_POINT('',(89.662571819,59.473857579,-2.));
#5170=CARTESIAN_POINT('',(89.827672536,59.503168245,-2.));
#5171=CARTESIAN_POINT('',(89.995764428,59.52509473,-2.));
#5172=CARTESIAN_POINT('',(90.163615828,59.539553028,-2.));
#5173=CARTESIAN_POINT('',(90.331467228,59.554011326,-2.));
#5174=CARTESIAN_POINT('',(90.4988036,59.561081975,-2.));
#5175=CARTESIAN_POINT('',(90.665681368,59.561574306,-2.));
#5176=CARTESIAN_POINT('',(90.999436904,59.562558969,-2.));
#5177=CARTESIAN_POINT('',(91.331360818,59.537270479,-2.));
#5178=CARTESIAN_POINT('',(91.661792856,59.490582241,-2.));
#5179=CARTESIAN_POINT('',(91.992224895,59.443894003,-2.));
#5180=CARTESIAN_POINT('',(92.322691289,59.375358476,-1.999999999));
#5181=CARTESIAN_POINT('',(92.647553667,59.2901192,-1.999999999));
#5182=CARTESIAN_POINT('',(93.297278425,59.119640648,-1.999999999));
#5183=CARTESIAN_POINT('',(93.924716713,58.88460837,-2.));
#5184=CARTESIAN_POINT('',(94.537684936,58.607662918,-2.));
#5185=B_SPLINE_CURVE_WITH_KNOTS('',3,(#5139,#5140,#5141,#5142,#5143,#5144,#5145,#5146,#5147,#5148,#5149,#5150,#5151,#5152,#5153,#5154,#5155,#5156,#5157,#5158,#5159,#5160,#5161,#5162,#5163,#5164,
#5165,#5166,#5167,#5168,#5169,#5170,#5171,#5172,#5173,#5174,#5175,#5176,#5177,#5178,#5179,#5180,#5181,#5182,#5183,#5184),.UNSPECIFIED.,.F.,.F.,(4,3,3,3,3,3,3,3,3,3,3,3,3,3,3,4),(0.,0.002009364,0.004018728,0.00502341,0.006028092,0.007032774,0.007535115,0.008037456,0.009042138,0.01004682,0.011051502,0.011553843,0.012056184,0.013060866,0.014065548,0.016074912),.UNSPECIFIED.);
#5186=EDGE_CURVE('',#5099,#5138,#5185,.T.);
#5187=ORIENTED_EDGE('',*,*,#5186,.T.);
#5188=CARTESIAN_POINT('',(95.814361715,57.748369388,-2.));
#5189=VERTEX_POINT('',#5188);
#5190=CARTESIAN_POINT('',(92.643698193,54.415668856,-2.));
#5191=DIRECTION('',(0.,0.,-1.));
#5192=DIRECTION('',(-1.,0.,0.));
#5193=AXIS2_PLACEMENT_3D('',#5190,#5191,#5192);
#5194=CIRCLE('',#5193,4.6);
#5195=EDGE_CURVE('',#5138,#5189,#5194,.T.);
#5196=ORIENTED_EDGE('',*,*,#5195,.T.);
#5197=CARTESIAN_POINT('',(105.554368574,58.165908828,-2.));
#5198=VERTEX_POINT('',#5197);
#5199=CARTESIAN_POINT('',(95.814361715,57.748369388,-2.));
#5200=CARTESIAN_POINT('',(96.14107942,57.437536807,-2.));
#5201=CARTESIAN_POINT('',(96.488606717,57.157919502,-1.999999999));
#5202=CARTESIAN_POINT('',(96.861148759,56.915825383,-1.999999999));
#5203=CARTESIAN_POINT('',(97.04741978,56.794778323,-1.999999999));
#5204=CARTESIAN_POINT('',(97.239970787,56.68315151,-2.));
#5205=CARTESIAN_POINT('',(97.439454993,56.581924793,-2.));
#5206=CARTESIAN_POINT('',(97.6389392,56.480698075,-2.));
#5207=CARTESIAN_POINT('',(97.846953398,56.389391353,-2.));
#5208=CARTESIAN_POINT('',(98.057996279,56.311377129,-2.));
#5209=CARTESIAN_POINT('',(98.480082042,56.155348681,-2.));
#5210=CARTESIAN_POINT('',(98.914036247,56.051518222,-2.));
#5211=CARTESIAN_POINT('',(99.359820584,55.999717257,-2.));
#5212=CARTESIAN_POINT('',(99.582712752,55.973816775,-2.));
#5213=CARTESIAN_POINT('',(99.80976284,55.961053737,-2.));
#5214=CARTESIAN_POINT('',(100.034562969,55.96122786,-2.));
#5215=CARTESIAN_POINT('',(100.259363099,55.961401983,-2.));
#5216=CARTESIAN_POINT('',(100.482868807,55.97424647,-2.));
#5217=CARTESIAN_POINT('',(100.705195005,55.998636518,-2.));
#5218=CARTESIAN_POINT('',(100.927521203,56.023026566,-2.));
#5219=CARTESIAN_POINT('',(101.148667162,56.058969299,-2.));
#5220=CARTESIAN_POINT('',(101.368732242,56.105492163,-2.));
#5221=CARTESIAN_POINT('',(101.588797321,56.152015026,-2.));
#5222=CARTESIAN_POINT('',(101.808030638,56.209259674,-1.999999999));
#5223=CARTESIAN_POINT('',(102.022395801,56.274939686,-1.999999999));
#5224=CARTESIAN_POINT('',(102.451126127,56.406299709,-1.999999999));
#5225=CARTESIAN_POINT('',(102.864841904,56.571763825,-2.));
#5226=CARTESIAN_POINT('',(103.267320563,56.762751965,-2.));
#5227=CARTESIAN_POINT('',(104.072277881,57.144728244,-2.));
#5228=CARTESIAN_POINT('',(104.835389014,57.630531382,-2.));
#5229=CARTESIAN_POINT('',(105.554368656,58.165908716,-2.));
#5230=B_SPLINE_CURVE_WITH_KNOTS('',3,(#5199,#5200,#5201,#5202,#5203,#5204,#5205,#5206,#5207,#5208,#5209,#5210,#5211,#5212,#5213,#5214,#5215,#5216,#5217,#5218,#5219,#5220,#5221,#5222,#5223,#5224,
#5225,#5226,#5227,#5228,#5229),.UNSPECIFIED.,.F.,.F.,(4,3,3,3,3,3,3,3,3,3,4),(0.,0.00133279,0.001999185,0.002665581,0.003998371,0.004664766,0.005331161,0.005997556,0.006663952,0.007996742,0.010662323),.UNSPECIFIED.);
#5231=EDGE_CURVE('',#5189,#5198,#5230,.T.);
#5232=ORIENTED_EDGE('',*,*,#5231,.T.);
#5233=CARTESIAN_POINT('',(117.015049481,50.799856156,-2.));
#5234=VERTEX_POINT('',#5233);
#5235=CARTESIAN_POINT('',(105.554368567,58.16590884,-2.));
#5236=CARTESIAN_POINT('',(105.851428287,58.339859071,-2.));
#5237=CARTESIAN_POINT('',(106.154413833,58.503444125,-1.999999997));
#5238=CARTESIAN_POINT('',(106.465041221,58.653662435,-1.999999997));
#5239=CARTESIAN_POINT('',(106.775668608,58.803880745,-1.999999997));
#5240=CARTESIAN_POINT('',(107.09384422,58.94051906,-2.));
#5241=CARTESIAN_POINT('',(107.416384995,59.057816472,-2.));
#5242=CARTESIAN_POINT('',(107.73892577,59.175113883,-2.));
#5243=CARTESIAN_POINT('',(108.06694945,59.273649498,-2.));
#5244=CARTESIAN_POINT('',(108.402136008,59.347674662,-2.));
#5245=CARTESIAN_POINT('',(108.569729287,59.384687244,-2.));
#5246=CARTESIAN_POINT('',(108.739118019,59.415556019,-2.));
#5247=CARTESIAN_POINT('',(108.910614927,59.439210881,-2.));
#5248=CARTESIAN_POINT('',(109.082111836,59.462865744,-2.));
#5249=CARTESIAN_POINT('',(109.255399451,59.479185786,-2.));
#5250=CARTESIAN_POINT('',(109.427562603,59.487084948,-2.));
#5251=CARTESIAN_POINT('',(109.771888907,59.502883273,-2.));
#5252=CARTESIAN_POINT('',(110.114883989,59.485536911,-2.));
#5253=CARTESIAN_POINT('',(110.456315526,59.429261484,-2.));
#5254=CARTESIAN_POINT('',(110.627031294,59.40112377,-2.));
#5255=CARTESIAN_POINT('',(110.797678974,59.362988376,-2.));
#5256=CARTESIAN_POINT('',(110.963536391,59.31587727,-2.));
#5257=CARTESIAN_POINT('',(111.129393809,59.268766163,-2.));
#5258=CARTESIAN_POINT('',(111.291579265,59.212571048,-2.));
#5259=CARTESIAN_POINT('',(111.450257094,59.14769847,-2.));
#5260=CARTESIAN_POINT('',(111.608934924,59.082825892,-2.));
#5261=CARTESIAN_POINT('',(111.764106953,59.009280367,-2.));
#5262=CARTESIAN_POINT('',(111.915968521,58.927545144,-2.));
#5263=CARTESIAN_POINT('',(112.067830089,58.845809921,-2.));
#5264=CARTESIAN_POINT('',(112.21703297,58.755403184,-2.));
#5265=CARTESIAN_POINT('',(112.360662166,58.658966922,-2.));
#5266=CARTESIAN_POINT('',(112.647920558,58.466094397,-2.));
#5267=CARTESIAN_POINT('',(112.914823875,58.248840894,-1.999999997));
#5268=CARTESIAN_POINT('',(113.166048076,58.012807196,-1.999999997));
#5269=CARTESIAN_POINT('',(113.417272277,57.776773499,-1.999999997));
#5270=CARTESIAN_POINT('',(113.653432688,57.520801653,-2.));
#5271=CARTESIAN_POINT('',(113.872896825,57.255411129,-2.));
#5272=CARTESIAN_POINT('',(114.092360962,56.990020604,-2.));
#5273=CARTESIAN_POINT('',(114.296421132,56.71401514,-2.));
#5274=CARTESIAN_POINT('',(114.488662845,56.429865527,-2.));
#5275=CARTESIAN_POINT('',(114.680904558,56.145715913,-2.));
#5276=CARTESIAN_POINT('',(114.861279342,55.853388748,-2.));
#5277=CARTESIAN_POINT('',(115.032143744,55.554507937,-2.));
#5278=CARTESIAN_POINT('',(115.203008146,55.255627126,-2.));
#5279=CARTESIAN_POINT('',(115.364530528,54.949715435,-2.));
#5280=CARTESIAN_POINT('',(115.517019318,54.640842099,-2.));
#5281=CARTESIAN_POINT('',(115.821996896,54.023095428,-2.));
#5282=CARTESIAN_POINT('',(116.092626644,53.391424799,-2.));
#5283=CARTESIAN_POINT('',(116.339620514,52.750172634,-2.));
#5284=CARTESIAN_POINT('',(116.586614384,52.108920469,-2.));
#5285=CARTESIAN_POINT('',(116.809773308,51.457838302,-2.));
#5286=CARTESIAN_POINT('',(117.015049482,50.799856156,-2.));
#5287=B_SPLINE_CURVE_WITH_KNOTS('',3,(#5235,#5236,#5237,#5238,#5239,#5240,#5241,#5242,#5243,#5244,#5245,#5246,#5247,#5248,#5249,#5250,#5251,#5252,#5253,#5254,#5255,#5256,#5257,#5258,#5259,#5260,
#5261,#5262,#5263,#5264,#5265,#5266,#5267,#5268,#5269,#5270,#5271,#5272,#5273,#5274,#5275,#5276,#5277,#5278,#5279,#5280,#5281,#5282,#5283,#5284,#5285,
#5286),.UNSPECIFIED.,.F.,.F.,(4,3,3,3,3,3,3,3,3,3,3,3,3,3,3,3,3,4),(0.111102525,0.112136411,0.113170297,0.114204183,0.114721126,0.115238069,0.116271954,0.116788897,0.11730584,0.117822783,0.118339726,0.119373612,0.120407498,0.121441384,0.12247527,0.123509155,0.125576927,0.127644699),.UNSPECIFIED.);
#5288=EDGE_CURVE('',#5198,#5234,#5287,.T.);
#5289=ORIENTED_EDGE('',*,*,#5288,.T.);
#5290=CARTESIAN_POINT('',(125.077407925,46.999607817,-2.));
#5291=VERTEX_POINT('',#5290);
#5292=CARTESIAN_POINT('',(117.015049344,50.799856143,-2.));
#5293=CARTESIAN_POINT('',(117.038176074,50.58827525,-2.));
#5294=CARTESIAN_POINT('',(117.073139054,50.376870886,-2.));
#5295=CARTESIAN_POINT('',(117.121286392,50.170000202,-2.));
#5296=CARTESIAN_POINT('',(117.169433731,49.963129517,-2.));
#5297=CARTESIAN_POINT('',(117.230651352,49.760573774,-2.));
#5298=CARTESIAN_POINT('',(117.306694468,49.562912424,-2.));
#5299=CARTESIAN_POINT('',(117.382737584,49.365251075,-2.));
#5300=CARTESIAN_POINT('',(117.474669947,49.1708077,-2.));
#5301=CARTESIAN_POINT('',(117.580596874,48.987083059,-2.));
#5302=CARTESIAN_POINT('',(117.686523801,48.803358419,-2.));
#5303=CARTESIAN_POINT('',(117.806086261,48.630202887,-2.));
#5304=CARTESIAN_POINT('',(117.939336782,48.467657179,-2.));
#5305=CARTESIAN_POINT('',(118.072587303,48.305111471,-2.));
#5306=CARTESIAN_POINT('',(118.219623564,48.153298324,-1.999999987));
#5307=CARTESIAN_POINT('',(118.380578908,48.012250238,-1.999999987));
#5308=CARTESIAN_POINT('',(118.541534252,47.871202152,-1.999999987));
#5309=CARTESIAN_POINT('',(118.711710217,47.744995138,-2.));
#5310=CARTESIAN_POINT('',(118.89016805,47.632118221,-2.));
#5311=CARTESIAN_POINT('',(119.068625882,47.519241305,-2.));
#5312=CARTESIAN_POINT('',(119.255292919,47.419577533,-2.));
#5313=CARTESIAN_POINT('',(119.449327951,47.331772935,-2.));
#5314=CARTESIAN_POINT('',(119.643362983,47.243968337,-2.));
#5315=CARTESIAN_POINT('',(119.843093106,47.16885657,-2.));
#5316=CARTESIAN_POINT('',(120.044937992,47.105328438,-2.));
#5317=CARTESIAN_POINT('',(120.246782879,47.041800305,-2.));
#5318=CARTESIAN_POINT('',(120.451625405,46.989442593,-2.));
#5319=CARTESIAN_POINT('',(120.658964123,46.946386706,-2.));
#5320=CARTESIAN_POINT('',(120.866302841,46.90333082,-2.));
#5321=CARTESIAN_POINT('',(121.076828673,46.869523387,-2.));
#5322=CARTESIAN_POINT('',(121.287710518,46.843801989,-2.));
#5323=CARTESIAN_POINT('',(121.709474208,46.792359194,-2.));
#5324=CARTESIAN_POINT('',(122.131068328,46.772772724,-2.));
#5325=CARTESIAN_POINT('',(122.55254849,46.774594932,-2.));
#5326=CARTESIAN_POINT('',(122.974028652,46.776417139,-2.));
#5327=CARTESIAN_POINT('',(123.395393859,46.799835265,-1.999999999));
#5328=CARTESIAN_POINT('',(123.816675315,46.838987409,-1.999999999));
#5329=CARTESIAN_POINT('',(124.237956771,46.878139554,-1.999999999));
#5330=CARTESIAN_POINT('',(124.65898153,46.933140297,-2.));
#5331=CARTESIAN_POINT('',(125.077407946,46.999607681,-2.));
#5332=B_SPLINE_CURVE_WITH_KNOTS('',3,(#5292,#5293,#5294,#5295,#5296,#5297,#5298,#5299,#5300,#5301,#5302,#5303,#5304,#5305,#5306,#5307,#5308,#5309,#5310,#5311,#5312,#5313,#5314,#5315,#5316,#5317,
#5318,#5319,#5320,#5321,#5322,#5323,#5324,#5325,#5326,#5327,#5328,#5329,#5330,#5331),.UNSPECIFIED.,.F.,.F.,(4,3,3,3,3,3,3,3,3,3,3,3,3,4),(0.033393015,0.03402853,0.034664046,0.035299562,0.035935077,0.036570593,0.037206109,0.037841625,0.03847714,0.039112656,0.039748172,0.041019203,0.042290235,0.043561266),.UNSPECIFIED.);
#5333=EDGE_CURVE('',#5234,#5291,#5332,.T.);
#5334=ORIENTED_EDGE('',*,*,#5333,.T.);
#5335=CARTESIAN_POINT('',(133.990071738,37.075552026,-2.));
#5336=VERTEX_POINT('',#5335);
#5337=CARTESIAN_POINT('',(125.077407925,46.999607842,-2.));
#5338=CARTESIAN_POINT('',(125.763243132,46.995231768,-2.));
#5339=CARTESIAN_POINT('',(126.448577124,46.965693209,-2.));
#5340=CARTESIAN_POINT('',(127.129152897,46.90095543,-2.));
#5341=CARTESIAN_POINT('',(127.469440784,46.868586541,-2.));
#5342=CARTESIAN_POINT('',(127.80874923,46.827345125,-2.));
#5343=CARTESIAN_POINT('',(128.146858684,46.77524231,-2.));
#5344=CARTESIAN_POINT('',(128.484968138,46.723139495,-2.));
#5345=CARTESIAN_POINT('',(128.822534343,46.660065254,-2.));
#5346=CARTESIAN_POINT('',(129.157137552,46.583592833,-2.));
#5347=CARTESIAN_POINT('',(129.826343972,46.43064799,-2.));
#5348=CARTESIAN_POINT('',(130.477131569,46.227492364,-2.));
#5349=CARTESIAN_POINT('',(131.098202592,45.943327625,-2.));
#5350=CARTESIAN_POINT('',(131.253470348,45.87228644,-2.));
#5351=CARTESIAN_POINT('',(131.406844257,45.796082518,-1.999999999));
#5352=CARTESIAN_POINT('',(131.557997212,45.713824146,-1.999999999));
#5353=CARTESIAN_POINT('',(131.709150167,45.631565774,-1.999999999));
#5354=CARTESIAN_POINT('',(131.858082087,45.543192572,-2.));
#5355=CARTESIAN_POINT('',(132.00194375,45.449540473,-2.));
#5356=CARTESIAN_POINT('',(132.289667076,45.262236275,-2.));
#5357=CARTESIAN_POINT('',(132.559673747,45.052578115,-1.999999999));
#5358=CARTESIAN_POINT('',(132.808324885,44.815974643,-1.999999999));
#5359=CARTESIAN_POINT('',(132.932650454,44.697672907,-1.999999999));
#5360=CARTESIAN_POINT('',(133.052235141,44.57180249,-2.));
#5361=CARTESIAN_POINT('',(133.164163294,44.440706002,-2.));
#5362=CARTESIAN_POINT('',(133.276091447,44.309609515,-2.));
#5363=CARTESIAN_POINT('',(133.38026348,44.173546371,-2.));
#5364=CARTESIAN_POINT('',(133.476789154,44.032586857,-2.));
#5365=CARTESIAN_POINT('',(133.669840502,43.750667829,-2.));
#5366=CARTESIAN_POINT('',(133.832706256,43.448102861,-2.));
#5367=CARTESIAN_POINT('',(133.965520898,43.129039464,-2.));
#5368=CARTESIAN_POINT('',(134.098335541,42.809976066,-2.));
#5369=CARTESIAN_POINT('',(134.198031491,42.483111889,-2.));
#5370=CARTESIAN_POINT('',(134.271792373,42.150138963,-2.));
#5371=CARTESIAN_POINT('',(134.345553256,41.817166038,-2.));
#5372=CARTESIAN_POINT('',(134.39335584,41.477588356,-2.));
#5373=CARTESIAN_POINT('',(134.420049448,41.13404821,-2.));
#5374=CARTESIAN_POINT('',(134.473436663,40.446967917,-2.));
#5375=CARTESIAN_POINT('',(134.443178952,39.766873475,-2.));
#5376=CARTESIAN_POINT('',(134.363631127,39.090895641,-2.));
#5377=CARTESIAN_POINT('',(134.323857214,38.752906724,-2.));
#5378=CARTESIAN_POINT('',(134.271368064,38.415979758,-1.999999995));
#5379=CARTESIAN_POINT('',(134.208284789,38.079937591,-1.999999995));
#5380=CARTESIAN_POINT('',(134.176743151,37.911916507,-1.999999995));
#5381=CARTESIAN_POINT('',(134.142448335,37.744037074,-2.));
#5382=CARTESIAN_POINT('',(134.105889713,37.576551589,-2.));
#5383=CARTESIAN_POINT('',(134.069331091,37.409066105,-2.));
#5384=CARTESIAN_POINT('',(134.029734253,37.242301276,-2.));
#5385=CARTESIAN_POINT('',(133.990071738,37.075552026,-2.));
#5386=B_SPLINE_CURVE_WITH_KNOTS('',3,(#5337,#5338,#5339,#5340,#5341,#5342,#5343,#5344,#5345,#5346,#5347,#5348,#5349,#5350,#5351,#5352,#5353,#5354,#5355,#5356,#5357,#5358,#5359,#5360,#5361,#5362,
#5363,#5364,#5365,#5366,#5367,#5368,#5369,#5370,#5371,#5372,#5373,#5374,#5375,#5376,#5377,#5378,#5379,#5380,#5381,#5382,#5383,#5384,#5385),.UNSPECIFIED.,.F.,.F.,(4,3,3,3,3,3,3,3,3,3,3,3,3,3,3,3,4),(0.100929632,0.102987176,0.104015948,0.10504472,0.107102264,0.10761665,0.108131036,0.109159808,0.109674194,0.11018858,0.111217352,0.112246124,0.113274896,0.11533244,0.116361212,0.116875598,0.117389984),.UNSPECIFIED.);
#5387=EDGE_CURVE('',#5291,#5336,#5386,.T.);
#5388=ORIENTED_EDGE('',*,*,#5387,.T.);
#5389=CARTESIAN_POINT('',(126.278753628,25.707093891,-2.));
#5390=VERTEX_POINT('',#5389);
#5391=CARTESIAN_POINT('',(133.990071738,37.075552026,-2.));
#5392=CARTESIAN_POINT('',(134.00259441,36.927138508,-2.));
#5393=CARTESIAN_POINT('',(134.015385421,36.778744366,-2.));
#5394=CARTESIAN_POINT('',(134.02059837,36.629803014,-2.));
#5395=CARTESIAN_POINT('',(134.025811319,36.480861663,-2.));
#5396=CARTESIAN_POINT('',(134.025345369,36.331510239,-2.));
#5397=CARTESIAN_POINT('',(134.019273376,36.181754005,-2.));
#5398=CARTESIAN_POINT('',(134.007129389,35.882241535,-2.));
#5399=CARTESIAN_POINT('',(133.972748967,35.585365722,-1.999999991));
#5400=CARTESIAN_POINT('',(133.919287237,35.294089207,-1.999999991));
#5401=CARTESIAN_POINT('',(133.865825507,35.002812691,-1.999999991));
#5402=CARTESIAN_POINT('',(133.793340372,34.715958664,-1.999999996));
#5403=CARTESIAN_POINT('',(133.704523472,34.432901384,-1.999999996));
#5404=CARTESIAN_POINT('',(133.615706571,34.149844105,-1.999999996));
#5405=CARTESIAN_POINT('',(133.509918285,33.869448106,-2.));
#5406=CARTESIAN_POINT('',(133.391357239,33.595552683,-2.));
#5407=CARTESIAN_POINT('',(133.154235149,33.047761836,-2.));
#5408=CARTESIAN_POINT('',(132.867518994,32.526567925,-2.));
#5409=CARTESIAN_POINT('',(132.546310196,32.023872167,-2.));
#5410=CARTESIAN_POINT('',(132.385705797,31.772524288,-2.));
#5411=CARTESIAN_POINT('',(132.216425924,31.526009279,-1.999999998));
#5412=CARTESIAN_POINT('',(132.040893111,31.285263409,-1.999999998));
#5413=CARTESIAN_POINT('',(131.865360299,31.04451754,-1.999999998));
#5414=CARTESIAN_POINT('',(131.683243974,30.809046181,-2.));
#5415=CARTESIAN_POINT('',(131.495623993,30.577984183,-2.));
#5416=CARTESIAN_POINT('',(131.12038403,30.115860187,-2.));
#5417=CARTESIAN_POINT('',(130.7224941,29.670831742,-2.));
#5418=CARTESIAN_POINT('',(130.309297728,29.240673021,-2.));
#5419=CARTESIAN_POINT('',(129.896101356,28.8105143,-2.));
#5420=CARTESIAN_POINT('',(129.468090159,28.395702671,-2.));
#5421=CARTESIAN_POINT('',(129.028580154,27.992802978,-2.));
#5422=CARTESIAN_POINT('',(128.58907015,27.589903286,-2.));
#5423=CARTESIAN_POINT('',(128.137911851,27.198888422,-2.));
#5424=CARTESIAN_POINT('',(127.678906067,26.818628686,-2.));
#5425=CARTESIAN_POINT('',(127.449403176,26.628498818,-2.));
#5426=CARTESIAN_POINT('',(127.217827063,26.440989649,-2.));
#5427=CARTESIAN_POINT('',(126.984386465,26.255837325,-2.));
#5428=CARTESIAN_POINT('',(126.750945867,26.070685,-2.));
#5429=CARTESIAN_POINT('',(126.515216255,25.888426154,-2.));
#5430=CARTESIAN_POINT('',(126.278753628,25.707093891,-2.));
#5431=B_SPLINE_CURVE_WITH_KNOTS('',3,(#5391,#5392,#5393,#5394,#5395,#5396,#5397,#5398,#5399,#5400,#5401,#5402,#5403,#5404,#5405,#5406,#5407,#5408,#5409,#5410,#5411,#5412,#5413,#5414,#5415,#5416,
#5417,#5418,#5419,#5420,#5421,#5422,#5423,#5424,#5425,#5426,#5427,#5428,#5429,#5430),.UNSPECIFIED.,.F.,.F.,(4,3,3,3,3,3,3,3,3,3,3,3,3,4),(0.085195717,0.085642697,0.086089677,0.086983636,0.087877596,0.088771555,0.090559474,0.091453434,0.092347394,0.094135313,0.095923232,0.097711151,0.09860511,0.09949907),.UNSPECIFIED.);
#5432=EDGE_CURVE('',#5336,#5390,#5431,.T.);
#5433=ORIENTED_EDGE('',*,*,#5432,.T.);
#5434=CARTESIAN_POINT('',(129.085176639,10.579170249,-2.));
#5435=VERTEX_POINT('',#5434);
#5436=CARTESIAN_POINT('',(126.278753628,25.707093891,-2.));
#5437=CARTESIAN_POINT('',(126.228673856,25.63903701,-2.));
#5438=CARTESIAN_POINT('',(126.178125108,25.571253462,-2.));
#5439=CARTESIAN_POINT('',(126.129423518,25.502393338,-2.));
#5440=CARTESIAN_POINT('',(126.080721928,25.433533215,-2.));
#5441=CARTESIAN_POINT('',(126.033585685,25.363760765,-2.));
#5442=CARTESIAN_POINT('',(125.98800685,25.293080614,-2.));
#5443=CARTESIAN_POINT('',(125.896849181,25.151720312,-2.));
#5444=CARTESIAN_POINT('',(125.811919651,25.006730079,-2.));
#5445=CARTESIAN_POINT('',(125.733172533,24.858136567,-2.));
#5446=CARTESIAN_POINT('',(125.654425415,24.709543054,-2.));
#5447=CARTESIAN_POINT('',(125.581860838,24.557346186,-2.));
#5448=CARTESIAN_POINT('',(125.515455609,24.401559481,-2.));
#5449=CARTESIAN_POINT('',(125.449050379,24.245772776,-2.));
#5450=CARTESIAN_POINT('',(125.388575476,24.085680533,-2.));
#5451=CARTESIAN_POINT('',(125.334825304,23.923770512,-2.));
#5452=CARTESIAN_POINT('',(125.119824616,23.276130426,-2.));
#5453=CARTESIAN_POINT('',(125.0134269,22.610848064,-2.));
#5454=CARTESIAN_POINT('',(124.986538139,21.932649674,-2.));
#5455=CARTESIAN_POINT('',(124.973093758,21.59355048,-2.));
#5456=CARTESIAN_POINT('',(124.979964011,21.251634234,-1.999999999));
#5457=CARTESIAN_POINT('',(125.003545798,20.913400537,-1.999999999));
#5458=CARTESIAN_POINT('',(125.027127584,20.57516684,-1.999999999));
#5459=CARTESIAN_POINT('',(125.067290909,20.238793853,-1.999999999));
#5460=CARTESIAN_POINT('',(125.121061295,19.903947792,-1.999999999));
#5461=CARTESIAN_POINT('',(125.174831681,19.569101731,-1.999999999));
#5462=CARTESIAN_POINT('',(125.242434089,19.235130376,-2.));
#5463=CARTESIAN_POINT('',(125.320952692,18.904366615,-2.));
#5464=CARTESIAN_POINT('',(125.399471295,18.573602854,-2.));
#5465=CARTESIAN_POINT('',(125.488839975,18.246026709,-1.999999999));
#5466=CARTESIAN_POINT('',(125.587233108,17.921101834,-1.999999999));
#5467=CARTESIAN_POINT('',(125.784019373,17.271252084,-1.999999999));
#5468=CARTESIAN_POINT('',(126.016905683,16.631047631,-2.));
#5469=CARTESIAN_POINT('',(126.273925278,16.001901216,-2.));
#5470=CARTESIAN_POINT('',(126.530944872,15.3727548,-2.));
#5471=CARTESIAN_POINT('',(126.812737003,14.75332593,-2.));
#5472=CARTESIAN_POINT('',(127.11200867,14.143094113,-2.));
#5473=CARTESIAN_POINT('',(127.710552003,12.922630479,-2.));
#5474=CARTESIAN_POINT('',(128.37714614,11.739526235,-2.));
#5475=CARTESIAN_POINT('',(129.085175779,10.579169776,-2.));
#5476=B_SPLINE_CURVE_WITH_KNOTS('',3,(#5436,#5437,#5438,#5439,#5440,#5441,#5442,#5443,#5444,#5445,#5446,#5447,#5448,#5449,#5450,#5451,#5452,#5453,#5454,#5455,#5456,#5457,#5458,#5459,#5460,#5461,
#5462,#5463,#5464,#5465,#5466,#5467,#5468,#5469,#5470,#5471,#5472,#5473,#5474,#5475),.UNSPECIFIED.,.F.,.F.,(4,3,3,3,3,3,3,3,3,3,3,3,3,4),(0.04114516,0.041400056,0.041654953,0.042164745,0.042674538,0.043184331,0.045223502,0.046243087,0.047262673,0.048282258,0.049301843,0.051341014,0.053380185,0.057458527),.UNSPECIFIED.);
#5477=EDGE_CURVE('',#5390,#5435,#5476,.T.);
#5478=ORIENTED_EDGE('',*,*,#5477,.T.);
#5479=CARTESIAN_POINT('',(120.758826161,-6.029512057,-2.));
#5480=VERTEX_POINT('',#5479);
#5481=CARTESIAN_POINT('',(129.085179647,10.579171012,-2.));
#5482=CARTESIAN_POINT('',(129.360981611,9.722686765,-2.));
#5483=CARTESIAN_POINT('',(129.60010919,8.856894002,-2.));
#5484=CARTESIAN_POINT('',(129.78870845,7.978276384,-2.));
#5485=CARTESIAN_POINT('',(129.88300808,7.538967576,-2.));
#5486=CARTESIAN_POINT('',(129.964574788,7.096426959,-2.));
#5487=CARTESIAN_POINT('',(130.030727625,6.649974067,-2.));
#5488=CARTESIAN_POINT('',(130.063804044,6.426747621,-2.));
#5489=CARTESIAN_POINT('',(130.09306469,6.202552674,-1.999999999));
#5490=CARTESIAN_POINT('',(130.117977793,5.977254255,-1.999999999));
#5491=CARTESIAN_POINT('',(130.142890895,5.751955836,-1.999999999));
#5492=CARTESIAN_POINT('',(130.163497512,5.525128804,-2.));
#5493=CARTESIAN_POINT('',(130.179219489,5.29881891,-2.));
#5494=CARTESIAN_POINT('',(130.242107394,4.393579338,-2.));
#5495=CARTESIAN_POINT('',(130.228604874,3.492210114,-2.));
#5496=CARTESIAN_POINT('',(130.105262146,2.596405984,-2.));
#5497=CARTESIAN_POINT('',(130.074426465,2.372454951,-2.));
#5498=CARTESIAN_POINT('',(130.036628787,2.14885665,-2.));
#5499=CARTESIAN_POINT('',(129.99107501,1.925651315,-2.));
#5500=CARTESIAN_POINT('',(129.945521233,1.70244598,-2.));
#5501=CARTESIAN_POINT('',(129.89228846,1.480255263,-2.));
#5502=CARTESIAN_POINT('',(129.831412401,1.261413683,-2.));
#5503=CARTESIAN_POINT('',(129.709660284,0.823730522,-2.));
#5504=CARTESIAN_POINT('',(129.556866339,0.396894492,-2.));
#5505=CARTESIAN_POINT('',(129.369615526,-0.01790107,-2.));
#5506=CARTESIAN_POINT('',(129.275990119,-0.22529885,-2.));
#5507=CARTESIAN_POINT('',(129.173432996,-0.430135444,-2.));
#5508=CARTESIAN_POINT('',(129.063248711,-0.629373081,-2.));
#5509=CARTESIAN_POINT('',(128.953064425,-0.828610717,-2.));
#5510=CARTESIAN_POINT('',(128.835052626,-1.022785686,-2.));
#5511=CARTESIAN_POINT('',(128.709279719,-1.211940937,-2.));
#5512=CARTESIAN_POINT('',(128.583506812,-1.401096188,-2.));
#5513=CARTESIAN_POINT('',(128.449972894,-1.585231784,-2.));
#5514=CARTESIAN_POINT('',(128.308762176,-1.764402191,-2.));
#5515=CARTESIAN_POINT('',(128.167551458,-1.943572597,-2.));
#5516=CARTESIAN_POINT('',(128.019160607,-2.117136877,-1.999999999));
#5517=CARTESIAN_POINT('',(127.86552981,-2.283551635,-1.999999999));
#5518=CARTESIAN_POINT('',(127.251006623,-2.949210665,-1.999999999));
#5519=CARTESIAN_POINT('',(126.546838694,-3.511378873,-2.));
#5520=CARTESIAN_POINT('',(125.775816768,-3.99636715,-2.));
#5521=CARTESIAN_POINT('',(125.004794842,-4.481355426,-2.));
#5522=CARTESIAN_POINT('',(124.191152857,-4.874732315,-2.));
#5523=CARTESIAN_POINT('',(123.350087439,-5.206442072,-2.));
#5524=CARTESIAN_POINT('',(122.929554731,-5.37229695,-2.));
#5525=CARTESIAN_POINT('',(122.50141633,-5.52261478,-2.));
#5526=CARTESIAN_POINT('',(122.068340982,-5.659285584,-2.));
#5527=CARTESIAN_POINT('',(121.635265633,-5.795956388,-2.));
#5528=CARTESIAN_POINT('',(121.19856441,-5.9186062,-2.));
#5529=CARTESIAN_POINT('',(120.758826161,-6.029512057,-2.));
#5530=B_SPLINE_CURVE_WITH_KNOTS('',3,(#5481,#5482,#5483,#5484,#5485,#5486,#5487,#5488,#5489,#5490,#5491,#5492,#5493,#5494,#5495,#5496,#5497,#5498,#5499,#5500,#5501,#5502,#5503,#5504,#5505,#5506,
#5507,#5508,#5509,#5510,#5511,#5512,#5513,#5514,#5515,#5516,#5517,#5518,#5519,#5520,#5521,#5522,#5523,#5524,#5525,#5526,#5527,#5528,#5529),.UNSPECIFIED.,.F.,.F.,(4,3,3,3,3,3,3,3,3,3,3,3,3,3,3,3,4),(0.026455846,0.029176899,0.030537425,0.031217688,0.031897951,0.034619003,0.035299266,0.03597953,0.037340056,0.038020319,0.038700582,0.039380845,0.040061108,0.04278216,0.045503213,0.046863739,0.048224265),.UNSPECIFIED.);
#5531=EDGE_CURVE('',#5435,#5480,#5530,.T.);
#5532=ORIENTED_EDGE('',*,*,#5531,.T.);
#5533=CARTESIAN_POINT('',(109.445247246,-3.104476571,-2.));
#5534=VERTEX_POINT('',#5533);
#5535=CARTESIAN_POINT('',(120.758826162,-6.02951206,-2.));
#5536=CARTESIAN_POINT('',(120.517705812,-6.088481743,-2.));
#5537=CARTESIAN_POINT('',(120.272973502,-6.130946686,-2.));
#5538=CARTESIAN_POINT('',(120.025261297,-6.159795101,-2.));
#5539=CARTESIAN_POINT('',(119.777549093,-6.188643515,-2.));
#5540=CARTESIAN_POINT('',(119.526848106,-6.203699235,-2.));
#5541=CARTESIAN_POINT('',(119.278831118,-6.207495376,-2.));
#5542=CARTESIAN_POINT('',(118.782797141,-6.215087658,-2.));
#5543=CARTESIAN_POINT('',(118.291491789,-6.179057553,-2.));
#5544=CARTESIAN_POINT('',(117.803289018,-6.11440561,-2.));
#5545=CARTESIAN_POINT('',(117.315086247,-6.049753667,-2.));
#5546=CARTESIAN_POINT('',(116.83002779,-5.956094886,-1.999999999));
#5547=CARTESIAN_POINT('',(116.347259962,-5.841304659,-1.999999999));
#5548=CARTESIAN_POINT('',(115.864492134,-5.726514432,-1.999999999));
#5549=CARTESIAN_POINT('',(115.38607259,-5.590959355,-1.999999999));
#5550=CARTESIAN_POINT('',(114.913186041,-5.440547465,-1.999999999));
#5551=CARTESIAN_POINT('',(114.440299492,-5.290135576,-1.999999999));
#5552=CARTESIAN_POINT('',(113.971644194,-5.124406474,-1.999999999));
#5553=CARTESIAN_POINT('',(113.507967664,-4.947381923,-1.999999999));
#5554=CARTESIAN_POINT('',(113.044291134,-4.770357371,-1.999999999));
#5555=CARTESIAN_POINT('',(112.585618598,-4.582007084,-2.));
#5556=CARTESIAN_POINT('',(112.130916944,-4.384669344,-2.));
#5557=CARTESIAN_POINT('',(111.221513635,-3.989993864,-2.));
#5558=CARTESIAN_POINT('',(110.327773154,-3.559224227,-2.));
#5559=CARTESIAN_POINT('',(109.445247246,-3.104476571,-2.));
#5560=B_SPLINE_CURVE_WITH_KNOTS('',3,(#5535,#5536,#5537,#5538,#5539,#5540,#5541,#5542,#5543,#5544,#5545,#5546,#5547,#5548,#5549,#5550,#5551,#5552,#5553,#5554,#5555,#5556,#5557,#5558,#5559),.UNSPECIFIED.,.F.,.F.,(4,3,3,3,3,3,3,3,4),(0.034483875,0.035228565,0.035973256,0.037462637,0.038952018,0.040441398,0.041930779,0.04342016,0.046398922),.UNSPECIFIED.);
#5561=EDGE_CURVE('',#5480,#5534,#5560,.T.);
#5562=ORIENTED_EDGE('',*,*,#5561,.T.);
#5563=CARTESIAN_POINT('',(109.445247246,-3.104476571,-2.));
#5564=CARTESIAN_POINT('',(108.793908717,-2.792249744,-2.));
#5565=CARTESIAN_POINT('',(108.130860918,-2.505670067,-2.));
#5566=CARTESIAN_POINT('',(107.45330316,-2.250871971,-2.));
#5567=CARTESIAN_POINT('',(107.114524282,-2.123472923,-2.));
#5568=CARTESIAN_POINT('',(106.772187475,-2.003866906,-1.999999996));
#5569=CARTESIAN_POINT('',(106.425866333,-1.892987895,-1.999999996));
#5570=CARTESIAN_POINT('',(106.07954519,-1.782108884,-1.999999996));
#5571=CARTESIAN_POINT('',(105.728589802,-1.679790676,-2.));
#5572=CARTESIAN_POINT('',(105.374762708,-1.587273777,-2.));
#5573=CARTESIAN_POINT('',(103.959454332,-1.217206181,-2.));
#5574=CARTESIAN_POINT('',(102.528885881,-1.013463981,-2.));
#5575=CARTESIAN_POINT('',(101.080812354,-1.000516305,-2.));
#5576=CARTESIAN_POINT('',(100.718793972,-0.997279387,-2.));
#5577=CARTESIAN_POINT('',(100.355690662,-1.005867511,-1.999999998));
#5578=CARTESIAN_POINT('',(99.991467258,-1.026663973,-1.999999998));
#5579=CARTESIAN_POINT('',(99.627243854,-1.047460436,-1.999999998));
#5580=CARTESIAN_POINT('',(99.260778062,-1.08065681,-1.999999999));
#5581=CARTESIAN_POINT('',(98.899187953,-1.125228144,-1.999999999));
#5582=CARTESIAN_POINT('',(98.176007735,-1.214370812,-1.999999999));
#5583=CARTESIAN_POINT('',(97.467132733,-1.349207658,-2.));
#5584=CARTESIAN_POINT('',(96.770415821,-1.522880261,-2.));
#5585=CARTESIAN_POINT('',(95.376981996,-1.870225467,-2.));
#5586=CARTESIAN_POINT('',(94.032717303,-2.37462828,-1.999999994));
#5587=CARTESIAN_POINT('',(92.716006933,-2.967045989,-1.999999994));
#5588=CARTESIAN_POINT('',(92.057651749,-3.263254844,-1.999999994));
#5589=CARTESIAN_POINT('',(91.405582559,-3.581428653,-2.));
#5590=CARTESIAN_POINT('',(90.758179124,-3.908684576,-2.));
#5591=CARTESIAN_POINT('',(90.110775689,-4.2359405,-2.));
#5592=CARTESIAN_POINT('',(89.467869077,-4.572511213,-2.));
#5593=CARTESIAN_POINT('',(88.822923658,-4.904858709,-2.));
#5594=CARTESIAN_POINT('',(88.177978239,-5.237206205,-2.));
#5595=CARTESIAN_POINT('',(87.531092902,-5.565535325,-2.));
#5596=CARTESIAN_POINT('',(86.873666865,-5.872030278,-2.));
#5597=CARTESIAN_POINT('',(86.544953846,-6.025277754,-2.));
#5598=CARTESIAN_POINT('',(86.21361061,-6.173076957,-1.999999995));
#5599=CARTESIAN_POINT('',(85.878130441,-6.312306855,-1.999999995));
#5600=CARTESIAN_POINT('',(85.542650272,-6.451536753,-1.999999995));
#5601=CARTESIAN_POINT('',(85.2020615,-6.582526287,-2.));
#5602=CARTESIAN_POINT('',(84.858683456,-6.700458987,-2.));
#5603=CARTESIAN_POINT('',(84.171927367,-6.936324385,-2.));
#5604=CARTESIAN_POINT('',(83.473695252,-7.118839394,-1.999999998));
#5605=CARTESIAN_POINT('',(82.763303626,-7.244826589,-1.999999998));
#5606=CARTESIAN_POINT('',(82.408107813,-7.307820186,-1.999999998));
#5607=CARTESIAN_POINT('',(82.049854987,-7.356602171,-2.));
#5608=CARTESIAN_POINT('',(81.688401404,-7.390504295,-2.));
#5609=CARTESIAN_POINT('',(81.32694782,-7.424406419,-2.));
#5610=CARTESIAN_POINT('',(80.961663329,-7.443233564,-2.));
#5611=CARTESIAN_POINT('',(80.599301945,-7.446222272,-2.));
#5612=CARTESIAN_POINT('',(79.874579177,-7.452199688,-2.));
#5613=CARTESIAN_POINT('',(79.155530448,-7.3960024,-2.));
#5614=CARTESIAN_POINT('',(78.442491405,-7.273952476,-2.));
#5615=CARTESIAN_POINT('',(78.085971883,-7.212927514,-2.));
#5616=CARTESIAN_POINT('',(77.729622503,-7.134960764,-2.));
#5617=CARTESIAN_POINT('',(77.378020581,-7.040238526,-2.));
#5618=CARTESIAN_POINT('',(77.02641866,-6.945516288,-2.));
#5619=CARTESIAN_POINT('',(76.681723107,-6.834747069,-2.));
#5620=CARTESIAN_POINT('',(76.343927349,-6.707946144,-2.));
#5621=CARTESIAN_POINT('',(75.668335832,-6.454344292,-2.));
#5622=CARTESIAN_POINT('',(75.020157896,-6.137046849,-2.));
#5623=CARTESIAN_POINT('',(74.40138265,-5.751432112,-2.));
#5624=CARTESIAN_POINT('',(74.091995026,-5.558624744,-2.));
#5625=CARTESIAN_POINT('',(73.792815778,-5.350202169,-2.));
#5626=CARTESIAN_POINT('',(73.506652688,-5.128476978,-2.));
#5627=CARTESIAN_POINT('',(73.220489598,-4.906751787,-2.));
#5628=CARTESIAN_POINT('',(72.946300383,-4.671203571,-2.));
#5629=CARTESIAN_POINT('',(72.68418396,-4.421718135,-2.));
#5630=CARTESIAN_POINT('',(72.159951115,-3.922747264,-2.));
#5631=CARTESIAN_POINT('',(71.680826297,-3.363309309,-2.));
#5632=CARTESIAN_POINT('',(71.275835679,-2.765298229,-2.));
#5633=CARTESIAN_POINT('',(71.07334037,-2.466292689,-2.));
#5634=CARTESIAN_POINT('',(70.888231483,-2.156567318,-2.));
#5635=CARTESIAN_POINT('',(70.722258031,-1.835043738,-2.));
#5636=CARTESIAN_POINT('',(70.639271305,-1.674281949,-2.));
#5637=CARTESIAN_POINT('',(70.561098409,-1.510552128,-2.));
#5638=CARTESIAN_POINT('',(70.488070538,-1.343650074,-2.));
#5639=CARTESIAN_POINT('',(70.415042666,-1.17674802,-2.));
#5640=CARTESIAN_POINT('',(70.347048149,-1.006190733,-2.));
#5641=CARTESIAN_POINT('',(70.285558025,-0.834856502,-2.));
#5642=CARTESIAN_POINT('',(70.039597529,-0.149519581,-2.));
#5643=CARTESIAN_POINT('',(69.891659095,0.556373927,-2.));
#5644=CARTESIAN_POINT('',(69.862424817,1.287161342,-2.));
#5645=CARTESIAN_POINT('',(69.855116247,1.469858196,-2.));
#5646=CARTESIAN_POINT('',(69.855449851,1.653551442,-2.));
#5647=CARTESIAN_POINT('',(69.863462684,1.834907184,-2.));
#5648=CARTESIAN_POINT('',(69.871475517,2.016262927,-2.));
#5649=CARTESIAN_POINT('',(69.887049935,2.196230682,-1.999999998));
#5650=CARTESIAN_POINT('',(69.910148144,2.374817384,-1.999999998));
#5651=CARTESIAN_POINT('',(69.956344563,2.731990788,-1.999999998));
#5652=CARTESIAN_POINT('',(70.032440945,3.083675817,-1.999999999));
#5653=CARTESIAN_POINT('',(70.137873501,3.429975958,-1.999999999));
#5654=CARTESIAN_POINT('',(70.243306058,3.7762761,-1.999999999));
#5655=CARTESIAN_POINT('',(70.379869253,4.118749101,-2.));
#5656=CARTESIAN_POINT('',(70.532100116,4.448863648,-2.));
#5657=CARTESIAN_POINT('',(70.684330979,4.778978196,-2.));
#5658=CARTESIAN_POINT('',(70.85284342,5.099305067,-2.));
#5659=CARTESIAN_POINT('',(71.030778665,5.413967416,-2.));
#5660=CARTESIAN_POINT('',(71.386649154,6.043292115,-2.));
#5661=CARTESIAN_POINT('',(71.779486945,6.650393907,-2.));
#5662=CARTESIAN_POINT('',(72.178222341,7.253950351,-2.));
#5663=CARTESIAN_POINT('',(72.576957738,7.857506795,-2.));
#5664=CARTESIAN_POINT('',(72.982505013,8.456968276,-2.));
#5665=CARTESIAN_POINT('',(73.373929385,9.064919745,-2.));
#5666=CARTESIAN_POINT('',(73.569641572,9.368895479,-2.));
#5667=CARTESIAN_POINT('',(73.761940435,9.674923134,-1.999999999));
#5668=CARTESIAN_POINT('',(73.948318716,9.984509948,-1.999999999));
#5669=CARTESIAN_POINT('',(74.134696998,10.294096763,-1.999999999));
#5670=CARTESIAN_POINT('',(74.315285918,10.607496911,-2.));
#5671=CARTESIAN_POINT('',(74.48673684,10.924363519,-2.));
#5672=CARTESIAN_POINT('',(74.829638683,11.558096736,-2.));
#5673=CARTESIAN_POINT('',(75.1366847,12.206751544,-2.));
#5674=CARTESIAN_POINT('',(75.386243435,12.87932999,-2.));
#5675=CARTESIAN_POINT('',(75.511022803,13.215619213,-2.));
#5676=CARTESIAN_POINT('',(75.621393193,13.557904809,-2.));
#5677=CARTESIAN_POINT('',(75.714280987,13.907465879,-2.));
#5678=CARTESIAN_POINT('',(75.760724885,14.082246414,-2.));
#5679=CARTESIAN_POINT('',(75.802908232,14.25944981,-2.));
#5680=CARTESIAN_POINT('',(75.839936891,14.436897082,-2.));
#5681=CARTESIAN_POINT('',(75.87696555,14.614344354,-2.));
#5682=CARTESIAN_POINT('',(75.908906821,14.79196766,-1.999999999));
#5683=CARTESIAN_POINT('',(75.935534591,14.969774824,-1.999999999));
#5684=CARTESIAN_POINT('',(76.042045668,15.68100348,-1.999999999));
#5685=CARTESIAN_POINT('',(76.063892949,16.395161675,-2.));
#5686=CARTESIAN_POINT('',(75.993809851,17.112500848,-2.));
#5687=CARTESIAN_POINT('',(75.958768302,17.471170435,-2.));
#5688=CARTESIAN_POINT('',(75.900078093,17.832954605,-1.999999995));
#5689=CARTESIAN_POINT('',(75.820578735,18.184880864,-1.999999995));
#5690=CARTESIAN_POINT('',(75.741079376,18.536807124,-1.999999995));
#5691=CARTESIAN_POINT('',(75.640856255,18.88104592,-2.));
#5692=CARTESIAN_POINT('',(75.522309898,19.218487728,-2.));
#5693=CARTESIAN_POINT('',(75.403763541,19.555929535,-2.));
#5694=CARTESIAN_POINT('',(75.26679947,19.886539307,-2.));
#5695=CARTESIAN_POINT('',(75.113341408,20.211030647,-2.));
#5696=CARTESIAN_POINT('',(74.959883346,20.535521986,-2.));
#5697=CARTESIAN_POINT('',(74.789599402,20.854447749,-2.));
#5698=CARTESIAN_POINT('',(74.605212285,21.166678452,-2.));
#5699=CARTESIAN_POINT('',(74.23643805,21.791139858,-2.));
#5700=CARTESIAN_POINT('',(73.817147763,22.380525462,-2.));
#5701=CARTESIAN_POINT('',(73.361136141,22.94441362,-2.));
#5702=B_SPLINE_CURVE_WITH_KNOTS('',3,(#5563,#5564,#5565,#5566,#5567,#5568,#5569,#5570,#5571,#5572,#5573,#5574,#5575,#5576,#5577,#5578,#5579,#5580,#5581,#5582,#5583,#5584,#5585,#5586,#5587,#5588,
#5589,#5590,#5591,#5592,#5593,#5594,#5595,#5596,#5597,#5598,#5599,#5600,#5601,#5602,#5603,#5604,#5605,#5606,#5607,#5608,#5609,#5610,#5611,#5612,#5613,
#5614,#5615,#5616,#5617,#5618,#5619,#5620,#5621,#5622,#5623,#5624,#5625,#5626,#5627,#5628,#5629,#5630,#5631,#5632,#5633,#5634,#5635,#5636,#5637,#5638,
#5639,#5640,#5641,#5642,#5643,#5644,#5645,#5646,#5647,#5648,#5649,#5650,#5651,#5652,#5653,#5654,#5655,#5656,#5657,#5658,#5659,#5660,#5661,#5662,#5663,
#5664,#5665,#5666,#5667,#5668,#5669,#5670,#5671,#5672,#5673,#5674,#5675,#5676,#5677,#5678,#5679,#5680,#5681,#5682,#5683,#5684,#5685,#5686,#5687,#5688,
#5689,#5690,#5691,#5692,#5693,#5694,#5695,#5696,#5697,#5698,#5699,#5700,#5701),.UNSPECIFIED.,.F.,.F.,(4,3,3,3,3,3,3,3,3,3,3,3,3,3,3,3,3,3,3,3,3,3,3,3,3,3,
3,3,3,3,3,3,3,3,3,3,3,3,3,3,3,3,3,3,3,3,4),(0.,0.002169794,0.00325469,0.004339587,0.008679174,0.009764071,0.010848968,0.013018762,0.017358349,0.019528142,0.021697936,0.023867729,0.024952626,0.026037523,0.028207317,0.029292213,0.03037711,0.032546904,0.033631801,0.034716697,0.036886491,0.037971388,0.039056285,0.041226078,0.042310975,0.042853423,
0.043395872,0.045565665,0.046108114,0.046650562,0.047735459,0.048820356,0.049905253,0.052075046,0.05424484,0.055329736,0.056414633,0.058584427,0.059669324,0.060211772,0.06075422,0.062924014,0.064008911,0.065093808,0.066178704,0.067263601,0.069433395),.UNSPECIFIED.);
#5703=EDGE_CURVE('',#5534,#5004,#5702,.T.);
#5704=ORIENTED_EDGE('',*,*,#5703,.T.);
#5705=EDGE_LOOP('',(#5013,#5049,#5097,#5136,#5187,#5196,#5232,#5289,#5334,#5388,#5433,#5478,#5532,#5562,#5704));
#5706=FACE_BOUND('',#5705,.T.);
#5707=ADVANCED_FACE('',(#5002,#5706),#4982,.T.);
#5708=CARTESIAN_POINT('',(78.,0.,-1.));
#5709=DIRECTION('',(0.,0.,-1.));
#5710=DIRECTION('',(-1.,0.,0.));
#5711=AXIS2_PLACEMENT_3D('',#5708,#5709,#5710);
#5712=PLANE('',#5711);
#5713=ORIENTED_EDGE('',*,*,#3586,.F.);
#5714=ORIENTED_EDGE('',*,*,#3618,.F.);
#5715=ORIENTED_EDGE('',*,*,#3649,.F.);
#5716=ORIENTED_EDGE('',*,*,#3680,.F.);
#5717=ORIENTED_EDGE('',*,*,#3709,.F.);
#5718=ORIENTED_EDGE('',*,*,#3432,.F.);
#5719=ORIENTED_EDGE('',*,*,#3470,.T.);
#5720=ORIENTED_EDGE('',*,*,#3501,.F.);
#5721=ORIENTED_EDGE('',*,*,#3531,.F.);
#5722=ORIENTED_EDGE('',*,*,#259,.F.);
#5723=ORIENTED_EDGE('',*,*,#228,.F.);
#5724=ORIENTED_EDGE('',*,*,#197,.F.);
#5725=ORIENTED_EDGE('',*,*,#166,.F.);
#5726=ORIENTED_EDGE('',*,*,#879,.F.);
#5727=ORIENTED_EDGE('',*,*,#390,.F.);
#5728=ORIENTED_EDGE('',*,*,#359,.F.);
#5729=EDGE_LOOP('',(#5713,#5714,#5715,#5716,#5717,#5718,#5719,#5720,#5721,#5722,#5723,#5724,#5725,#5726,#5727,#5728));
#5730=FACE_BOUND('',#5729,.T.);
#5731=ADVANCED_FACE('',(#5730),#5712,.F.);
#5732=CARTESIAN_POINT('',(124.99999999,47.99999729,-1.));
#5733=CARTESIAN_POINT('',(124.99999999,47.99999729,-1.130899694));
#5734=CARTESIAN_POINT('',(124.99990519,47.973970142,-1.261747884));
#5735=CARTESIAN_POINT('',(124.999540278,47.873784526,-1.50361898));
#5736=CARTESIAN_POINT('',(124.999270309,47.799665478,-1.614546719));
#5737=CARTESIAN_POINT('',(124.99859604,47.614546598,-1.799666842));
#5738=CARTESIAN_POINT('',(124.998192004,47.503619604,-1.873786388));
#5739=CARTESIAN_POINT('',(124.997311029,47.261750131,-1.973972676));
#5740=CARTESIAN_POINT('',(124.996834436,47.130902819,-2.));
#5741=CARTESIAN_POINT('',(124.996357656,47.000004004,-2.));
#5742=CARTESIAN_POINT('',(125.027612561,47.999893133,-1.));
#5743=CARTESIAN_POINT('',(125.027612561,47.999893133,-1.130899693));
#5744=CARTESIAN_POINT('',(125.027505743,47.973866034,-1.261747883));
#5745=CARTESIAN_POINT('',(125.027094571,47.873680608,-1.503618978));
#5746=CARTESIAN_POINT('',(125.026790379,47.7995617,-1.614546717));
#5747=CARTESIAN_POINT('',(125.026030633,47.614443172,-1.799666839));
#5748=CARTESIAN_POINT('',(125.025575378,47.503516387,-1.873786385));
#5749=CARTESIAN_POINT('',(125.024582722,47.261647373,-1.973972675));
#5750=CARTESIAN_POINT('',(125.024045712,47.130800309,-1.999999999));
#5751=CARTESIAN_POINT('',(125.02350849,46.999901741,-2.));
#5752=CARTESIAN_POINT('',(125.056071844,47.999764718,-1.));
#5753=CARTESIAN_POINT('',(125.056071844,47.999764718,-1.130899692));
#5754=CARTESIAN_POINT('',(125.055930968,47.973737764,-1.26174788));
#5755=CARTESIAN_POINT('',(125.055388699,47.873552898,-1.503618973));
#5756=CARTESIAN_POINT('',(125.054987519,47.799434404,-1.614546711));
#5757=CARTESIAN_POINT('',(125.053985536,47.614316909,-1.799666833));
#5758=CARTESIAN_POINT('',(125.053385128,47.503390744,-1.87378638));
#5759=CARTESIAN_POINT('',(125.052075975,47.26152308,-1.973972671));
#5760=CARTESIAN_POINT('',(125.051367745,47.130676746,-1.999999997));
#5761=CARTESIAN_POINT('',(125.050659236,46.999778908,-2.));
#5762=CARTESIAN_POINT('',(125.153667192,47.999140577,-1.));
#5763=CARTESIAN_POINT('',(125.153667192,47.999140577,-1.130899692));
#5764=CARTESIAN_POINT('',(125.153437613,47.97311419,-1.26174788));
#5765=CARTESIAN_POINT('',(125.152553902,47.872931508,-1.503618973));
#5766=CARTESIAN_POINT('',(125.151900117,47.79881463,-1.614546711));
#5767=CARTESIAN_POINT('',(125.150267233,47.61370117,-1.799666833));
#5768=CARTESIAN_POINT('',(125.149288775,47.502777422,-1.87378638));
#5769=CARTESIAN_POINT('',(125.147155308,47.26091503,-1.973972671));
#5770=CARTESIAN_POINT('',(125.146001138,47.130071547,-1.999999997));
#5771=CARTESIAN_POINT('',(125.144846514,46.999176563,-2.));
#5772=CARTESIAN_POINT('',(125.223166087,47.998443407,-1.));
#5773=CARTESIAN_POINT('',(125.223166086,47.998443407,-1.130899684));
#5774=CARTESIAN_POINT('',(125.222872397,47.972417663,-1.261747865));
#5775=CARTESIAN_POINT('',(125.221741907,47.872237453,-1.503618946));
#5776=CARTESIAN_POINT('',(125.220905551,47.798122404,-1.614546681));
#5777=CARTESIAN_POINT('',(125.218816679,47.613013512,-1.7996668));
#5778=CARTESIAN_POINT('',(125.217564984,47.502092501,-1.873786348));
#5779=CARTESIAN_POINT('',(125.21483574,47.260236072,-1.97397265));
#5780=CARTESIAN_POINT('',(125.213359265,47.129395815,-1.999999985));
#5781=CARTESIAN_POINT('',(125.211882209,46.998504054,-2.));
#5782=CARTESIAN_POINT('',(125.849003564,47.989814202,-1.));
#5783=CARTESIAN_POINT('',(125.849003564,47.989814202,-1.130899684));
#5784=CARTESIAN_POINT('',(125.848123582,47.963796541,-1.261747865));
#5785=CARTESIAN_POINT('',(125.84473629,47.863647449,-1.503618946));
#5786=CARTESIAN_POINT('',(125.842230313,47.789555421,-1.614546681));
#5787=CARTESIAN_POINT('',(125.835971414,47.604504025,-1.7996668));
#5788=CARTESIAN_POINT('',(125.832220955,47.493617467,-1.873786348));
#5789=CARTESIAN_POINT('',(125.82404331,47.251836162,-1.97397265));
#5790=CARTESIAN_POINT('',(125.819619342,47.121036544,-1.999999985));
#5791=CARTESIAN_POINT('',(125.815193633,46.99018544,-2.));
#5792=CARTESIAN_POINT('',(126.407164268,47.96557794,-1.));
#5793=CARTESIAN_POINT('',(126.407164268,47.96557794,-1.130899694));
#5794=CARTESIAN_POINT('',(126.405698895,47.939582962,-1.261747884));
#5795=CARTESIAN_POINT('',(126.400058274,47.83952118,-1.50361898));
#5796=CARTESIAN_POINT('',(126.395885245,47.765493746,-1.614546719));
#5797=CARTESIAN_POINT('',(126.385462737,47.580603681,-1.799666842));
#5798=CARTESIAN_POINT('',(126.379217358,47.469813796,-1.873786388));
#5799=CARTESIAN_POINT('',(126.365599695,47.228243284,-1.973972676));
#5800=CARTESIAN_POINT('',(126.358232768,47.097557705,-2.));
#5801=CARTESIAN_POINT('',(126.350862942,46.966820686,-2.));
#5802=CARTESIAN_POINT('',(127.525176495,47.873137247,-1.));
#5803=CARTESIAN_POINT('',(127.525176495,47.873137247,-1.130899694));
#5804=CARTESIAN_POINT('',(127.522352467,47.847254607,-1.261747884));
#5805=CARTESIAN_POINT('',(127.51148201,47.747625244,-1.50361898));
#5806=CARTESIAN_POINT('',(127.503439858,47.673917721,-1.614546719));
#5807=CARTESIAN_POINT('',(127.483353872,47.489826662,-1.799666841));
#5808=CARTESIAN_POINT('',(127.471317941,47.379515558,-1.873786388));
#5809=CARTESIAN_POINT('',(127.445074336,47.138988998,-1.973972676));
#5810=CARTESIAN_POINT('',(127.430876988,47.008868178,-2.));
#5811=CARTESIAN_POINT('',(127.416674051,46.878696142,-2.));
#5812=CARTESIAN_POINT('',(128.085505981,47.805129615,-1.));
#5813=CARTESIAN_POINT('',(128.085505981,47.805129615,-1.130899694));
#5814=CARTESIAN_POINT('',(128.081909113,47.779335119,-1.261747884));
#5815=CARTESIAN_POINT('',(128.068063782,47.680045046,-1.50361898));
#5816=CARTESIAN_POINT('',(128.057820767,47.606588536,-1.61454672));
#5817=CARTESIAN_POINT('',(128.032237933,47.423124403,-1.799666842));
#5818=CARTESIAN_POINT('',(128.016908178,47.313188967,-1.873786388));
#5819=CARTESIAN_POINT('',(127.983482593,47.073481526,-1.973972677));
#5820=CARTESIAN_POINT('',(127.965399915,46.943803836,-2.));
#5821=CARTESIAN_POINT('',(127.947310119,46.814075104,-2.));
#5822=CARTESIAN_POINT('',(128.929768266,47.656369333,-1.));
#5823=CARTESIAN_POINT('',(128.929768266,47.656369333,-1.130899694));
#5824=CARTESIAN_POINT('',(128.924791983,47.630817891,-1.261747884));
#5825=CARTESIAN_POINT('',(128.90563691,47.532463403,-1.50361898));
#5826=CARTESIAN_POINT('',(128.891465656,47.459699054,-1.61454672));
#5827=CARTESIAN_POINT('',(128.856071696,47.277963657,-1.799666842));
#5828=CARTESIAN_POINT('',(128.834862916,47.169064113,-1.873786388));
#5829=CARTESIAN_POINT('',(128.788618478,46.931615374,-1.973972677));
#5830=CARTESIAN_POINT('',(128.763601016,46.803159604,-2.));
#5831=CARTESIAN_POINT('',(128.738573707,46.674653272,-2.));
#5832=CARTESIAN_POINT('',(129.212537026,47.598735896,-1.));
#5833=CARTESIAN_POINT('',(129.212537026,47.598735896,-1.130899694));
#5834=CARTESIAN_POINT('',(129.207062398,47.573284769,-1.261747884));
#5835=CARTESIAN_POINT('',(129.185989055,47.475316421,-1.50361898));
#5836=CARTESIAN_POINT('',(129.170398632,47.402837745,-1.61454672));
#5837=CARTESIAN_POINT('',(129.131460172,47.22181584,-1.799666842));
#5838=CARTESIAN_POINT('',(129.108127455,47.113343836,-1.873786388));
#5839=CARTESIAN_POINT('',(129.057251905,46.87682732,-1.973972677));
#5840=CARTESIAN_POINT('',(129.029729089,46.748875867,-2.));
#5841=CARTESIAN_POINT('',(129.00219544,46.62087405,-2.));
#5842=CARTESIAN_POINT('',(129.7758467,47.464903222,-1.));
#5843=CARTESIAN_POINT('',(129.7758467,47.464903222,-1.130899694));
#5844=CARTESIAN_POINT('',(129.769288967,47.439709423,-1.261747884));
#5845=CARTESIAN_POINT('',(129.744046457,47.342731597,-1.50361898));
#5846=CARTESIAN_POINT('',(129.725371613,47.270985726,-1.61454672));
#5847=CARTESIAN_POINT('',(129.678729537,47.091794068,-1.799666842));
#5848=CARTESIAN_POINT('',(129.650780657,46.984418785,-1.873786388));
#5849=CARTESIAN_POINT('',(129.589839848,46.750293601,-1.973972677));
#5850=CARTESIAN_POINT('',(129.556871896,46.623635818,-2.));
#5851=CARTESIAN_POINT('',(129.523890968,46.496928181,-2.));
#5852=CARTESIAN_POINT('',(130.056168923,47.38881471,-1.));
#5853=CARTESIAN_POINT('',(130.056168923,47.38881471,-1.130899693));
#5854=CARTESIAN_POINT('',(130.049027018,47.363777569,-1.261747883));
#5855=CARTESIAN_POINT('',(130.021535874,47.267402761,-1.503618978));
#5856=CARTESIAN_POINT('',(130.001197451,47.196103015,-1.614546718));
#5857=CARTESIAN_POINT('',(129.95040044,47.018025591,-1.79966684));
#5858=CARTESIAN_POINT('',(129.919961839,46.91131798,-1.873786386));
#5859=CARTESIAN_POINT('',(129.853592346,46.678648613,-1.973972675));
#5860=CARTESIAN_POINT('',(129.817687567,46.552778403,-1.999999999));
#5861=CARTESIAN_POINT('',(129.781768656,46.426858649,-2.));
#5862=CARTESIAN_POINT('',(130.613742685,47.214221072,-1.));
#5863=CARTESIAN_POINT('',(130.613742685,47.214221072,-1.130899693));
#5864=CARTESIAN_POINT('',(130.605329436,47.189582028,-1.261747883));
#5865=CARTESIAN_POINT('',(130.572944537,47.094739607,-1.503618978));
#5866=CARTESIAN_POINT('',(130.548985629,47.024573547,-1.614546718));
#5867=CARTESIAN_POINT('',(130.489146138,46.849327604,-1.79966684));
#5868=CARTESIAN_POINT('',(130.453289099,46.744316674,-1.873786386));
#5869=CARTESIAN_POINT('',(130.375105035,46.515346815,-1.973972675));
#5870=CARTESIAN_POINT('',(130.332808774,46.391477976,-1.999999999));
#5871=CARTESIAN_POINT('',(130.290495863,46.267560382,-2.));
#5872=CARTESIAN_POINT('',(130.891005925,47.115740029,-1.));
#5873=CARTESIAN_POINT('',(130.891005925,47.115740029,-1.130899693));
#5874=CARTESIAN_POINT('',(130.881905349,47.091342211,-1.261747883));
#5875=CARTESIAN_POINT('',(130.84687474,46.997428335,-1.503618977));
#5876=CARTESIAN_POINT('',(130.820958491,46.927949228,-1.614546716));
#5877=CARTESIAN_POINT('',(130.756230366,46.754419011,-1.799666839));
#5878=CARTESIAN_POINT('',(130.717443958,46.650436178,-1.873786385));
#5879=CARTESIAN_POINT('',(130.632872587,46.423708023,-1.973972674));
#5880=CARTESIAN_POINT('',(130.587120899,46.301051909,-1.999999999));
#5881=CARTESIAN_POINT('',(130.541351203,46.178347515,-2.));
#5882=CARTESIAN_POINT('',(131.441666908,46.890643633,-1.));
#5883=CARTESIAN_POINT('',(131.441666908,46.890643633,-1.130899693));
#5884=CARTESIAN_POINT('',(131.43107093,46.866857098,-1.261747883));
#5885=CARTESIAN_POINT('',(131.390284111,46.775296215,-1.503618977));
#5886=CARTESIAN_POINT('',(131.360109319,46.707557893,-1.614546716));
#5887=CARTESIAN_POINT('',(131.284745105,46.538375443,-1.799666839));
#5888=CARTESIAN_POINT('',(131.239585337,46.43699788,-1.873786385));
#5889=CARTESIAN_POINT('',(131.141117246,46.215950355,-1.973972674));
#5890=CARTESIAN_POINT('',(131.087847667,46.096367366,-1.999999999));
#5891=CARTESIAN_POINT('',(131.03455712,45.976737307,-2.));
#5892=CARTESIAN_POINT('',(131.715091694,46.764063958,-1.));
#5893=CARTESIAN_POINT('',(131.715091694,46.764063958,-1.130899694));
#5894=CARTESIAN_POINT('',(131.703687204,46.740647277,-1.261747884));
#5895=CARTESIAN_POINT('',(131.659788201,46.650510065,-1.50361898));
#5896=CARTESIAN_POINT('',(131.627310961,46.583824999,-1.61454672));
#5897=CARTESIAN_POINT('',(131.54619618,46.417273148,-1.799666842));
#5898=CARTESIAN_POINT('',(131.497590555,46.317471894,-1.873786388));
#5899=CARTESIAN_POINT('',(131.391608988,46.099861414,-1.973972677));
#5900=CARTESIAN_POINT('',(131.334274744,45.982137808,-2.));
#5901=CARTESIAN_POINT('',(131.276917933,45.864367865,-2.));
#5902=CARTESIAN_POINT('',(132.121028112,46.546882463,-1.));
#5903=CARTESIAN_POINT('',(132.121028112,46.546882463,-1.130899694));
#5904=CARTESIAN_POINT('',(132.108313113,46.524166922,-1.261747884));
#5905=CARTESIAN_POINT('',(132.059369603,46.43672859,-1.50361898));
#5906=CARTESIAN_POINT('',(132.02316035,46.372040201,-1.61454672));
#5907=CARTESIAN_POINT('',(131.932724536,46.21047523,-1.799666842));
#5908=CARTESIAN_POINT('',(131.878533558,46.113662216,-1.873786388));
#5909=CARTESIAN_POINT('',(131.760373473,45.902567407,-1.973972677));
#5910=CARTESIAN_POINT('',(131.696450856,45.788368671,-2.));
#5911=CARTESIAN_POINT('',(131.632503079,45.674124984,-2.));
#5912=CARTESIAN_POINT('',(132.256006937,46.469657646,-1.));
#5913=CARTESIAN_POINT('',(132.256007102,46.469657549,-1.130898829));
#5914=CARTESIAN_POINT('',(132.242838139,46.447201392,-1.261746155));
#5915=CARTESIAN_POINT('',(132.192146842,46.36076165,-1.503615913));
#5916=CARTESIAN_POINT('',(132.154644453,46.296812075,-1.61454318));
#5917=CARTESIAN_POINT('',(132.060978721,46.137092282,-1.79966304));
#5918=CARTESIAN_POINT('',(132.00485223,46.041384904,-1.873782797));
#5919=CARTESIAN_POINT('',(131.882471634,45.832700633,-1.973970307));
#5920=CARTESIAN_POINT('',(131.816265679,45.719805844,-1.999998641));
#5921=CARTESIAN_POINT('',(131.750033496,45.606866406,-2.));
#5922=CARTESIAN_POINT('',(132.520995511,46.306705133,-1.));
#5923=CARTESIAN_POINT('',(132.520995624,46.30670506,-1.130898824));
#5924=CARTESIAN_POINT('',(132.506897969,46.284819982,-1.261746147));
#5925=CARTESIAN_POINT('',(132.452631987,46.200578434,-1.503615897));
#5926=CARTESIAN_POINT('',(132.41248501,46.138255109,-1.614543162));
#5927=CARTESIAN_POINT('',(132.312214216,45.982597004,-1.799663021));
#5928=CARTESIAN_POINT('',(132.25212985,45.889323467,-1.873782779));
#5929=CARTESIAN_POINT('',(132.121119364,45.685946029,-1.973970295));
#5930=CARTESIAN_POINT('',(132.050244789,45.575922146,-1.999998634));
#5931=CARTESIAN_POINT('',(131.979342148,45.465854743,-2.));
#5932=CARTESIAN_POINT('',(132.651259413,46.220868312,-1.));
#5933=CARTESIAN_POINT('',(132.651259413,46.220868312,-1.130899694));
#5934=CARTESIAN_POINT('',(132.636686379,46.199295228,-1.261747884));
#5935=CARTESIAN_POINT('',(132.580590784,46.116254523,-1.50361898));
#5936=CARTESIAN_POINT('',(132.539090295,46.054819575,-1.61454672));
#5937=CARTESIAN_POINT('',(132.435439152,45.90138036,-1.799666842));
#5938=CARTESIAN_POINT('',(132.373329281,45.809436464,-1.873786388));
#5939=CARTESIAN_POINT('',(132.237902536,45.608958467,-1.973972677));
#5940=CARTESIAN_POINT('',(132.164638947,45.500503247,-2.));
#5941=CARTESIAN_POINT('',(132.091346521,45.392005337,-2.));
#5942=CARTESIAN_POINT('',(133.034389126,45.949181305,-1.));
#5943=CARTESIAN_POINT('',(133.034389126,45.949181305,-1.130899694));
#5944=CARTESIAN_POINT('',(133.018368874,45.92863448,-1.261747884));
#5945=CARTESIAN_POINT('',(132.956702541,45.849544127,-1.50361898));
#5946=CARTESIAN_POINT('',(132.911080723,45.791031718,-1.61454672));
#5947=CARTESIAN_POINT('',(132.797136198,45.644891802,-1.799666842));
#5948=CARTESIAN_POINT('',(132.728858322,45.557321794,-1.873786388));
#5949=CARTESIAN_POINT('',(132.579982624,45.366380791,-1.973972677));
#5950=CARTESIAN_POINT('',(132.499443379,45.263084924,-2.));
#5951=CARTESIAN_POINT('',(132.418872432,45.159748398,-2.));
#5952=CARTESIAN_POINT('',(133.279698157,45.749103163,-1.));
#5953=CARTESIAN_POINT('',(133.279698157,45.749103163,-1.130899694));
#5954=CARTESIAN_POINT('',(133.262681594,45.729362037,-1.261747884));
#5955=CARTESIAN_POINT('',(133.197180189,45.653373045,-1.50361898));
#5956=CARTESIAN_POINT('',(133.148721118,45.597155076,-1.61454672));
#5957=CARTESIAN_POINT('',(133.027690302,45.456745727,-1.799666842));
#5958=CARTESIAN_POINT('',(132.955166178,45.372609591,-1.873786388));
#5959=CARTESIAN_POINT('',(132.797031796,45.189155935,-1.973972677));
#5960=CARTESIAN_POINT('',(132.711483758,45.089910596,-2.));
#5961=CARTESIAN_POINT('',(132.625902047,44.990626193,-2.));
#5962=CARTESIAN_POINT('',(133.627249847,45.416331397,-1.));
#5963=CARTESIAN_POINT('',(133.627249847,45.416331397,-1.130899694));
#5964=CARTESIAN_POINT('',(133.608758093,45.398002729,-1.261747884));
#5965=CARTESIAN_POINT('',(133.537578274,45.327450671,-1.50361898));
#5966=CARTESIAN_POINT('',(133.484918215,45.27525504,-1.61454672));
#5967=CARTESIAN_POINT('',(133.353395059,45.144891835,-1.799666842));
#5968=CARTESIAN_POINT('',(133.274583711,45.066775554,-1.873786388));
#5969=CARTESIAN_POINT('',(133.102740426,44.896447818,-1.973972677));
#5970=CARTESIAN_POINT('',(133.009776103,44.804303381,-2.));
#5971=CARTESIAN_POINT('',(132.916775187,44.712122675,-2.));
#5972=CARTESIAN_POINT('',(133.73999987,45.29960235,-1.));
#5973=CARTESIAN_POINT('',(133.739999871,45.29960235,-1.130899692));
#5974=CARTESIAN_POINT('',(133.721018613,45.281779755,-1.261747881));
#5975=CARTESIAN_POINT('',(133.647954559,45.213175711,-1.503618974));
#5976=CARTESIAN_POINT('',(133.59390051,45.162421255,-1.614546712));
#5977=CARTESIAN_POINT('',(133.458895741,45.035657511,-1.799666834));
#5978=CARTESIAN_POINT('',(133.377998139,44.959698099,-1.87378638));
#5979=CARTESIAN_POINT('',(133.201605907,44.794073286,-1.973972671));
#5980=CARTESIAN_POINT('',(133.106180679,44.70447305,-1.999999997));
#5981=CARTESIAN_POINT('',(133.010717889,44.614837547,-2.));
#5982=CARTESIAN_POINT('',(133.95609352,45.056404983,-1.));
#5983=CARTESIAN_POINT('',(133.95609352,45.056404983,-1.130899692));
#5984=CARTESIAN_POINT('',(133.936162154,45.039651665,-1.26174788));
#5985=CARTESIAN_POINT('',(133.859440872,44.975163559,-1.503618974));
#5986=CARTESIAN_POINT('',(133.802681143,44.927454145,-1.614546712));
#5987=CARTESIAN_POINT('',(133.660918698,44.808295663,-1.799666834));
#5988=CARTESIAN_POINT('',(133.57597176,44.73689348,-1.87378638));
#5989=CARTESIAN_POINT('',(133.390750199,44.58120542,-1.973972671));
#5990=CARTESIAN_POINT('',(133.290548453,44.496980801,-1.999999997));
#5991=CARTESIAN_POINT('',(133.190307265,44.41272303,-2.));
#5992=CARTESIAN_POINT('',(134.058701938,44.930818637,-1.));
#5993=CARTESIAN_POINT('',(134.05870195,44.930818621,-1.130899568));
#5994=CARTESIAN_POINT('',(134.038313434,44.914624537,-1.261747632));
#5995=CARTESIAN_POINT('',(133.959832428,44.852289102,-1.503618533));
#5996=CARTESIAN_POINT('',(133.901770816,44.806172279,-1.614546204));
#5997=CARTESIAN_POINT('',(133.756756776,44.690991429,-1.799666288));
#5998=CARTESIAN_POINT('',(133.669861406,44.621972722,-1.873785864));
#5999=CARTESIAN_POINT('',(133.480391365,44.471481663,-1.973972331));
#6000=CARTESIAN_POINT('',(133.377891243,44.390068524,-1.999999802));
#6001=CARTESIAN_POINT('',(133.275350742,44.308623319,-2.));
#6002=CARTESIAN_POINT('',(134.349634154,44.542918791,-1.));
#6003=CARTESIAN_POINT('',(134.349634156,44.542918788,-1.130899567));
#6004=CARTESIAN_POINT('',(134.327946325,44.528457079,-1.261747631));
#6005=CARTESIAN_POINT('',(134.24446392,44.472790005,-1.50361853));
#6006=CARTESIAN_POINT('',(134.182702194,44.431606544,-1.6145462));
#6007=CARTESIAN_POINT('',(134.028446797,44.328747195,-1.799666284));
#6008=CARTESIAN_POINT('',(133.93601382,44.267111779,-1.873785861));
#6009=CARTESIAN_POINT('',(133.734469371,44.132719528,-1.973972329));
#6010=CARTESIAN_POINT('',(133.625437199,44.060015572,-1.9999998));
#6011=CARTESIAN_POINT('',(133.516362077,43.987282977,-2.));
#6012=CARTESIAN_POINT('',(134.520949491,44.269449056,-1.));
#6013=CARTESIAN_POINT('',(134.520949484,44.269449066,-1.130899486));
#6014=CARTESIAN_POINT('',(134.498494428,44.25621536,-1.261747469));
#6015=CARTESIAN_POINT('',(134.412058776,44.205275179,-1.503618243));
#6016=CARTESIAN_POINT('',(134.348112189,44.167588747,-1.614545869));
#6017=CARTESIAN_POINT('',(134.188399903,44.073463522,-1.799665928));
#6018=CARTESIAN_POINT('',(134.092697044,44.017061763,-1.873785525));
#6019=CARTESIAN_POINT('',(133.884022794,43.894081161,-1.973972107));
#6020=CARTESIAN_POINT('',(133.771133509,43.827550705,-1.999999673));
#6021=CARTESIAN_POINT('',(133.658199734,43.760994027,-2.));
#6022=CARTESIAN_POINT('',(134.743377411,43.841199516,-1.));
#6023=CARTESIAN_POINT('',(134.743377394,43.84119955,-1.130899487));
#6024=CARTESIAN_POINT('',(134.719958523,43.829821521,-1.261747472));
#6025=CARTESIAN_POINT('',(134.629812904,43.786024303,-1.503618248));
#6026=CARTESIAN_POINT('',(134.563121624,43.753622345,-1.614545875));
#6027=CARTESIAN_POINT('',(134.396554229,43.672695547,-1.799665935));
#6028=CARTESIAN_POINT('',(134.296743652,43.624202549,-1.873785531));
#6029=CARTESIAN_POINT('',(134.079112779,43.518466505,-1.973972111));
#6030=CARTESIAN_POINT('',(133.961378112,43.461265063,-1.999999676));
#6031=CARTESIAN_POINT('',(133.843597049,43.404041071,-2.));
#6032=CARTESIAN_POINT('',(134.811878603,43.695240896,-1.));
#6033=CARTESIAN_POINT('',(134.811878608,43.695240885,-1.130899656));
#6034=CARTESIAN_POINT('',(134.788168622,43.684484363,-1.261747808));
#6035=CARTESIAN_POINT('',(134.696902391,43.643079584,-1.503618845));
#6036=CARTESIAN_POINT('',(134.629382054,43.612447619,-1.614546563));
#6037=CARTESIAN_POINT('',(134.46074403,43.535941582,-1.799666674));
#6038=CARTESIAN_POINT('',(134.359692694,43.490097612,-1.87378623));
#6039=CARTESIAN_POINT('',(134.139356472,43.39013766,-1.973972572));
#6040=CARTESIAN_POINT('',(134.020158279,43.336061009,-1.99999994));
#6041=CARTESIAN_POINT('',(133.900913156,43.28196307,-2.));
#6042=CARTESIAN_POINT('',(134.937269977,43.398881659,-1.));
#6043=CARTESIAN_POINT('',(134.93726998,43.398881651,-1.130899655));
#6044=CARTESIAN_POINT('',(134.913039873,43.389354422,-1.261747807));
#6045=CARTESIAN_POINT('',(134.819771554,43.352681526,-1.503618844));
#6046=CARTESIAN_POINT('',(134.750770039,43.325550289,-1.614546562));
#6047=CARTESIAN_POINT('',(134.578432642,43.257787627,-1.799666673));
#6048=CARTESIAN_POINT('',(134.475164568,43.217182864,-1.873786228));
#6049=CARTESIAN_POINT('',(134.249994885,43.12864668,-1.973972571));
#6050=CARTESIAN_POINT('',(134.128181871,43.080750095,-1.999999939));
#6051=CARTESIAN_POINT('',(134.006320898,43.032834654,-2.));
#6052=CARTESIAN_POINT('',(134.993548555,43.250003429,-1.));
#6053=CARTESIAN_POINT('',(134.993548555,43.250003429,-1.130899694));
#6054=CARTESIAN_POINT('',(134.969091844,43.241077576,-1.261747884));
#6055=CARTESIAN_POINT('',(134.874951275,43.206719525,-1.50361898));
#6056=CARTESIAN_POINT('',(134.805304456,43.181300846,-1.61454672));
#6057=CARTESIAN_POINT('',(134.631355365,43.117815447,-1.799666842));
#6058=CARTESIAN_POINT('',(134.527121535,43.079773706,-1.873786388));
#6059=CARTESIAN_POINT('',(134.299846095,42.996826035,-1.973972677));
#6060=CARTESIAN_POINT('',(134.176893909,42.951952741,-2.));
#6061=CARTESIAN_POINT('',(134.053893327,42.907061785,-2.));
#6062=CARTESIAN_POINT('',(135.145100169,42.80209901,-1.));
#6063=CARTESIAN_POINT('',(135.145100169,42.80209901,-1.130899694));
#6064=CARTESIAN_POINT('',(135.120050754,42.79492487,-1.261747884));
#6065=CARTESIAN_POINT('',(135.023628704,42.767309641,-1.50361898));
#6066=CARTESIAN_POINT('',(134.952294006,42.746879418,-1.61454672));
#6067=CARTESIAN_POINT('',(134.774129287,42.69585313,-1.799666842));
#6068=CARTESIAN_POINT('',(134.667369367,42.66527714,-1.873786388));
#6069=CARTESIAN_POINT('',(134.434585945,42.598608081,-1.973972677));
#6070=CARTESIAN_POINT('',(134.308654032,42.562541242,-2.));
#6071=CARTESIAN_POINT('',(134.182672552,42.526460207,-2.));
#6072=CARTESIAN_POINT('',(135.223159457,42.501872572,-1.));
#6073=CARTESIAN_POINT('',(135.223159457,42.501872572,-1.130899694));
#6074=CARTESIAN_POINT('',(135.197830577,42.495794892,-1.261747884));
#6075=CARTESIAN_POINT('',(135.100332788,42.472400239,-1.50361898));
#6076=CARTESIAN_POINT('',(135.028202241,42.455092471,-1.61454672));
#6077=CARTESIAN_POINT('',(134.848049817,42.41186479,-1.799666842));
#6078=CARTESIAN_POINT('',(134.740098824,42.385961885,-1.873786388));
#6079=CARTESIAN_POINT('',(134.50471834,42.329482197,-1.973972676));
#6080=CARTESIAN_POINT('',(134.377381461,42.298927637,-2.));
#6081=CARTESIAN_POINT('',(134.249994461,42.26836105,-2.));
#6082=CARTESIAN_POINT('',(135.402075997,41.599800032,-1.));
#6083=CARTESIAN_POINT('',(135.402075997,41.599800032,-1.130899694));
#6084=CARTESIAN_POINT('',(135.376143726,41.59676457,-1.261747884));
#6085=CARTESIAN_POINT('',(135.276323317,41.585080245,-1.50361898));
#6086=CARTESIAN_POINT('',(135.202474456,41.576435979,-1.61454672));
#6087=CARTESIAN_POINT('',(135.018030391,41.554846162,-1.799666842));
#6088=CARTESIAN_POINT('',(134.907507759,41.541909105,-1.873786388));
#6089=CARTESIAN_POINT('',(134.666519975,41.513700649,-1.973972676));
#6090=CARTESIAN_POINT('',(134.536149642,41.498440349,-2.));
#6091=CARTESIAN_POINT('',(134.405727993,41.483174043,-2.));
#6092=CARTESIAN_POINT('',(135.44794646,40.992574828,-1.));
#6093=CARTESIAN_POINT('',(135.44794646,40.992574828,-1.130899693));
#6094=CARTESIAN_POINT('',(135.421915556,40.991242474,-1.261747883));
#6095=CARTESIAN_POINT('',(135.321715487,40.986113878,-1.503618977));
#6096=CARTESIAN_POINT('',(135.247585745,40.982319655,-1.614546717));
#6097=CARTESIAN_POINT('',(135.062440157,40.972843246,-1.799666839));
#6098=CARTESIAN_POINT('',(134.951497158,40.967164789,-1.873786385));
#6099=CARTESIAN_POINT('',(134.70959279,40.954783264,-1.973972674));
#6100=CARTESIAN_POINT('',(134.578726599,40.948085068,-1.999999999));
#6101=CARTESIAN_POINT('',(134.447808898,40.941384235,-2.));
#6102=CARTESIAN_POINT('',(135.444867661,39.817624342,-1.));
#6103=CARTESIAN_POINT('',(135.444867661,39.817624342,-1.130899693));
#6104=CARTESIAN_POINT('',(135.418844098,39.819093098,-1.261747883));
#6105=CARTESIAN_POINT('',(135.318672281,39.824746743,-1.503618977));
#6106=CARTESIAN_POINT('',(135.244563442,39.828929407,-1.614546717));
#6107=CARTESIAN_POINT('',(135.05947006,39.83937598,-1.799666839));
#6108=CARTESIAN_POINT('',(134.948558344,39.845635779,-1.873786385));
#6109=CARTESIAN_POINT('',(134.706722185,39.859284884,-1.973972674));
#6110=CARTESIAN_POINT('',(134.575892896,39.866668821,-1.999999999));
#6111=CARTESIAN_POINT('',(134.445012109,39.874055663,-2.));
#6112=CARTESIAN_POINT('',(135.397032735,39.244200607,-1.));
#6113=CARTESIAN_POINT('',(135.397032735,39.244200607,-1.130899693));
#6114=CARTESIAN_POINT('',(135.371116928,39.246796137,-1.261747882));
#6115=CARTESIAN_POINT('',(135.271359895,39.256787042,-1.503618977));
#6116=CARTESIAN_POINT('',(135.19755792,39.264178486,-1.614546716));
#6117=CARTESIAN_POINT('',(135.013230958,39.282639272,-1.799666838));
#6118=CARTESIAN_POINT('',(134.902778497,39.29370135,-1.873786384));
#6119=CARTESIAN_POINT('',(134.661943715,39.317821529,-1.973972674));
#6120=CARTESIAN_POINT('',(134.531656153,39.330870139,-1.999999999));
#6121=CARTESIAN_POINT('',(134.401317308,39.343923886,-2.));
#6122=CARTESIAN_POINT('',(135.280139485,38.397174266,-1.));
#6123=CARTESIAN_POINT('',(135.280139485,38.397174266,-1.130899693));
#6124=CARTESIAN_POINT('',(135.254422948,38.401213739,-1.261747882));
#6125=CARTESIAN_POINT('',(135.155432962,38.416762777,-1.503618977));
#6126=CARTESIAN_POINT('',(135.082198461,38.428266224,-1.614546716));
#6127=CARTESIAN_POINT('',(134.899288816,38.4569971,-1.799666838));
#6128=CARTESIAN_POINT('',(134.789685639,38.474213225,-1.873786384));
#6129=CARTESIAN_POINT('',(134.55070267,38.511751923,-1.973972674));
#6130=CARTESIAN_POINT('',(134.421416908,38.532059726,-1.999999999));
#6131=CARTESIAN_POINT('',(134.292080257,38.552375523,-2.));
#6132=CARTESIAN_POINT('',(135.233459944,38.117065071,-1.));
#6133=CARTESIAN_POINT('',(135.233459944,38.117065071,-1.130899694));
#6134=CARTESIAN_POINT('',(135.207817537,38.121543869,-1.261747884));
#6135=CARTESIAN_POINT('',(135.109112897,38.138783988,-1.50361898));
#6136=CARTESIAN_POINT('',(135.0360895,38.151538525,-1.61454672));
#6137=CARTESIAN_POINT('',(134.853707107,38.18339411,-1.799666842));
#6138=CARTESIAN_POINT('',(134.74441987,38.202482625,-1.873786388));
#6139=CARTESIAN_POINT('',(134.50612579,38.244103953,-1.973972677));
#6140=CARTESIAN_POINT('',(134.377212705,38.266620391,-2.));
#6141=CARTESIAN_POINT('',(134.248248878,38.289145691,-2.));
#6142=CARTESIAN_POINT('',(135.127097614,37.560447961,-1.));
#6143=CARTESIAN_POINT('',(135.127097614,37.560447961,-1.130899694));
#6144=CARTESIAN_POINT('',(135.101610483,37.565739356,-1.261747884));
#6145=CARTESIAN_POINT('',(135.003503547,37.586107384,-1.50361898));
#6146=CARTESIAN_POINT('',(134.930922341,37.601176003,-1.61454672));
#6147=CARTESIAN_POINT('',(134.749644359,37.638811212,-1.799666842));
#6148=CARTESIAN_POINT('',(134.641018908,37.661362994,-1.873786388));
#6149=CARTESIAN_POINT('',(134.40416781,37.710535763,-1.973972677));
#6150=CARTESIAN_POINT('',(134.276035355,37.737137404,-2.));
#6151=CARTESIAN_POINT('',(134.147852464,37.763749515,-2.));
#6152=CARTESIAN_POINT('',(135.067353823,37.283765382,-1.));
#6153=CARTESIAN_POINT('',(135.067353823,37.283765382,-1.130899694));
#6154=CARTESIAN_POINT('',(135.04194796,37.289430183,-1.261747884));
#6155=CARTESIAN_POINT('',(134.944153842,37.311235553,-1.50361898));
#6156=CARTESIAN_POINT('',(134.871804065,37.327367542,-1.61454672));
#6157=CARTESIAN_POINT('',(134.691104098,37.367658611,-1.799666842));
#6158=CARTESIAN_POINT('',(134.582825005,37.391801838,-1.873786388));
#6159=CARTESIAN_POINT('',(134.346729119,37.444444657,-1.973972677));
#6160=CARTESIAN_POINT('',(134.21900522,37.472923536,-2.));
#6161=CARTESIAN_POINT('',(134.091231048,37.501413624,-2.));
#6162=CARTESIAN_POINT('',(134.99823136,36.992537992,-1.));
#6163=CARTESIAN_POINT('',(134.99823136,36.992537992,-1.130899694));
#6164=CARTESIAN_POINT('',(134.972912695,36.998570175,-1.261747884));
#6165=CARTESIAN_POINT('',(134.875454224,37.021789695,-1.50361898));
#6166=CARTESIAN_POINT('',(134.803352764,37.038967896,-1.61454672));
#6167=CARTESIAN_POINT('',(134.623272991,37.081871975,-1.799666842));
#6168=CARTESIAN_POINT('',(134.515365531,37.10758097,-1.873786388));
#6169=CARTESIAN_POINT('',(134.280079969,37.16363785,-1.973972677));
#6170=CARTESIAN_POINT('',(134.152794441,37.193963678,-2.));
#6171=CARTESIAN_POINT('',(134.025458812,37.224301443,-2.));
#6172=CARTESIAN_POINT('',(134.994434743,36.976602531,-1.));
#6173=CARTESIAN_POINT('',(134.994434743,36.976602531,-1.130899694));
#6174=CARTESIAN_POINT('',(134.969113844,36.98262529,-1.261747884));
#6175=CARTESIAN_POINT('',(134.871646775,37.005808537,-1.50361898));
#6176=CARTESIAN_POINT('',(134.799538955,37.022959903,-1.61454672));
#6177=CARTESIAN_POINT('',(134.619443296,37.065796957,-1.799666842));
#6178=CARTESIAN_POINT('',(134.511526316,37.09146579,-1.873786388));
#6179=CARTESIAN_POINT('',(134.276219998,37.147435099,-1.973972677));
#6180=CARTESIAN_POINT('',(134.148923241,37.177713552,-2.));
#6181=CARTESIAN_POINT('',(134.021576379,37.208003923,-2.));
#6182=CARTESIAN_POINT('',(134.986681142,36.94400482,-1.));
#6183=CARTESIAN_POINT('',(134.986681142,36.94400482,-1.130899694));
#6184=CARTESIAN_POINT('',(134.961360243,36.950027579,-1.261747884));
#6185=CARTESIAN_POINT('',(134.863893174,36.973210826,-1.50361898));
#6186=CARTESIAN_POINT('',(134.791785354,36.990362192,-1.61454672));
#6187=CARTESIAN_POINT('',(134.611689695,37.033199246,-1.799666842));
#6188=CARTESIAN_POINT('',(134.503772715,37.058868079,-1.873786388));
#6189=CARTESIAN_POINT('',(134.268466397,37.114837387,-1.973972677));
#6190=CARTESIAN_POINT('',(134.14116964,37.145115841,-2.));
#6191=CARTESIAN_POINT('',(134.013822778,37.175406212,-2.));
#6192=CARTESIAN_POINT('',(134.982804341,36.927705965,-1.));
#6193=CARTESIAN_POINT('',(134.982804341,36.927705965,-1.130899694));
#6194=CARTESIAN_POINT('',(134.957483442,36.933728723,-1.261747884));
#6195=CARTESIAN_POINT('',(134.860016374,36.95691197,-1.50361898));
#6196=CARTESIAN_POINT('',(134.787908553,36.974063336,-1.61454672));
#6197=CARTESIAN_POINT('',(134.607812894,37.01690039,-1.799666842));
#6198=CARTESIAN_POINT('',(134.499895915,37.042569223,-1.873786388));
#6199=CARTESIAN_POINT('',(134.264589596,37.098538532,-1.973972677));
#6200=CARTESIAN_POINT('',(134.13729284,37.128816985,-2.));
#6201=CARTESIAN_POINT('',(134.009945978,37.159107357,-2.));
#6202=CARTESIAN_POINT('',(134.973595061,36.888988284,-1.));
#6203=CARTESIAN_POINT('',(134.973595061,36.888988284,-1.130899694));
#6204=CARTESIAN_POINT('',(134.948274162,36.895011043,-1.261747884));
#6205=CARTESIAN_POINT('',(134.850807093,36.918194289,-1.50361898));
#6206=CARTESIAN_POINT('',(134.778699273,36.935345655,-1.61454672));
#6207=CARTESIAN_POINT('',(134.598603614,36.97818271,-1.799666842));
#6208=CARTESIAN_POINT('',(134.490686635,37.003851543,-1.873786388));
#6209=CARTESIAN_POINT('',(134.255380316,37.059820851,-1.973972677));
#6210=CARTESIAN_POINT('',(134.128083559,37.090099305,-2.));
#6211=CARTESIAN_POINT('',(134.000736697,37.120389676,-2.));
#6212=CARTESIAN_POINT('',(134.968262582,36.866569459,-1.));
#6213=CARTESIAN_POINT('',(134.968262582,36.866569459,-1.130899694));
#6214=CARTESIAN_POINT('',(134.942941682,36.872592218,-1.261747884));
#6215=CARTESIAN_POINT('',(134.845474614,36.895775464,-1.50361898));
#6216=CARTESIAN_POINT('',(134.773366794,36.91292683,-1.61454672));
#6217=CARTESIAN_POINT('',(134.593271134,36.955763884,-1.799666842));
#6218=CARTESIAN_POINT('',(134.485354155,36.981432718,-1.873786388));
#6219=CARTESIAN_POINT('',(134.250047836,37.037402026,-1.973972677));
#6220=CARTESIAN_POINT('',(134.12275108,37.06768048,-2.));
#6221=CARTESIAN_POINT('',(133.995404218,37.097970851,-2.));
#6222=CARTESIAN_POINT('',(134.962930102,36.844150634,-1.));
#6223=CARTESIAN_POINT('',(134.962930102,36.844150634,-1.130899694));
#6224=CARTESIAN_POINT('',(134.937609203,36.850173393,-1.261747884));
#6225=CARTESIAN_POINT('',(134.840142134,36.873356639,-1.50361898));
#6226=CARTESIAN_POINT('',(134.768034314,36.890508005,-1.61454672));
#6227=CARTESIAN_POINT('',(134.587938655,36.933345059,-1.799666842));
#6228=CARTESIAN_POINT('',(134.480021676,36.959013893,-1.873786388));
#6229=CARTESIAN_POINT('',(134.244715357,37.014983201,-1.973972677));
#6230=CARTESIAN_POINT('',(134.1174186,37.045261655,-2.));
#6231=CARTESIAN_POINT('',(133.990071738,37.075552026,-2.));
#6232=B_SPLINE_SURFACE_WITH_KNOTS('',3,3,((#5732,#5733,#5734,#5735,#5736,#5737,#5738,#5739,#5740,#5741),(#5742,#5743,#5744,#5745,#5746,#5747,#5748,#5749,#5750,#5751),(#5752,#5753,#5754,#5755,#5756,#5757,#5758,#5759,#5760,#5761),(#5762,#5763,#5764,#5765,#5766,#5767,#5768,#5769,#5770,#5771),(#5772,#5773,#5774,#5775,#5776,#5777,#5778,#5779,#5780,#5781),(#5782,#5783,#5784,#5785,#5786,#5787,#5788,#5789,#5790,#5791),(#5792,#5793,#5794,#5795,#5796,#5797,#5798,#5799,#5800,#5801),(#5802,#5803,#5804,#5805,#5806,#5807,#5808,#5809,#5810,#5811),(#5812,#5813,#5814,#5815,#5816,#5817,#5818,#5819,#5820,#5821),(#5822,#5823,#5824,#5825,#5826,#5827,#5828,#5829,#5830,#5831),(#5832,#5833,#5834,#5835,#5836,#5837,#5838,#5839,#5840,#5841),(#5842,#5843,#5844,#5845,#5846,#5847,#5848,#5849,#5850,#5851),(#5852,#5853,#5854,#5855,#5856,#5857,#5858,#5859,#5860,#5861),(#5862,#5863,#5864,#5865,#5866,#5867,#5868,#5869,#5870,#5871),(#5872,#5873,#5874,#5875,#5876,#5877,#5878,#5879,#5880,#5881),(#5882,#5883,#5884,#5885,#5886,#5887,#5888,#5889,#5890,#5891),(#5892,#5893,#5894,#5895,#5896,#5897,#5898,#5899,#5900,#5901),(#5902,#5903,#5904,#5905,#5906,#5907,#5908,#5909,#5910,#5911),(#5912,#5913,#5914,#5915,#5916,#5917,#5918,#5919,#5920,#5921),(#5922,#5923,#5924,#5925,#5926,#5927,#5928,#5929,#5930,#5931),(#5932,#5933,#5934,#5935,#5936,#5937,#5938,#5939,#5940,#5941),(#5942,#5943,#5944,#5945,#5946,#5947,#5948,#5949,#5950,#5951),(#5952,#5953,#5954,#5955,#5956,#5957,#5958,#5959,#5960,#5961),(#5962,#5963,#5964,#5965,#5966,#5967,#5968,#5969,#5970,#5971),(#5972,#5973,#5974,#5975,#5976,#5977,#5978,#5979,#5980,#5981),(#5982,#5983,#5984,#5985,#5986,#5987,#5988,#5989,#5990,#5991),
(#5992,#5993,#5994,#5995,#5996,#5997,#5998,#5999,#6000,#6001),(#6002,#6003,#6004,#6005,#6006,#6007,#6008,#6009,#6010,#6011),(#6012,#6013,#6014,#6015,#6016,#6017,#6018,#6019,#6020,#6021),(#6022,#6023,#6024,#6025,#6026,#6027,#6028,#6029,#6030,#6031),(#6032,#6033,#6034,#6035,#6036,#6037,#6038,#6039,#6040,#6041),(#6042,#6043,#6044,#6045,#6046,#6047,#6048,#6049,#6050,#6051),(#6052,#6053,#6054,#6055,#6056,#6057,#6058,#6059,#6060,#6061),(#6062,#6063,#6064,#6065,#6066,#6067,#6068,#6069,#6070,#6071),(#6072,#6073,#6074,#6075,#6076,#6077,#6078,#6079,#6080,#6081),(#6082,#6083,#6084,#6085,#6086,#6087,#6088,#6089,#6090,#6091),(#6092,#6093,#6094,#6095,#6096,#6097,#6098,#6099,#6100,#6101),(#6102,#6103,#6104,#6105,#6106,#6107,#6108,#6109,#6110,#6111),(#6112,#6113,#6114,#6115,#6116,#6117,#6118,#6119,#6120,#6121),(#6122,#6123,#6124,#6125,#6126,#6127,#6128,#6129,#6130,#6131),(#6132,#6133,#6134,#6135,#6136,#6137,#6138,#6139,#6140,#6141),(#6142,#6143,#6144,#6145,#6146,#6147,#6148,#6149,#6150,#6151),(#6152,#6153,#6154,#6155,#6156,#6157,#6158,#6159,#6160,#6161),(#6162,#6163,#6164,#6165,#6166,#6167,#6168,#6169,#6170,#6171),(#6172,#6173,#6174,#6175,#6176,#6177,#6178,#6179,#6180,#6181),(#6182,#6183,#6184,#6185,#6186,#6187,#6188,#6189,#6190,#6191),(#6192,#6193,#6194,#6195,#6196,#6197,#6198,#6199,#6200,#6201),(#6202,#6203,#6204,#6205,#6206,#6207,#6208,#6209,#6210,#6211),(#6212,#6213,#6214,#6215,#6216,#6217,#6218,#6219,#6220,#6221),(#6222,#6223,#6224,#6225,#6226,#6227,#6228,#6229,#6230,#6231)),.UNSPECIFIED.,.F.,.F.,.U.,(4,2,2,2,2,2,2,2,2,2,2,2,2,2,2,2,2,2,2,2,2,2,2,2,4),(4,2,2,2,4),(0.100848581,0.100930034,0.101131148,0.10274006,0.104348973,0.105153429,0.105957885,0.106762341,0.107566797,0.107969025,0.108371253,0.109175709,0.109577937,0.109980165,0.110784621,0.111186849,0.111589077,0.112393533,0.114002446,0.115611358,0.116415814,0.11722027,0.117270548,0.117320827,0.117389984),(0.,0.25,0.5,0.75,1.),.UNSPECIFIED.);
#6233=CARTESIAN_POINT('',(133.990071738,37.075552026,-2.));
#6234=CARTESIAN_POINT('',(134.122550336,37.065642694,-2.));
#6235=CARTESIAN_POINT('',(134.254396772,37.055778055,-1.973805409));
#6236=CARTESIAN_POINT('',(134.375388555,37.046726745,-1.924356912));
#6237=CARTESIAN_POINT('',(134.496380338,37.037675434,-1.874908415));
#6238=CARTESIAN_POINT('',(134.608909575,37.029257201,-1.800948033));
#6239=CARTESIAN_POINT('',(134.702235848,37.022275528,-1.709045168));
#6240=CARTESIAN_POINT('',(134.748898985,37.018784691,-1.663093735));
#6241=CARTESIAN_POINT('',(134.791698768,37.015582869,-1.611767611));
#6242=CARTESIAN_POINT('',(134.828581115,37.012823727,-1.557366944));
#6243=CARTESIAN_POINT('',(134.865463463,37.010064584,-1.502966278));
#6244=CARTESIAN_POINT('',(134.896710754,37.007726996,-1.445434545));
#6245=CARTESIAN_POINT('',(134.922261727,37.005815546,-1.384737707));
#6246=CARTESIAN_POINT('',(134.947812701,37.003904095,-1.324040869));
#6247=CARTESIAN_POINT('',(134.967449209,37.002435102,-1.260216739));
#6248=CARTESIAN_POINT('',(134.980413543,37.001465249,-1.195989018));
#6249=CARTESIAN_POINT('',(134.993377876,37.000495396,-1.131761297));
#6250=CARTESIAN_POINT('',(135.,37.,-1.066447601));
#6251=CARTESIAN_POINT('',(135.,37.,-1.));
#6252=B_SPLINE_CURVE_WITH_KNOTS('',3,(#6233,#6234,#6235,#6236,#6237,#6238,#6239,#6240,#6241,#6242,#6243,#6244,#6245,#6246,#6247,#6248,#6249,#6250,#6251),.UNSPECIFIED.,.F.,.F.,(4,3,3,3,3,3,4),(0.,0.000392998,0.000785995,0.000982494,0.001178993,0.001375491,0.00157199),.UNSPECIFIED.);
#6253=EDGE_CURVE('',#5336,#4614,#6252,.T.);
#6254=ORIENTED_EDGE('',*,*,#6253,.F.);
#6255=ORIENTED_EDGE('',*,*,#5387,.F.);
#6256=CARTESIAN_POINT('',(125.,48.,-1.));
#6257=CARTESIAN_POINT('',(125.,48.,-1.066132359));
#6258=CARTESIAN_POINT('',(125.000513711,47.993502582,-1.131153956));
#6259=CARTESIAN_POINT('',(125.001518742,47.980775807,-1.195110633));
#6260=CARTESIAN_POINT('',(125.002523772,47.968049032,-1.259067311));
#6261=CARTESIAN_POINT('',(125.004044763,47.948780403,-1.322626003));
#6262=CARTESIAN_POINT('',(125.006024794,47.923646938,-1.383191302));
#6263=CARTESIAN_POINT('',(125.008004825,47.898513472,-1.443756601));
#6264=CARTESIAN_POINT('',(125.010424701,47.867758951,-1.501197447));
#6265=CARTESIAN_POINT('',(125.013275095,47.831436839,-1.555543781));
#6266=CARTESIAN_POINT('',(125.016125488,47.795114727,-1.609890115));
#6267=CARTESIAN_POINT('',(125.019434579,47.752862195,-1.661311797));
#6268=CARTESIAN_POINT('',(125.023035358,47.706735419,-1.707386184));
#6269=CARTESIAN_POINT('',(125.030236916,47.614481868,-1.799534957));
#6270=CARTESIAN_POINT('',(125.038894141,47.503007082,-1.873911308));
#6271=CARTESIAN_POINT('',(125.048144221,47.382861422,-1.923716414));
#6272=CARTESIAN_POINT('',(125.057394301,47.262715763,-1.973521521));
#6273=CARTESIAN_POINT('',(125.067417509,47.131482161,-2.));
#6274=CARTESIAN_POINT('',(125.077407925,46.999607817,-2.));
#6275=B_SPLINE_CURVE_WITH_KNOTS('',3,(#6256,#6257,#6258,#6259,#6260,#6261,#6262,#6263,#6264,#6265,#6266,#6267,#6268,#6269,#6270,#6271,#6272,#6273,#6274),.UNSPECIFIED.,.F.,.F.,(4,3,3,3,3,3,4),(0.,0.000195577,0.000391154,0.000586732,0.000782309,0.001173463,0.001564618),.UNSPECIFIED.);
#6276=EDGE_CURVE('',#4544,#5291,#6275,.T.);
#6277=ORIENTED_EDGE('',*,*,#6276,.F.);
#6278=ORIENTED_EDGE('',*,*,#4668,.T.);
#6279=EDGE_LOOP('',(#6254,#6255,#6277,#6278));
#6280=FACE_BOUND('',#6279,.T.);
#6281=ADVANCED_FACE('',(#6280),#6232,.T.);
#6282=CARTESIAN_POINT('',(125.160015774,47.012890375,-2.));
#6283=CARTESIAN_POINT('',(125.139069659,47.142103331,-2.000000004));
#6284=CARTESIAN_POINT('',(125.118131786,47.271265448,-1.973972684));
#6285=CARTESIAN_POINT('',(125.079428413,47.510019862,-1.873786399));
#6286=CARTESIAN_POINT('',(125.061678141,47.619518218,-1.799666854));
#6287=CARTESIAN_POINT('',(125.032055861,47.802252936,-1.614546731));
#6288=CARTESIAN_POINT('',(125.020195508,47.875417399,-1.50361899));
#6289=CARTESIAN_POINT('',(125.004164046,47.974312716,-1.26174789));
#6290=CARTESIAN_POINT('',(124.999999244,48.000004659,-1.130899696));
#6291=CARTESIAN_POINT('',(124.999999244,48.000004659,-1.));
#6292=CARTESIAN_POINT('',(125.134742336,47.008790183,-2.));
#6293=CARTESIAN_POINT('',(125.113876895,47.138016206,-2.000000009));
#6294=CARTESIAN_POINT('',(125.093019663,47.267191385,-1.973972692));
#6295=CARTESIAN_POINT('',(125.054465353,47.505969945,-1.873786411));
#6296=CARTESIAN_POINT('',(125.036783445,47.615479376,-1.799666867));
#6297=CARTESIAN_POINT('',(125.007275254,47.798232576,-1.614546743));
#6298=CARTESIAN_POINT('',(124.99546058,47.871404439,-1.503619));
#6299=CARTESIAN_POINT('',(124.979490862,47.970309759,-1.261747895));
#6300=CARTESIAN_POINT('',(124.9753421,47.9960043,-1.130899699));
#6301=CARTESIAN_POINT('',(124.975342101,47.9960043,-1.));
#6302=CARTESIAN_POINT('',(125.109465897,47.004709012,-2.));
#6303=CARTESIAN_POINT('',(125.088745163,47.133958404,-2.000000015));
#6304=CARTESIAN_POINT('',(125.06803258,47.263156945,-1.973972704));
#6305=CARTESIAN_POINT('',(125.029745654,47.50197869,-1.873786429));
#6306=CARTESIAN_POINT('',(125.012186374,47.611507927,-1.799666886));
#6307=CARTESIAN_POINT('',(124.982882828,47.794294181,-1.61454676));
#6308=CARTESIAN_POINT('',(124.971150092,47.867479279,-1.503619015));
#6309=CARTESIAN_POINT('',(124.955291128,47.966402488,-1.261747904));
#6310=CARTESIAN_POINT('',(124.951171139,47.992101677,-1.130899704));
#6311=CARTESIAN_POINT('',(124.951171139,47.992101677,-1.));
#6312=CARTESIAN_POINT('',(125.046137374,46.994629613,-2.));
#6313=CARTESIAN_POINT('',(125.025781477,47.123937072,-2.000000015));
#6314=CARTESIAN_POINT('',(125.005433589,47.253193658,-1.973972704));
#6315=CARTESIAN_POINT('',(124.967820794,47.492122698,-1.873786429));
#6316=CARTESIAN_POINT('',(124.950570687,47.601701143,-1.799666886));
#6317=CARTESIAN_POINT('',(124.921783099,47.784569518,-1.61454676));
#6318=CARTESIAN_POINT('',(124.910256946,47.857787495,-1.503619015));
#6319=CARTESIAN_POINT('',(124.894677216,47.956755147,-1.261747904));
#6320=CARTESIAN_POINT('',(124.890629769,47.982465882,-1.130899704));
#6321=CARTESIAN_POINT('',(124.890629769,47.982465882,-1.));
#6322=CARTESIAN_POINT('',(125.008079044,46.988670965,-2.));
#6323=CARTESIAN_POINT('',(124.987945199,47.118013233,-2.000000075));
#6324=CARTESIAN_POINT('',(124.967819273,47.247304625,-1.973972807));
#6325=CARTESIAN_POINT('',(124.930616772,47.486298016,-1.873786585));
#6326=CARTESIAN_POINT('',(124.913554834,47.595905981,-1.799667051));
#6327=CARTESIAN_POINT('',(124.885081269,47.778823623,-1.614546914));
#6328=CARTESIAN_POINT('',(124.873680846,47.852061329,-1.503619149));
#6329=CARTESIAN_POINT('',(124.858271062,47.95105565,-1.261747979));
#6330=CARTESIAN_POINT('',(124.854267765,47.976773313,-1.130899741));
#6331=CARTESIAN_POINT('',(124.854267765,47.976773313,-1.));
#6332=CARTESIAN_POINT('',(124.89385687,46.971093975,-2.));
#6333=CARTESIAN_POINT('',(124.874397712,47.100540066,-2.000000075));
#6334=CARTESIAN_POINT('',(124.854946209,47.229935241,-1.973972807));
#6335=CARTESIAN_POINT('',(124.818990368,47.469120472,-1.873786585));
#6336=CARTESIAN_POINT('',(124.802500177,47.578816419,-1.799667051));
#6337=CARTESIAN_POINT('',(124.774980765,47.761880889,-1.614546914));
#6338=CARTESIAN_POINT('',(124.76396237,47.835177384,-1.503619149));
#6339=CARTESIAN_POINT('',(124.74906897,47.934251167,-1.261747979));
#6340=CARTESIAN_POINT('',(124.745199824,47.959989474,-1.130899741));
#6341=CARTESIAN_POINT('',(124.745199823,47.959989474,-1.));
#6342=CARTESIAN_POINT('',(124.817646268,46.959771899,-2.));
#6343=CARTESIAN_POINT('',(124.798648706,47.089286695,-2.000000184));
#6344=CARTESIAN_POINT('',(124.779658613,47.218750569,-1.973972997));
#6345=CARTESIAN_POINT('',(124.74455568,47.458062812,-1.873786874));
#6346=CARTESIAN_POINT('',(124.72845665,47.567817022,-1.799667357));
#6347=CARTESIAN_POINT('',(124.701590019,47.750978732,-1.614547199));
#6348=CARTESIAN_POINT('',(124.690832989,47.824314165,-1.503619395));
#6349=CARTESIAN_POINT('',(124.676292868,47.923440582,-1.261748118));
#6350=CARTESIAN_POINT('',(124.6725155,47.949192564,-1.130899811));
#6351=CARTESIAN_POINT('',(124.672515498,47.949192564,-1.));
#6352=CARTESIAN_POINT('',(124.436263108,46.905253401,-2.));
#6353=CARTESIAN_POINT('',(124.41963592,47.035107036,-2.000000184));
#6354=CARTESIAN_POINT('',(124.403015268,47.164909615,-1.973972997));
#6355=CARTESIAN_POINT('',(124.372292213,47.40484795,-1.873786874));
#6356=CARTESIAN_POINT('',(124.358201897,47.514889301,-1.799667356));
#6357=CARTESIAN_POINT('',(124.334687478,47.6985302,-1.614547198));
#6358=CARTESIAN_POINT('',(124.325272626,47.772057494,-1.503619395));
#6359=CARTESIAN_POINT('',(124.312546707,47.871443247,-1.261748118));
#6360=CARTESIAN_POINT('',(124.309240646,47.897262601,-1.130899811));
#6361=CARTESIAN_POINT('',(124.309240641,47.8972626,-1.));
#6362=CARTESIAN_POINT('',(124.129724337,46.868252407,-2.));
#6363=CARTESIAN_POINT('',(124.115195974,46.998365038,-2.));
#6364=CARTESIAN_POINT('',(124.100673328,47.128426475,-1.973972677));
#6365=CARTESIAN_POINT('',(124.073828414,47.368843269,-1.873786388));
#6366=CARTESIAN_POINT('',(124.061516709,47.479104031,-1.799666842));
#6367=CARTESIAN_POINT('',(124.040970501,47.663111079,-1.61454672));
#6368=CARTESIAN_POINT('',(124.032744083,47.736784965,-1.50361898));
#6369=CARTESIAN_POINT('',(124.021624555,47.836368862,-1.261747884));
#6370=CARTESIAN_POINT('',(124.018735821,47.86223969,-1.130899694));
#6371=CARTESIAN_POINT('',(124.018735821,47.86223969,-1.));
#6372=CARTESIAN_POINT('',(123.210417422,46.782455532,-2.));
#6373=CARTESIAN_POINT('',(123.202982989,46.913230224,-2.));
#6374=CARTESIAN_POINT('',(123.195551482,47.043953462,-1.973972677));
#6375=CARTESIAN_POINT('',(123.181814442,47.285593584,-1.873786388));
#6376=CARTESIAN_POINT('',(123.175514314,47.396415394,-1.799666842));
#6377=CARTESIAN_POINT('',(123.165000439,47.581358737,-1.61454672));
#6378=CARTESIAN_POINT('',(123.160790828,47.655407503,-1.50361898));
#6379=CARTESIAN_POINT('',(123.15510076,47.755498119,-1.261747884));
#6380=CARTESIAN_POINT('',(123.153622541,47.781500587,-1.130899694));
#6381=CARTESIAN_POINT('',(123.153622541,47.781500587,-1.));
#6382=CARTESIAN_POINT('',(122.597373513,46.757689047,-2.));
#6383=CARTESIAN_POINT('',(122.59568631,46.888808149,-2.));
#6384=CARTESIAN_POINT('',(122.59399977,47.019875662,-1.973972677));
#6385=CARTESIAN_POINT('',(122.590882224,47.262152173,-1.873786389));
#6386=CARTESIAN_POINT('',(122.589452445,47.373265845,-1.799666843));
#6387=CARTESIAN_POINT('',(122.587066379,47.558696259,-1.614546721));
#6388=CARTESIAN_POINT('',(122.586111031,47.632940041,-1.503618981));
#6389=CARTESIAN_POINT('',(122.584819701,47.733294258,-1.261747885));
#6390=CARTESIAN_POINT('',(122.584484228,47.759365207,-1.130899694));
#6391=CARTESIAN_POINT('',(122.584484228,47.759365207,-1.));
#6392=CARTESIAN_POINT('',(121.677382497,46.800410692,-2.));
#6393=CARTESIAN_POINT('',(121.687334173,46.93098932,-2.));
#6394=CARTESIAN_POINT('',(121.697281933,47.061516571,-1.973972677));
#6395=CARTESIAN_POINT('',(121.715670232,47.302794414,-1.873786389));
#6396=CARTESIAN_POINT('',(121.724103536,47.413450074,-1.799666843));
#6397=CARTESIAN_POINT('',(121.73817733,47.59811614,-1.614546721));
#6398=CARTESIAN_POINT('',(121.743812284,47.672053889,-1.503618981));
#6399=CARTESIAN_POINT('',(121.751428966,47.771994444,-1.261747885));
#6400=CARTESIAN_POINT('',(121.753407699,47.797957928,-1.130899694));
#6401=CARTESIAN_POINT('',(121.753407699,47.797957928,-1.));
#6402=CARTESIAN_POINT('',(121.369997023,46.828250132,-2.));
#6403=CARTESIAN_POINT('',(121.38435383,46.958462026,-2.000000094));
#6404=CARTESIAN_POINT('',(121.398704993,47.088622705,-1.973972841));
#6405=CARTESIAN_POINT('',(121.425232929,47.329222964,-1.873786637));
#6406=CARTESIAN_POINT('',(121.437399265,47.439567878,-1.799667105));
#6407=CARTESIAN_POINT('',(121.457702884,47.623715368,-1.614546965));
#6408=CARTESIAN_POINT('',(121.465832177,47.697445489,-1.503619193));
#6409=CARTESIAN_POINT('',(121.476820432,47.797105398,-1.261748004));
#6410=CARTESIAN_POINT('',(121.479675071,47.822995974,-1.130899754));
#6411=CARTESIAN_POINT('',(121.479675085,47.822995972,-1.));
#6412=CARTESIAN_POINT('',(120.757796824,46.920228334,-2.));
#6413=CARTESIAN_POINT('',(120.782336839,47.048910279,-2.000000095));
#6414=CARTESIAN_POINT('',(120.806867203,47.177541612,-1.973972842));
#6415=CARTESIAN_POINT('',(120.852211253,47.415314895,-1.873786639));
#6416=CARTESIAN_POINT('',(120.873007098,47.524363291,-1.799667108));
#6417=CARTESIAN_POINT('',(120.907711942,47.706347107,-1.614546967));
#6418=CARTESIAN_POINT('',(120.921607286,47.779210923,-1.503619194));
#6419=CARTESIAN_POINT('',(120.940389421,47.87769986,-1.261748005));
#6420=CARTESIAN_POINT('',(120.945268822,47.90328623,-1.130899754));
#6421=CARTESIAN_POINT('',(120.945268829,47.903286229,-1.));
#6422=CARTESIAN_POINT('',(120.456418854,46.983814006,-2.));
#6423=CARTESIAN_POINT('',(120.486687025,47.111343256,-2.));
#6424=CARTESIAN_POINT('',(120.516943287,47.238822329,-1.973972677));
#6425=CARTESIAN_POINT('',(120.572871576,47.474465658,-1.873786388));
#6426=CARTESIAN_POINT('',(120.598521596,47.582537198,-1.799666842));
#6427=CARTESIAN_POINT('',(120.641327255,47.762890794,-1.61454672));
#6428=CARTESIAN_POINT('',(120.658466051,47.835101888,-1.50361898));
#6429=CARTESIAN_POINT('',(120.681632306,47.932708551,-1.261747884));
#6430=CARTESIAN_POINT('',(120.687650651,47.958065715,-1.130899694));
#6431=CARTESIAN_POINT('',(120.687650651,47.958065715,-1.));
#6432=CARTESIAN_POINT('',(120.013491654,47.113250957,-2.));
#6433=CARTESIAN_POINT('',(120.05343341,47.237953289,-2.));
#6434=CARTESIAN_POINT('',(120.093359451,47.362606555,-1.973972677));
#6435=CARTESIAN_POINT('',(120.167162192,47.593026419,-1.873786388));
#6436=CARTESIAN_POINT('',(120.201009855,47.698702356,-1.799666842));
#6437=CARTESIAN_POINT('',(120.257496028,47.875058084,-1.61454672));
#6438=CARTESIAN_POINT('',(120.280112314,47.945668488,-1.50361898));
#6439=CARTESIAN_POINT('',(120.31068241,48.04111152,-1.261747884));
#6440=CARTESIAN_POINT('',(120.318624193,48.065906597,-1.130899694));
#6441=CARTESIAN_POINT('',(120.318624193,48.065906597,-1.));
#6442=CARTESIAN_POINT('',(119.867378209,47.162094113,-2.));
#6443=CARTESIAN_POINT('',(119.91072379,47.285668901,-2.000000927));
#6444=CARTESIAN_POINT('',(119.954052364,47.409195244,-1.973974293));
#6445=CARTESIAN_POINT('',(120.034144681,47.637532198,-1.873788838));
#6446=CARTESIAN_POINT('',(120.070876909,47.742252965,-1.799669437));
#6447=CARTESIAN_POINT('',(120.132176942,47.917014756,-1.614549135));
#6448=CARTESIAN_POINT('',(120.156720626,47.986987017,-1.503621073));
#6449=CARTESIAN_POINT('',(120.189895917,48.081567511,-1.261749064));
#6450=CARTESIAN_POINT('',(120.198514471,48.106138529,-1.130900284));
#6451=CARTESIAN_POINT('',(120.198514404,48.106138551,-1.));
#6452=CARTESIAN_POINT('',(119.578684336,47.272945884,-2.));
#6453=CARTESIAN_POINT('',(119.629184325,47.39377352,-2.000000922));
#6454=CARTESIAN_POINT('',(119.679664493,47.514553793,-1.973974283));
#6455=CARTESIAN_POINT('',(119.772976423,47.737814677,-1.873788823));
#6456=CARTESIAN_POINT('',(119.815771471,47.840207443,-1.799669421));
#6457=CARTESIAN_POINT('',(119.88718933,48.011084192,-1.61454912));
#6458=CARTESIAN_POINT('',(119.915784042,48.079500942,-1.50362106));
#6459=CARTESIAN_POINT('',(119.954435013,48.171978891,-1.261749057));
#6460=CARTESIAN_POINT('',(119.964476065,48.196003703,-1.130900281));
#6461=CARTESIAN_POINT('',(119.96447595,48.19600375,-1.));
#6462=CARTESIAN_POINT('',(119.435798084,47.335177862,-2.));
#6463=CARTESIAN_POINT('',(119.490059429,47.454378544,-2.000000138));
#6464=CARTESIAN_POINT('',(119.544299439,47.573532349,-1.973972917));
#6465=CARTESIAN_POINT('',(119.644561376,47.793786555,-1.873786752));
#6466=CARTESIAN_POINT('',(119.690543854,47.894800297,-1.799667228));
#6467=CARTESIAN_POINT('',(119.767281047,48.063375596,-1.614547078));
#6468=CARTESIAN_POINT('',(119.798005568,48.130870826,-1.503619291));
#6469=CARTESIAN_POINT('',(119.83953546,48.222103123,-1.261748059));
#6470=CARTESIAN_POINT('',(119.850324489,48.245804292,-1.130899782));
#6471=CARTESIAN_POINT('',(119.850324506,48.245804285,-1.));
#6472=CARTESIAN_POINT('',(119.020987233,47.540636179,-2.));
#6473=CARTESIAN_POINT('',(119.086762369,47.65413401,-2.000000139));
#6474=CARTESIAN_POINT('',(119.15251164,47.767587209,-1.973972919));
#6475=CARTESIAN_POINT('',(119.274048286,47.977303923,-1.873786755));
#6476=CARTESIAN_POINT('',(119.329787842,48.073484924,-1.799667231));
#6477=CARTESIAN_POINT('',(119.422807986,48.233995179,-1.614547082));
#6478=CARTESIAN_POINT('',(119.460051974,48.298261278,-1.503619294));
#6479=CARTESIAN_POINT('',(119.510394122,48.385128808,-1.261748061));
#6480=CARTESIAN_POINT('',(119.523472475,48.407696061,-1.130899782));
#6481=CARTESIAN_POINT('',(119.523472478,48.407696058,-1.));
#6482=CARTESIAN_POINT('',(118.760414622,47.703309651,-2.));
#6483=CARTESIAN_POINT('',(118.834242738,47.811873346,-2.000000176));
#6484=CARTESIAN_POINT('',(118.908041825,47.920394356,-1.973972983));
#6485=CARTESIAN_POINT('',(119.044458448,48.120993995,-1.873786853));
#6486=CARTESIAN_POINT('',(119.10702231,48.212993696,-1.799667334));
#6487=CARTESIAN_POINT('',(119.211431094,48.366526054,-1.614547178));
#6488=CARTESIAN_POINT('',(119.253234935,48.427998303,-1.503619377));
#6489=CARTESIAN_POINT('',(119.309740562,48.511089431,-1.261748108));
#6490=CARTESIAN_POINT('',(119.324420116,48.532675618,-1.130899806));
#6491=CARTESIAN_POINT('',(119.324420109,48.532675622,-1.));
#6492=CARTESIAN_POINT('',(118.397917797,47.992970127,-2.));
#6493=CARTESIAN_POINT('',(118.483575494,48.092081148,-2.000000173));
#6494=CARTESIAN_POINT('',(118.569199507,48.191153203,-1.973972979));
#6495=CARTESIAN_POINT('',(118.727474343,48.37428658,-1.873786846));
#6496=CARTESIAN_POINT('',(118.800062892,48.458275846,-1.799667327));
#6497=CARTESIAN_POINT('',(118.92120122,48.598440114,-1.614547171));
#6498=CARTESIAN_POINT('',(118.969703337,48.654559967,-1.503619372));
#6499=CARTESIAN_POINT('',(119.035262914,48.730416352,-1.261748105));
#6500=CARTESIAN_POINT('',(119.052294579,48.750123038,-1.130899804));
#6501=CARTESIAN_POINT('',(119.052294558,48.750123055,-1.));
#6502=CARTESIAN_POINT('',(118.281675951,48.097530283,-2.));
#6503=CARTESIAN_POINT('',(118.371236464,48.193138674,-2.000000046));
#6504=CARTESIAN_POINT('',(118.460761747,48.288709453,-1.973972757));
#6505=CARTESIAN_POINT('',(118.626248021,48.46537074,-1.87378651));
#6506=CARTESIAN_POINT('',(118.702143899,48.54639174,-1.799666972));
#6507=CARTESIAN_POINT('',(118.828801623,48.68160244,-1.61454684));
#6508=CARTESIAN_POINT('',(118.879513633,48.735738942,-1.503619085));
#6509=CARTESIAN_POINT('',(118.948060307,48.808914442,-1.261747943));
#6510=CARTESIAN_POINT('',(118.965868001,48.827924651,-1.130899723));
#6511=CARTESIAN_POINT('',(118.965868006,48.827924645,-1.));
#6512=CARTESIAN_POINT('',(118.065595801,48.316768204,-2.));
#6513=CARTESIAN_POINT('',(118.16249339,48.404932298,-2.000000047));
#6514=CARTESIAN_POINT('',(118.259352862,48.493061708,-1.973972758));
#6515=CARTESIAN_POINT('',(118.438396282,48.655967727,-1.873786512));
#6516=CARTESIAN_POINT('',(118.520509785,48.730680239,-1.799666973));
#6517=CARTESIAN_POINT('',(118.657543698,48.855363115,-1.614546842));
#6518=CARTESIAN_POINT('',(118.712410191,48.90528442,-1.503619086));
#6519=CARTESIAN_POINT('',(118.786572415,48.972762306,-1.261747944));
#6520=CARTESIAN_POINT('',(118.805838968,48.990292335,-1.130899724));
#6521=CARTESIAN_POINT('',(118.80583897,48.990292333,-1.));
#6522=CARTESIAN_POINT('',(117.964885776,48.432068798,-2.));
#6523=CARTESIAN_POINT('',(118.065244823,48.516271799,-2.000000004));
#6524=CARTESIAN_POINT('',(118.165564383,48.60044167,-1.973972684));
#6525=CARTESIAN_POINT('',(118.351003723,48.756028529,-1.873786399));
#6526=CARTESIAN_POINT('',(118.43605054,48.827384301,-1.799666854));
#6527=CARTESIAN_POINT('',(118.577979667,48.946465328,-1.61454673));
#6528=CARTESIAN_POINT('',(118.634806134,48.994143731,-1.503618989));
#6529=CARTESIAN_POINT('',(118.711617625,49.058589918,-1.261747889));
#6530=CARTESIAN_POINT('',(118.731572426,49.075332347,-1.130899696));
#6531=CARTESIAN_POINT('',(118.731572426,49.075332346,-1.));
#6532=CARTESIAN_POINT('',(117.777929629,48.673881176,-2.));
#6533=CARTESIAN_POINT('',(117.8846866,48.749808989,-2.000000004));
#6534=CARTESIAN_POINT('',(117.991401568,48.825706927,-1.973972684));
#6535=CARTESIAN_POINT('',(118.188662731,48.966003232,-1.873786399));
#6536=CARTESIAN_POINT('',(118.279131312,49.030346398,-1.799666854));
#6537=CARTESIAN_POINT('',(118.430108471,49.137724542,-1.61454673));
#6538=CARTESIAN_POINT('',(118.490557645,49.180717271,-1.503618989));
#6539=CARTESIAN_POINT('',(118.572265894,49.238829904,-1.261747889));
#6540=CARTESIAN_POINT('',(118.593492821,49.253926943,-1.130899696));
#6541=CARTESIAN_POINT('',(118.593492821,49.253926943,-1.));
#6542=CARTESIAN_POINT('',(117.691684114,48.800393431,-2.));
#6543=CARTESIAN_POINT('',(117.801377277,48.87200764,-2.000000017));
#6544=CARTESIAN_POINT('',(117.911027284,48.943593673,-1.973972706));
#6545=CARTESIAN_POINT('',(118.113713829,49.075919482,-1.873786433));
#6546=CARTESIAN_POINT('',(118.206670619,49.136607193,-1.79966689));
#6547=CARTESIAN_POINT('',(118.361800188,49.237884986,-1.614546764));
#6548=CARTESIAN_POINT('',(118.42391193,49.27843522,-1.503619019));
#6549=CARTESIAN_POINT('',(118.507867447,49.333246368,-1.261747906));
#6550=CARTESIAN_POINT('',(118.52967819,49.347485718,-1.130899705));
#6551=CARTESIAN_POINT('',(118.52967819,49.347485719,-1.));
#6552=CARTESIAN_POINT('',(117.533626401,49.064605425,-2.));
#6553=CARTESIAN_POINT('',(117.648600313,49.127392243,-2.000000017));
#6554=CARTESIAN_POINT('',(117.76352899,49.190154359,-1.973972706));
#6555=CARTESIAN_POINT('',(117.975973086,49.306169278,-1.873786433));
#6556=CARTESIAN_POINT('',(118.073404916,49.359376434,-1.79966689));
#6557=CARTESIAN_POINT('',(118.23600259,49.448170413,-1.614546764));
#6558=CARTESIAN_POINT('',(118.301104459,49.4837223,-1.503619019));
#6559=CARTESIAN_POINT('',(118.389101685,49.531777258,-1.261747906));
#6560=CARTESIAN_POINT('',(118.411962421,49.544261422,-1.130899705));
#6561=CARTESIAN_POINT('',(118.411962419,49.544261425,-1.));
#6562=CARTESIAN_POINT('',(117.46146356,49.203220709,-2.));
#6563=CARTESIAN_POINT('',(117.578792695,49.261466497,-2.000000194));
#6564=CARTESIAN_POINT('',(117.696075703,49.31968938,-1.973973015));
#6565=CARTESIAN_POINT('',(117.912871786,49.427313593,-1.8737869));
#6566=CARTESIAN_POINT('',(118.01229956,49.476672577,-1.799667385));
#6567=CARTESIAN_POINT('',(118.178228155,49.559044586,-1.614547225));
#6568=CARTESIAN_POINT('',(118.244663689,49.5920252,-1.503619418));
#6569=CARTESIAN_POINT('',(118.334463624,49.63660459,-1.261748131));
#6570=CARTESIAN_POINT('',(118.357792692,49.648185825,-1.130899817));
#6571=CARTESIAN_POINT('',(118.357792704,49.6481858,-1.));
#6572=CARTESIAN_POINT('',(117.270751564,49.626373549,-2.));
#6573=CARTESIAN_POINT('',(117.394111429,49.671238333,-2.000000196));
#6574=CARTESIAN_POINT('',(117.517422794,49.716085477,-1.973973019));
#6575=CARTESIAN_POINT('',(117.74536221,49.798984824,-1.873786906));
#6576=CARTESIAN_POINT('',(117.849900576,49.837004408,-1.799667391));
#6577=CARTESIAN_POINT('',(118.024357902,49.900452834,-1.614547231));
#6578=CARTESIAN_POINT('',(118.094208221,49.925856711,-1.503619423));
#6579=CARTESIAN_POINT('',(118.188623861,49.96019475,-1.261748134));
#6580=CARTESIAN_POINT('',(118.213152034,49.969115402,-1.130899819));
#6581=CARTESIAN_POINT('',(118.213152035,49.969115396,-1.));
#6582=CARTESIAN_POINT('',(117.176537579,49.919345866,-2.));
#6583=CARTESIAN_POINT('',(117.302581179,49.955591015,-2.000000103));
#6584=CARTESIAN_POINT('',(117.428575205,49.99182191,-1.973972856));
#6585=CARTESIAN_POINT('',(117.661473465,50.058794231,-1.87378666));
#6586=CARTESIAN_POINT('',(117.768286063,50.089509308,-1.79966713));
#6587=CARTESIAN_POINT('',(117.9465387,50.140767715,-1.614546988));
#6588=CARTESIAN_POINT('',(118.017908603,50.161290877,-1.503619212));
#6589=CARTESIAN_POINT('',(118.114378241,50.189031733,-1.261748015));
#6590=CARTESIAN_POINT('',(118.139440019,50.196238512,-1.130899759));
#6591=CARTESIAN_POINT('',(118.139440017,50.196238516,-1.));
#6592=CARTESIAN_POINT('',(117.0761725,50.372325263,-2.));
#6593=CARTESIAN_POINT('',(117.204851253,50.396677133,-2.000000102));
#6594=CARTESIAN_POINT('',(117.333479395,50.421019428,-1.973972854));
#6595=CARTESIAN_POINT('',(117.571246783,50.466015838,-1.873786657));
#6596=CARTESIAN_POINT('',(117.680292477,50.486652249,-1.799667127));
#6597=CARTESIAN_POINT('',(117.862271782,50.521091026,-1.614546985));
#6598=CARTESIAN_POINT('',(117.935133792,50.534879842,-1.50361921));
#6599=CARTESIAN_POINT('',(118.033620287,50.55351799,-1.261748014));
#6600=CARTESIAN_POINT('',(118.059206022,50.558359988,-1.130899759));
#6601=CARTESIAN_POINT('',(118.059206019,50.558360001,-1.));
#6602=CARTESIAN_POINT('',(117.049599398,50.525772846,-2.));
#6603=CARTESIAN_POINT('',(117.178925883,50.546324634,-2.00000004));
#6604=CARTESIAN_POINT('',(117.308201491,50.566868335,-1.973972746));
#6605=CARTESIAN_POINT('',(117.547165698,50.604843088,-1.873786493));
#6606=CARTESIAN_POINT('',(117.656760275,50.622259198,-1.799666954));
#6607=CARTESIAN_POINT('',(117.839655572,50.651323815,-1.614546824));
#6608=CARTESIAN_POINT('',(117.912884331,50.662960887,-1.50361907));
#6609=CARTESIAN_POINT('',(118.011866556,50.678690542,-1.261747935));
#6610=CARTESIAN_POINT('',(118.037581077,50.682776937,-1.130899719));
#6611=CARTESIAN_POINT('',(118.037581077,50.682776935,-1.));
#6612=CARTESIAN_POINT('',(117.024485048,50.717750014,-2.));
#6613=CARTESIAN_POINT('',(117.154395678,50.733836528,-2.00000004));
#6614=CARTESIAN_POINT('',(117.284255202,50.749916712,-1.973972746));
#6615=CARTESIAN_POINT('',(117.524298769,50.779640715,-1.873786494));
#6616=CARTESIAN_POINT('',(117.634388365,50.793272838,-1.799666954));
#6617=CARTESIAN_POINT('',(117.818109768,50.816022605,-1.614546824));
#6618=CARTESIAN_POINT('',(117.891669288,50.825131299,-1.50361907));
#6619=CARTESIAN_POINT('',(117.991098598,50.837443383,-1.261747935));
#6620=CARTESIAN_POINT('',(118.016929267,50.84064193,-1.130899719));
#6621=CARTESIAN_POINT('',(118.016929267,50.840641929,-1.));
#6622=CARTESIAN_POINT('',(117.019860229,50.756184442,-2.));
#6623=CARTESIAN_POINT('',(117.149876564,50.771391208,-2.000000019));
#6624=CARTESIAN_POINT('',(117.279841746,50.786591991,-1.97397271));
#6625=CARTESIAN_POINT('',(117.520080619,50.814690431,-1.873786439));
#6626=CARTESIAN_POINT('',(117.630259785,50.827577033,-1.799666897));
#6627=CARTESIAN_POINT('',(117.814130663,50.849082649,-1.61454677));
#6628=CARTESIAN_POINT('',(117.887750029,50.857693201,-1.503619024));
#6629=CARTESIAN_POINT('',(117.987260233,50.869331956,-1.261747909));
#6630=CARTESIAN_POINT('',(118.013111917,50.87235558,-1.130899706));
#6631=CARTESIAN_POINT('',(118.013111917,50.872355579,-1.));
#6632=CARTESIAN_POINT('',(117.013499943,50.813892603,-2.));
#6633=CARTESIAN_POINT('',(117.143659534,50.827799579,-2.000000019));
#6634=CARTESIAN_POINT('',(117.273767917,50.841701083,-1.97397271));
#6635=CARTESIAN_POINT('',(117.514271492,50.867397824,-1.873786439));
#6636=CARTESIAN_POINT('',(117.624572056,50.87918295,-1.799666897));
#6637=CARTESIAN_POINT('',(117.808645529,50.898850385,-1.61454677));
#6638=CARTESIAN_POINT('',(117.882346011,50.906724954,-1.503619024));
#6639=CARTESIAN_POINT('',(117.981965858,50.917368893,-1.261747909));
#6640=CARTESIAN_POINT('',(118.007846027,50.920134074,-1.130899706));
#6641=CARTESIAN_POINT('',(118.007846027,50.920134074,-1.));
#6642=CARTESIAN_POINT('',(117.011476154,50.833138091,-2.));
#6643=CARTESIAN_POINT('',(117.141680935,50.846615101,-2.000000006));
#6644=CARTESIAN_POINT('',(117.271834487,50.860086809,-1.973972688));
#6645=CARTESIAN_POINT('',(117.512421555,50.884989077,-1.873786405));
#6646=CARTESIAN_POINT('',(117.62276041,50.89640984,-1.79966686));
#6647=CARTESIAN_POINT('',(117.806897782,50.915469211,-1.614546736));
#6648=CARTESIAN_POINT('',(117.880623848,50.92310032,-1.503618994));
#6649=CARTESIAN_POINT('',(117.980278276,50.933415178,-1.261747892));
#6650=CARTESIAN_POINT('',(118.006167427,50.936094867,-1.130899698));
#6651=CARTESIAN_POINT('',(118.006167427,50.936094867,-1.));
#6652=CARTESIAN_POINT('',(117.00858227,50.862020214,-2.));
#6653=CARTESIAN_POINT('',(117.138851178,50.874857212,-2.000000006));
#6654=CARTESIAN_POINT('',(117.269068831,50.887689159,-1.973972688));
#6655=CARTESIAN_POINT('',(117.50977439,50.911408837,-1.873786405));
#6656=CARTESIAN_POINT('',(117.620167588,50.922287237,-1.79966686));
#6657=CARTESIAN_POINT('',(117.804395649,50.940441493,-1.614546736));
#6658=CARTESIAN_POINT('',(117.878158026,50.947710207,-1.503618994));
#6659=CARTESIAN_POINT('',(117.977861534,50.95753522,-1.261747892));
#6660=CARTESIAN_POINT('',(118.003763437,50.960087653,-1.130899698));
#6661=CARTESIAN_POINT('',(118.003763437,50.960087653,-1.));
#6662=CARTESIAN_POINT('',(117.007641334,50.87164991,-2.));
#6663=CARTESIAN_POINT('',(117.137931003,50.88427439,-2.000000002));
#6664=CARTESIAN_POINT('',(117.268169409,50.896893902,-1.97397268));
#6665=CARTESIAN_POINT('',(117.508913328,50.920220899,-1.873786393));
#6666=CARTESIAN_POINT('',(117.619324117,50.930919205,-1.799666847));
#6667=CARTESIAN_POINT('',(117.803581536,50.948772916,-1.614546725));
#6668=CARTESIAN_POINT('',(117.877355667,50.955921296,-1.503618984));
#6669=CARTESIAN_POINT('',(117.977075063,50.965583654,-1.261747887));
#6670=CARTESIAN_POINT('',(118.002981093,50.968093831,-1.130899695));
#6671=CARTESIAN_POINT('',(118.002981093,50.968093831,-1.));
#6672=CARTESIAN_POINT('',(117.006265078,50.886097896,-2.));
#6673=CARTESIAN_POINT('',(117.136584995,50.89840483,-2.000000002));
#6674=CARTESIAN_POINT('',(117.266853638,50.910706922,-1.97397268));
#6675=CARTESIAN_POINT('',(117.507653447,50.933447171,-1.873786393));
#6676=CARTESIAN_POINT('',(117.61808987,50.94387638,-1.799666847));
#6677=CARTESIAN_POINT('',(117.802390066,50.961281013,-1.614546725));
#6678=CARTESIAN_POINT('',(117.876181324,50.968249589,-1.503618984));
#6679=CARTESIAN_POINT('',(117.975923871,50.977668908,-1.261747887));
#6680=CARTESIAN_POINT('',(118.001835916,50.980115946,-1.130899695));
#6681=CARTESIAN_POINT('',(118.001835916,50.980115946,-1.));
#6682=CARTESIAN_POINT('',(117.005812202,50.890914467,-2.));
#6683=CARTESIAN_POINT('',(117.136142052,50.903115757,-2.));
#6684=CARTESIAN_POINT('',(117.266420622,50.915312246,-1.973972677));
#6685=CARTESIAN_POINT('',(117.507238783,50.937857289,-1.87378639));
#6686=CARTESIAN_POINT('',(117.617683623,50.948196974,-1.799666844));
#6687=CARTESIAN_POINT('',(117.801997864,50.965452203,-1.614546721));
#6688=CARTESIAN_POINT('',(117.875794746,50.972360959,-1.503618981));
#6689=CARTESIAN_POINT('',(117.975544894,50.981699422,-1.261747885));
#6690=CARTESIAN_POINT('',(118.001458913,50.984125454,-1.130899694));
#6691=CARTESIAN_POINT('',(118.001458913,50.984125454,-1.));
#6692=CARTESIAN_POINT('',(117.005141638,50.898140181,-2.));
#6693=CARTESIAN_POINT('',(117.135486165,50.910183311,-2.));
#6694=CARTESIAN_POINT('',(117.265779407,50.922221704,-1.973972677));
#6695=CARTESIAN_POINT('',(117.506624689,50.944474507,-1.87378639));
#6696=CARTESIAN_POINT('',(117.617081966,50.954680163,-1.799666844));
#6697=CARTESIAN_POINT('',(117.801416964,50.971711722,-1.614546721));
#6698=CARTESIAN_POINT('',(117.875222157,50.978530923,-1.503618981));
#6699=CARTESIAN_POINT('',(117.97498354,50.987748336,-1.261747885));
#6700=CARTESIAN_POINT('',(118.000900477,50.990142921,-1.130899694));
#6701=CARTESIAN_POINT('',(118.000900477,50.990142921,-1.));
#6702=CARTESIAN_POINT('',(117.004919579,50.900548895,-2.));
#6703=CARTESIAN_POINT('',(117.135268962,50.912539357,-2.));
#6704=CARTESIAN_POINT('',(117.265567057,50.924525101,-1.973972677));
#6705=CARTESIAN_POINT('',(117.50642131,50.946680586,-1.873786389));
#6706=CARTESIAN_POINT('',(117.616882702,50.956841609,-1.799666843));
#6707=CARTESIAN_POINT('',(117.801224567,50.973798683,-1.61454672));
#6708=CARTESIAN_POINT('',(117.875032509,50.980588061,-1.503618981));
#6709=CARTESIAN_POINT('',(117.974797607,50.989765164,-1.261747885));
#6710=CARTESIAN_POINT('',(118.00071551,50.992149276,-1.130899694));
#6711=CARTESIAN_POINT('',(118.00071551,50.992149276,-1.));
#6712=CARTESIAN_POINT('',(117.004484969,50.905294582,-2.));
#6713=CARTESIAN_POINT('',(117.134843845,50.917181382,-2.));
#6714=CARTESIAN_POINT('',(117.26515143,50.929063505,-1.973972677));
#6715=CARTESIAN_POINT('',(117.506023224,50.951027448,-1.873786389));
#6716=CARTESIAN_POINT('',(117.616492661,50.961100625,-1.799666843));
#6717=CARTESIAN_POINT('',(117.800847951,50.977911099,-1.61454672));
#6718=CARTESIAN_POINT('',(117.874661269,50.984641781,-1.503618981));
#6719=CARTESIAN_POINT('',(117.974433633,50.993739544,-1.261747885));
#6720=CARTESIAN_POINT('',(118.000353423,50.996103046,-1.130899694));
#6721=CARTESIAN_POINT('',(118.000353423,50.996103046,-1.));
#6722=CARTESIAN_POINT('',(117.004272412,50.907631554,-2.));
#6723=CARTESIAN_POINT('',(117.134639997,50.919422327,-2.));
#6724=CARTESIAN_POINT('',(117.264956287,50.931208462,-1.973972677));
#6725=CARTESIAN_POINT('',(117.505844173,50.952994972,-1.873786388));
#6726=CARTESIAN_POINT('',(117.61632099,50.962986774,-1.799666842));
#6727=CARTESIAN_POINT('',(117.800688596,50.979661446,-1.61454672));
#6728=CARTESIAN_POINT('',(117.874506845,50.986337756,-1.50361898));
#6729=CARTESIAN_POINT('',(117.974285874,50.995362023,-1.261747884));
#6730=CARTESIAN_POINT('',(118.000207396,50.997706431,-1.130899694));
#6731=CARTESIAN_POINT('',(118.000207396,50.997706431,-1.));
#6732=CARTESIAN_POINT('',(117.004061072,50.909968644,-2.));
#6733=CARTESIAN_POINT('',(117.134429173,50.921753721,-2.));
#6734=CARTESIAN_POINT('',(117.26474598,50.933534161,-1.973972677));
#6735=CARTESIAN_POINT('',(117.505634821,50.955310144,-1.873786388));
#6736=CARTESIAN_POINT('',(117.616112075,50.965297119,-1.799666842));
#6737=CARTESIAN_POINT('',(117.800480412,50.981963734,-1.61454672));
#6738=CARTESIAN_POINT('',(117.874298953,50.988636818,-1.50361898));
#6739=CARTESIAN_POINT('',(117.974078378,50.997656725,-1.261747884));
#6740=CARTESIAN_POINT('',(118.000000003,51.,-1.130899694));
#6741=CARTESIAN_POINT('',(118.000000003,51.,-1.));
#6742=B_SPLINE_SURFACE_WITH_KNOTS('',3,3,((#6282,#6283,#6284,#6285,#6286,#6287,#6288,#6289,#6290,#6291),(#6292,#6293,#6294,#6295,#6296,#6297,#6298,#6299,#6300,#6301),(#6302,#6303,#6304,#6305,#6306,#6307,#6308,#6309,#6310,#6311),(#6312,#6313,#6314,#6315,#6316,#6317,#6318,#6319,#6320,#6321),(#6322,#6323,#6324,#6325,#6326,#6327,#6328,#6329,#6330,#6331),(#6332,#6333,#6334,#6335,#6336,#6337,#6338,#6339,#6340,#6341),(#6342,#6343,#6344,#6345,#6346,#6347,#6348,#6349,#6350,#6351),(#6352,#6353,#6354,#6355,#6356,#6357,#6358,#6359,#6360,#6361),(#6362,#6363,#6364,#6365,#6366,#6367,#6368,#6369,#6370,#6371),(#6372,#6373,#6374,#6375,#6376,#6377,#6378,#6379,#6380,#6381),(#6382,#6383,#6384,#6385,#6386,#6387,#6388,#6389,#6390,#6391),(#6392,#6393,#6394,#6395,#6396,#6397,#6398,#6399,#6400,#6401),(#6402,#6403,#6404,#6405,#6406,#6407,#6408,#6409,#6410,#6411),(#6412,#6413,#6414,#6415,#6416,#6417,#6418,#6419,#6420,#6421),(#6422,#6423,#6424,#6425,#6426,#6427,#6428,#6429,#6430,#6431),(#6432,#6433,#6434,#6435,#6436,#6437,#6438,#6439,#6440,#6441),(#6442,#6443,#6444,#6445,#6446,#6447,#6448,#6449,#6450,#6451),(#6452,#6453,#6454,#6455,#6456,#6457,#6458,#6459,#6460,#6461),(#6462,#6463,#6464,#6465,#6466,#6467,#6468,#6469,#6470,#6471),(#6472,#6473,#6474,#6475,#6476,#6477,#6478,#6479,#6480,#6481),(#6482,#6483,#6484,#6485,#6486,#6487,#6488,#6489,#6490,#6491),(#6492,#6493,#6494,#6495,#6496,#6497,#6498,#6499,#6500,#6501),(#6502,#6503,#6504,#6505,#6506,#6507,#6508,#6509,#6510,#6511),(#6512,#6513,#6514,#6515,#6516,#6517,#6518,#6519,#6520,#6521),(#6522,#6523,#6524,#6525,#6526,#6527,#6528,#6529,#6530,#6531),(#6532,#6533,#6534,#6535,#6536,#6537,#6538,#6539,#6540,#6541),
(#6542,#6543,#6544,#6545,#6546,#6547,#6548,#6549,#6550,#6551),(#6552,#6553,#6554,#6555,#6556,#6557,#6558,#6559,#6560,#6561),(#6562,#6563,#6564,#6565,#6566,#6567,#6568,#6569,#6570,#6571),(#6572,#6573,#6574,#6575,#6576,#6577,#6578,#6579,#6580,#6581),(#6582,#6583,#6584,#6585,#6586,#6587,#6588,#6589,#6590,#6591),(#6592,#6593,#6594,#6595,#6596,#6597,#6598,#6599,#6600,#6601),(#6602,#6603,#6604,#6605,#6606,#6607,#6608,#6609,#6610,#6611),(#6612,#6613,#6614,#6615,#6616,#6617,#6618,#6619,#6620,#6621),(#6622,#6623,#6624,#6625,#6626,#6627,#6628,#6629,#6630,#6631),(#6632,#6633,#6634,#6635,#6636,#6637,#6638,#6639,#6640,#6641),(#6642,#6643,#6644,#6645,#6646,#6647,#6648,#6649,#6650,#6651),(#6652,#6653,#6654,#6655,#6656,#6657,#6658,#6659,#6660,#6661),(#6662,#6663,#6664,#6665,#6666,#6667,#6668,#6669,#6670,#6671),(#6672,#6673,#6674,#6675,#6676,#6677,#6678,#6679,#6680,#6681),(#6682,#6683,#6684,#6685,#6686,#6687,#6688,#6689,#6690,#6691),(#6692,#6693,#6694,#6695,#6696,#6697,#6698,#6699,#6700,#6701),(#6702,#6703,#6704,#6705,#6706,#6707,#6708,#6709,#6710,#6711),(#6712,#6713,#6714,#6715,#6716,#6717,#6718,#6719,#6720,#6721),(#6722,#6723,#6724,#6725,#6726,#6727,#6728,#6729,#6730,#6731),(#6732,#6733,#6734,#6735,#6736,#6737,#6738,#6739,#6740,#6741)),.UNSPECIFIED.,.F.,.F.,.U.,(4,2,2,2,2,2,2,2,2,2,2,2,2,2,2,2,2,2,2,2,2,2,4),(4,2,2,2,4),(0.033309345,0.033386157,0.033501724,0.033732858,0.034657395,0.036506468,0.037431005,0.038355541,0.03881781,0.039280078,0.040204615,0.040666883,0.041129151,0.04159142,0.042053688,0.042978225,0.043440493,0.04355606,0.043613843,0.043642735,0.043657181,0.043664404,0.043671411),(0.,0.25,0.5,0.75,1.),.UNSPECIFIED.);
#6743=ORIENTED_EDGE('',*,*,#6276,.T.);
#6744=ORIENTED_EDGE('',*,*,#5333,.F.);
#6745=CARTESIAN_POINT('',(118.,51.,-1.));
#6746=CARTESIAN_POINT('',(118.,51.,-1.066187959));
#6747=CARTESIAN_POINT('',(117.993581418,50.998733421,-1.131260389));
#6748=CARTESIAN_POINT('',(117.981011819,50.99624866,-1.195263647));
#6749=CARTESIAN_POINT('',(117.96844222,50.993763899,-1.259266905));
#6750=CARTESIAN_POINT('',(117.949410697,50.989999327,-1.322871184));
#6751=CARTESIAN_POINT('',(117.924602865,50.985077974,-1.383455862));
#6752=CARTESIAN_POINT('',(117.899795033,50.980156621,-1.444040541));
#6753=CARTESIAN_POINT('',(117.869445678,50.974125062,-1.50149345));
#6754=CARTESIAN_POINT('',(117.833613751,50.96697701,-1.555845949));
#6755=CARTESIAN_POINT('',(117.797781824,50.959828958,-1.610198448));
#6756=CARTESIAN_POINT('',(117.756125589,50.951495161,-1.661598867));
#6757=CARTESIAN_POINT('',(117.710672176,50.942361127,-1.707648381));
#6758=CARTESIAN_POINT('',(117.619765351,50.92409306,-1.79974741));
#6759=CARTESIAN_POINT('',(117.509999147,50.901879083,-1.874054518));
#6760=CARTESIAN_POINT('',(117.391806125,50.877698527,-1.923805361));
#6761=CARTESIAN_POINT('',(117.273613103,50.853517972,-1.973556205));
#6762=CARTESIAN_POINT('',(117.144619605,50.826875083,-2.));
#6763=CARTESIAN_POINT('',(117.015049481,50.799856156,-2.));
#6764=B_SPLINE_CURVE_WITH_KNOTS('',3,(#6745,#6746,#6747,#6748,#6749,#6750,#6751,#6752,#6753,#6754,#6755,#6756,#6757,#6758,#6759,#6760,#6761,#6762,#6763),.UNSPECIFIED.,.F.,.F.,(4,3,3,3,3,3,4),(0.,0.000195739,0.000391478,0.000587217,0.000782956,0.001174433,0.001565911),.UNSPECIFIED.);
#6765=EDGE_CURVE('',#4459,#5234,#6764,.T.);
#6766=ORIENTED_EDGE('',*,*,#6765,.F.);
#6767=ORIENTED_EDGE('',*,*,#4580,.T.);
#6768=EDGE_LOOP('',(#6743,#6744,#6766,#6767));
#6769=FACE_BOUND('',#6768,.T.);
#6770=ADVANCED_FACE('',(#6769),#6742,.T.);
#6771=CARTESIAN_POINT('',(126.278753628,25.70709389,-2.));
#6772=CARTESIAN_POINT('',(126.358409373,25.603220447,-2.));
#6773=CARTESIAN_POINT('',(126.438033776,25.499387874,-1.973972677));
#6774=CARTESIAN_POINT('',(126.5852184,25.307454777,-1.873786388));
#6775=CARTESIAN_POINT('',(126.65272071,25.219429772,-1.799666842));
#6776=CARTESIAN_POINT('',(126.765370944,25.07253054,-1.61454672));
#6777=CARTESIAN_POINT('',(126.810474546,25.013714111,-1.50361898));
#6778=CARTESIAN_POINT('',(126.871440413,24.93421282,-1.261747884));
#6779=CARTESIAN_POINT('',(126.887278692,24.913559237,-1.130899694));
#6780=CARTESIAN_POINT('',(126.887278692,24.913559237,-1.));
#6781=CARTESIAN_POINT('',(126.308793502,25.730130082,-2.));
#6782=CARTESIAN_POINT('',(126.388449247,25.626256639,-2.));
#6783=CARTESIAN_POINT('',(126.46807365,25.522424065,-1.973972677));
#6784=CARTESIAN_POINT('',(126.615258274,25.330490969,-1.873786388));
#6785=CARTESIAN_POINT('',(126.682760584,25.242465963,-1.799666842));
#6786=CARTESIAN_POINT('',(126.795410818,25.095566731,-1.61454672));
#6787=CARTESIAN_POINT('',(126.84051442,25.036750303,-1.50361898));
#6788=CARTESIAN_POINT('',(126.901480287,24.957249011,-1.261747884));
#6789=CARTESIAN_POINT('',(126.917318566,24.936595428,-1.130899694));
#6790=CARTESIAN_POINT('',(126.917318566,24.936595428,-1.));
#6791=CARTESIAN_POINT('',(126.338833376,25.753166273,-2.));
#6792=CARTESIAN_POINT('',(126.418489121,25.64929283,-2.));
#6793=CARTESIAN_POINT('',(126.498113524,25.545460257,-1.973972677));
#6794=CARTESIAN_POINT('',(126.645298148,25.35352716,-1.873786388));
#6795=CARTESIAN_POINT('',(126.712800458,25.265502155,-1.799666842));
#6796=CARTESIAN_POINT('',(126.825450692,25.118602923,-1.61454672));
#6797=CARTESIAN_POINT('',(126.870554294,25.059786494,-1.50361898));
#6798=CARTESIAN_POINT('',(126.931520161,24.980285203,-1.261747884));
#6799=CARTESIAN_POINT('',(126.94735844,24.95963162,-1.130899694));
#6800=CARTESIAN_POINT('',(126.94735844,24.95963162,-1.));
#6801=CARTESIAN_POINT('',(126.412159129,25.809396406,-2.));
#6802=CARTESIAN_POINT('',(126.491814874,25.705522963,-2.));
#6803=CARTESIAN_POINT('',(126.571439277,25.601690389,-1.973972677));
#6804=CARTESIAN_POINT('',(126.718623901,25.409757293,-1.873786388));
#6805=CARTESIAN_POINT('',(126.786126211,25.321732287,-1.799666842));
#6806=CARTESIAN_POINT('',(126.898776446,25.174833055,-1.61454672));
#6807=CARTESIAN_POINT('',(126.943880047,25.116016627,-1.50361898));
#6808=CARTESIAN_POINT('',(127.004845914,25.036515335,-1.261747884));
#6809=CARTESIAN_POINT('',(127.020684193,25.015861752,-1.130899694));
#6810=CARTESIAN_POINT('',(127.020684193,25.015861752,-1.));
#6811=CARTESIAN_POINT('',(126.455422639,25.842618624,-2.));
#6812=CARTESIAN_POINT('',(126.535253421,25.738879589,-1.99999993));
#6813=CARTESIAN_POINT('',(126.615052785,25.635181383,-1.973972555));
#6814=CARTESIAN_POINT('',(126.762560813,25.443496674,-1.873786203));
#6815=CARTESIAN_POINT('',(126.830211438,25.35558559,-1.799666646));
#6816=CARTESIAN_POINT('',(126.943109182,25.20887648,-1.614546538));
#6817=CARTESIAN_POINT('',(126.988311881,25.150136176,-1.503618822));
#6818=CARTESIAN_POINT('',(127.049411696,25.070737782,-1.261747795));
#6819=CARTESIAN_POINT('',(127.065284771,25.05011093,-1.130899649));
#6820=CARTESIAN_POINT('',(127.065284771,25.05011093,-1.));
#6821=CARTESIAN_POINT('',(126.541802011,25.909249696,-2.));
#6822=CARTESIAN_POINT('',(126.621872267,25.805695386,-1.99999993));
#6823=CARTESIAN_POINT('',(126.701911011,25.702181832,-1.973972555));
#6824=CARTESIAN_POINT('',(126.849861529,25.510838449,-1.873786203));
#6825=CARTESIAN_POINT('',(126.917715091,25.423083906,-1.799666646));
#6826=CARTESIAN_POINT('',(127.030951502,25.276636035,-1.614546538));
#6827=CARTESIAN_POINT('',(127.076289799,25.218000328,-1.503618822));
#6828=CARTESIAN_POINT('',(127.137572899,25.138743316,-1.261747795));
#6829=CARTESIAN_POINT('',(127.153493591,25.118153194,-1.130899649));
#6830=CARTESIAN_POINT('',(127.15349359,25.118153194,-1.));
#6831=CARTESIAN_POINT('',(126.584934165,25.942637956,-2.));
#6832=CARTESIAN_POINT('',(126.665124619,25.839176883,-1.999999694));
#6833=CARTESIAN_POINT('',(126.745283484,25.735756564,-1.973972143));
#6834=CARTESIAN_POINT('',(126.893456013,25.544585566,-1.87378558));
#6835=CARTESIAN_POINT('',(126.961411377,25.456910103,-1.799665986));
#6836=CARTESIAN_POINT('',(127.074817669,25.310594219,-1.614545923));
#6837=CARTESIAN_POINT('',(127.120223975,25.252011366,-1.50361829));
#6838=CARTESIAN_POINT('',(127.181599001,25.172825797,-1.261747495));
#6839=CARTESIAN_POINT('',(127.197543571,25.152254237,-1.130899499));
#6840=CARTESIAN_POINT('',(127.197543569,25.152254235,-1.));
#6841=CARTESIAN_POINT('',(126.800291009,26.109963444,-2.));
#6842=CARTESIAN_POINT('',(126.881089051,26.006974444,-1.999999694));
#6843=CARTESIAN_POINT('',(126.961855265,25.904026013,-1.973972143));
#6844=CARTESIAN_POINT('',(127.111150471,25.713727292,-1.87378558));
#6845=CARTESIAN_POINT('',(127.179620722,25.626451876,-1.799665986));
#6846=CARTESIAN_POINT('',(127.293886274,25.480803604,-1.614545923));
#6847=CARTESIAN_POINT('',(127.339636617,25.422488055,-1.50361829));
#6848=CARTESIAN_POINT('',(127.401476672,25.343663797,-1.261747495));
#6849=CARTESIAN_POINT('',(127.417542053,25.323186102,-1.130899499));
#6850=CARTESIAN_POINT('',(127.417542052,25.323186101,-1.));
#6851=CARTESIAN_POINT('',(126.971620889,26.245031775,-2.));
#6852=CARTESIAN_POINT('',(127.052919939,26.142437274,-2.));
#6853=CARTESIAN_POINT('',(127.134187002,26.03988314,-1.973972677));
#6854=CARTESIAN_POINT('',(127.28440806,25.850313221,-1.873786388));
#6855=CARTESIAN_POINT('',(127.353302949,25.763372024,-1.799666842));
#6856=CARTESIAN_POINT('',(127.468277169,25.618281489,-1.61454672));
#6857=CARTESIAN_POINT('',(127.514311263,25.560189238,-1.50361898));
#6858=CARTESIAN_POINT('',(127.576534862,25.481666807,-1.261747884));
#6859=CARTESIAN_POINT('',(127.592699886,25.461267521,-1.130899694));
#6860=CARTESIAN_POINT('',(127.592699886,25.461267521,-1.));
#6861=CARTESIAN_POINT('',(127.482539543,26.654118715,-2.));
#6862=CARTESIAN_POINT('',(127.565387375,26.552764306,-2.));
#6863=CARTESIAN_POINT('',(127.64820261,26.451449776,-1.973972677));
#6864=CARTESIAN_POINT('',(127.801285442,26.264171249,-1.873786388));
#6865=CARTESIAN_POINT('',(127.871492809,26.178280937,-1.799666842));
#6866=CARTESIAN_POINT('',(127.988657336,26.034944158,-1.61454672));
#6867=CARTESIAN_POINT('',(128.035568398,25.977554087,-1.50361898));
#6868=CARTESIAN_POINT('',(128.098977384,25.899980781,-1.261747884));
#6869=CARTESIAN_POINT('',(128.115450358,25.879828067,-1.130899694));
#6870=CARTESIAN_POINT('',(128.115450358,25.879828067,-1.));
#6871=CARTESIAN_POINT('',(127.819066845,26.932007245,-2.));
#6872=CARTESIAN_POINT('',(127.903008816,26.831554668,-1.999999193));
#6873=CARTESIAN_POINT('',(127.98691766,26.73114174,-1.97397127));
#6874=CARTESIAN_POINT('',(128.142021914,26.545529946,-1.873784256));
#6875=CARTESIAN_POINT('',(128.213156297,26.46040411,-1.799664584));
#6876=CARTESIAN_POINT('',(128.331867829,26.31834317,-1.614544618));
#6877=CARTESIAN_POINT('',(128.37939827,26.261463961,-1.503617159));
#6878=CARTESIAN_POINT('',(128.443644465,26.184581199,-1.261746858));
#6879=CARTESIAN_POINT('',(128.460334941,26.164607895,-1.13089918));
#6880=CARTESIAN_POINT('',(128.460334957,26.164607909,-1.));
#6881=CARTESIAN_POINT('',(128.482560685,27.499869797,-2.));
#6882=CARTESIAN_POINT('',(128.568846515,27.40142321,-1.999999194));
#6883=CARTESIAN_POINT('',(128.655098296,27.303015483,-1.973971271));
#6884=CARTESIAN_POINT('',(128.814533438,27.121110278,-1.873784258));
#6885=CARTESIAN_POINT('',(128.88765407,27.037684371,-1.799664586));
#6886=CARTESIAN_POINT('',(129.009680328,26.898460339,-1.61454462));
#6887=CARTESIAN_POINT('',(129.058537943,26.842716992,-1.50361716));
#6888=CARTESIAN_POINT('',(129.12457807,26.767369566,-1.261746859));
#6889=CARTESIAN_POINT('',(129.141734597,26.747795133,-1.130899181));
#6890=CARTESIAN_POINT('',(129.141734628,26.74779516,-1.));
#6891=CARTESIAN_POINT('',(128.809562733,27.789884463,-2.));
#6892=CARTESIAN_POINT('',(128.897098522,27.692542089,-2.));
#6893=CARTESIAN_POINT('',(128.98459987,27.595238014,-1.973972677));
#6894=CARTESIAN_POINT('',(129.146344918,27.41537276,-1.873786388));
#6895=CARTESIAN_POINT('',(129.220524979,27.332882349,-1.799666842));
#6896=CARTESIAN_POINT('',(129.34431928,27.195219443,-1.61454672));
#6897=CARTESIAN_POINT('',(129.393884812,27.140101112,-1.50361898));
#6898=CARTESIAN_POINT('',(129.460881804,27.065598484,-1.261747884));
#6899=CARTESIAN_POINT('',(129.478286904,27.0462435,-1.130899694));
#6900=CARTESIAN_POINT('',(129.478286904,27.0462435,-1.));
#6901=CARTESIAN_POINT('',(129.450556284,28.382650496,-2.));
#6902=CARTESIAN_POINT('',(129.540768544,28.287783218,-2.));
#6903=CARTESIAN_POINT('',(129.630945309,28.192953266,-1.973972677));
#6904=CARTESIAN_POINT('',(129.79763583,28.017661394,-1.873786388));
#6905=CARTESIAN_POINT('',(129.874084,27.937268442,-1.799666842));
#6906=CARTESIAN_POINT('',(130.001663401,27.803105851,-1.61454672));
#6907=CARTESIAN_POINT('',(130.052744436,27.749388999,-1.50361898));
#6908=CARTESIAN_POINT('',(130.12178991,27.676780727,-1.261747884));
#6909=CARTESIAN_POINT('',(130.139727184,27.657917877,-1.130899694));
#6910=CARTESIAN_POINT('',(130.139727184,27.657917877,-1.));
#6911=CARTESIAN_POINT('',(129.764750813,28.685562186,-2.));
#6912=CARTESIAN_POINT('',(129.856391588,28.592066234,-2.));
#6913=CARTESIAN_POINT('',(129.947996306,28.498607068,-1.973972677));
#6914=CARTESIAN_POINT('',(130.117326379,28.325849074,-1.873786388));
#6915=CARTESIAN_POINT('',(130.194985109,28.246618219,-1.799666842));
#6916=CARTESIAN_POINT('',(130.324584736,28.114394975,-1.61454672));
#6917=CARTESIAN_POINT('',(130.376474641,28.06145461,-1.50361898));
#6918=CARTESIAN_POINT('',(130.446613453,27.989895906,-1.261747884));
#6919=CARTESIAN_POINT('',(130.464834765,27.971305722,-1.130899694));
#6920=CARTESIAN_POINT('',(130.464834765,27.971305722,-1.));
#6921=CARTESIAN_POINT('',(130.37798869,29.307081099,-2.));
#6922=CARTESIAN_POINT('',(130.472705375,29.216702594,-2.));
#6923=CARTESIAN_POINT('',(130.567384794,29.126359648,-1.973972677));
#6924=CARTESIAN_POINT('',(130.742398408,28.959361945,-1.873786388));
#6925=CARTESIAN_POINT('',(130.822663743,28.882772894,-1.799666842));
#6926=CARTESIAN_POINT('',(130.956613364,28.754958386,-1.61454672));
#6927=CARTESIAN_POINT('',(131.010244947,28.703783218,-1.50361898));
#6928=CARTESIAN_POINT('',(131.082737959,28.634610504,-1.261747884));
#6929=CARTESIAN_POINT('',(131.101570867,28.616640175,-1.130899694));
#6930=CARTESIAN_POINT('',(131.101570867,28.616640175,-1.));
#6931=CARTESIAN_POINT('',(130.6773639,29.626059187,-2.));
#6932=CARTESIAN_POINT('',(130.77373032,29.53742838,-2.));
#6933=CARTESIAN_POINT('',(130.870058824,29.448832445,-1.973972677));
#6934=CARTESIAN_POINT('',(131.048120751,29.285064067,-1.873786388));
#6935=CARTESIAN_POINT('',(131.129784113,29.20995606,-1.799666842));
#6936=CARTESIAN_POINT('',(131.266066812,29.08461317,-1.61454672));
#6937=CARTESIAN_POINT('',(131.320632526,29.034427605,-1.50361898));
#6938=CARTESIAN_POINT('',(131.394388191,28.966592522,-1.261747884));
#6939=CARTESIAN_POINT('',(131.413549122,28.948969694,-1.130899694));
#6940=CARTESIAN_POINT('',(131.413549122,28.948969694,-1.));
#6941=CARTESIAN_POINT('',(131.254893166,30.280374504,-2.));
#6942=CARTESIAN_POINT('',(131.354805229,30.195760753,-2.));
#6943=CARTESIAN_POINT('',(131.454677979,30.111180294,-1.973972677));
#6944=CARTESIAN_POINT('',(131.639291398,29.954834469,-1.873786388));
#6945=CARTESIAN_POINT('',(131.723959428,29.883130619,-1.799666842));
#6946=CARTESIAN_POINT('',(131.865256421,29.763468705,-1.61454672));
#6947=CARTESIAN_POINT('',(131.92182979,29.715557724,-1.50361898));
#6948=CARTESIAN_POINT('',(131.998299171,29.650797163,-1.261747884));
#6949=CARTESIAN_POINT('',(132.018165097,29.633973063,-1.130899694));
#6950=CARTESIAN_POINT('',(132.018165097,29.633973063,-1.));
#6951=CARTESIAN_POINT('',(131.533267772,30.615856336,-2.));
#6952=CARTESIAN_POINT('',(131.635077015,30.533510807,-2.));
#6953=CARTESIAN_POINT('',(131.736846201,30.451197678,-1.973972677));
#6954=CARTESIAN_POINT('',(131.924965153,30.29904298,-1.873786388));
#6955=CARTESIAN_POINT('',(132.011240902,30.229261279,-1.799666842));
#6956=CARTESIAN_POINT('',(132.155220915,30.112807115,-1.61454672));
#6957=CARTESIAN_POINT('',(132.212868528,30.066180472,-1.50361898));
#6958=CARTESIAN_POINT('',(132.290789949,30.003155933,-1.261747884));
#6959=CARTESIAN_POINT('',(132.311033099,29.986782834,-1.130899694));
#6960=CARTESIAN_POINT('',(132.311033099,29.986782834,-1.));
#6961=CARTESIAN_POINT('',(131.931400084,31.134645485,-2.));
#6962=CARTESIAN_POINT('',(132.036262573,31.05627851,-2.));
#6963=CARTESIAN_POINT('',(132.141083803,30.977942368,-1.973972677));
#6964=CARTESIAN_POINT('',(132.334844417,30.833139079,-1.873786388));
#6965=CARTESIAN_POINT('',(132.423707565,30.766728905,-1.799666842));
#6966=CARTESIAN_POINT('',(132.572005519,30.655901265,-1.61454672));
#6967=CARTESIAN_POINT('',(132.631381976,30.611527406,-1.50361898));
#6968=CARTESIAN_POINT('',(132.711640251,30.551547919,-1.261747884));
#6969=CARTESIAN_POINT('',(132.73249049,30.535965892,-1.130899694));
#6970=CARTESIAN_POINT('',(132.73249049,30.535965892,-1.));
#6971=CARTESIAN_POINT('',(132.060858749,31.31018069,-2.));
#6972=CARTESIAN_POINT('',(132.166773464,31.233236793,-2.));
#6973=CARTESIAN_POINT('',(132.272646505,31.156323171,-1.973972677));
#6974=CARTESIAN_POINT('',(132.468351379,31.014149389,-1.873786388));
#6975=CARTESIAN_POINT('',(132.55810621,30.948945168,-1.799666842));
#6976=CARTESIAN_POINT('',(132.707892235,30.840130066,-1.61454672));
#6977=CARTESIAN_POINT('',(132.767864496,30.796561999,-1.50361898));
#6978=CARTESIAN_POINT('',(132.848928108,30.73767169,-1.261747884));
#6979=CARTESIAN_POINT('',(132.869987566,30.722372619,-1.130899694));
#6980=CARTESIAN_POINT('',(132.869987566,30.722372619,-1.));
#6981=CARTESIAN_POINT('',(132.31240914,31.667153266,-2.));
#6982=CARTESIAN_POINT('',(132.420497563,31.593294058,-2.));
#6983=CARTESIAN_POINT('',(132.528543458,31.51946391,-1.973972677));
#6984=CARTESIAN_POINT('',(132.728264823,31.382989888,-1.873786388));
#6985=CARTESIAN_POINT('',(132.81986171,31.320399711,-1.799666842));
#6986=CARTESIAN_POINT('',(132.972721824,31.215947017,-1.61454672));
#6987=CARTESIAN_POINT('',(133.033924907,31.174125598,-1.50361898));
#6988=CARTESIAN_POINT('',(133.116652205,31.117596207,-1.261747884));
#6989=CARTESIAN_POINT('',(133.13814387,31.102910477,-1.130899694));
#6990=CARTESIAN_POINT('',(133.13814387,31.102910477,-1.));
#6991=CARTESIAN_POINT('',(132.434658208,31.848847529,-2.));
#6992=CARTESIAN_POINT('',(132.543869848,31.776652526,-2.));
#6993=CARTESIAN_POINT('',(132.653038518,31.704485929,-1.973972677));
#6994=CARTESIAN_POINT('',(132.854835316,31.571086958,-1.873786388));
#6995=CARTESIAN_POINT('',(132.947384045,31.509907071,-1.799666842));
#6996=CARTESIAN_POINT('',(133.101832628,31.407807918,-1.61454672));
#6997=CARTESIAN_POINT('',(133.163671712,31.366928825,-1.50361898));
#6998=CARTESIAN_POINT('',(133.247258682,31.311673162,-1.261747884));
#6999=CARTESIAN_POINT('',(133.268973681,31.297318333,-1.130899694));
#7000=CARTESIAN_POINT('',(133.268973681,31.297318333,-1.));
#7001=CARTESIAN_POINT('',(132.786985795,32.401226747,-2.));
#7002=CARTESIAN_POINT('',(132.899646562,32.334439287,-2.));
#7003=CARTESIAN_POINT('',(133.012263003,32.267678105,-1.973972677));
#7004=CARTESIAN_POINT('',(133.220432958,32.144270971,-1.873786388));
#7005=CARTESIAN_POINT('',(133.315904566,32.087673574,-1.799666842));
#7006=CARTESIAN_POINT('',(133.475230952,31.993221842,-1.61454672));
#7007=CARTESIAN_POINT('',(133.539023042,31.95540467,-1.50361898));
#7008=CARTESIAN_POINT('',(133.62524986,31.904287761,-1.261747884));
#7009=CARTESIAN_POINT('',(133.647650663,31.891008137,-1.130899694));
#7010=CARTESIAN_POINT('',(133.647650663,31.891008137,-1.));
#7011=CARTESIAN_POINT('',(133.003143927,32.779522674,-2.));
#7012=CARTESIAN_POINT('',(133.118219834,32.716889388,-2.));
#7013=CARTESIAN_POINT('',(133.233250464,32.654280745,-1.973972677));
#7014=CARTESIAN_POINT('',(133.445883015,32.538549523,-1.873786388));
#7015=CARTESIAN_POINT('',(133.543401274,32.485472479,-1.799666842));
#7016=CARTESIAN_POINT('',(133.706143182,32.396895637,-1.61454672));
#7017=CARTESIAN_POINT('',(133.7713028,32.361430689,-1.50361898));
#7018=CARTESIAN_POINT('',(133.859378086,32.313493248,-1.261747884));
#7019=CARTESIAN_POINT('',(133.882259101,32.301039614,-1.130899694));
#7020=CARTESIAN_POINT('',(133.882259101,32.301039614,-1.));
#7021=CARTESIAN_POINT('',(133.291118362,33.366414019,-2.));
#7022=CARTESIAN_POINT('',(133.40985317,33.311237566,-2.));
#7023=CARTESIAN_POINT('',(133.528541262,33.256082824,-1.973972677));
#7024=CARTESIAN_POINT('',(133.74793458,33.154130034,-1.873786388));
#7025=CARTESIAN_POINT('',(133.848553486,33.1073721,-1.799666842));
#7026=CARTESIAN_POINT('',(134.016469862,33.029340813,-1.61454672));
#7027=CARTESIAN_POINT('',(134.083701265,32.998098161,-1.50361898));
#7028=CARTESIAN_POINT('',(134.174576953,32.955867933,-1.261747884));
#7029=CARTESIAN_POINT('',(134.198185482,32.944896972,-1.130899694));
#7030=CARTESIAN_POINT('',(134.198185482,32.944896972,-1.));
#7031=CARTESIAN_POINT('',(133.381034125,33.565302829,-2.));
#7032=CARTESIAN_POINT('',(133.500992841,33.512817768,-1.999999743));
#7033=CARTESIAN_POINT('',(133.620904312,33.460353383,-1.973972228));
#7034=CARTESIAN_POINT('',(133.842558987,33.36337371,-1.873785709));
#7035=CARTESIAN_POINT('',(133.944214979,33.31889658,-1.799666123));
#7036=CARTESIAN_POINT('',(134.113862066,33.244671595,-1.61454605));
#7037=CARTESIAN_POINT('',(134.181786413,33.214952944,-1.5036184));
#7038=CARTESIAN_POINT('',(134.273598745,33.1747827,-1.261747557));
#7039=CARTESIAN_POINT('',(134.297450607,33.164346912,-1.13089953));
#7040=CARTESIAN_POINT('',(134.297450615,33.164346931,-1.));
#7041=CARTESIAN_POINT('',(133.546781572,33.970633639,-2.));
#7042=CARTESIAN_POINT('',(133.669144621,33.924028281,-1.999999744));
#7043=CARTESIAN_POINT('',(133.79145948,33.877441284,-1.973972231));
#7044=CARTESIAN_POINT('',(134.017556785,33.791325887,-1.873785713));
#7045=CARTESIAN_POINT('',(134.121250271,33.751831369,-1.799666127));
#7046=CARTESIAN_POINT('',(134.294297602,33.685921547,-1.614546054));
#7047=CARTESIAN_POINT('',(134.363583361,33.659532176,-1.503618403));
#7048=CARTESIAN_POINT('',(134.457235895,33.623862078,-1.261747559));
#7049=CARTESIAN_POINT('',(134.481565823,33.614595386,-1.130899531));
#7050=CARTESIAN_POINT('',(134.481565835,33.614595417,-1.));
#7051=CARTESIAN_POINT('',(133.622083168,34.175886911,-2.));
#7052=CARTESIAN_POINT('',(133.745619333,34.132454215,-2.));
#7053=CARTESIAN_POINT('',(133.869106891,34.089038608,-1.973972677));
#7054=CARTESIAN_POINT('',(134.097371959,34.00878545,-1.873786388));
#7055=CARTESIAN_POINT('',(134.202059655,33.971979475,-1.799666842));
#7056=CARTESIAN_POINT('',(134.376766175,33.910556367,-1.61454672));
#7057=CARTESIAN_POINT('',(134.446716257,33.885963401,-1.50361898));
#7058=CARTESIAN_POINT('',(134.541266744,33.852721455,-1.261747884));
#7059=CARTESIAN_POINT('',(134.565829947,33.844085554,-1.130899694));
#7060=CARTESIAN_POINT('',(134.565829947,33.844085554,-1.));
#7061=CARTESIAN_POINT('',(133.82142077,34.796685783,-2.));
#7062=CARTESIAN_POINT('',(133.948245117,34.763493504,-2.));
#7063=CARTESIAN_POINT('',(134.075019565,34.730314286,-1.973972677));
#7064=CARTESIAN_POINT('',(134.309360402,34.668982952,-1.873786388));
#7065=CARTESIAN_POINT('',(134.416834589,34.640854968,-1.799666842));
#7066=CARTESIAN_POINT('',(134.596191301,34.593913998,-1.61454672));
#7067=CARTESIAN_POINT('',(134.668003257,34.57511948,-1.50361898));
#7068=CARTESIAN_POINT('',(134.76507041,34.54971521,-1.261747884));
#7069=CARTESIAN_POINT('',(134.790287415,34.543115453,-1.130899694));
#7070=CARTESIAN_POINT('',(134.790287415,34.543115453,-1.));
#7071=CARTESIAN_POINT('',(133.919641624,35.218611852,-2.));
#7072=CARTESIAN_POINT('',(134.048371197,35.193258498,-2.));
#7073=CARTESIAN_POINT('',(134.177050121,35.167915119,-1.973972677));
#7074=CARTESIAN_POINT('',(134.414911357,35.121068229,-1.873786388));
#7075=CARTESIAN_POINT('',(134.524000082,35.09958315,-1.799666842));
#7076=CARTESIAN_POINT('',(134.70605119,35.063728093,-1.61454672));
#7077=CARTESIAN_POINT('',(134.778941946,35.049372222,-1.50361898));
#7078=CARTESIAN_POINT('',(134.877467296,35.029967605,-1.261747884));
#7079=CARTESIAN_POINT('',(134.903063125,35.024926493,-1.130899694));
#7080=CARTESIAN_POINT('',(134.903063125,35.024926493,-1.));
#7081=CARTESIAN_POINT('',(133.988321,35.758595631,-2.));
#7082=CARTESIAN_POINT('',(134.118455611,35.744289218,-2.));
#7083=CARTESIAN_POINT('',(134.248539019,35.729988435,-1.973972677));
#7084=CARTESIAN_POINT('',(134.488996424,35.703553632,-1.873786388));
#7085=CARTESIAN_POINT('',(134.599275813,35.691430013,-1.799666842));
#7086=CARTESIAN_POINT('',(134.783313943,35.67119769,-1.61454672));
#7087=CARTESIAN_POINT('',(134.857000275,35.663096947,-1.50361898));
#7088=CARTESIAN_POINT('',(134.956600993,35.652147293,-1.261747884));
#7089=CARTESIAN_POINT('',(134.982476192,35.64930269,-1.130899694));
#7090=CARTESIAN_POINT('',(134.982476192,35.64930269,-1.));
#7091=CARTESIAN_POINT('',(133.999343358,35.867223215,-2.));
#7092=CARTESIAN_POINT('',(134.129708767,35.855186064,-1.999999223));
#7093=CARTESIAN_POINT('',(134.260022732,35.843153685,-1.973971323));
#7094=CARTESIAN_POINT('',(134.500906162,35.820912052,-1.873784337));
#7095=CARTESIAN_POINT('',(134.611380851,35.81071155,-1.79966467));
#7096=CARTESIAN_POINT('',(134.795744848,35.793688649,-1.614544698));
#7097=CARTESIAN_POINT('',(134.869561618,35.786872947,-1.503617228));
#7098=CARTESIAN_POINT('',(134.969338643,35.77766034,-1.261746897));
#7099=CARTESIAN_POINT('',(134.995259642,35.775267059,-1.1308992));
#7100=CARTESIAN_POINT('',(134.995259653,35.775267165,-1.));
#7101=CARTESIAN_POINT('',(134.015607828,36.085822152,-2.));
#7102=CARTESIAN_POINT('',(134.146319129,36.078433678,-1.999999228));
#7103=CARTESIAN_POINT('',(134.276978849,36.071048146,-1.97397133));
#7104=CARTESIAN_POINT('',(134.518501402,36.057396153,-1.873784348));
#7105=CARTESIAN_POINT('',(134.629269209,36.051135064,-1.799664682));
#7106=CARTESIAN_POINT('',(134.814122368,36.040686403,-1.614544709));
#7107=CARTESIAN_POINT('',(134.888134991,36.036502944,-1.503617237));
#7108=CARTESIAN_POINT('',(134.988176747,36.030848318,-1.261746902));
#7109=CARTESIAN_POINT('',(135.014166519,36.029379377,-1.130899202));
#7110=CARTESIAN_POINT('',(135.014166527,36.02937951,-1.));
#7111=CARTESIAN_POINT('',(134.020829309,36.195829254,-2.));
#7112=CARTESIAN_POINT('',(134.151655174,36.190821239,-1.999999989));
#7113=CARTESIAN_POINT('',(134.282429563,36.185815195,-1.973972657));
#7114=CARTESIAN_POINT('',(134.524164235,36.176561591,-1.873786359));
#7115=CARTESIAN_POINT('',(134.635029406,36.172317671,-1.799666811));
#7116=CARTESIAN_POINT('',(134.82004511,36.165235268,-1.614546691));
#7117=CARTESIAN_POINT('',(134.894122848,36.162399571,-1.503618955));
#7118=CARTESIAN_POINT('',(134.994252625,36.158566601,-1.26174787));
#7119=CARTESIAN_POINT('',(135.020265268,36.157570836,-1.130899687));
#7120=CARTESIAN_POINT('',(135.020265268,36.157570834,-1.));
#7121=CARTESIAN_POINT('',(134.025194209,36.414812445,-2.));
#7122=CARTESIAN_POINT('',(134.156115725,36.414603156,-1.999999989));
#7123=CARTESIAN_POINT('',(134.286985727,36.41439395,-1.973972657));
#7124=CARTESIAN_POINT('',(134.528897139,36.414007234,-1.873786358));
#7125=CARTESIAN_POINT('',(134.639843367,36.413829877,-1.799666811));
#7126=CARTESIAN_POINT('',(134.824994343,36.413533898,-1.61454669));
#7127=CARTESIAN_POINT('',(134.899126241,36.413415391,-1.503618955));
#7128=CARTESIAN_POINT('',(134.999329227,36.413255207,-1.26174787));
#7129=CARTESIAN_POINT('',(135.025360887,36.413213592,-1.130899687));
#7130=CARTESIAN_POINT('',(135.025360887,36.413213592,-1.));
#7131=CARTESIAN_POINT('',(134.024359764,36.524086191,-2.));
#7132=CARTESIAN_POINT('',(134.155263428,36.526301711,-1.999999987));
#7133=CARTESIAN_POINT('',(134.286115585,36.52851636,-1.973972654));
#7134=CARTESIAN_POINT('',(134.52799401,36.532610107,-1.873786354));
#7135=CARTESIAN_POINT('',(134.63892511,36.534487596,-1.799666806));
#7136=CARTESIAN_POINT('',(134.824050838,36.537620814,-1.614546686));
#7137=CARTESIAN_POINT('',(134.898172628,36.538875311,-1.503618951));
#7138=CARTESIAN_POINT('',(134.998361949,36.540570995,-1.261747868));
#7139=CARTESIAN_POINT('',(135.02439006,36.541011515,-1.130899686));
#7140=CARTESIAN_POINT('',(135.02439006,36.541011515,-1.));
#7141=CARTESIAN_POINT('',(134.018541046,36.687667025,-2.));
#7142=CARTESIAN_POINT('',(134.149314641,36.693539178,-1.999999987));
#7143=CARTESIAN_POINT('',(134.280036779,36.699409021,-1.973972654));
#7144=CARTESIAN_POINT('',(134.521674867,36.710259345,-1.873786354));
#7145=CARTESIAN_POINT('',(134.632495742,36.715235558,-1.799666806));
#7146=CARTESIAN_POINT('',(134.817437524,36.723540036,-1.614546686));
#7147=CARTESIAN_POINT('',(134.891485664,36.726865035,-1.503618951));
#7148=CARTESIAN_POINT('',(134.991575435,36.731359385,-1.261747868));
#7149=CARTESIAN_POINT('',(135.017577683,36.732526969,-1.130899686));
#7150=CARTESIAN_POINT('',(135.017577683,36.732526969,-1.));
#7151=CARTESIAN_POINT('',(134.015840293,36.742139005,-2.));
#7152=CARTESIAN_POINT('',(134.146553353,36.749233251,-1.999999996));
#7153=CARTESIAN_POINT('',(134.277214984,36.756324706,-1.973972671));
#7154=CARTESIAN_POINT('',(134.518741225,36.769433164,-1.873786379));
#7155=CARTESIAN_POINT('',(134.629510806,36.775445009,-1.799666833));
#7156=CARTESIAN_POINT('',(134.814366987,36.785477788,-1.614546711));
#7157=CARTESIAN_POINT('',(134.888380854,36.789494774,-1.503618972));
#7158=CARTESIAN_POINT('',(134.988424298,36.794924475,-1.26174788));
#7159=CARTESIAN_POINT('',(135.014414512,36.796335053,-1.130899692));
#7160=CARTESIAN_POINT('',(135.014414512,36.796335053,-1.));
#7161=CARTESIAN_POINT('',(134.010643001,36.82376421,-2.));
#7162=CARTESIAN_POINT('',(134.141239194,36.832693913,-1.999999996));
#7163=CARTESIAN_POINT('',(134.271784001,36.841620101,-1.973972671));
#7164=CARTESIAN_POINT('',(134.513094298,36.858120039,-1.873786379));
#7165=CARTESIAN_POINT('',(134.623764842,36.865687296,-1.799666833));
#7166=CARTESIAN_POINT('',(134.808455746,36.878315802,-1.614546711));
#7167=CARTESIAN_POINT('',(134.882403439,36.883372081,-1.503618972));
#7168=CARTESIAN_POINT('',(134.982357436,36.890206579,-1.26174788));
#7169=CARTESIAN_POINT('',(135.008324413,36.891982109,-1.130899692));
#7170=CARTESIAN_POINT('',(135.008324413,36.891982109,-1.));
#7171=CARTESIAN_POINT('',(134.008719506,36.850958816,-2.));
#7172=CARTESIAN_POINT('',(134.139272404,36.860500722,-2.));
#7173=CARTESIAN_POINT('',(134.269773935,36.870038875,-1.973972676));
#7174=CARTESIAN_POINT('',(134.511004234,36.887670019,-1.873786387));
#7175=CARTESIAN_POINT('',(134.62163809,36.895756074,-1.799666841));
#7176=CARTESIAN_POINT('',(134.806267768,36.909250368,-1.614546719));
#7177=CARTESIAN_POINT('',(134.880190947,36.914653297,-1.503618979));
#7178=CARTESIAN_POINT('',(134.980111809,36.921956356,-1.261747884));
#7179=CARTESIAN_POINT('',(135.006070177,36.923853613,-1.130899694));
#7180=CARTESIAN_POINT('',(135.006070177,36.923853613,-1.));
#7181=CARTESIAN_POINT('',(134.006075921,36.884934798,-2.));
#7182=CARTESIAN_POINT('',(134.136569259,36.895242177,-2.));
#7183=CARTESIAN_POINT('',(134.267011254,36.905545499,-1.973972676));
#7184=CARTESIAN_POINT('',(134.508131502,36.924591051,-1.873786387));
#7185=CARTESIAN_POINT('',(134.618714886,36.933325786,-1.799666841));
#7186=CARTESIAN_POINT('',(134.803260334,36.94790262,-1.614546719));
#7187=CARTESIAN_POINT('',(134.877149788,36.953738983,-1.503618979));
#7188=CARTESIAN_POINT('',(134.977025065,36.961627909,-1.261747884));
#7189=CARTESIAN_POINT('',(135.002971591,36.963677367,-1.130899694));
#7190=CARTESIAN_POINT('',(135.002971591,36.963677367,-1.));
#7191=CARTESIAN_POINT('',(134.005535239,36.891729131,-2.));
#7192=CARTESIAN_POINT('',(134.136016394,36.902189614,-2.));
#7193=CARTESIAN_POINT('',(134.26644621,36.912645982,-1.973972677));
#7194=CARTESIAN_POINT('',(134.507543946,36.931974435,-1.873786388));
#7195=CARTESIAN_POINT('',(134.618117005,36.940838915,-1.799666842));
#7196=CARTESIAN_POINT('',(134.802645224,36.955632272,-1.61454672));
#7197=CARTESIAN_POINT('',(134.876527779,36.961555329,-1.50361898));
#7198=CARTESIAN_POINT('',(134.976393732,36.969561436,-1.261747884));
#7199=CARTESIAN_POINT('',(135.002337835,36.971641337,-1.130899694));
#7200=CARTESIAN_POINT('',(135.002337835,36.971641337,-1.));
#7201=CARTESIAN_POINT('',(134.004429945,36.905316068,-2.));
#7202=CARTESIAN_POINT('',(134.134886189,36.916082777,-2.));
#7203=CARTESIAN_POINT('',(134.265291103,36.926845249,-1.973972677));
#7204=CARTESIAN_POINT('',(134.506342809,36.946739532,-1.873786388));
#7205=CARTESIAN_POINT('',(134.616894758,36.955863515,-1.799666842));
#7206=CARTESIAN_POINT('',(134.801387746,36.97108994,-1.61454672));
#7207=CARTESIAN_POINT('',(134.875256196,36.977186391,-1.50361898));
#7208=CARTESIAN_POINT('',(134.975103082,36.985426873,-1.261747884));
#7209=CARTESIAN_POINT('',(135.001042233,36.987567662,-1.130899694));
#7210=CARTESIAN_POINT('',(135.001042233,36.987567662,-1.));
#7211=CARTESIAN_POINT('',(134.003862597,36.912108475,-2.));
#7212=CARTESIAN_POINT('',(134.134298797,36.923114276,-2.));
#7213=CARTESIAN_POINT('',(134.264683676,36.934115747,-1.973972677));
#7214=CARTESIAN_POINT('',(134.505698346,36.954451816,-1.873786388));
#7215=CARTESIAN_POINT('',(134.616233309,36.963778412,-1.799666842));
#7216=CARTESIAN_POINT('',(134.800697952,36.979342966,-1.61454672));
#7217=CARTESIAN_POINT('',(134.874555053,36.985574798,-1.50361898));
#7218=CARTESIAN_POINT('',(134.974386598,36.993998274,-1.261747884));
#7219=CARTESIAN_POINT('',(135.000321763,36.996186602,-1.130899694));
#7220=CARTESIAN_POINT('',(135.000321763,36.996186602,-1.));
#7221=CARTESIAN_POINT('',(134.002143335,36.932484453,-2.));
#7222=CARTESIAN_POINT('',(134.132579535,36.943490254,-2.));
#7223=CARTESIAN_POINT('',(134.262964414,36.954491725,-1.973972677));
#7224=CARTESIAN_POINT('',(134.503979084,36.974827794,-1.873786388));
#7225=CARTESIAN_POINT('',(134.614514047,36.98415439,-1.799666842));
#7226=CARTESIAN_POINT('',(134.79897869,36.999718943,-1.61454672));
#7227=CARTESIAN_POINT('',(134.872835791,37.005950776,-1.50361898));
#7228=CARTESIAN_POINT('',(134.972667336,37.014374251,-1.261747884));
#7229=CARTESIAN_POINT('',(134.998602501,37.01656258,-1.130899694));
#7230=CARTESIAN_POINT('',(134.998602501,37.01656258,-1.));
#7231=CARTESIAN_POINT('',(134.000997161,36.946068438,-2.));
#7232=CARTESIAN_POINT('',(134.131433361,36.957074239,-2.));
#7233=CARTESIAN_POINT('',(134.261818239,36.96807571,-1.973972677));
#7234=CARTESIAN_POINT('',(134.50283291,36.988411779,-1.873786388));
#7235=CARTESIAN_POINT('',(134.613367873,36.997738375,-1.799666842));
#7236=CARTESIAN_POINT('',(134.797832515,37.013302928,-1.61454672));
#7237=CARTESIAN_POINT('',(134.871689616,37.019534761,-1.50361898));
#7238=CARTESIAN_POINT('',(134.971521162,37.027958237,-1.261747884));
#7239=CARTESIAN_POINT('',(134.997456327,37.030146565,-1.130899694));
#7240=CARTESIAN_POINT('',(134.997456327,37.030146565,-1.));
#7241=CARTESIAN_POINT('',(133.996591237,36.998285624,-2.));
#7242=CARTESIAN_POINT('',(134.127027437,37.009291425,-2.));
#7243=CARTESIAN_POINT('',(134.257412316,37.020292896,-1.973972677));
#7244=CARTESIAN_POINT('',(134.498426986,37.040628965,-1.873786388));
#7245=CARTESIAN_POINT('',(134.608961949,37.049955561,-1.799666842));
#7246=CARTESIAN_POINT('',(134.793426592,37.065520115,-1.61454672));
#7247=CARTESIAN_POINT('',(134.867283693,37.071751947,-1.50361898));
#7248=CARTESIAN_POINT('',(134.967115238,37.080175423,-1.261747884));
#7249=CARTESIAN_POINT('',(134.993050403,37.082363751,-1.130899694));
#7250=CARTESIAN_POINT('',(134.993050403,37.082363751,-1.));
#7251=CARTESIAN_POINT('',(133.993331488,37.036918825,-2.));
#7252=CARTESIAN_POINT('',(134.123767688,37.047924626,-2.));
#7253=CARTESIAN_POINT('',(134.254152566,37.058926097,-1.973972677));
#7254=CARTESIAN_POINT('',(134.495167237,37.079262166,-1.873786388));
#7255=CARTESIAN_POINT('',(134.6057022,37.088588762,-1.799666842));
#7256=CARTESIAN_POINT('',(134.790166842,37.104153315,-1.61454672));
#7257=CARTESIAN_POINT('',(134.864023943,37.110385148,-1.50361898));
#7258=CARTESIAN_POINT('',(134.963855488,37.118808623,-1.261747884));
#7259=CARTESIAN_POINT('',(134.989790653,37.120996952,-1.130899694));
#7260=CARTESIAN_POINT('',(134.989790653,37.120996952,-1.));
#7261=CARTESIAN_POINT('',(133.990071738,37.075552026,-2.));
#7262=CARTESIAN_POINT('',(134.120507938,37.086557827,-2.));
#7263=CARTESIAN_POINT('',(134.250892817,37.097559298,-1.973972677));
#7264=CARTESIAN_POINT('',(134.491907487,37.117895367,-1.873786388));
#7265=CARTESIAN_POINT('',(134.60244245,37.127221963,-1.799666842));
#7266=CARTESIAN_POINT('',(134.786907093,37.142786516,-1.61454672));
#7267=CARTESIAN_POINT('',(134.860764194,37.149018349,-1.50361898));
#7268=CARTESIAN_POINT('',(134.960595739,37.157441824,-1.261747884));
#7269=CARTESIAN_POINT('',(134.986530904,37.159630153,-1.130899694));
#7270=CARTESIAN_POINT('',(134.986530904,37.159630153,-1.));
#7271=B_SPLINE_SURFACE_WITH_KNOTS('',3,3,((#6771,#6772,#6773,#6774,#6775,#6776,#6777,#6778,#6779,#6780),(#6781,#6782,#6783,#6784,#6785,#6786,#6787,#6788,#6789,#6790),(#6791,#6792,#6793,#6794,#6795,#6796,#6797,#6798,#6799,#6800),(#6801,#6802,#6803,#6804,#6805,#6806,#6807,#6808,#6809,#6810),(#6811,#6812,#6813,#6814,#6815,#6816,#6817,#6818,#6819,#6820),(#6821,#6822,#6823,#6824,#6825,#6826,#6827,#6828,#6829,#6830),(#6831,#6832,#6833,#6834,#6835,#6836,#6837,#6838,#6839,#6840),(#6841,#6842,#6843,#6844,#6845,#6846,#6847,#6848,#6849,#6850),(#6851,#6852,#6853,#6854,#6855,#6856,#6857,#6858,#6859,#6860),(#6861,#6862,#6863,#6864,#6865,#6866,#6867,#6868,#6869,#6870),(#6871,#6872,#6873,#6874,#6875,#6876,#6877,#6878,#6879,#6880),(#6881,#6882,#6883,#6884,#6885,#6886,#6887,#6888,#6889,#6890),(#6891,#6892,#6893,#6894,#6895,#6896,#6897,#6898,#6899,#6900),(#6901,#6902,#6903,#6904,#6905,#6906,#6907,#6908,#6909,#6910),(#6911,#6912,#6913,#6914,#6915,#6916,#6917,#6918,#6919,#6920),(#6921,#6922,#6923,#6924,#6925,#6926,#6927,#6928,#6929,#6930),(#6931,#6932,#6933,#6934,#6935,#6936,#6937,#6938,#6939,#6940),(#6941,#6942,#6943,#6944,#6945,#6946,#6947,#6948,#6949,#6950),(#6951,#6952,#6953,#6954,#6955,#6956,#6957,#6958,#6959,#6960),(#6961,#6962,#6963,#6964,#6965,#6966,#6967,#6968,#6969,#6970),(#6971,#6972,#6973,#6974,#6975,#6976,#6977,#6978,#6979,#6980),(#6981,#6982,#6983,#6984,#6985,#6986,#6987,#6988,#6989,#6990),(#6991,#6992,#6993,#6994,#6995,#6996,#6997,#6998,#6999,#7000),(#7001,#7002,#7003,#7004,#7005,#7006,#7007,#7008,#7009,#7010),(#7011,#7012,#7013,#7014,#7015,#7016,#7017,#7018,#7019,#7020),(#7021,#7022,#7023,#7024,#7025,#7026,#7027,#7028,#7029,#7030),
(#7031,#7032,#7033,#7034,#7035,#7036,#7037,#7038,#7039,#7040),(#7041,#7042,#7043,#7044,#7045,#7046,#7047,#7048,#7049,#7050),(#7051,#7052,#7053,#7054,#7055,#7056,#7057,#7058,#7059,#7060),(#7061,#7062,#7063,#7064,#7065,#7066,#7067,#7068,#7069,#7070),(#7071,#7072,#7073,#7074,#7075,#7076,#7077,#7078,#7079,#7080),(#7081,#7082,#7083,#7084,#7085,#7086,#7087,#7088,#7089,#7090),(#7091,#7092,#7093,#7094,#7095,#7096,#7097,#7098,#7099,#7100),(#7101,#7102,#7103,#7104,#7105,#7106,#7107,#7108,#7109,#7110),(#7111,#7112,#7113,#7114,#7115,#7116,#7117,#7118,#7119,#7120),(#7121,#7122,#7123,#7124,#7125,#7126,#7127,#7128,#7129,#7130),(#7131,#7132,#7133,#7134,#7135,#7136,#7137,#7138,#7139,#7140),(#7141,#7142,#7143,#7144,#7145,#7146,#7147,#7148,#7149,#7150),(#7151,#7152,#7153,#7154,#7155,#7156,#7157,#7158,#7159,#7160),(#7161,#7162,#7163,#7164,#7165,#7166,#7167,#7168,#7169,#7170),(#7171,#7172,#7173,#7174,#7175,#7176,#7177,#7178,#7179,#7180),(#7181,#7182,#7183,#7184,#7185,#7186,#7187,#7188,#7189,#7190),(#7191,#7192,#7193,#7194,#7195,#7196,#7197,#7198,#7199,#7200),(#7201,#7202,#7203,#7204,#7205,#7206,#7207,#7208,#7209,#7210),(#7211,#7212,#7213,#7214,#7215,#7216,#7217,#7218,#7219,#7220),(#7221,#7222,#7223,#7224,#7225,#7226,#7227,#7228,#7229,#7230),(#7231,#7232,#7233,#7234,#7235,#7236,#7237,#7238,#7239,#7240),(#7241,#7242,#7243,#7244,#7245,#7246,#7247,#7248,#7249,#7250),(#7251,#7252,#7253,#7254,#7255,#7256,#7257,#7258,#7259,#7260),(#7261,#7262,#7263,#7264,#7265,#7266,#7267,#7268,#7269,#7270)),.UNSPECIFIED.,.F.,.F.,.U.,(4,2,2,2,2,2,2,2,2,2,2,2,2,2,2,2,2,2,2,2,2,2,2,2,4),(4,2,2,2,4),(0.085195717,0.085309285,0.085472929,0.085636574,0.086291152,0.087600309,0.088909465,0.090218622,0.091527778,0.092836935,0.093491513,0.094146091,0.095455248,0.096109826,0.096764404,0.098073561,0.09840085,0.098728139,0.099055428,0.099219073,0.099300895,0.099321351,0.099341806,0.099382718,0.09949907),(0.,0.25,0.5,0.75,1.),.UNSPECIFIED.);
#7272=ORIENTED_EDGE('',*,*,#6253,.T.);
#7273=ORIENTED_EDGE('',*,*,#4732,.T.);
#7274=CARTESIAN_POINT('',(126.278753628,25.707093891,-2.));
#7275=CARTESIAN_POINT('',(126.37349573,25.614212664,-2.));
#7276=CARTESIAN_POINT('',(126.467780606,25.521776048,-1.973724829));
#7277=CARTESIAN_POINT('',(126.554248192,25.437005152,-1.924174673));
#7278=CARTESIAN_POINT('',(126.640715777,25.352234256,-1.874624518));
#7279=CARTESIAN_POINT('',(126.721083802,25.273443232,-1.800543033));
#7280=CARTESIAN_POINT('',(126.787694727,25.208139365,-1.708569409));
#7281=CARTESIAN_POINT('',(126.821000189,25.175487431,-1.662582597));
#7282=CARTESIAN_POINT('',(126.851537834,25.145549003,-1.61122724));
#7283=CARTESIAN_POINT('',(126.877834165,25.119768666,-1.556841994));
#7284=CARTESIAN_POINT('',(126.904130496,25.093988328,-1.502456747));
#7285=CARTESIAN_POINT('',(126.926405429,25.072150479,-1.444951005));
#7286=CARTESIAN_POINT('',(126.944616663,25.054296591,-1.384291941));
#7287=CARTESIAN_POINT('',(126.962827897,25.036442703,-1.323632876));
#7288=CARTESIAN_POINT('',(126.976813925,25.022731111,-1.259884818));
#7289=CARTESIAN_POINT('',(126.986048758,25.013677487,-1.195735331));
#7290=CARTESIAN_POINT('',(126.995283591,25.004623863,-1.131585843));
#7291=CARTESIAN_POINT('',(127.000000006,25.000000004,-1.066356505));
#7292=CARTESIAN_POINT('',(127.,25.,-1.));
#7293=B_SPLINE_CURVE_WITH_KNOTS('',3,(#7274,#7275,#7276,#7277,#7278,#7279,#7280,#7281,#7282,#7283,#7284,#7285,#7286,#7287,#7288,#7289,#7290,#7291,#7292),.UNSPECIFIED.,.F.,.F.,(4,3,3,3,3,3,4),(0.,0.000392465,0.00078493,0.000981163,0.001177395,0.001373628,0.00156986),.UNSPECIFIED.);
#7294=EDGE_CURVE('',#5390,#4702,#7293,.T.);
#7295=ORIENTED_EDGE('',*,*,#7294,.F.);
#7296=ORIENTED_EDGE('',*,*,#5432,.F.);
#7297=EDGE_LOOP('',(#7272,#7273,#7295,#7296));
#7298=FACE_BOUND('',#7297,.T.);
#7299=ADVANCED_FACE('',(#7298),#7271,.T.);
#7300=CARTESIAN_POINT('',(117.044694411,50.704410981,-2.));
#7301=CARTESIAN_POINT('',(117.169744808,50.743103861,-2.));
#7302=CARTESIAN_POINT('',(117.294746003,50.781781516,-1.973972677));
#7303=CARTESIAN_POINT('',(117.525809006,50.853276635,-1.873786388));
#7304=CARTESIAN_POINT('',(117.631779902,50.886065969,-1.799666842));
#7305=CARTESIAN_POINT('',(117.808627869,50.940785964,-1.61454672));
#7306=CARTESIAN_POINT('',(117.879435358,50.962695096,-1.50361898));
#7307=CARTESIAN_POINT('',(117.975144788,50.992309344,-1.261747884));
#7308=CARTESIAN_POINT('',(118.000009071,51.000002808,-1.130899694));
#7309=CARTESIAN_POINT('',(118.000009071,51.000002808,-1.));
#7310=CARTESIAN_POINT('',(117.039919405,50.719839049,-2.));
#7311=CARTESIAN_POINT('',(117.164961891,50.758557444,-2.));
#7312=CARTESIAN_POINT('',(117.289955178,50.797260604,-1.973972677));
#7313=CARTESIAN_POINT('',(117.521003565,50.868802869,-1.873786388));
#7314=CARTESIAN_POINT('',(117.626967757,50.901613825,-1.799666842));
#7315=CARTESIAN_POINT('',(117.803804537,50.956369904,-1.61454672));
#7316=CARTESIAN_POINT('',(117.874607546,50.978293483,-1.50361898));
#7317=CARTESIAN_POINT('',(117.970310922,51.00792726,-1.261747884));
#7318=CARTESIAN_POINT('',(117.995173632,51.015625797,-1.130899694));
#7319=CARTESIAN_POINT('',(117.995173632,51.015625797,-1.));
#7320=CARTESIAN_POINT('',(117.035139109,50.735265482,-2.));
#7321=CARTESIAN_POINT('',(117.16016997,50.774021342,-2.));
#7322=CARTESIAN_POINT('',(117.285151638,50.812761954,-1.973972677));
#7323=CARTESIAN_POINT('',(117.516178546,50.884373446,-1.873786388));
#7324=CARTESIAN_POINT('',(117.622132888,50.917216151,-1.799666842));
#7325=CARTESIAN_POINT('',(117.798953228,50.972025214,-1.61454672));
#7326=CARTESIAN_POINT('',(117.869749655,50.993970008,-1.50361898));
#7327=CARTESIAN_POINT('',(117.965444134,51.023632459,-1.261747884));
#7328=CARTESIAN_POINT('',(117.990304533,51.031338446,-1.130899694));
#7329=CARTESIAN_POINT('',(117.990304533,51.031338446,-1.));
#7330=CARTESIAN_POINT('',(116.874982327,51.251154215,-2.));
#7331=CARTESIAN_POINT('',(116.999447227,51.291733123,-2.));
#7332=CARTESIAN_POINT('',(117.123863155,51.332296065,-1.973972677));
#7333=CARTESIAN_POINT('',(117.353844302,51.40727611,-1.873786388));
#7334=CARTESIAN_POINT('',(117.459319033,51.441663711,-1.799666842));
#7335=CARTESIAN_POINT('',(117.635338982,51.499050953,-1.61454672));
#7336=CARTESIAN_POINT('',(117.705814944,51.522028014,-1.50361898));
#7337=CARTESIAN_POINT('',(117.801076254,51.553085765,-1.261747884));
#7338=CARTESIAN_POINT('',(117.825824121,51.561154236,-1.130899694));
#7339=CARTESIAN_POINT('',(117.825824121,51.561154236,-1.));
#7340=CARTESIAN_POINT('',(116.709232791,51.747790606,-2.));
#7341=CARTESIAN_POINT('',(116.833056347,51.790308856,-2.));
#7342=CARTESIAN_POINT('',(116.956831184,51.832810376,-1.973972676));
#7343=CARTESIAN_POINT('',(117.185627282,51.911373857,-1.873786387));
#7344=CARTESIAN_POINT('',(117.290558522,51.947404907,-1.799666841));
#7345=CARTESIAN_POINT('',(117.465671475,52.007534792,-1.614546719));
#7346=CARTESIAN_POINT('',(117.535784288,52.031609969,-1.503618979));
#7347=CARTESIAN_POINT('',(117.630554734,52.064152029,-1.261747884));
#7348=CARTESIAN_POINT('',(117.65517508,52.072606107,-1.130899694));
#7349=CARTESIAN_POINT('',(117.65517508,52.072606107,-1.));
#7350=CARTESIAN_POINT('',(116.352305377,52.730406004,-2.));
#7351=CARTESIAN_POINT('',(116.474550296,52.777270216,-2.));
#7352=CARTESIAN_POINT('',(116.596747117,52.824115988,-1.973972676));
#7353=CARTESIAN_POINT('',(116.822626275,52.91070976,-1.873786387));
#7354=CARTESIAN_POINT('',(116.926219738,52.950423689,-1.799666841));
#7355=CARTESIAN_POINT('',(117.09910016,53.016699693,-1.614546719));
#7356=CARTESIAN_POINT('',(117.168319099,53.043235691,-1.503618979));
#7357=CARTESIAN_POINT('',(117.261881309,53.079104006,-1.261747884));
#7358=CARTESIAN_POINT('',(117.286187768,53.08842221,-1.130899694));
#7359=CARTESIAN_POINT('',(117.286187768,53.08842221,-1.));
#7360=CARTESIAN_POINT('',(116.16112615,53.216559072,-2.));
#7361=CARTESIAN_POINT('',(116.282436075,53.265829177,-1.999999999));
#7362=CARTESIAN_POINT('',(116.403698269,53.315079896,-1.973972675));
#7363=CARTESIAN_POINT('',(116.627849781,53.406119179,-1.873786385));
#7364=CARTESIAN_POINT('',(116.730650905,53.447871922,-1.799666839));
#7365=CARTESIAN_POINT('',(116.902209045,53.517550372,-1.614546717));
#7366=CARTESIAN_POINT('',(116.97089856,53.545448663,-1.503618978));
#7367=CARTESIAN_POINT('',(117.063745156,53.583158368,-1.261747883));
#7368=CARTESIAN_POINT('',(117.087865706,53.592954946,-1.130899693));
#7369=CARTESIAN_POINT('',(117.087865706,53.592954946,-1.));
#7370=CARTESIAN_POINT('',(115.745916479,54.175547951,-2.));
#7371=CARTESIAN_POINT('',(115.864854232,54.230296941,-1.999999999));
#7372=CARTESIAN_POINT('',(115.983745188,54.28502439,-1.973972675));
#7373=CARTESIAN_POINT('',(116.203513499,54.386187333,-1.873786385));
#7374=CARTESIAN_POINT('',(116.304304384,54.432583024,-1.799666839));
#7375=CARTESIAN_POINT('',(116.472507766,54.510009789,-1.614546717));
#7376=CARTESIAN_POINT('',(116.539854083,54.541010398,-1.503618978));
#7377=CARTESIAN_POINT('',(116.630885097,54.582913461,-1.261747883));
#7378=CARTESIAN_POINT('',(116.654533978,54.593799428,-1.130899693));
#7379=CARTESIAN_POINT('',(116.654533978,54.593799428,-1.));
#7380=CARTESIAN_POINT('',(115.521981979,54.648443812,-2.));
#7381=CARTESIAN_POINT('',(115.639488863,54.706263766,-1.999999999));
#7382=CARTESIAN_POINT('',(115.756949513,54.76406097,-1.973972676));
#7383=CARTESIAN_POINT('',(115.974073922,54.870898313,-1.873786387));
#7384=CARTESIAN_POINT('',(116.073652253,54.919896417,-1.799666841));
#7385=CARTESIAN_POINT('',(116.239832081,55.001666179,-1.614546718));
#7386=CARTESIAN_POINT('',(116.306368195,55.034405665,-1.503618979));
#7387=CARTESIAN_POINT('',(116.39630407,55.078659141,-1.261747884));
#7388=CARTESIAN_POINT('',(116.419668446,55.09015572,-1.130899693));
#7389=CARTESIAN_POINT('',(116.419668446,55.09015572,-1.));
#7390=CARTESIAN_POINT('',(115.029476724,55.576056098,-2.));
#7391=CARTESIAN_POINT('',(115.143198812,55.641004551,-1.999999999));
#7392=CARTESIAN_POINT('',(115.256876154,55.705927449,-1.973972676));
#7393=CARTESIAN_POINT('',(115.467007173,55.825936542,-1.873786387));
#7394=CARTESIAN_POINT('',(115.563378171,55.880975517,-1.799666841));
#7395=CARTESIAN_POINT('',(115.724205489,55.9728265,-1.614546718));
#7396=CARTESIAN_POINT('',(115.788598532,56.009602367,-1.503618979));
#7397=CARTESIAN_POINT('',(115.875637649,56.059311761,-1.261747884));
#7398=CARTESIAN_POINT('',(115.898249479,56.072225728,-1.130899693));
#7399=CARTESIAN_POINT('',(115.898249479,56.072225728,-1.));
#7400=CARTESIAN_POINT('',(114.763427472,56.026220302,-2.));
#7401=CARTESIAN_POINT('',(114.874825147,56.095193284,-1.999999998));
#7402=CARTESIAN_POINT('',(114.986178991,56.164139128,-1.973972674));
#7403=CARTESIAN_POINT('',(115.192015053,56.29158458,-1.873786384));
#7404=CARTESIAN_POINT('',(115.286416284,56.350034044,-1.799666838));
#7405=CARTESIAN_POINT('',(115.443956386,56.447576569,-1.614546716));
#7406=CARTESIAN_POINT('',(115.507033271,56.486631252,-1.503618977));
#7407=CARTESIAN_POINT('',(115.59229336,56.539420887,-1.261747882));
#7408=CARTESIAN_POINT('',(115.614443016,56.553135068,-1.130899693));
#7409=CARTESIAN_POINT('',(115.614443016,56.553135068,-1.));
#7410=CARTESIAN_POINT('',(114.323183083,56.673095832,-2.));
#7411=CARTESIAN_POINT('',(114.429807814,56.749081966,-1.999999998));
#7412=CARTESIAN_POINT('',(114.536390592,56.825038203,-1.973972674));
#7413=CARTESIAN_POINT('',(114.733407403,56.96544227,-1.873786384));
#7414=CARTESIAN_POINT('',(114.823763919,57.029834858,-1.799666838));
#7415=CARTESIAN_POINT('',(114.974554058,57.137295479,-1.614546716));
#7416=CARTESIAN_POINT('',(115.034928352,57.180321231,-1.503618977));
#7417=CARTESIAN_POINT('',(115.116535387,57.2384785,-1.261747882));
#7418=CARTESIAN_POINT('',(115.13773602,57.253587134,-1.130899693));
#7419=CARTESIAN_POINT('',(115.13773602,57.253587134,-1.));
#7420=CARTESIAN_POINT('',(114.169516513,56.883953482,-2.));
#7421=CARTESIAN_POINT('',(114.274331436,56.962441151,-1.999999999));
#7422=CARTESIAN_POINT('',(114.379105119,57.040897939,-1.973972675));
#7423=CARTESIAN_POINT('',(114.572777842,57.185924241,-1.873786386));
#7424=CARTESIAN_POINT('',(114.661600682,57.252436694,-1.79966684));
#7425=CARTESIAN_POINT('',(114.809831367,57.36343502,-1.614546718));
#7426=CARTESIAN_POINT('',(114.86918089,57.40787722,-1.503618979));
#7427=CARTESIAN_POINT('',(114.949402759,57.467949081,-1.261747883));
#7428=CARTESIAN_POINT('',(114.97024354,57.483555106,-1.130899693));
#7429=CARTESIAN_POINT('',(114.97024354,57.483555106,-1.));
#7430=CARTESIAN_POINT('',(113.845327074,57.294053033,-2.));
#7431=CARTESIAN_POINT('',(113.945890023,57.377919447,-1.999999999));
#7432=CARTESIAN_POINT('',(114.046413406,57.461752864,-1.973972675));
#7433=CARTESIAN_POINT('',(114.232229507,57.61671779,-1.873786386));
#7434=CARTESIAN_POINT('',(114.317449116,57.687788329,-1.79966684));
#7435=CARTESIAN_POINT('',(114.459666603,57.806393349,-1.614546718));
#7436=CARTESIAN_POINT('',(114.516608525,57.853881164,-1.503618979));
#7437=CARTESIAN_POINT('',(114.593576074,57.918069739,-1.261747883));
#7438=CARTESIAN_POINT('',(114.613571418,57.934745242,-1.130899693));
#7439=CARTESIAN_POINT('',(114.613571418,57.934745242,-1.));
#7440=CARTESIAN_POINT('',(113.674569932,57.493583336,-2.));
#7441=CARTESIAN_POINT('',(113.772687969,57.580332466,-1.999999856));
#7442=CARTESIAN_POINT('',(113.870767382,57.667047441,-1.973972425));
#7443=CARTESIAN_POINT('',(114.052065823,57.827338864,-1.873786007));
#7444=CARTESIAN_POINT('',(114.135213518,57.900852244,-1.799666438));
#7445=CARTESIAN_POINT('',(114.273973321,58.023533949,-1.614546344));
#7446=CARTESIAN_POINT('',(114.329530832,58.072654004,-1.503618654));
#7447=CARTESIAN_POINT('',(114.404627104,58.139048839,-1.261747701));
#7448=CARTESIAN_POINT('',(114.424136316,58.156297495,-1.130899602));
#7449=CARTESIAN_POINT('',(114.424136331,58.156297479,-1.));
#7450=CARTESIAN_POINT('',(113.312962722,57.876911799,-2.));
#7451=CARTESIAN_POINT('',(113.405281717,57.969808319,-1.999999854));
#7452=CARTESIAN_POINT('',(113.497564369,58.062668267,-1.973972423));
#7453=CARTESIAN_POINT('',(113.668147577,58.23431859,-1.873786004));
#7454=CARTESIAN_POINT('',(113.746381015,58.313041428,-1.799666435));
#7455=CARTESIAN_POINT('',(113.87693973,58.444416862,-1.614546341));
#7456=CARTESIAN_POINT('',(113.929213638,58.497017768,-1.503618652));
#7457=CARTESIAN_POINT('',(113.999871507,58.568117623,-1.261747699));
#7458=CARTESIAN_POINT('',(114.018227668,58.586588597,-1.130899601));
#7459=CARTESIAN_POINT('',(114.018227677,58.586588589,-1.));
#7460=CARTESIAN_POINT('',(113.123964759,58.05876096,-2.));
#7461=CARTESIAN_POINT('',(113.212957695,58.154893119,-2.));
#7462=CARTESIAN_POINT('',(113.301915617,58.250987455,-1.973972677));
#7463=CARTESIAN_POINT('',(113.466353122,58.428616523,-1.873786388));
#7464=CARTESIAN_POINT('',(113.541768007,58.510081367,-1.799666842));
#7465=CARTESIAN_POINT('',(113.667623025,58.64603277,-1.61454672));
#7466=CARTESIAN_POINT('',(113.718013639,58.700465839,-1.50361898));
#7467=CARTESIAN_POINT('',(113.786125884,58.774042208,-1.261747884));
#7468=CARTESIAN_POINT('',(113.803820715,58.79315656,-1.130899694));
#7469=CARTESIAN_POINT('',(113.803820715,58.79315656,-1.));
#7470=CARTESIAN_POINT('',(112.726310115,58.398912389,-2.));
#7471=CARTESIAN_POINT('',(112.807493315,58.50172495,-2.));
#7472=CARTESIAN_POINT('',(112.888644573,58.604497059,-1.973972677));
#7473=CARTESIAN_POINT('',(113.038651567,58.794469902,-1.873786388));
#7474=CARTESIAN_POINT('',(113.107448282,58.881595889,-1.799666842));
#7475=CARTESIAN_POINT('',(113.222258664,59.026994808,-1.61454672));
#7476=CARTESIAN_POINT('',(113.268227159,59.085210531,-1.50361898));
#7477=CARTESIAN_POINT('',(113.330362091,59.163899859,-1.261747884));
#7478=CARTESIAN_POINT('',(113.34650408,59.184342503,-1.130899694));
#7479=CARTESIAN_POINT('',(113.34650408,59.184342503,-1.));
#7480=CARTESIAN_POINT('',(112.517677223,58.557243149,-2.));
#7481=CARTESIAN_POINT('',(112.594372888,58.663502698,-1.999998349));
#7482=CARTESIAN_POINT('',(112.671038167,58.769720188,-1.973969799));
#7483=CARTESIAN_POINT('',(112.812752651,58.966061519,-1.873782027));
#7484=CARTESIAN_POINT('',(112.8777461,59.056108111,-1.799662224));
#7485=CARTESIAN_POINT('',(112.986209335,59.20638096,-1.61454242));
#7486=CARTESIAN_POINT('',(113.029636446,59.266548094,-1.503615254));
#7487=CARTESIAN_POINT('',(113.088336149,59.347875145,-1.261745784));
#7488=CARTESIAN_POINT('',(113.103585645,59.369003065,-1.130898643));
#7489=CARTESIAN_POINT('',(113.103585553,59.369003136,-1.));
#7490=CARTESIAN_POINT('',(112.186596039,58.773021257,-2.));
#7491=CARTESIAN_POINT('',(112.255457747,58.884386591,-1.999998363));
#7492=CARTESIAN_POINT('',(112.324292152,58.995707857,-1.973969823));
#7493=CARTESIAN_POINT('',(112.451531352,59.201483458,-1.873782064));
#7494=CARTESIAN_POINT('',(112.509886085,59.295856832,-1.799662263));
#7495=CARTESIAN_POINT('',(112.607270358,59.453350388,-1.614542457));
#7496=CARTESIAN_POINT('',(112.646261582,59.516408605,-1.503615286));
#7497=CARTESIAN_POINT('',(112.698965287,59.601643527,-1.261745802));
#7498=CARTESIAN_POINT('',(112.712657033,59.623786697,-1.130898652));
#7499=CARTESIAN_POINT('',(112.712656835,59.623786821,-1.));
#7500=CARTESIAN_POINT('',(112.073095158,58.841313048,-2.));
#7501=CARTESIAN_POINT('',(112.139157917,58.954368604,-1.999999034));
#7502=CARTESIAN_POINT('',(112.205194612,59.0673795,-1.973970993));
#7503=CARTESIAN_POINT('',(112.327262488,59.276278397,-1.873783838));
#7504=CARTESIAN_POINT('',(112.383245642,59.372084208,-1.799664141));
#7505=CARTESIAN_POINT('',(112.476672319,59.531968221,-1.614544205));
#7506=CARTESIAN_POINT('',(112.514079085,59.595983516,-1.503616801));
#7507=CARTESIAN_POINT('',(112.564641332,59.682511978,-1.261746656));
#7508=CARTESIAN_POINT('',(112.57777692,59.7049911,-1.130899079));
#7509=CARTESIAN_POINT('',(112.577777041,59.70499103,-1.));
#7510=CARTESIAN_POINT('',(111.843113356,58.967901627,-2.));
#7511=CARTESIAN_POINT('',(111.903291995,59.084195985,-1.999999029));
#7512=CARTESIAN_POINT('',(111.963446883,59.200444407,-1.973970983));
#7513=CARTESIAN_POINT('',(112.074642314,59.415327833,-1.873783822));
#7514=CARTESIAN_POINT('',(112.125639106,59.513878292,-1.799664125));
#7515=CARTESIAN_POINT('',(112.210744352,59.678342681,-1.61454419));
#7516=CARTESIAN_POINT('',(112.244819321,59.744191902,-1.503616788));
#7517=CARTESIAN_POINT('',(112.290878001,59.833199275,-1.261746649));
#7518=CARTESIAN_POINT('',(112.302843589,59.856322406,-1.130899075));
#7519=CARTESIAN_POINT('',(112.302843671,59.856322365,-1.));
#7520=CARTESIAN_POINT('',(111.726213096,59.026472383,-2.));
#7521=CARTESIAN_POINT('',(111.783296406,59.14432314,-2.));
#7522=CARTESIAN_POINT('',(111.840357256,59.262127529,-1.973972677));
#7523=CARTESIAN_POINT('',(111.94583346,59.479887335,-1.873786388));
#7524=CARTESIAN_POINT('',(111.994207313,59.579757073,-1.799666842));
#7525=CARTESIAN_POINT('',(112.074935304,59.746423213,-1.61454672));
#7526=CARTESIAN_POINT('',(112.107257679,59.813154038,-1.50361898));
#7527=CARTESIAN_POINT('',(112.150947353,59.903353103,-1.261747884));
#7528=CARTESIAN_POINT('',(112.162297462,59.926785853,-1.130899694));
#7529=CARTESIAN_POINT('',(112.162297462,59.926785853,-1.));
#7530=CARTESIAN_POINT('',(111.36955676,59.187451293,-2.));
#7531=CARTESIAN_POINT('',(111.416943432,59.309678684,-2.));
#7532=CARTESIAN_POINT('',(111.46431146,59.431857985,-1.973972677));
#7533=CARTESIAN_POINT('',(111.551870614,59.657704755,-1.873786388));
#7534=CARTESIAN_POINT('',(111.592027289,59.761283364,-1.799666842));
#7535=CARTESIAN_POINT('',(111.659042164,59.934138999,-1.61454672));
#7536=CARTESIAN_POINT('',(111.685873996,60.003348013,-1.50361898));
#7537=CARTESIAN_POINT('',(111.722142185,60.096896809,-1.261747884));
#7538=CARTESIAN_POINT('',(111.731564271,60.121199783,-1.130899694));
#7539=CARTESIAN_POINT('',(111.731564271,60.121199783,-1.));
#7540=CARTESIAN_POINT('',(111.123830573,59.27509008,-2.));
#7541=CARTESIAN_POINT('',(111.164192514,59.399839062,-1.999999467));
#7542=CARTESIAN_POINT('',(111.204538536,59.524538862,-1.973971748));
#7543=CARTESIAN_POINT('',(111.279117558,59.755044643,-1.873784981));
#7544=CARTESIAN_POINT('',(111.313321215,59.86075993,-1.799665352));
#7545=CARTESIAN_POINT('',(111.370401454,60.037181292,-1.614545333));
#7546=CARTESIAN_POINT('',(111.393255577,60.107817954,-1.503617778));
#7547=CARTESIAN_POINT('',(111.424147128,60.203296481,-1.261747207));
#7548=CARTESIAN_POINT('',(111.432172401,60.22810078,-1.130899355));
#7549=CARTESIAN_POINT('',(111.432172366,60.228100794,-1.));
#7550=CARTESIAN_POINT('',(110.742368116,59.374701508,-2.));
#7551=CARTESIAN_POINT('',(110.771796429,59.502305603,-1.999999473));
#7552=CARTESIAN_POINT('',(110.801213123,59.629859393,-1.973971758));
#7553=CARTESIAN_POINT('',(110.855589425,59.865640735,-1.873784997));
#7554=CARTESIAN_POINT('',(110.880527638,59.973775518,-1.799665369));
#7555=CARTESIAN_POINT('',(110.922145358,60.154234623,-1.614545348));
#7556=CARTESIAN_POINT('',(110.938808491,60.226487942,-1.503617791));
#7557=CARTESIAN_POINT('',(110.961331742,60.324151686,-1.261747214));
#7558=CARTESIAN_POINT('',(110.967182997,60.349523684,-1.130899359));
#7559=CARTESIAN_POINT('',(110.967182916,60.349523703,-1.));
#7560=CARTESIAN_POINT('',(110.612482689,59.402669955,-2.));
#7561=CARTESIAN_POINT('',(110.638187167,59.531074479,-1.999999076));
#7562=CARTESIAN_POINT('',(110.663881524,59.659428296,-1.973971065));
#7563=CARTESIAN_POINT('',(110.711377212,59.896688376,-1.873783946));
#7564=CARTESIAN_POINT('',(110.733159855,60.00550129,-1.799664256));
#7565=CARTESIAN_POINT('',(110.769511552,60.187092028,-1.614544312));
#7566=CARTESIAN_POINT('',(110.784066302,60.259798405,-1.503616894));
#7567=CARTESIAN_POINT('',(110.80373984,60.358074502,-1.261746708));
#7568=CARTESIAN_POINT('',(110.808850887,60.383605555,-1.130899105));
#7569=CARTESIAN_POINT('',(110.808851031,60.383605527,-1.));
#7570=CARTESIAN_POINT('',(110.352961575,59.446987304,-2.));
#7571=CARTESIAN_POINT('',(110.371324883,59.57664543,-1.999999069));
#7572=CARTESIAN_POINT('',(110.389680959,59.706252356,-1.973971053));
#7573=CARTESIAN_POINT('',(110.423611925,59.945828795,-1.873783928));
#7574=CARTESIAN_POINT('',(110.439173465,60.055704046,-1.799664237));
#7575=CARTESIAN_POINT('',(110.465143144,60.239067656,-1.614544295));
#7576=CARTESIAN_POINT('',(110.475541065,60.312483871,-1.503616878));
#7577=CARTESIAN_POINT('',(110.489595845,60.411719455,-1.2617467));
#7578=CARTESIAN_POINT('',(110.493247173,60.437499781,-1.130899101));
#7579=CARTESIAN_POINT('',(110.493247266,60.437499768,-1.));
#7580=CARTESIAN_POINT('',(110.222973457,59.463480178,-2.));
#7581=CARTESIAN_POINT('',(110.237709688,59.593596361,-2.));
#7582=CARTESIAN_POINT('',(110.252440121,59.723661348,-1.973972677));
#7583=CARTESIAN_POINT('',(110.279669125,59.964084703,-1.873786388));
#7584=CARTESIAN_POINT('',(110.292156983,60.074348475,-1.799666842));
#7585=CARTESIAN_POINT('',(110.312997161,60.258360544,-1.61454672));
#7586=CARTESIAN_POINT('',(110.321341281,60.332036441,-1.50361898));
#7587=CARTESIAN_POINT('',(110.332619904,60.431623056,-1.261747884));
#7588=CARTESIAN_POINT('',(110.33554997,60.45749459,-1.130899694));
#7589=CARTESIAN_POINT('',(110.33554997,60.45749459,-1.));
#7590=CARTESIAN_POINT('',(109.832368241,59.497002672,-2.));
#7591=CARTESIAN_POINT('',(109.836474538,59.628031135,-2.));
#7592=CARTESIAN_POINT('',(109.84057922,59.759008045,-1.973972677));
#7593=CARTESIAN_POINT('',(109.848166668,60.001117076,-1.873786388));
#7594=CARTESIAN_POINT('',(109.851646449,60.112153939,-1.799666842));
#7595=CARTESIAN_POINT('',(109.85745363,60.297456169,-1.61454672));
#7596=CARTESIAN_POINT('',(109.859778745,60.371648629,-1.50361898));
#7597=CARTESIAN_POINT('',(109.862921569,60.471933473,-1.261747884));
#7598=CARTESIAN_POINT('',(109.863738041,60.4979864,-1.130899694));
#7599=CARTESIAN_POINT('',(109.863738041,60.4979864,-1.));
#7600=CARTESIAN_POINT('',(109.57110999,59.498068876,-2.));
#7601=CARTESIAN_POINT('',(109.568479711,59.629090264,-2.));
#7602=CARTESIAN_POINT('',(109.565850466,59.760060101,-1.973972677));
#7603=CARTESIAN_POINT('',(109.560990344,60.002156058,-1.873786388));
#7604=CARTESIAN_POINT('',(109.558761378,60.113186924,-1.799666842));
#7605=CARTESIAN_POINT('',(109.555041601,60.298479148,-1.61454672));
#7606=CARTESIAN_POINT('',(109.553552254,60.372667601,-1.50361898));
#7607=CARTESIAN_POINT('',(109.551539126,60.47294703,-1.261747884));
#7608=CARTESIAN_POINT('',(109.551016136,60.49899855,-1.130899694));
#7609=CARTESIAN_POINT('',(109.551016136,60.49899855,-1.));
#7610=CARTESIAN_POINT('',(109.178089383,59.471453077,-2.));
#7611=CARTESIAN_POINT('',(109.166137897,59.601843222,-2.));
#7612=CARTESIAN_POINT('',(109.154191113,59.732182064,-1.973972677));
#7613=CARTESIAN_POINT('',(109.132107646,59.973111637,-1.873786388));
#7614=CARTESIAN_POINT('',(109.121979651,60.083607573,-1.799666842));
#7615=CARTESIAN_POINT('',(109.105077697,60.268007084,-1.61454672));
#7616=CARTESIAN_POINT('',(109.098310388,60.341838108,-1.50361898));
#7617=CARTESIAN_POINT('',(109.089163116,60.441634405,-1.261747884));
#7618=CARTESIAN_POINT('',(109.086786753,60.467560412,-1.130899694));
#7619=CARTESIAN_POINT('',(109.086786753,60.467560412,-1.));
#7620=CARTESIAN_POINT('',(109.046421025,59.457798262,-2.));
#7621=CARTESIAN_POINT('',(109.031479765,59.587873757,-2.));
#7622=CARTESIAN_POINT('',(109.016544383,59.717898073,-1.973972677));
#7623=CARTESIAN_POINT('',(108.988936535,59.958246248,-1.873786388));
#7624=CARTESIAN_POINT('',(108.97627493,60.068475541,-1.799666842));
#7625=CARTESIAN_POINT('',(108.955144797,60.25243007,-1.61454672));
#7626=CARTESIAN_POINT('',(108.946684583,60.326082928,-1.50361898));
#7627=CARTESIAN_POINT('',(108.935249038,60.425638402,-1.261747884));
#7628=CARTESIAN_POINT('',(108.932278206,60.451501847,-1.130899694));
#7629=CARTESIAN_POINT('',(108.932278206,60.451501847,-1.));
#7630=CARTESIAN_POINT('',(108.785583265,59.422060148,-2.));
#7631=CARTESIAN_POINT('',(108.764986672,59.55136079,-2.));
#7632=CARTESIAN_POINT('',(108.744398183,59.680610558,-1.973972677));
#7633=CARTESIAN_POINT('',(108.706340641,59.919526991,-1.873786388));
#7634=CARTESIAN_POINT('',(108.688886563,60.029099653,-1.799666842));
#7635=CARTESIAN_POINT('',(108.659758581,60.211958375,-1.61454672));
#7636=CARTESIAN_POINT('',(108.648096139,60.285172487,-1.50361898));
#7637=CARTESIAN_POINT('',(108.632332189,60.384134914,-1.261747884));
#7638=CARTESIAN_POINT('',(108.628236884,60.409844291,-1.130899694));
#7639=CARTESIAN_POINT('',(108.628236884,60.409844291,-1.));
#7640=CARTESIAN_POINT('',(108.656383112,59.400020766,-2.));
#7641=CARTESIAN_POINT('',(108.633118619,59.528862176,-2.));
#7642=CARTESIAN_POINT('',(108.60986328,59.657652892,-1.973972676));
#7643=CARTESIAN_POINT('',(108.566876102,59.895720774,-1.873786388));
#7644=CARTESIAN_POINT('',(108.547161178,60.004904271,-1.799666842));
#7645=CARTESIAN_POINT('',(108.514260217,60.187113539,-1.614546719));
#7646=CARTESIAN_POINT('',(108.501087125,60.260067619,-1.50361898));
#7647=CARTESIAN_POINT('',(108.483281253,60.358678565,-1.261747884));
#7648=CARTESIAN_POINT('',(108.478655479,60.384296631,-1.130899694));
#7649=CARTESIAN_POINT('',(108.478655479,60.384296631,-1.));
#7650=CARTESIAN_POINT('',(108.272029324,59.322792924,-2.));
#7651=CARTESIAN_POINT('',(108.241199781,59.450114295,-2.));
#7652=CARTESIAN_POINT('',(108.210382369,59.577385571,-1.973972676));
#7653=CARTESIAN_POINT('',(108.153416803,59.812644789,-1.873786388));
#7654=CARTESIAN_POINT('',(108.127291063,59.920540166,-1.799666842));
#7655=CARTESIAN_POINT('',(108.083691506,60.100599776,-1.614546719));
#7656=CARTESIAN_POINT('',(108.066234845,60.172693163,-1.50361898));
#7657=CARTESIAN_POINT('',(108.042638935,60.270140721,-1.261747884));
#7658=CARTESIAN_POINT('',(108.03650897,60.295456552,-1.130899694));
#7659=CARTESIAN_POINT('',(108.03650897,60.295456552,-1.));
#7660=CARTESIAN_POINT('',(108.020104983,59.256554233,-2.));
#7661=CARTESIAN_POINT('',(107.984816317,59.382677228,-1.999999999));
#7662=CARTESIAN_POINT('',(107.949541535,59.508750599,-1.973972675));
#7663=CARTESIAN_POINT('',(107.884336582,59.741795506,-1.873786386));
#7664=CARTESIAN_POINT('',(107.854432066,59.848675349,-1.79966684));
#7665=CARTESIAN_POINT('',(107.804526355,60.027040199,-1.614546718));
#7666=CARTESIAN_POINT('',(107.784544796,60.098455026,-1.503618979));
#7667=CARTESIAN_POINT('',(107.75753602,60.194985387,-1.261747883));
#7668=CARTESIAN_POINT('',(107.75051943,60.22006294,-1.130899693));
#7669=CARTESIAN_POINT('',(107.75051943,60.22006294,-1.));
#7670=CARTESIAN_POINT('',(107.523228562,59.100218673,-2.));
#7671=CARTESIAN_POINT('',(107.479943039,59.223825563,-1.999999999));
#7672=CARTESIAN_POINT('',(107.436674547,59.34738382,-1.973972675));
#7673=CARTESIAN_POINT('',(107.356693329,59.575779571,-1.873786386));
#7674=CARTESIAN_POINT('',(107.320012073,59.680527203,-1.79966684));
#7675=CARTESIAN_POINT('',(107.258797099,59.855333743,-1.614546718));
#7676=CARTESIAN_POINT('',(107.234287467,59.925323873,-1.503618979));
#7677=CARTESIAN_POINT('',(107.201158162,60.019928491,-1.261747883));
#7678=CARTESIAN_POINT('',(107.192551524,60.044505756,-1.130899693));
#7679=CARTESIAN_POINT('',(107.192551524,60.044505756,-1.));
#7680=CARTESIAN_POINT('',(107.278283801,59.01009676,-2.));
#7681=CARTESIAN_POINT('',(107.231459077,59.132383642,-2.));
#7682=CARTESIAN_POINT('',(107.184652776,59.254622409,-1.973972677));
#7683=CARTESIAN_POINT('',(107.098131968,59.480579104,-1.873786388));
#7684=CARTESIAN_POINT('',(107.058451502,59.584208127,-1.799666842));
#7685=CARTESIAN_POINT('',(106.992231342,59.757147894,-1.61454672));
#7686=CARTESIAN_POINT('',(106.965717703,59.826390594,-1.50361898));
#7687=CARTESIAN_POINT('',(106.92987961,59.919984921,-1.261747884));
#7688=CARTESIAN_POINT('',(106.920569258,59.944299724,-1.130899694));
#7689=CARTESIAN_POINT('',(106.920569258,59.944299724,-1.));
#7690=CARTESIAN_POINT('',(106.794207949,58.809959296,-2.));
#7691=CARTESIAN_POINT('',(106.741005664,58.929609424,-2.));
#7692=CARTESIAN_POINT('',(106.687824312,59.049212475,-1.973972677));
#7693=CARTESIAN_POINT('',(106.589519307,59.270297084,-1.873786388));
#7694=CARTESIAN_POINT('',(106.544434334,59.371691655,-1.799666842));
#7695=CARTESIAN_POINT('',(106.469194941,59.540902489,-1.61454672));
#7696=CARTESIAN_POINT('',(106.439070125,59.608652175,-1.50361898));
#7697=CARTESIAN_POINT('',(106.398350859,59.700228419,-1.261747884));
#7698=CARTESIAN_POINT('',(106.38777243,59.724018945,-1.130899694));
#7699=CARTESIAN_POINT('',(106.38777243,59.724018945,-1.));
#7700=CARTESIAN_POINT('',(106.554878004,58.699770889,-2.));
#7701=CARTESIAN_POINT('',(106.498836512,58.818101814,-2.));
#7702=CARTESIAN_POINT('',(106.442817071,58.93638618,-1.973972676));
#7703=CARTESIAN_POINT('',(106.339265897,59.15503322,-1.873786388));
#7704=CARTESIAN_POINT('',(106.291774908,59.255309864,-1.799666842));
#7705=CARTESIAN_POINT('',(106.212520271,59.422655063,-1.61454672));
#7706=CARTESIAN_POINT('',(106.180787807,59.489657774,-1.50361898));
#7707=CARTESIAN_POINT('',(106.137895506,59.580224343,-1.261747884));
#7708=CARTESIAN_POINT('',(106.126752547,59.603752566,-1.130899694));
#7709=CARTESIAN_POINT('',(106.126752547,59.603752566,-1.));
#7710=CARTESIAN_POINT('',(106.086109462,58.465133318,-2.));
#7711=CARTESIAN_POINT('',(106.024969518,58.580912262,-2.));
#7712=CARTESIAN_POINT('',(105.963853629,58.696645651,-1.973972676));
#7713=CARTESIAN_POINT('',(105.850881742,58.910577243,-1.873786388));
#7714=CARTESIAN_POINT('',(105.799070193,59.008691272,-1.799666842));
#7715=CARTESIAN_POINT('',(105.712605254,59.172427424,-1.61454672));
#7716=CARTESIAN_POINT('',(105.677985884,59.237985123,-1.50361898));
#7717=CARTESIAN_POINT('',(105.631191396,59.32659849,-1.261747884));
#7718=CARTESIAN_POINT('',(105.61903469,59.349619292,-1.130899694));
#7719=CARTESIAN_POINT('',(105.61903469,59.349619292,-1.));
#7720=CARTESIAN_POINT('',(105.855961576,58.34040445,-2.));
#7721=CARTESIAN_POINT('',(105.792552808,58.454945809,-1.999999998));
#7722=CARTESIAN_POINT('',(105.729168989,58.569442101,-1.973972674));
#7723=CARTESIAN_POINT('',(105.612004863,58.781086934,-1.873786384));
#7724=CARTESIAN_POINT('',(105.558270655,58.878152203,-1.799666837));
#7725=CARTESIAN_POINT('',(105.468597116,59.040138145,-1.614546715));
#7726=CARTESIAN_POINT('',(105.432693067,59.104995084,-1.503618976));
#7727=CARTESIAN_POINT('',(105.384162097,59.192661244,-1.261747882));
#7728=CARTESIAN_POINT('',(105.371554271,59.215435972,-1.130899693));
#7729=CARTESIAN_POINT('',(105.371554271,59.215435972,-1.));
#7730=CARTESIAN_POINT('',(105.601010575,58.193148435,-2.));
#7731=CARTESIAN_POINT('',(105.53528309,58.306350537,-1.999999998));
#7732=CARTESIAN_POINT('',(105.469581467,58.419508098,-1.973972674));
#7733=CARTESIAN_POINT('',(105.348132912,58.628678307,-1.873786384));
#7734=CARTESIAN_POINT('',(105.292433765,58.724608655,-1.799666837));
#7735=CARTESIAN_POINT('',(105.199481065,58.884700601,-1.614546715));
#7736=CARTESIAN_POINT('',(105.162264085,58.94879921,-1.503618976));
#7737=CARTESIAN_POINT('',(105.111958447,59.035440347,-1.261747882));
#7738=CARTESIAN_POINT('',(105.098889581,59.057948785,-1.130899693));
#7739=CARTESIAN_POINT('',(105.098889581,59.057948785,-1.));
#7740=CARTESIAN_POINT('',(105.572738038,58.176689837,-2.));
#7741=CARTESIAN_POINT('',(105.506756197,58.289743855,-1.999999998));
#7742=CARTESIAN_POINT('',(105.440800316,58.40275339,-1.973972673));
#7743=CARTESIAN_POINT('',(105.318881771,58.611649976,-1.873786383));
#7744=CARTESIAN_POINT('',(105.262967076,58.707454833,-1.799666837));
#7745=CARTESIAN_POINT('',(105.169654662,58.867337358,-1.614546715));
#7746=CARTESIAN_POINT('',(105.132293657,58.931352117,-1.503618976));
#7747=CARTESIAN_POINT('',(105.081793343,59.017879915,-1.261747882));
#7748=CARTESIAN_POINT('',(105.068673903,59.040358909,-1.130899693));
#7749=CARTESIAN_POINT('',(105.068673903,59.040358909,-1.));
#7750=CARTESIAN_POINT('',(105.532449767,58.153056029,-2.));
#7751=CARTESIAN_POINT('',(105.466109289,58.265899664,-1.999999998));
#7752=CARTESIAN_POINT('',(105.399794913,58.3786989,-1.973972673));
#7753=CARTESIAN_POINT('',(105.277213693,58.587206749,-1.873786383));
#7754=CARTESIAN_POINT('',(105.220995079,58.682833323,-1.799666837));
#7755=CARTESIAN_POINT('',(105.127175476,58.842418321,-1.614546715));
#7756=CARTESIAN_POINT('',(105.089611399,58.906313955,-1.503618976));
#7757=CARTESIAN_POINT('',(105.038836596,58.992680733,-1.261747882));
#7758=CARTESIAN_POINT('',(105.025645846,59.015117896,-1.130899693));
#7759=CARTESIAN_POINT('',(105.025645846,59.015117896,-1.));
#7760=CARTESIAN_POINT('',(105.520392011,58.145954323,-2.));
#7761=CARTESIAN_POINT('',(105.453893855,58.258705017,-1.999999999));
#7762=CARTESIAN_POINT('',(105.387421863,58.371411347,-1.973972676));
#7763=CARTESIAN_POINT('',(105.264549293,58.579747463,-1.873786387));
#7764=CARTESIAN_POINT('',(105.20819706,58.675295276,-1.799666841));
#7765=CARTESIAN_POINT('',(105.114154466,58.834748836,-1.614546719));
#7766=CARTESIAN_POINT('',(105.076501107,58.898591843,-1.503618979));
#7767=CARTESIAN_POINT('',(105.025605622,58.984887488,-1.261747884));
#7768=CARTESIAN_POINT('',(105.012383521,59.007306171,-1.130899694));
#7769=CARTESIAN_POINT('',(105.012383521,59.007306171,-1.));
#7770=CARTESIAN_POINT('',(105.508340018,58.138842537,-2.));
#7771=CARTESIAN_POINT('',(105.441798527,58.251567681,-2.));
#7772=CARTESIAN_POINT('',(105.375283217,58.364248472,-1.973972676));
#7773=CARTESIAN_POINT('',(105.252330574,58.572537378,-1.873786388));
#7774=CARTESIAN_POINT('',(105.195941618,58.66806354,-1.799666842));
#7775=CARTESIAN_POINT('',(105.101837739,58.827480966,-1.61454672));
#7776=CARTESIAN_POINT('',(105.064159842,58.891309507,-1.50361898));
#7777=CARTESIAN_POINT('',(105.01323119,58.977585597,-1.261747884));
#7778=CARTESIAN_POINT('',(105.000000472,58.9999992,-1.130899694));
#7779=CARTESIAN_POINT('',(105.000000472,58.9999992,-1.));
#7780=B_SPLINE_SURFACE_WITH_KNOTS('',3,3,((#7300,#7301,#7302,#7303,#7304,#7305,#7306,#7307,#7308,#7309),(#7310,#7311,#7312,#7313,#7314,#7315,#7316,#7317,#7318,#7319),(#7320,#7321,#7322,#7323,#7324,#7325,#7326,#7327,#7328,#7329),(#7330,#7331,#7332,#7333,#7334,#7335,#7336,#7337,#7338,#7339),(#7340,#7341,#7342,#7343,#7344,#7345,#7346,#7347,#7348,#7349),(#7350,#7351,#7352,#7353,#7354,#7355,#7356,#7357,#7358,#7359),(#7360,#7361,#7362,#7363,#7364,#7365,#7366,#7367,#7368,#7369),(#7370,#7371,#7372,#7373,#7374,#7375,#7376,#7377,#7378,#7379),(#7380,#7381,#7382,#7383,#7384,#7385,#7386,#7387,#7388,#7389),(#7390,#7391,#7392,#7393,#7394,#7395,#7396,#7397,#7398,#7399),(#7400,#7401,#7402,#7403,#7404,#7405,#7406,#7407,#7408,#7409),(#7410,#7411,#7412,#7413,#7414,#7415,#7416,#7417,#7418,#7419),(#7420,#7421,#7422,#7423,#7424,#7425,#7426,#7427,#7428,#7429),(#7430,#7431,#7432,#7433,#7434,#7435,#7436,#7437,#7438,#7439),(#7440,#7441,#7442,#7443,#7444,#7445,#7446,#7447,#7448,#7449),(#7450,#7451,#7452,#7453,#7454,#7455,#7456,#7457,#7458,#7459),(#7460,#7461,#7462,#7463,#7464,#7465,#7466,#7467,#7468,#7469),(#7470,#7471,#7472,#7473,#7474,#7475,#7476,#7477,#7478,#7479),(#7480,#7481,#7482,#7483,#7484,#7485,#7486,#7487,#7488,#7489),(#7490,#7491,#7492,#7493,#7494,#7495,#7496,#7497,#7498,#7499),(#7500,#7501,#7502,#7503,#7504,#7505,#7506,#7507,#7508,#7509),(#7510,#7511,#7512,#7513,#7514,#7515,#7516,#7517,#7518,#7519),(#7520,#7521,#7522,#7523,#7524,#7525,#7526,#7527,#7528,#7529),(#7530,#7531,#7532,#7533,#7534,#7535,#7536,#7537,#7538,#7539),(#7540,#7541,#7542,#7543,#7544,#7545,#7546,#7547,#7548,#7549),(#7550,#7551,#7552,#7553,#7554,#7555,#7556,#7557,#7558,#7559),
(#7560,#7561,#7562,#7563,#7564,#7565,#7566,#7567,#7568,#7569),(#7570,#7571,#7572,#7573,#7574,#7575,#7576,#7577,#7578,#7579),(#7580,#7581,#7582,#7583,#7584,#7585,#7586,#7587,#7588,#7589),(#7590,#7591,#7592,#7593,#7594,#7595,#7596,#7597,#7598,#7599),(#7600,#7601,#7602,#7603,#7604,#7605,#7606,#7607,#7608,#7609),(#7610,#7611,#7612,#7613,#7614,#7615,#7616,#7617,#7618,#7619),(#7620,#7621,#7622,#7623,#7624,#7625,#7626,#7627,#7628,#7629),(#7630,#7631,#7632,#7633,#7634,#7635,#7636,#7637,#7638,#7639),(#7640,#7641,#7642,#7643,#7644,#7645,#7646,#7647,#7648,#7649),(#7650,#7651,#7652,#7653,#7654,#7655,#7656,#7657,#7658,#7659),(#7660,#7661,#7662,#7663,#7664,#7665,#7666,#7667,#7668,#7669),(#7670,#7671,#7672,#7673,#7674,#7675,#7676,#7677,#7678,#7679),(#7680,#7681,#7682,#7683,#7684,#7685,#7686,#7687,#7688,#7689),(#7690,#7691,#7692,#7693,#7694,#7695,#7696,#7697,#7698,#7699),(#7700,#7701,#7702,#7703,#7704,#7705,#7706,#7707,#7708,#7709),(#7710,#7711,#7712,#7713,#7714,#7715,#7716,#7717,#7718,#7719),(#7720,#7721,#7722,#7723,#7724,#7725,#7726,#7727,#7728,#7729),(#7730,#7731,#7732,#7733,#7734,#7735,#7736,#7737,#7738,#7739),(#7740,#7741,#7742,#7743,#7744,#7745,#7746,#7747,#7748,#7749),(#7750,#7751,#7752,#7753,#7754,#7755,#7756,#7757,#7758,#7759),(#7760,#7761,#7762,#7763,#7764,#7765,#7766,#7767,#7768,#7769),(#7770,#7771,#7772,#7773,#7774,#7775,#7776,#7777,#7778,#7779)),.UNSPECIFIED.,.F.,.F.,.U.,(4,2,2,2,2,2,2,2,2,2,2,2,2,2,2,2,2,2,2,2,2,2,2,4),(4,2,2,2,4),(0.111002582,0.111051033,0.112623113,0.114195193,0.115767273,0.117339353,0.118125393,0.118911433,0.119697473,0.120483513,0.120876533,0.121269553,0.122055592,0.122448612,0.122841632,0.123627672,0.124020692,0.124413712,0.125199752,0.125985792,0.126771832,0.127557872,0.127656127,0.127698154),(0.,0.25,0.5,0.75,1.),.UNSPECIFIED.);
#7781=ORIENTED_EDGE('',*,*,#6765,.T.);
#7782=ORIENTED_EDGE('',*,*,#5288,.F.);
#7783=CARTESIAN_POINT('',(105.,59.,-1.));
#7784=CARTESIAN_POINT('',(105.,59.,-1.066068693));
#7785=CARTESIAN_POINT('',(105.003603343,58.994598578,-1.131031263));
#7786=CARTESIAN_POINT('',(105.010661044,58.984016888,-1.194933134));
#7787=CARTESIAN_POINT('',(105.017718745,58.973435198,-1.258835005));
#7788=CARTESIAN_POINT('',(105.028402678,58.957415484,-1.322339399));
#7789=CARTESIAN_POINT('',(105.042342029,58.936507428,-1.382877921));
#7790=CARTESIAN_POINT('',(105.056281379,58.915599371,-1.443416443));
#7791=CARTESIAN_POINT('',(105.073337594,58.890010809,-1.500838663));
#7792=CARTESIAN_POINT('',(105.093477222,58.859782583,-1.555173695));
#7793=CARTESIAN_POINT('',(105.113616849,58.829554356,-1.609508726));
#7794=CARTESIAN_POINT('',(105.137049516,58.794371297,-1.660947739));
#7795=CARTESIAN_POINT('',(105.162628056,58.755944829,-1.707046997));
#7796=CARTESIAN_POINT('',(105.213785137,58.679091892,-1.799245513));
#7797=CARTESIAN_POINT('',(105.275585809,58.586167219,-1.873703873));
#7798=CARTESIAN_POINT('',(105.342155632,58.485922716,-1.923582099));
#7799=CARTESIAN_POINT('',(105.408725455,58.385678213,-1.973460326));
#7800=CARTESIAN_POINT('',(105.481411671,58.276072788,-2.000000018));
#7801=CARTESIAN_POINT('',(105.554368574,58.165908828,-2.));
#7802=B_SPLINE_CURVE_WITH_KNOTS('',3,(#7783,#7784,#7785,#7786,#7787,#7788,#7789,#7790,#7791,#7792,#7793,#7794,#7795,#7796,#7797,#7798,#7799,#7800,#7801),.UNSPECIFIED.,.F.,.F.,(4,3,3,3,3,3,4),(0.,0.000195391,0.000390782,0.000586173,0.000781565,0.001172347,0.001563129),.UNSPECIFIED.);
#7803=EDGE_CURVE('',#4385,#5198,#7802,.T.);
#7804=ORIENTED_EDGE('',*,*,#7803,.F.);
#7805=ORIENTED_EDGE('',*,*,#4510,.T.);
#7806=EDGE_LOOP('',(#7781,#7782,#7804,#7805));
#7807=FACE_BOUND('',#7806,.T.);
#7808=ADVANCED_FACE('',(#7807),#7780,.T.);
#7809=CARTESIAN_POINT('',(129.147341948,10.477516291,-2.));
#7810=CARTESIAN_POINT('',(129.258953819,10.545908751,-2.000000019));
#7811=CARTESIAN_POINT('',(129.370521778,10.614274303,-1.973972709));
#7812=CARTESIAN_POINT('',(129.576753632,10.740647096,-1.873786437));
#7813=CARTESIAN_POINT('',(129.671336384,10.798604614,-1.799666894));
#7814=CARTESIAN_POINT('',(129.829179417,10.895326164,-1.614546768));
#7815=CARTESIAN_POINT('',(129.892377593,10.93405214,-1.503619022));
#7816=CARTESIAN_POINT('',(129.977801628,10.986397466,-1.261747908));
#7817=CARTESIAN_POINT('',(129.999993877,10.99999622,-1.130899706));
#7818=CARTESIAN_POINT('',(129.999993878,10.999996219,-1.));
#7819=CARTESIAN_POINT('',(129.139119454,10.490938586,-2.));
#7820=CARTESIAN_POINT('',(129.250740939,10.559315342,-2.00000002));
#7821=CARTESIAN_POINT('',(129.362318509,10.627665196,-1.973972711));
#7822=CARTESIAN_POINT('',(129.56856813,10.754008971,-1.873786441));
#7823=CARTESIAN_POINT('',(129.66315903,10.811953181,-1.799666898));
#7824=CARTESIAN_POINT('',(129.82101566,10.908652522,-1.614546772));
#7825=CARTESIAN_POINT('',(129.884219281,10.947369605,-1.503619025));
#7826=CARTESIAN_POINT('',(129.969650675,10.999702912,-1.26174791));
#7827=CARTESIAN_POINT('',(129.991844836,11.013298543,-1.130899707));
#7828=CARTESIAN_POINT('',(129.991844836,11.013298542,-1.));
#7829=CARTESIAN_POINT('',(129.130899784,10.504362433,-2.));
#7830=CARTESIAN_POINT('',(129.242534827,10.572717036,-2.000000021));
#7831=CARTESIAN_POINT('',(129.35412595,10.641044747,-1.973972713));
#7832=CARTESIAN_POINT('',(129.560400623,10.76734759,-1.873786443));
#7833=CARTESIAN_POINT('',(129.655003013,10.825273028,-1.7996669));
#7834=CARTESIAN_POINT('',(129.812878818,10.921941042,-1.614546774));
#7835=CARTESIAN_POINT('',(129.876090116,10.960645583,-1.503619027));
#7836=CARTESIAN_POINT('',(129.961531888,11.012961934,-1.261747911));
#7837=CARTESIAN_POINT('',(129.983728744,11.026553161,-1.130899707));
#7838=CARTESIAN_POINT('',(129.983728745,11.02655316,-1.));
#7839=CARTESIAN_POINT('',(129.082272753,10.583828162,-2.));
#7840=CARTESIAN_POINT('',(129.194019592,10.652000069,-2.000000021));
#7841=CARTESIAN_POINT('',(129.305722468,10.720145155,-1.973972713));
#7842=CARTESIAN_POINT('',(129.512203714,10.846110419,-1.873786443));
#7843=CARTESIAN_POINT('',(129.606900843,10.903881036,-1.7996669));
#7844=CARTESIAN_POINT('',(129.764934752,11.000290677,-1.614546774));
#7845=CARTESIAN_POINT('',(129.828209353,11.038891769,-1.503619027));
#7846=CARTESIAN_POINT('',(129.91373669,11.091068291,-1.261747911));
#7847=CARTESIAN_POINT('',(129.935955776,11.104623192,-1.130899707));
#7848=CARTESIAN_POINT('',(129.935955776,11.104623191,-1.));
#7849=CARTESIAN_POINT('',(129.041995685,10.649941576,-2.));
#7850=CARTESIAN_POINT('',(129.153837203,10.717958847,-2.000000668));
#7851=CARTESIAN_POINT('',(129.265634832,10.785949421,-1.97397384));
#7852=CARTESIAN_POINT('',(129.47229135,10.911629131,-1.873788152));
#7853=CARTESIAN_POINT('',(129.567068927,10.969268817,-1.79966871));
#7854=CARTESIAN_POINT('',(129.725237144,11.065459974,-1.614548459));
#7855=CARTESIAN_POINT('',(129.78856555,11.103973598,-1.503620487));
#7856=CARTESIAN_POINT('',(129.874165634,11.156031877,-1.261748733));
#7857=CARTESIAN_POINT('',(129.896403631,11.16955605,-1.130900119));
#7858=CARTESIAN_POINT('',(129.896403647,11.169556025,-1.));
#7859=CARTESIAN_POINT('',(128.680818208,11.245684843,-2.));
#7860=CARTESIAN_POINT('',(128.793510627,11.312298567,-2.000000668));
#7861=CARTESIAN_POINT('',(128.906158824,11.378886145,-1.973973841));
#7862=CARTESIAN_POINT('',(129.114387602,11.501972439,-1.873788153));
#7863=CARTESIAN_POINT('',(129.209886255,11.558422725,-1.799668711));
#7864=CARTESIAN_POINT('',(129.369257825,11.652628972,-1.614548459));
#7865=CARTESIAN_POINT('',(129.433068036,11.690347866,-1.503620488));
#7866=CARTESIAN_POINT('',(129.519319366,11.741331927,-1.261748734));
#7867=CARTESIAN_POINT('',(129.541726547,11.754577033,-1.130900119));
#7868=CARTESIAN_POINT('',(129.541726558,11.754577014,-1.));
#7869=CARTESIAN_POINT('',(128.368804649,11.780193513,-2.));
#7870=CARTESIAN_POINT('',(128.482305398,11.845427952,-2.));
#7871=CARTESIAN_POINT('',(128.595761489,11.910636725,-1.973972677));
#7872=CARTESIAN_POINT('',(128.805483526,12.031174251,-1.873786389));
#7873=CARTESIAN_POINT('',(128.901666956,12.086455579,-1.799666843));
#7874=CARTESIAN_POINT('',(129.062181254,12.178711008,-1.61454672));
#7875=CARTESIAN_POINT('',(129.126448967,12.215648811,-1.503618981));
#7876=CARTESIAN_POINT('',(129.21331868,12.265577089,-1.261747884));
#7877=CARTESIAN_POINT('',(129.235886499,12.27854792,-1.130899694));
#7878=CARTESIAN_POINT('',(129.235886499,12.27854792,-1.));
#7879=CARTESIAN_POINT('',(127.766959092,12.861388366,-2.));
#7880=CARTESIAN_POINT('',(127.882205962,12.923485958,-2.));
#7881=CARTESIAN_POINT('',(127.997407488,12.985559118,-1.973972677));
#7882=CARTESIAN_POINT('',(128.210355937,13.100300508,-1.873786389));
#7883=CARTESIAN_POINT('',(128.308019074,13.152923592,-1.799666843));
#7884=CARTESIAN_POINT('',(128.471002761,13.24074285,-1.61454672));
#7885=CARTESIAN_POINT('',(128.536259183,13.27590447,-1.503618981));
#7886=CARTESIAN_POINT('',(128.624465318,13.32343191,-1.261747884));
#7887=CARTESIAN_POINT('',(128.647380327,13.335779029,-1.130899694));
#7888=CARTESIAN_POINT('',(128.647380327,13.335779029,-1.));
#7889=CARTESIAN_POINT('',(127.477101737,13.408060628,-2.));
#7890=CARTESIAN_POINT('',(127.593285657,13.468402836,-2.));
#7891=CARTESIAN_POINT('',(127.709423863,13.528721302,-1.973972677));
#7892=CARTESIAN_POINT('',(127.924103753,13.640219164,-1.873786388));
#7893=CARTESIAN_POINT('',(128.02256097,13.691354691,-1.799666842));
#7894=CARTESIAN_POINT('',(128.186869844,13.77669146,-1.61454672));
#7895=CARTESIAN_POINT('',(128.252656853,13.810859126,-1.50361898));
#7896=CARTESIAN_POINT('',(128.341580175,13.857043053,-1.261747884));
#7897=CARTESIAN_POINT('',(128.364681501,13.869041142,-1.130899694));
#7898=CARTESIAN_POINT('',(128.364681501,13.869041142,-1.));
#7899=CARTESIAN_POINT('',(126.925452882,14.516813101,-2.));
#7900=CARTESIAN_POINT('',(127.043659627,14.573089656,-2.));
#7901=CARTESIAN_POINT('',(127.161819863,14.629344068,-1.973972677));
#7902=CARTESIAN_POINT('',(127.380237448,14.733329582,-1.873786388));
#7903=CARTESIAN_POINT('',(127.480408859,14.78101977,-1.799666842));
#7904=CARTESIAN_POINT('',(127.647578441,14.860606837,-1.61454672));
#7905=CARTESIAN_POINT('',(127.714510838,14.892472402,-1.50361898));
#7906=CARTESIAN_POINT('',(127.804982364,14.935544613,-1.261747884));
#7907=CARTESIAN_POINT('',(127.828485896,14.946734311,-1.130899694));
#7908=CARTESIAN_POINT('',(127.828485896,14.946734311,-1.));
#7909=CARTESIAN_POINT('',(126.663561446,15.079088218,-2.));
#7910=CARTESIAN_POINT('',(126.782855462,15.133055217,-2.));
#7911=CARTESIAN_POINT('',(126.902102541,15.187000983,-1.973972677));
#7912=CARTESIAN_POINT('',(127.12252914,15.286718996,-1.873786388));
#7913=CARTESIAN_POINT('',(127.223621932,15.332452008,-1.799666842));
#7914=CARTESIAN_POINT('',(127.392329147,15.408772871,-1.61454672));
#7915=CARTESIAN_POINT('',(127.459877191,15.439330693,-1.50361898));
#7916=CARTESIAN_POINT('',(127.551180878,15.480635246,-1.261747884));
#7917=CARTESIAN_POINT('',(127.574900597,15.491365726,-1.130899694));
#7918=CARTESIAN_POINT('',(127.574900597,15.491365726,-1.));
#7919=CARTESIAN_POINT('',(126.299924423,15.933880341,-2.));
#7920=CARTESIAN_POINT('',(126.420957297,15.98375985,-2.));
#7921=CARTESIAN_POINT('',(126.541942551,16.033619734,-1.973972677));
#7922=CARTESIAN_POINT('',(126.765582142,16.125785049,-1.873786388));
#7923=CARTESIAN_POINT('',(126.868148488,16.168054218,-1.799666842));
#7924=CARTESIAN_POINT('',(127.039314821,16.238594496,-1.61454672));
#7925=CARTESIAN_POINT('',(127.107847462,16.266837852,-1.50361898));
#7926=CARTESIAN_POINT('',(127.200482014,16.305013975,-1.261747884));
#7927=CARTESIAN_POINT('',(127.224547477,16.314931723,-1.130899694));
#7928=CARTESIAN_POINT('',(127.224547477,16.314931723,-1.));
#7929=CARTESIAN_POINT('',(126.183533383,16.22084112,-2.));
#7930=CARTESIAN_POINT('',(126.305164763,16.269252048,-2.000000854));
#7931=CARTESIAN_POINT('',(126.426748442,16.317643993,-1.973974166));
#7932=CARTESIAN_POINT('',(126.651494377,16.407095917,-1.873788646));
#7933=CARTESIAN_POINT('',(126.754568205,16.448120699,-1.799669233));
#7934=CARTESIAN_POINT('',(126.926581504,16.516584335,-1.614548945));
#7935=CARTESIAN_POINT('',(126.995453295,16.543996252,-1.503620909));
#7936=CARTESIAN_POINT('',(127.088546278,16.581048546,-1.261748971));
#7937=CARTESIAN_POINT('',(127.112730841,16.590674346,-1.130900238));
#7938=CARTESIAN_POINT('',(127.112730835,16.590674362,-1.));
#7939=CARTESIAN_POINT('',(125.961954259,16.799479825,-2.));
#7940=CARTESIAN_POINT('',(126.084811589,16.844689193,-2.000000854));
#7941=CARTESIAN_POINT('',(126.207620735,16.889880839,-1.973974165));
#7942=CARTESIAN_POINT('',(126.434631929,16.973417056,-1.873788644));
#7943=CARTESIAN_POINT('',(126.538744656,17.011728759,-1.799669231));
#7944=CARTESIAN_POINT('',(126.712491705,17.075664721,-1.614548943));
#7945=CARTESIAN_POINT('',(126.782057664,17.101263823,-1.503620907));
#7946=CARTESIAN_POINT('',(126.876088938,17.13586578,-1.26174897));
#7947=CARTESIAN_POINT('',(126.900517255,17.144855019,-1.130900237));
#7948=CARTESIAN_POINT('',(126.900517241,17.144855056,-1.));
#7949=CARTESIAN_POINT('',(125.856746348,17.091242376,-2.));
#7950=CARTESIAN_POINT('',(125.98023152,17.134718165,-2.));
#7951=CARTESIAN_POINT('',(126.103668106,17.178176848,-1.973972677));
#7952=CARTESIAN_POINT('',(126.331838952,17.258509632,-1.873786388));
#7953=CARTESIAN_POINT('',(126.436483437,17.295352124,-1.799666842));
#7954=CARTESIAN_POINT('',(126.611117842,17.356836175,-1.61454672));
#7955=CARTESIAN_POINT('',(126.681039052,17.381453542,-1.50361898));
#7956=CARTESIAN_POINT('',(126.775550511,17.41472847,-1.261747884));
#7957=CARTESIAN_POINT('',(126.800103574,17.42337294,-1.130899694));
#7958=CARTESIAN_POINT('',(126.800103574,17.42337294,-1.));
#7959=CARTESIAN_POINT('',(125.561744597,17.971877407,-2.));
#7960=CARTESIAN_POINT('',(125.687136113,18.009662407,-2.));
#7961=CARTESIAN_POINT('',(125.812478292,18.04743254,-1.973972677));
#7962=CARTESIAN_POINT('',(126.044171602,18.117250116,-1.873786388));
#7963=CARTESIAN_POINT('',(126.150431571,18.149270088,-1.799666842));
#7964=CARTESIAN_POINT('',(126.327761953,18.202706148,-1.61454672));
#7965=CARTESIAN_POINT('',(126.398762594,18.224101209,-1.50361898));
#7966=CARTESIAN_POINT('',(126.494733105,18.253020596,-1.261747884));
#7967=CARTESIAN_POINT('',(126.519665215,18.260533543,-1.130899694));
#7968=CARTESIAN_POINT('',(126.519665215,18.260533543,-1.));
#7969=CARTESIAN_POINT('',(125.391862428,18.566836717,-2.));
#7970=CARTESIAN_POINT('',(125.518566822,18.600187154,-2.000000045));
#7971=CARTESIAN_POINT('',(125.645221371,18.633524471,-1.973972754));
#7972=CARTESIAN_POINT('',(125.879340588,18.69514805,-1.873786506));
#7973=CARTESIAN_POINT('',(125.986713139,18.723410065,-1.799666967));
#7974=CARTESIAN_POINT('',(126.165900241,18.770574714,-1.614546836));
#7975=CARTESIAN_POINT('',(126.237644289,18.789458791,-1.503619081));
#7976=CARTESIAN_POINT('',(126.334619653,18.814984117,-1.261747941));
#7977=CARTESIAN_POINT('',(126.359812812,18.821615324,-1.130899722));
#7978=CARTESIAN_POINT('',(126.359812812,18.821615325,-1.));
#7979=CARTESIAN_POINT('',(125.127774539,19.778988124,-2.));
#7980=CARTESIAN_POINT('',(125.2568691,19.801367782,-2.000000044));
#7981=CARTESIAN_POINT('',(125.385912877,19.823738638,-1.973972754));
#7982=CARTESIAN_POINT('',(125.624448548,19.865090862,-1.873786505));
#7983=CARTESIAN_POINT('',(125.733846588,19.884055961,-1.799666966));
#7984=CARTESIAN_POINT('',(125.916413898,19.915705589,-1.614546835));
#7985=CARTESIAN_POINT('',(125.989511335,19.928377666,-1.50361908));
#7986=CARTESIAN_POINT('',(126.088316053,19.945506328,-1.261747941));
#7987=CARTESIAN_POINT('',(126.113984459,19.949956173,-1.130899722));
#7988=CARTESIAN_POINT('',(126.113984458,19.949956178,-1.));
#7989=CARTESIAN_POINT('',(125.034794921,20.390174323,-2.));
#7990=CARTESIAN_POINT('',(125.164973091,20.406061288,-2.));
#7991=CARTESIAN_POINT('',(125.295100041,20.421942002,-1.973972677));
#7992=CARTESIAN_POINT('',(125.535637934,20.451297285,-1.873786388));
#7993=CARTESIAN_POINT('',(125.645954236,20.464760304,-1.799666842));
#7994=CARTESIAN_POINT('',(125.830053969,20.487227865,-1.61454672));
#7995=CARTESIAN_POINT('',(125.903764965,20.496223566,-1.50361898));
#7996=CARTESIAN_POINT('',(126.003399023,20.508382923,-1.261747884));
#7997=CARTESIAN_POINT('',(126.029282883,20.511541793,-1.130899694));
#7998=CARTESIAN_POINT('',(126.029282883,20.511541793,-1.));
#7999=CARTESIAN_POINT('',(124.988156801,21.16152065,-2.));
#8000=CARTESIAN_POINT('',(125.118938604,21.167424153,-2.));
#8001=CARTESIAN_POINT('',(125.249668949,21.173325334,-1.973972677));
#8002=CARTESIAN_POINT('',(125.491322211,21.184233586,-1.873786388));
#8003=CARTESIAN_POINT('',(125.602150046,21.189236365,-1.799666842));
#8004=CARTESIAN_POINT('',(125.787103445,21.197585179,-1.61454672));
#8005=CARTESIAN_POINT('',(125.861156237,21.20092793,-1.50361898));
#8006=CARTESIAN_POINT('',(125.961252295,21.205446276,-1.261747884));
#8007=CARTESIAN_POINT('',(125.987256178,21.206620093,-1.130899694));
#8008=CARTESIAN_POINT('',(125.987256178,21.206620093,-1.));
#8009=CARTESIAN_POINT('',(124.982345294,21.316184479,-2.));
#8010=CARTESIAN_POINT('',(125.113208181,21.319997117,-2.000000571));
#8011=CARTESIAN_POINT('',(125.244019692,21.323808268,-1.973973672));
#8012=CARTESIAN_POINT('',(125.485823104,21.330853151,-1.873787897));
#8013=CARTESIAN_POINT('',(125.596719865,21.334084111,-1.79966844));
#8014=CARTESIAN_POINT('',(125.781788336,21.339476074,-1.614548207));
#8015=CARTESIAN_POINT('',(125.855887229,21.341634956,-1.503620269));
#8016=CARTESIAN_POINT('',(125.956045607,21.344553118,-1.261748611));
#8017=CARTESIAN_POINT('',(125.982065685,21.34531125,-1.130900057));
#8018=CARTESIAN_POINT('',(125.982065683,21.345311298,-1.));
#8019=CARTESIAN_POINT('',(124.978504173,21.626385388,-2.));
#8020=CARTESIAN_POINT('',(125.109421338,21.625813678,-2.000000569));
#8021=CARTESIAN_POINT('',(125.240287106,21.625242206,-1.973973669));
#8022=CARTESIAN_POINT('',(125.482190813,21.624185873,-1.873787892));
#8023=CARTESIAN_POINT('',(125.593133571,21.623701428,-1.799668435));
#8024=CARTESIAN_POINT('',(125.778278805,21.622893001,-1.614548202));
#8025=CARTESIAN_POINT('',(125.852408433,21.622569336,-1.503620265));
#8026=CARTESIAN_POINT('',(125.952608356,21.62213189,-1.261748608));
#8027=CARTESIAN_POINT('',(125.978639228,21.62201828,-1.130900056));
#8028=CARTESIAN_POINT('',(125.978639228,21.622018347,-1.));
#8029=CARTESIAN_POINT('',(124.980494348,21.78192327,-2.));
#8030=CARTESIAN_POINT('',(125.111384905,21.779057172,-2.000000956));
#8031=CARTESIAN_POINT('',(125.242224151,21.77619217,-1.973974343));
#8032=CARTESIAN_POINT('',(125.484078911,21.770896197,-1.873788913));
#8033=CARTESIAN_POINT('',(125.594999264,21.768467308,-1.799669516));
#8034=CARTESIAN_POINT('',(125.780107136,21.764413829,-1.614549209));
#8035=CARTESIAN_POINT('',(125.854221823,21.762790833,-1.503621137));
#8036=CARTESIAN_POINT('',(125.954401554,21.76059696,-1.2617491));
#8037=CARTESIAN_POINT('',(125.980427181,21.760026945,-1.130900302));
#8038=CARTESIAN_POINT('',(125.980427178,21.760026811,-1.));
#8039=CARTESIAN_POINT('',(124.999075833,22.245403879,-2.));
#8040=CARTESIAN_POINT('',(125.129680386,22.23540415,-2.000000962));
#8041=CARTESIAN_POINT('',(125.26023374,22.225408325,-1.973974354));
#8042=CARTESIAN_POINT('',(125.501560031,22.206931131,-1.87378893));
#8043=CARTESIAN_POINT('',(125.612238015,22.198457032,-1.799669534));
#8044=CARTESIAN_POINT('',(125.796941413,22.184315113,-1.614549225));
#8045=CARTESIAN_POINT('',(125.870894152,22.178652857,-1.503621152));
#8046=CARTESIAN_POINT('',(125.970854979,22.170999212,-1.261749108));
#8047=CARTESIAN_POINT('',(125.996823735,22.169010834,-1.130900306));
#8048=CARTESIAN_POINT('',(125.996823727,22.169010752,-1.));
#8049=CARTESIAN_POINT('',(125.028198578,22.551672379,-2.));
#8050=CARTESIAN_POINT('',(125.158339705,22.536559862,-2.));
#8051=CARTESIAN_POINT('',(125.288429628,22.521453292,-1.973972677));
#8052=CARTESIAN_POINT('',(125.528899076,22.493529003,-1.873786388));
#8053=CARTESIAN_POINT('',(125.639183987,22.480722271,-1.799666842));
#8054=CARTESIAN_POINT('',(125.823231335,22.459349945,-1.61454672));
#8055=CARTESIAN_POINT('',(125.896921357,22.45079276,-1.50361898));
#8056=CARTESIAN_POINT('',(125.996527064,22.439226141,-1.261747884));
#8057=CARTESIAN_POINT('',(126.022403558,22.436221257,-1.130899694));
#8058=CARTESIAN_POINT('',(126.022403558,22.436221257,-1.));
#8059=CARTESIAN_POINT('',(125.124607763,23.158009784,-2.));
#8060=CARTESIAN_POINT('',(125.253018099,23.132011962,-2.));
#8061=CARTESIAN_POINT('',(125.381377912,23.106024369,-1.973972677));
#8062=CARTESIAN_POINT('',(125.618649275,23.057986657,-1.873786388));
#8063=CARTESIAN_POINT('',(125.727467469,23.03595544,-1.799666842));
#8064=CARTESIAN_POINT('',(125.909067109,22.999188967,-1.61454672));
#8065=CARTESIAN_POINT('',(125.981777102,22.984468178,-1.50361898));
#8066=CARTESIAN_POINT('',(126.080058118,22.964570307,-1.261747884));
#8067=CARTESIAN_POINT('',(126.105590472,22.959401053,-1.130899694));
#8068=CARTESIAN_POINT('',(126.105590472,22.959401053,-1.));
#8069=CARTESIAN_POINT('',(125.191871266,23.458082415,-2.));
#8070=CARTESIAN_POINT('',(125.319012464,23.426310478,-2.000001308));
#8071=CARTESIAN_POINT('',(125.446103894,23.394551001,-1.973974957));
#8072=CARTESIAN_POINT('',(125.681030942,23.335844017,-1.873789845));
#8073=CARTESIAN_POINT('',(125.788774126,23.308919609,-1.799670502));
#8074=CARTESIAN_POINT('',(125.968579864,23.263987233,-1.614550127));
#8075=CARTESIAN_POINT('',(126.040571672,23.245996944,-1.503621933));
#8076=CARTESIAN_POINT('',(126.137881963,23.221679808,-1.261749548));
#8077=CARTESIAN_POINT('',(126.163162158,23.21536253,-1.130900527));
#8078=CARTESIAN_POINT('',(126.163162182,23.215362638,-1.));
#8079=CARTESIAN_POINT('',(125.325932961,23.902803558,-2.));
#8080=CARTESIAN_POINT('',(125.450356893,23.862017789,-2.000001296));
#8081=CARTESIAN_POINT('',(125.574732126,23.821248026,-1.973974936));
#8082=CARTESIAN_POINT('',(125.804638331,23.745885669,-1.873789812));
#8083=CARTESIAN_POINT('',(125.910078841,23.711322727,-1.799670468));
#8084=CARTESIAN_POINT('',(126.086041814,23.653642928,-1.614550095));
#8085=CARTESIAN_POINT('',(126.15649504,23.630548766,-1.503621905));
#8086=CARTESIAN_POINT('',(126.25172568,23.599332861,-1.261749533));
#8087=CARTESIAN_POINT('',(126.276465623,23.591223401,-1.130900519));
#8088=CARTESIAN_POINT('',(126.276465686,23.591223594,-1.));
#8089=CARTESIAN_POINT('',(125.3764452,24.05079794,-2.));
#8090=CARTESIAN_POINT('',(125.499821399,24.006936318,-2.000000003));
#8091=CARTESIAN_POINT('',(125.623149055,23.963091954,-1.973972682));
#8092=CARTESIAN_POINT('',(125.851118547,23.882046244,-1.873786397));
#8093=CARTESIAN_POINT('',(125.955670686,23.844876786,-1.799666851));
#8094=CARTESIAN_POINT('',(126.130150981,23.782847085,-1.614546728));
#8095=CARTESIAN_POINT('',(126.200010487,23.758011247,-1.503618987));
#8096=CARTESIAN_POINT('',(126.294438543,23.724441013,-1.261747888));
#8097=CARTESIAN_POINT('',(126.318969939,23.715719826,-1.130899696));
#8098=CARTESIAN_POINT('',(126.318969939,23.715719826,-1.));
#8099=CARTESIAN_POINT('',(125.487676828,24.340432013,-2.));
#8100=CARTESIAN_POINT('',(125.608696868,24.290435233,-2.000000003));
#8101=CARTESIAN_POINT('',(125.729669293,24.240458123,-1.973972682));
#8102=CARTESIAN_POINT('',(125.953285172,24.148076118,-1.873786397));
#8103=CARTESIAN_POINT('',(126.055840642,24.10570757,-1.799666851));
#8104=CARTESIAN_POINT('',(126.226988827,24.035001444,-1.614546728));
#8105=CARTESIAN_POINT('',(126.295514202,24.006691685,-1.503618987));
#8106=CARTESIAN_POINT('',(126.388138932,23.968425804,-1.261747888));
#8107=CARTESIAN_POINT('',(126.412201843,23.958484739,-1.130899696));
#8108=CARTESIAN_POINT('',(126.412201843,23.958484738,-1.));
#8109=CARTESIAN_POINT('',(125.548404453,24.482269745,-2.));
#8110=CARTESIAN_POINT('',(125.668115621,24.429211059,-2.000000005));
#8111=CARTESIAN_POINT('',(125.787779689,24.376173249,-1.973972685));
#8112=CARTESIAN_POINT('',(126.008977087,24.27813358,-1.873786401));
#8113=CARTESIAN_POINT('',(126.110423386,24.233170295,-1.799666855));
#8114=CARTESIAN_POINT('',(126.279720547,24.15813398,-1.614546732));
#8115=CARTESIAN_POINT('',(126.347504797,24.128090473,-1.503618991));
#8116=CARTESIAN_POINT('',(126.43912776,24.087481112,-1.26174789));
#8117=CARTESIAN_POINT('',(126.462930423,24.076931235,-1.130899697));
#8118=CARTESIAN_POINT('',(126.462930423,24.076931234,-1.));
#8119=CARTESIAN_POINT('',(125.745953444,24.898827147,-2.));
#8120=CARTESIAN_POINT('',(125.861351538,24.836673789,-2.000000005));
#8121=CARTESIAN_POINT('',(125.976704228,24.774544885,-1.973972685));
#8122=CARTESIAN_POINT('',(126.189932103,24.659700454,-1.873786401));
#8123=CARTESIAN_POINT('',(126.287723392,24.607030112,-1.799666856));
#8124=CARTESIAN_POINT('',(126.450920944,24.519131989,-1.614546732));
#8125=CARTESIAN_POINT('',(126.516262995,24.483938792,-1.503618991));
#8126=CARTESIAN_POINT('',(126.604584873,24.43636867,-1.26174789));
#8127=CARTESIAN_POINT('',(126.62752995,24.424010462,-1.130899697));
#8128=CARTESIAN_POINT('',(126.62752995,24.424010462,-1.));
#8129=CARTESIAN_POINT('',(125.898124422,25.16460064,-2.));
#8130=CARTESIAN_POINT('',(126.010126574,25.096507749,-2.000000002));
#8131=CARTESIAN_POINT('',(126.122084658,25.028441649,-1.97397268));
#8132=CARTESIAN_POINT('',(126.32903765,24.902622392,-1.873786393));
#8133=CARTESIAN_POINT('',(126.423951131,24.844918739,-1.799666848));
#8134=CARTESIAN_POINT('',(126.582346094,24.748620849,-1.614546725));
#8135=CARTESIAN_POINT('',(126.645765255,24.7100645,-1.503618985));
#8136=CARTESIAN_POINT('',(126.731487992,24.657948457,-1.261747887));
#8137=CARTESIAN_POINT('',(126.753757839,24.644409268,-1.130899695));
#8138=CARTESIAN_POINT('',(126.753757839,24.644409268,-1.));
#8139=CARTESIAN_POINT('',(126.092641196,25.450001703,-2.));
#8140=CARTESIAN_POINT('',(126.200327801,25.375576908,-2.000000002));
#8141=CARTESIAN_POINT('',(126.307972037,25.301181397,-1.97397268));
#8142=CARTESIAN_POINT('',(126.506950941,25.163662308,-1.873786393));
#8143=CARTESIAN_POINT('',(126.598207318,25.100592839,-1.799666848));
#8144=CARTESIAN_POINT('',(126.750499178,24.995340284,-1.614546725));
#8145=CARTESIAN_POINT('',(126.81147474,24.953198612,-1.503618985));
#8146=CARTESIAN_POINT('',(126.8938945,24.89623634,-1.261747887));
#8147=CARTESIAN_POINT('',(126.91530627,24.881438153,-1.130899695));
#8148=CARTESIAN_POINT('',(126.915306271,24.881438153,-1.));
#8149=CARTESIAN_POINT('',(126.114578462,25.481523926,-2.));
#8150=CARTESIAN_POINT('',(126.221778791,25.406400405,-2.000000001));
#8151=CARTESIAN_POINT('',(126.328936941,25.331306443,-1.973972678));
#8152=CARTESIAN_POINT('',(126.527017322,25.192496276,-1.87378639));
#8153=CARTESIAN_POINT('',(126.617861615,25.128834689,-1.799666844));
#8154=CARTESIAN_POINT('',(126.769465775,25.022593987,-1.614546722));
#8155=CARTESIAN_POINT('',(126.830165991,24.980056674,-1.503618982));
#8156=CARTESIAN_POINT('',(126.912213571,24.92255962,-1.261747885));
#8157=CARTESIAN_POINT('',(126.933528653,24.907622502,-1.130899694));
#8158=CARTESIAN_POINT('',(126.933528653,24.907622502,-1.));
#8159=CARTESIAN_POINT('',(126.147971973,25.528523067,-2.));
#8160=CARTESIAN_POINT('',(126.254433098,25.452359166,-2.000000001));
#8161=CARTESIAN_POINT('',(126.360852335,25.376225232,-1.973972678));
#8162=CARTESIAN_POINT('',(126.557566843,25.235492692,-1.87378639));
#8163=CARTESIAN_POINT('',(126.647784716,25.170949459,-1.799666844));
#8164=CARTESIAN_POINT('',(126.798343483,25.063237436,-1.614546722));
#8165=CARTESIAN_POINT('',(126.858625139,25.020111027,-1.503618982));
#8166=CARTESIAN_POINT('',(126.940106956,24.9618177,-1.261747885));
#8167=CARTESIAN_POINT('',(126.961275059,24.946673719,-1.130899694));
#8168=CARTESIAN_POINT('',(126.961275059,24.946673719,-1.));
#8169=CARTESIAN_POINT('',(126.159184419,25.544142078,-2.));
#8170=CARTESIAN_POINT('',(126.26539751,25.467632668,-2.));
#8171=CARTESIAN_POINT('',(126.371568812,25.391153361,-1.973972677));
#8172=CARTESIAN_POINT('',(126.567825014,25.249782405,-1.873786389));
#8173=CARTESIAN_POINT('',(126.657832698,25.184946379,-1.799666843));
#8174=CARTESIAN_POINT('',(126.808040692,25.076745733,-1.61454672));
#8175=CARTESIAN_POINT('',(126.868181903,25.033423686,-1.503618981));
#8176=CARTESIAN_POINT('',(126.949473884,24.974865919,-1.261747885));
#8177=CARTESIAN_POINT('',(126.970592669,24.959653239,-1.130899694));
#8178=CARTESIAN_POINT('',(126.970592669,24.959653239,-1.));
#8179=CARTESIAN_POINT('',(126.181772058,25.575285246,-2.));
#8180=CARTESIAN_POINT('',(126.287485886,25.498087465,-2.));
#8181=CARTESIAN_POINT('',(126.393158119,25.420920058,-1.973972677));
#8182=CARTESIAN_POINT('',(126.588491802,25.278277159,-1.873786389));
#8183=CARTESIAN_POINT('',(126.678076396,25.21285779,-1.799666843));
#8184=CARTESIAN_POINT('',(126.827578324,25.103683641,-1.61454672));
#8185=CARTESIAN_POINT('',(126.887436836,25.059971816,-1.503618981));
#8186=CARTESIAN_POINT('',(126.968346697,25.000887193,-1.261747885));
#8187=CARTESIAN_POINT('',(126.989366211,24.985537641,-1.130899694));
#8188=CARTESIAN_POINT('',(126.989366211,24.985537641,-1.));
#8189=CARTESIAN_POINT('',(126.193174013,25.590793806,-2.));
#8190=CARTESIAN_POINT('',(126.29860542,25.513211925,-2.));
#8191=CARTESIAN_POINT('',(126.403995344,25.435660569,-1.973972677));
#8192=CARTESIAN_POINT('',(126.598807183,25.292307946,-1.873786388));
#8193=CARTESIAN_POINT('',(126.688152446,25.226563081,-1.799666842));
#8194=CARTESIAN_POINT('',(126.837254972,25.116845733,-1.61454672));
#8195=CARTESIAN_POINT('',(126.896953569,25.072916418,-1.50361898));
#8196=CARTESIAN_POINT('',(126.977647274,25.013537818,-1.261747884));
#8197=CARTESIAN_POINT('',(126.998610634,24.998111894,-1.130899694));
#8198=CARTESIAN_POINT('',(126.998610634,24.998111894,-1.));
#8199=CARTESIAN_POINT('',(126.229306541,25.639896809,-2.));
#8200=CARTESIAN_POINT('',(126.334737948,25.562314928,-2.));
#8201=CARTESIAN_POINT('',(126.440127873,25.484763573,-1.973972677));
#8202=CARTESIAN_POINT('',(126.634939711,25.341410949,-1.873786388));
#8203=CARTESIAN_POINT('',(126.724284975,25.275666084,-1.799666842));
#8204=CARTESIAN_POINT('',(126.873387501,25.165948736,-1.61454672));
#8205=CARTESIAN_POINT('',(126.933086097,25.122019422,-1.50361898));
#8206=CARTESIAN_POINT('',(127.013779803,25.062640821,-1.261747884));
#8207=CARTESIAN_POINT('',(127.034743162,25.047214897,-1.130899694));
#8208=CARTESIAN_POINT('',(127.034743162,25.047214897,-1.));
#8209=CARTESIAN_POINT('',(126.254030085,25.67349535,-2.));
#8210=CARTESIAN_POINT('',(126.359461492,25.595913469,-2.));
#8211=CARTESIAN_POINT('',(126.464851416,25.518362113,-1.973972677));
#8212=CARTESIAN_POINT('',(126.659663255,25.375009489,-1.873786388));
#8213=CARTESIAN_POINT('',(126.749008518,25.309264625,-1.799666842));
#8214=CARTESIAN_POINT('',(126.898111044,25.199547276,-1.61454672));
#8215=CARTESIAN_POINT('',(126.957809641,25.155617962,-1.50361898));
#8216=CARTESIAN_POINT('',(127.038503347,25.096239361,-1.261747884));
#8217=CARTESIAN_POINT('',(127.059466706,25.080813437,-1.130899694));
#8218=CARTESIAN_POINT('',(127.059466706,25.080813437,-1.));
#8219=CARTESIAN_POINT('',(126.278753628,25.707093891,-2.));
#8220=CARTESIAN_POINT('',(126.384185035,25.62951201,-2.));
#8221=CARTESIAN_POINT('',(126.48957496,25.551960654,-1.973972677));
#8222=CARTESIAN_POINT('',(126.684386798,25.40860803,-1.873786388));
#8223=CARTESIAN_POINT('',(126.773732062,25.342863165,-1.799666842));
#8224=CARTESIAN_POINT('',(126.922834588,25.233145817,-1.61454672));
#8225=CARTESIAN_POINT('',(126.982533184,25.189216503,-1.50361898));
#8226=CARTESIAN_POINT('',(127.06322689,25.129837902,-1.261747884));
#8227=CARTESIAN_POINT('',(127.084190249,25.114411978,-1.130899694));
#8228=CARTESIAN_POINT('',(127.084190249,25.114411978,-1.));
#8229=B_SPLINE_SURFACE_WITH_KNOTS('',3,3,((#7809,#7810,#7811,#7812,#7813,#7814,#7815,#7816,#7817,#7818),(#7819,#7820,#7821,#7822,#7823,#7824,#7825,#7826,#7827,#7828),(#7829,#7830,#7831,#7832,#7833,#7834,#7835,#7836,#7837,#7838),(#7839,#7840,#7841,#7842,#7843,#7844,#7845,#7846,#7847,#7848),(#7849,#7850,#7851,#7852,#7853,#7854,#7855,#7856,#7857,#7858),(#7859,#7860,#7861,#7862,#7863,#7864,#7865,#7866,#7867,#7868),(#7869,#7870,#7871,#7872,#7873,#7874,#7875,#7876,#7877,#7878),(#7879,#7880,#7881,#7882,#7883,#7884,#7885,#7886,#7887,#7888),(#7889,#7890,#7891,#7892,#7893,#7894,#7895,#7896,#7897,#7898),(#7899,#7900,#7901,#7902,#7903,#7904,#7905,#7906,#7907,#7908),(#7909,#7910,#7911,#7912,#7913,#7914,#7915,#7916,#7917,#7918),(#7919,#7920,#7921,#7922,#7923,#7924,#7925,#7926,#7927,#7928),(#7929,#7930,#7931,#7932,#7933,#7934,#7935,#7936,#7937,#7938),(#7939,#7940,#7941,#7942,#7943,#7944,#7945,#7946,#7947,#7948),(#7949,#7950,#7951,#7952,#7953,#7954,#7955,#7956,#7957,#7958),(#7959,#7960,#7961,#7962,#7963,#7964,#7965,#7966,#7967,#7968),(#7969,#7970,#7971,#7972,#7973,#7974,#7975,#7976,#7977,#7978),(#7979,#7980,#7981,#7982,#7983,#7984,#7985,#7986,#7987,#7988),(#7989,#7990,#7991,#7992,#7993,#7994,#7995,#7996,#7997,#7998),(#7999,#8000,#8001,#8002,#8003,#8004,#8005,#8006,#8007,#8008),(#8009,#8010,#8011,#8012,#8013,#8014,#8015,#8016,#8017,#8018),(#8019,#8020,#8021,#8022,#8023,#8024,#8025,#8026,#8027,#8028),(#8029,#8030,#8031,#8032,#8033,#8034,#8035,#8036,#8037,#8038),(#8039,#8040,#8041,#8042,#8043,#8044,#8045,#8046,#8047,#8048),(#8049,#8050,#8051,#8052,#8053,#8054,#8055,#8056,#8057,#8058),(#8059,#8060,#8061,#8062,#8063,#8064,#8065,#8066,#8067,#8068),
(#8069,#8070,#8071,#8072,#8073,#8074,#8075,#8076,#8077,#8078),(#8079,#8080,#8081,#8082,#8083,#8084,#8085,#8086,#8087,#8088),(#8089,#8090,#8091,#8092,#8093,#8094,#8095,#8096,#8097,#8098),(#8099,#8100,#8101,#8102,#8103,#8104,#8105,#8106,#8107,#8108),(#8109,#8110,#8111,#8112,#8113,#8114,#8115,#8116,#8117,#8118),(#8119,#8120,#8121,#8122,#8123,#8124,#8125,#8126,#8127,#8128),(#8129,#8130,#8131,#8132,#8133,#8134,#8135,#8136,#8137,#8138),(#8139,#8140,#8141,#8142,#8143,#8144,#8145,#8146,#8147,#8148),(#8149,#8150,#8151,#8152,#8153,#8154,#8155,#8156,#8157,#8158),(#8159,#8160,#8161,#8162,#8163,#8164,#8165,#8166,#8167,#8168),(#8169,#8170,#8171,#8172,#8173,#8174,#8175,#8176,#8177,#8178),(#8179,#8180,#8181,#8182,#8183,#8184,#8185,#8186,#8187,#8188),(#8189,#8190,#8191,#8192,#8193,#8194,#8195,#8196,#8197,#8198),(#8199,#8200,#8201,#8202,#8203,#8204,#8205,#8206,#8207,#8208),(#8209,#8210,#8211,#8212,#8213,#8214,#8215,#8216,#8217,#8218),(#8219,#8220,#8221,#8222,#8223,#8224,#8225,#8226,#8227,#8228)),.UNSPECIFIED.,.F.,.F.,.U.,(4,2,2,2,2,2,2,2,2,2,2,2,2,2,2,2,2,2,2,2,4),(4,2,2,2,4),(0.041025998,0.041073221,0.041305499,0.043163724,0.045021949,0.046880174,0.047809286,0.048738399,0.050596624,0.052454848,0.052919405,0.053383961,0.054313073,0.055242186,0.055706742,0.056171298,0.057100411,0.05721655,0.057274619,0.057332689,0.057458527),(0.,0.25,0.5,0.75,1.),.UNSPECIFIED.);
#8230=ORIENTED_EDGE('',*,*,#7294,.T.);
#8231=ORIENTED_EDGE('',*,*,#4802,.T.);
#8232=CARTESIAN_POINT('',(129.085176639,10.579170249,-2.));
#8233=CARTESIAN_POINT('',(129.205613021,10.634365683,-2.000000129));
#8234=CARTESIAN_POINT('',(129.32543628,10.689360024,-1.973635233));
#8235=CARTESIAN_POINT('',(129.435216904,10.739815852,-1.92397034));
#8236=CARTESIAN_POINT('',(129.544997529,10.790271679,-1.874305447));
#8237=CARTESIAN_POINT('',(129.64692901,10.837192081,-1.800088492));
#8238=CARTESIAN_POINT('',(129.731339281,10.876082691,-1.708033859));
#8239=CARTESIAN_POINT('',(129.773544417,10.895527996,-1.662006542));
#8240=CARTESIAN_POINT('',(129.812221934,10.913358322,-1.610619002));
#8241=CARTESIAN_POINT('',(129.84549863,10.928704368,-1.556250918));
#8242=CARTESIAN_POINT('',(129.878775326,10.944050414,-1.501882834));
#8243=CARTESIAN_POINT('',(129.906955317,10.957052175,-1.44440611));
#8244=CARTESIAN_POINT('',(129.929989025,10.967681854,-1.383789349));
#8245=CARTESIAN_POINT('',(129.953022734,10.978311533,-1.323172587));
#8246=CARTESIAN_POINT('',(129.970697093,10.986470827,-1.259510717));
#8247=CARTESIAN_POINT('',(129.982368711,10.991859388,-1.195449375));
#8248=CARTESIAN_POINT('',(129.99404033,10.99724795,-1.131388034));
#8249=CARTESIAN_POINT('',(130.,11.,-1.066253781));
#8250=CARTESIAN_POINT('',(130.,11.,-1.));
#8251=B_SPLINE_CURVE_WITH_KNOTS('',3,(#8232,#8233,#8234,#8235,#8236,#8237,#8238,#8239,#8240,#8241,#8242,#8243,#8244,#8245,#8246,#8247,#8248,#8249,#8250),.UNSPECIFIED.,.F.,.F.,(4,3,3,3,3,3,4),(0.,0.000391865,0.000783729,0.000979662,0.001175594,0.001371526,0.001567459),.UNSPECIFIED.);
#8252=EDGE_CURVE('',#5435,#4766,#8251,.T.);
#8253=ORIENTED_EDGE('',*,*,#8252,.F.);
#8254=ORIENTED_EDGE('',*,*,#5477,.F.);
#8255=EDGE_LOOP('',(#8230,#8231,#8253,#8254));
#8256=FACE_BOUND('',#8255,.T.);
#8257=ADVANCED_FACE('',(#8256),#8229,.T.);
#8258=CARTESIAN_POINT('',(96.503636393,58.472869503,-1.));
#8259=CARTESIAN_POINT('',(96.503636393,58.472869503,-1.130899694));
#8260=CARTESIAN_POINT('',(96.485696418,58.454012705,-1.261747884));
#8261=CARTESIAN_POINT('',(96.416640547,58.381427727,-1.50361898));
#8262=CARTESIAN_POINT('',(96.36555182,58.327728108,-1.61454672));
#8263=CARTESIAN_POINT('',(96.237953208,58.193608557,-1.799666842));
#8264=CARTESIAN_POINT('',(96.161493526,58.113241397,-1.873786388));
#8265=CARTESIAN_POINT('',(95.994777904,57.93800576,-1.973972677));
#8266=CARTESIAN_POINT('',(95.904587559,57.843206231,-2.));
#8267=CARTESIAN_POINT('',(95.814361715,57.748369388,-2.));
#8268=CARTESIAN_POINT('',(96.716955803,58.269921754,-1.));
#8269=CARTESIAN_POINT('',(96.716955803,58.269921754,-1.130899694));
#8270=CARTESIAN_POINT('',(96.699786614,58.250331646,-1.261747884));
#8271=CARTESIAN_POINT('',(96.633697706,58.174923959,-1.50361898));
#8272=CARTESIAN_POINT('',(96.584803992,58.11913605,-1.61454672));
#8273=CARTESIAN_POINT('',(96.462687614,57.979800813,-1.799666842));
#8274=CARTESIAN_POINT('',(96.389512999,57.896308307,-1.873786388));
#8275=CARTESIAN_POINT('',(96.229960263,57.714258046,-1.973972677));
#8276=CARTESIAN_POINT('',(96.143644919,57.61577192,-2.));
#8277=CARTESIAN_POINT('',(96.0572956,57.517247029,-2.));
#8278=CARTESIAN_POINT('',(96.937555594,58.084920483,-1.));
#8279=CARTESIAN_POINT('',(96.937555594,58.084920483,-1.130899694));
#8280=CARTESIAN_POINT('',(96.921268218,58.064580753,-1.261747884));
#8281=CARTESIAN_POINT('',(96.858573649,57.986287568,-1.50361898));
#8282=CARTESIAN_POINT('',(96.812191125,57.928364918,-1.61454672));
#8283=CARTESIAN_POINT('',(96.696346668,57.783697976,-1.799666842));
#8284=CARTESIAN_POINT('',(96.626930315,57.697010605,-1.873786388));
#8285=CARTESIAN_POINT('',(96.475572238,57.507994136,-1.973972677));
#8286=CARTESIAN_POINT('',(96.393690067,57.405739409,-2.));
#8287=CARTESIAN_POINT('',(96.311775666,57.303444434,-2.));
#8288=CARTESIAN_POINT('',(97.395135222,57.753229018,-1.));
#8289=CARTESIAN_POINT('',(97.395135222,57.753229018,-1.130899694));
#8290=CARTESIAN_POINT('',(97.380871456,57.731422409,-1.261747884));
#8291=CARTESIAN_POINT('',(97.325966314,57.647482805,-1.50361898));
#8292=CARTESIAN_POINT('',(97.285346543,57.585382837,-1.61454672));
#8293=CARTESIAN_POINT('',(97.183895071,57.430282672,-1.799666842));
#8294=CARTESIAN_POINT('',(97.123103287,57.337343501,-1.873786388));
#8295=CARTESIAN_POINT('',(96.990550551,57.13469537,-1.973972677));
#8296=CARTESIAN_POINT('',(96.918841752,57.025066144,-2.));
#8297=CARTESIAN_POINT('',(96.847104728,56.915393765,-2.));
#8298=CARTESIAN_POINT('',(97.632067368,57.60650343,-1.));
#8299=CARTESIAN_POINT('',(97.632067368,57.60650343,-1.130899694));
#8300=CARTESIAN_POINT('',(97.618946198,57.583979823,-1.261747884));
#8301=CARTESIAN_POINT('',(97.568439224,57.497280294,-1.50361898));
#8302=CARTESIAN_POINT('',(97.531073293,57.433138486,-1.61454672));
#8303=CARTESIAN_POINT('',(97.437748574,57.272938646,-1.799666842));
#8304=CARTESIAN_POINT('',(97.381826506,57.176943647,-1.873786388));
#8305=CARTESIAN_POINT('',(97.259891885,56.967632469,-1.973972677));
#8306=CARTESIAN_POINT('',(97.193927308,56.854398646,-2.));
#8307=CARTESIAN_POINT('',(97.127936766,56.741120253,-2.));
#8308=CARTESIAN_POINT('',(98.002661081,57.417110988,-1.));
#8309=CARTESIAN_POINT('',(98.002661081,57.417110988,-1.130899694));
#8310=CARTESIAN_POINT('',(97.991455327,57.393608504,-1.261747884));
#8311=CARTESIAN_POINT('',(97.948321316,57.303141013,-1.50361898));
#8312=CARTESIAN_POINT('',(97.916410029,57.236211601,-1.61454672));
#8313=CARTESIAN_POINT('',(97.836708769,57.069049473,-1.799666842));
#8314=CARTESIAN_POINT('',(97.788950154,56.968882529,-1.873786388));
#8315=CARTESIAN_POINT('',(97.684815439,56.750474684,-1.973972677));
#8316=CARTESIAN_POINT('',(97.628480311,56.632319718,-2.));
#8317=CARTESIAN_POINT('',(97.57212301,56.514118244,-2.));
#8318=CARTESIAN_POINT('',(98.129031922,57.358985689,-1.));
#8319=CARTESIAN_POINT('',(98.129031922,57.358985689,-1.130899694));
#8320=CARTESIAN_POINT('',(98.118499466,57.335172613,-1.261747885));
#8321=CARTESIAN_POINT('',(98.077957161,57.243509565,-1.503618981));
#8322=CARTESIAN_POINT('',(98.047963263,57.17569566,-1.614546721));
#8323=CARTESIAN_POINT('',(97.973050852,57.006324434,-1.799666844));
#8324=CARTESIAN_POINT('',(97.928161813,56.904833753,-1.87378639));
#8325=CARTESIAN_POINT('',(97.83028403,56.683539581,-1.973972677));
#8326=CARTESIAN_POINT('',(97.777333798,56.56382316,-2.));
#8327=CARTESIAN_POINT('',(97.724362724,56.444059617,-2.));
#8328=CARTESIAN_POINT('',(98.386487115,57.253958045,-1.));
#8329=CARTESIAN_POINT('',(98.386487115,57.253958045,-1.130899694));
#8330=CARTESIAN_POINT('',(98.377357281,57.229572776,-1.261747885));
#8331=CARTESIAN_POINT('',(98.342214051,57.135707201,-1.503618981));
#8332=CARTESIAN_POINT('',(98.316214482,57.066263828,-1.614546721));
#8333=CARTESIAN_POINT('',(98.25127826,56.892822861,-1.799666844));
#8334=CARTESIAN_POINT('',(98.212367156,56.788893509,-1.87378639));
#8335=CARTESIAN_POINT('',(98.127523894,56.562281966,-1.973972677));
#8336=CARTESIAN_POINT('',(98.081625117,56.439688937,-2.));
#8337=CARTESIAN_POINT('',(98.035708274,56.317047654,-2.));
#8338=CARTESIAN_POINT('',(98.516101286,57.2076282,-1.));
#8339=CARTESIAN_POINT('',(98.516101287,57.207628199,-1.130899701));
#8340=CARTESIAN_POINT('',(98.5076926,57.182984604,-1.261747899));
#8341=CARTESIAN_POINT('',(98.475325261,57.088124664,-1.503619006));
#8342=CARTESIAN_POINT('',(98.451379344,57.017945642,-1.614546749));
#8343=CARTESIAN_POINT('',(98.391572298,56.84266733,-1.799666874));
#8344=CARTESIAN_POINT('',(98.3557347,56.737637004,-1.873786418));
#8345=CARTESIAN_POINT('',(98.277593029,56.508624857,-1.973972696));
#8346=CARTESIAN_POINT('',(98.235319701,56.384733143,-2.000000011));
#8347=CARTESIAN_POINT('',(98.193029734,56.260792666,-2.));
#8348=CARTESIAN_POINT('',(98.908301928,57.086609869,-1.));
#8349=CARTESIAN_POINT('',(98.908301928,57.086609869,-1.130899701));
#8350=CARTESIAN_POINT('',(98.90209721,57.061286211,-1.261747899));
#8351=CARTESIAN_POINT('',(98.878213552,56.963808527,-1.503619006));
#8352=CARTESIAN_POINT('',(98.860544009,56.891692854,-1.614546749));
#8353=CARTESIAN_POINT('',(98.816412762,56.711577581,-1.799666874));
#8354=CARTESIAN_POINT('',(98.789968423,56.60364885,-1.873786418));
#8355=CARTESIAN_POINT('',(98.732308171,56.368316909,-1.973972696));
#8356=CARTESIAN_POINT('',(98.701114946,56.241006292,-2.000000011));
#8357=CARTESIAN_POINT('',(98.669909444,56.113645567,-2.));
#8358=CARTESIAN_POINT('',(99.174231559,57.029789097,-1.));
#8359=CARTESIAN_POINT('',(99.174231559,57.029789097,-1.1308997));
#8360=CARTESIAN_POINT('',(99.169550398,57.004140499,-1.261747896));
#8361=CARTESIAN_POINT('',(99.151531332,56.905412031,-1.503619001));
#8362=CARTESIAN_POINT('',(99.138200515,56.832371006,-1.614546743));
#8363=CARTESIAN_POINT('',(99.104905623,56.649944585,-1.799666867));
#8364=CARTESIAN_POINT('',(99.084954647,56.540630966,-1.873786412));
#8365=CARTESIAN_POINT('',(99.041452774,56.302279364,-1.973972692));
#8366=CARTESIAN_POINT('',(99.017918994,56.173335161,-2.000000009));
#8367=CARTESIAN_POINT('',(98.99437595,56.044340206,-2.));
#8368=CARTESIAN_POINT('',(99.583204075,56.97973168,-1.));
#8369=CARTESIAN_POINT('',(99.583204073,56.97973168,-1.1308997));
#8370=CARTESIAN_POINT('',(99.580801511,56.953804187,-1.261747896));
#8371=CARTESIAN_POINT('',(99.571553392,56.854002173,-1.503619));
#8372=CARTESIAN_POINT('',(99.564711475,56.780166919,-1.614546743));
#8373=CARTESIAN_POINT('',(99.547623183,56.595756843,-1.799666867));
#8374=CARTESIAN_POINT('',(99.537383531,56.485254577,-1.873786412));
#8375=CARTESIAN_POINT('',(99.515056603,56.244311204,-1.973972692));
#8376=CARTESIAN_POINT('',(99.502978111,56.113964897,-2.000000009));
#8377=CARTESIAN_POINT('',(99.490894865,55.983567286,-2.));
#8378=CARTESIAN_POINT('',(99.721795023,56.968921816,-1.));
#8379=CARTESIAN_POINT('',(99.721795041,56.968921815,-1.130899763));
#8380=CARTESIAN_POINT('',(99.720153887,56.942935555,-1.261748022));
#8381=CARTESIAN_POINT('',(99.713836598,56.842907335,-1.503619225));
#8382=CARTESIAN_POINT('',(99.70916295,56.768904732,-1.614547002));
#8383=CARTESIAN_POINT('',(99.697490088,56.5840767,-1.799667145));
#8384=CARTESIAN_POINT('',(99.690495467,56.473323992,-1.873786674));
#8385=CARTESIAN_POINT('',(99.67524412,56.23183457,-1.973972865));
#8386=CARTESIAN_POINT('',(99.666993395,56.10119287,-2.000000108));
#8387=CARTESIAN_POINT('',(99.658739421,55.970499771,-2.));
#8388=CARTESIAN_POINT('',(100.000036297,56.959338946,-1.));
#8389=CARTESIAN_POINT('',(100.000036309,56.959338946,-1.130899763));
#8390=CARTESIAN_POINT('',(99.999885735,56.933301349,-1.261748023));
#8391=CARTESIAN_POINT('',(99.999306109,56.833075519,-1.503619227));
#8392=CARTESIAN_POINT('',(99.998877286,56.75892672,-1.614547004));
#8393=CARTESIAN_POINT('',(99.997806254,56.573733549,-1.799667148));
#8394=CARTESIAN_POINT('',(99.997164467,56.462762042,-1.873786677));
#8395=CARTESIAN_POINT('',(99.995765084,56.220795542,-1.973972867));
#8396=CARTESIAN_POINT('',(99.995008039,56.089895752,-2.000000109));
#8397=CARTESIAN_POINT('',(99.994250694,55.958944459,-2.));
#8398=CARTESIAN_POINT('',(100.139146899,56.960525332,-1.));
#8399=CARTESIAN_POINT('',(100.139147019,56.960525336,-1.130900649));
#8400=CARTESIAN_POINT('',(100.139722872,56.934494482,-1.261749793));
#8401=CARTESIAN_POINT('',(100.14193925,56.83429465,-1.503622367));
#8402=CARTESIAN_POINT('',(100.143578901,56.760165098,-1.614550628));
#8403=CARTESIAN_POINT('',(100.147673988,56.575020163,-1.79967104));
#8404=CARTESIAN_POINT('',(100.150127812,56.464077629,-1.873790353));
#8405=CARTESIAN_POINT('',(100.15547816,56.222174635,-1.973975293));
#8406=CARTESIAN_POINT('',(100.158372579,56.091309357,-2.000001501));
#8407=CARTESIAN_POINT('',(100.161268106,55.960392864,-2.));
#8408=CARTESIAN_POINT('',(100.557101565,56.981085952,-1.));
#8409=CARTESIAN_POINT('',(100.557101563,56.981085956,-1.130900653));
#8410=CARTESIAN_POINT('',(100.559786418,56.95515885,-1.261749801));
#8411=CARTESIAN_POINT('',(100.570121157,56.855358372,-1.503622382));
#8412=CARTESIAN_POINT('',(100.577766975,56.781524269,-1.614550645));
#8413=CARTESIAN_POINT('',(100.596863064,56.597117243,-1.799671058));
#8414=CARTESIAN_POINT('',(100.608305822,56.486616878,-1.87379037));
#8415=CARTESIAN_POINT('',(100.633256013,56.245678008,-1.973975304));
#8416=CARTESIAN_POINT('',(100.64675363,56.115334304,-2.000001507));
#8417=CARTESIAN_POINT('',(100.660256529,55.984939591,-2.));
#8418=CARTESIAN_POINT('',(100.836636771,57.017422271,-1.));
#8419=CARTESIAN_POINT('',(100.836636749,57.017422268,-1.130899969));
#8420=CARTESIAN_POINT('',(100.840632856,56.991674253,-1.261748433));
#8421=CARTESIAN_POINT('',(100.856015007,56.892563117,-1.503619954));
#8422=CARTESIAN_POINT('',(100.867395,56.819238994,-1.614547844));
#8423=CARTESIAN_POINT('',(100.895817545,56.636105563,-1.799668049));
#8424=CARTESIAN_POINT('',(100.912848915,56.526368311,-1.873787528));
#8425=CARTESIAN_POINT('',(100.949984761,56.287093104,-1.973973429));
#8426=CARTESIAN_POINT('',(100.970074626,56.157649294,-2.000000431));
#8427=CARTESIAN_POINT('',(100.99017239,56.028154619,-2.));
#8428=CARTESIAN_POINT('',(101.258699082,57.103428927,-1.));
#8429=CARTESIAN_POINT('',(101.25869903,57.103428916,-1.130899967));
#8430=CARTESIAN_POINT('',(101.264496376,57.078047948,-1.261748429));
#8431=CARTESIAN_POINT('',(101.286812048,56.980349698,-1.503619947));
#8432=CARTESIAN_POINT('',(101.303321593,56.908070857,-1.614547836));
#8433=CARTESIAN_POINT('',(101.344555666,56.727548114,-1.799668041));
#8434=CARTESIAN_POINT('',(101.36926397,56.619375242,-1.87378752));
#8435=CARTESIAN_POINT('',(101.423138905,56.383511072,-1.973973424));
#8436=CARTESIAN_POINT('',(101.452284339,56.255912576,-2.000000428));
#8437=CARTESIAN_POINT('',(101.481441235,56.128263942,-2.));
#8438=CARTESIAN_POINT('',(101.400313238,57.137508322,-1.));
#8439=CARTESIAN_POINT('',(101.400313523,57.137508395,-1.130900802));
#8440=CARTESIAN_POINT('',(101.406686134,57.112266555,-1.261750099));
#8441=CARTESIAN_POINT('',(101.431215471,57.015103723,-1.50362291));
#8442=CARTESIAN_POINT('',(101.449362546,56.943220962,-1.614551254));
#8443=CARTESIAN_POINT('',(101.494686218,56.763687561,-1.799671713));
#8444=CARTESIAN_POINT('',(101.521844983,56.656107561,-1.873790988));
#8445=CARTESIAN_POINT('',(101.581062757,56.42153638,-1.973975712));
#8446=CARTESIAN_POINT('',(101.613098466,56.294637495,-2.000001741));
#8447=CARTESIAN_POINT('',(101.645146644,56.167688981,-2.));
#8448=CARTESIAN_POINT('',(101.681320925,57.214941517,-1.));
#8449=CARTESIAN_POINT('',(101.681321135,57.21494158,-1.130900809));
#8450=CARTESIAN_POINT('',(101.688777428,57.189998354,-1.261750113));
#8451=CARTESIAN_POINT('',(101.717478302,57.09398499,-1.503622935));
#8452=CARTESIAN_POINT('',(101.73871159,57.02295263,-1.614551283));
#8453=CARTESIAN_POINT('',(101.791743398,56.845543184,-1.799671744));
#8454=CARTESIAN_POINT('',(101.823521051,56.739235904,-1.873791017));
#8455=CARTESIAN_POINT('',(101.892810045,56.507439811,-1.973975731));
#8456=CARTESIAN_POINT('',(101.930294122,56.382042203,-2.000001752));
#8457=CARTESIAN_POINT('',(101.967792813,56.256595557,-2.));
#8458=CARTESIAN_POINT('',(101.820854052,57.258280685,-1.));
#8459=CARTESIAN_POINT('',(101.820854052,57.258280685,-1.130899694));
#8460=CARTESIAN_POINT('',(101.82881979,57.233497091,-1.261747884));
#8461=CARTESIAN_POINT('',(101.859482096,57.138098256,-1.50361898));
#8462=CARTESIAN_POINT('',(101.8821666,57.067520551,-1.61454672));
#8463=CARTESIAN_POINT('',(101.938823154,56.891246489,-1.799666842));
#8464=CARTESIAN_POINT('',(101.972772913,56.785619489,-1.873786388));
#8465=CARTESIAN_POINT('',(102.046798269,56.555306329,-1.973972677));
#8466=CARTESIAN_POINT('',(102.08684474,56.430710787,-2.));
#8467=CARTESIAN_POINT('',(102.126906973,56.306066202,-2.));
#8468=CARTESIAN_POINT('',(102.236948999,57.401033702,-1.));
#8469=CARTESIAN_POINT('',(102.236948999,57.401033702,-1.130899694));
#8470=CARTESIAN_POINT('',(102.246355999,57.376744573,-1.261747884));
#8471=CARTESIAN_POINT('',(102.282566116,57.28324907,-1.50361898));
#8472=CARTESIAN_POINT('',(102.309354985,57.214079483,-1.61454672));
#8473=CARTESIAN_POINT('',(102.376262557,57.04132232,-1.799666842));
#8474=CARTESIAN_POINT('',(102.416354934,56.937802716,-1.873786388));
#8475=CARTESIAN_POINT('',(102.503773889,56.712084605,-1.973972677));
#8476=CARTESIAN_POINT('',(102.551066072,56.589974907,-2.));
#8477=CARTESIAN_POINT('',(102.59837687,56.467817146,-2.));
#8478=CARTESIAN_POINT('',(102.511008543,57.513144412,-1.));
#8479=CARTESIAN_POINT('',(102.511008543,57.513144412,-1.130899694));
#8480=CARTESIAN_POINT('',(102.521259625,57.48920646,-1.261747884));
#8481=CARTESIAN_POINT('',(102.560718847,57.397062733,-1.503618981));
#8482=CARTESIAN_POINT('',(102.589911461,57.328893213,-1.61454672));
#8483=CARTESIAN_POINT('',(102.662822596,57.158633807,-1.799666843));
#8484=CARTESIAN_POINT('',(102.70651243,57.056610911,-1.873786389));
#8485=CARTESIAN_POINT('',(102.801775419,56.834156277,-1.973972677));
#8486=CARTESIAN_POINT('',(102.853311092,56.713812066,-2.));
#8487=CARTESIAN_POINT('',(102.90486705,56.593420485,-2.));
#8488=CARTESIAN_POINT('',(103.053509107,57.766215283,-1.));
#8489=CARTESIAN_POINT('',(103.053509107,57.766215283,-1.130899694));
#8490=CARTESIAN_POINT('',(103.065264318,57.742978992,-1.261747884));
#8491=CARTESIAN_POINT('',(103.110513343,57.653536148,-1.503618981));
#8492=CARTESIAN_POINT('',(103.143989352,57.587364788,-1.61454672));
#8493=CARTESIAN_POINT('',(103.227598648,57.422095962,-1.799666843));
#8494=CARTESIAN_POINT('',(103.277699037,57.323063524,-1.873786389));
#8495=CARTESIAN_POINT('',(103.386939846,57.107129397,-1.973972677));
#8496=CARTESIAN_POINT('',(103.446037284,56.990312671,-2.));
#8497=CARTESIAN_POINT('',(103.505157984,56.873449964,-2.));
#8498=CARTESIAN_POINT('',(103.321930738,57.907187277,-1.));
#8499=CARTESIAN_POINT('',(103.321930738,57.907187277,-1.130899694));
#8500=CARTESIAN_POINT('',(103.334346191,57.884301863,-1.261747884));
#8501=CARTESIAN_POINT('',(103.382136667,57.79620964,-1.50361898));
#8502=CARTESIAN_POINT('',(103.417492886,57.731037493,-1.61454672));
#8503=CARTESIAN_POINT('',(103.505798171,57.56826429,-1.799666842));
#8504=CARTESIAN_POINT('',(103.558712493,57.470727279,-1.873786388));
#8505=CARTESIAN_POINT('',(103.674088908,57.258053841,-1.973972677));
#8506=CARTESIAN_POINT('',(103.736505606,57.143001092,-2.));
#8507=CARTESIAN_POINT('',(103.798946872,57.027903057,-2.));
#8508=CARTESIAN_POINT('',(103.853612074,58.213899212,-1.));
#8509=CARTESIAN_POINT('',(103.853612074,58.213899212,-1.130899694));
#8510=CARTESIAN_POINT('',(103.86720776,58.19169464,-1.261747884));
#8511=CARTESIAN_POINT('',(103.919541274,58.106223168,-1.50361898));
#8512=CARTESIAN_POINT('',(103.958258511,58.042989897,-1.61454672));
#8513=CARTESIAN_POINT('',(104.054958235,57.885059209,-1.799666842));
#8514=CARTESIAN_POINT('',(104.112902675,57.790423931,-1.873786388));
#8515=CARTESIAN_POINT('',(104.239246953,57.584077543,-1.973972677));
#8516=CARTESIAN_POINT('',(104.307597081,57.472447622,-2.));
#8517=CARTESIAN_POINT('',(104.375974112,57.360773761,-2.));
#8518=CARTESIAN_POINT('',(104.117056859,58.379841305,-1.));
#8519=CARTESIAN_POINT('',(104.117056902,58.379841333,-1.130900227));
#8520=CARTESIAN_POINT('',(104.131172707,58.357966933,-1.261748949));
#8521=CARTESIAN_POINT('',(104.185508201,58.273766352,-1.50362087));
#8522=CARTESIAN_POINT('',(104.225706511,58.211473302,-1.6145489));
#8523=CARTESIAN_POINT('',(104.32610526,58.055890962,-1.799669184));
#8524=CARTESIAN_POINT('',(104.386266197,57.962662889,-1.8737886));
#8525=CARTESIAN_POINT('',(104.517443279,57.759384982,-1.973974136));
#8526=CARTESIAN_POINT('',(104.588407812,57.649415131,-2.000000837));
#8527=CARTESIAN_POINT('',(104.659400179,57.539402127,-2.));
#8528=CARTESIAN_POINT('',(104.504797143,58.642021179,-1.));
#8529=CARTESIAN_POINT('',(104.504797163,58.642021193,-1.130900228));
#8530=CARTESIAN_POINT('',(104.519607729,58.620616566,-1.261748951));
#8531=CARTESIAN_POINT('',(104.57661759,58.5382243,-1.503620872));
#8532=CARTESIAN_POINT('',(104.618794455,58.477269079,-1.614548903));
#8533=CARTESIAN_POINT('',(104.724134834,58.325028096,-1.799669187));
#8534=CARTESIAN_POINT('',(104.787256901,58.233802235,-1.873788603));
#8535=CARTESIAN_POINT('',(104.92489055,58.034890031,-1.973974138));
#8536=CARTESIAN_POINT('',(104.999347979,57.927281952,-2.000000838));
#8537=CARTESIAN_POINT('',(105.073834617,57.819631651,-2.));
#8538=CARTESIAN_POINT('',(104.632984421,58.731729555,-1.));
#8539=CARTESIAN_POINT('',(104.632984427,58.73172956,-1.13089994));
#8540=CARTESIAN_POINT('',(104.648012675,58.710477668,-1.261748376));
#8541=CARTESIAN_POINT('',(104.705860494,58.628673325,-1.503619853));
#8542=CARTESIAN_POINT('',(104.748657303,58.568153062,-1.614547726));
#8543=CARTESIAN_POINT('',(104.855546091,58.416998384,-1.799667924));
#8544=CARTESIAN_POINT('',(104.919596011,58.326423444,-1.873787409));
#8545=CARTESIAN_POINT('',(105.059252858,58.128930447,-1.97397335));
#8546=CARTESIAN_POINT('',(105.134804834,58.022090095,-2.000000386));
#8547=CARTESIAN_POINT('',(105.210386503,57.915207751,-2.));
#8548=CARTESIAN_POINT('',(104.823790334,58.869469308,-1.));
#8549=CARTESIAN_POINT('',(104.823790335,58.869469309,-1.13089994));
#8550=CARTESIAN_POINT('',(104.839127301,58.848440274,-1.261748376));
#8551=CARTESIAN_POINT('',(104.898163467,58.767493775,-1.503619853));
#8552=CARTESIAN_POINT('',(104.941839438,58.70760816,-1.614547727));
#8553=CARTESIAN_POINT('',(105.050924013,58.558038576,-1.799667924));
#8554=CARTESIAN_POINT('',(105.116289695,58.468413458,-1.87378741));
#8555=CARTESIAN_POINT('',(105.258815479,58.272991488,-1.97397335));
#8556=CARTESIAN_POINT('',(105.335919502,58.167271527,-2.000000387));
#8557=CARTESIAN_POINT('',(105.413053829,58.061510016,-2.));
#8558=CARTESIAN_POINT('',(104.887143779,58.915910588,-1.));
#8559=CARTESIAN_POINT('',(104.887143779,58.915910588,-1.130899709));
#8560=CARTESIAN_POINT('',(104.90258067,58.894954945,-1.261747915));
#8561=CARTESIAN_POINT('',(104.962001486,58.814290946,-1.503619035));
#8562=CARTESIAN_POINT('',(105.005962032,58.754614326,-1.614546783));
#8563=CARTESIAN_POINT('',(105.115757382,58.605566692,-1.79966691));
#8564=CARTESIAN_POINT('',(105.181548986,58.516254321,-1.873786452));
#8565=CARTESIAN_POINT('',(105.325003519,58.321514209,-1.973972719));
#8566=CARTESIAN_POINT('',(105.402610004,58.21616309,-2.000000024));
#8567=CARTESIAN_POINT('',(105.480247033,58.110770507,-2.));
#8568=CARTESIAN_POINT('',(104.966590013,58.97500659,-1.));
#8569=CARTESIAN_POINT('',(104.966590013,58.97500659,-1.130899709));
#8570=CARTESIAN_POINT('',(104.982149214,58.954141927,-1.261747915));
#8571=CARTESIAN_POINT('',(105.042040835,58.873828136,-1.503619035));
#8572=CARTESIAN_POINT('',(105.086349691,58.814410606,-1.614546783));
#8573=CARTESIAN_POINT('',(105.197014976,58.666010072,-1.79966691));
#8574=CARTESIAN_POINT('',(105.263327863,58.577085457,-1.873786452));
#8575=CARTESIAN_POINT('',(105.40791902,58.383190822,-1.973972719));
#8576=CARTESIAN_POINT('',(105.4861404,58.278297091,-2.000000024));
#8577=CARTESIAN_POINT('',(105.564392566,58.173362077,-2.));
#8578=CARTESIAN_POINT('',(104.983203974,58.987405044,-1.));
#8579=CARTESIAN_POINT('',(104.983203974,58.987405044,-1.130899708));
#8580=CARTESIAN_POINT('',(104.998780399,58.966553209,-1.261747913));
#8581=CARTESIAN_POINT('',(105.05873832,58.886288792,-1.503619031));
#8582=CARTESIAN_POINT('',(105.103096225,58.82690779,-1.614546779));
#8583=CARTESIAN_POINT('',(105.213884017,58.678598488,-1.799666905));
#8584=CARTESIAN_POINT('',(105.280270312,58.589728542,-1.873786448));
#8585=CARTESIAN_POINT('',(105.425021532,58.395953107,-1.973972716));
#8586=CARTESIAN_POINT('',(105.503329503,58.291123861,-2.000000023));
#8587=CARTESIAN_POINT('',(105.581668295,58.186253357,-2.));
#8588=CARTESIAN_POINT('',(105.000016877,58.999977431,-1.));
#8589=CARTESIAN_POINT('',(105.000016877,58.999977431,-1.130899707));
#8590=CARTESIAN_POINT('',(105.015605024,58.979134337,-1.26174791));
#8591=CARTESIAN_POINT('',(105.075608065,58.898903567,-1.503619026));
#8592=CARTESIAN_POINT('',(105.11999935,58.839547458,-1.614546772));
#8593=CARTESIAN_POINT('',(105.230870512,58.691300329,-1.799666899));
#8594=CARTESIAN_POINT('',(105.297306765,58.602467636,-1.873786442));
#8595=CARTESIAN_POINT('',(105.442166914,58.408773433,-1.973972712));
#8596=CARTESIAN_POINT('',(105.520533815,58.303988132,-2.00000002));
#8597=CARTESIAN_POINT('',(105.598931559,58.199161589,-2.));
#8598=B_SPLINE_SURFACE_WITH_KNOTS('',3,3,((#8258,#8259,#8260,#8261,#8262,#8263,#8264,#8265,#8266,#8267),(#8268,#8269,#8270,#8271,#8272,#8273,#8274,#8275,#8276,#8277),(#8278,#8279,#8280,#8281,#8282,#8283,#8284,#8285,#8286,#8287),(#8288,#8289,#8290,#8291,#8292,#8293,#8294,#8295,#8296,#8297),(#8298,#8299,#8300,#8301,#8302,#8303,#8304,#8305,#8306,#8307),(#8308,#8309,#8310,#8311,#8312,#8313,#8314,#8315,#8316,#8317),(#8318,#8319,#8320,#8321,#8322,#8323,#8324,#8325,#8326,#8327),(#8328,#8329,#8330,#8331,#8332,#8333,#8334,#8335,#8336,#8337),(#8338,#8339,#8340,#8341,#8342,#8343,#8344,#8345,#8346,#8347),(#8348,#8349,#8350,#8351,#8352,#8353,#8354,#8355,#8356,#8357),(#8358,#8359,#8360,#8361,#8362,#8363,#8364,#8365,#8366,#8367),(#8368,#8369,#8370,#8371,#8372,#8373,#8374,#8375,#8376,#8377),(#8378,#8379,#8380,#8381,#8382,#8383,#8384,#8385,#8386,#8387),(#8388,#8389,#8390,#8391,#8392,#8393,#8394,#8395,#8396,#8397),(#8398,#8399,#8400,#8401,#8402,#8403,#8404,#8405,#8406,#8407),(#8408,#8409,#8410,#8411,#8412,#8413,#8414,#8415,#8416,#8417),(#8418,#8419,#8420,#8421,#8422,#8423,#8424,#8425,#8426,#8427),(#8428,#8429,#8430,#8431,#8432,#8433,#8434,#8435,#8436,#8437),(#8438,#8439,#8440,#8441,#8442,#8443,#8444,#8445,#8446,#8447),(#8448,#8449,#8450,#8451,#8452,#8453,#8454,#8455,#8456,#8457),(#8458,#8459,#8460,#8461,#8462,#8463,#8464,#8465,#8466,#8467),(#8468,#8469,#8470,#8471,#8472,#8473,#8474,#8475,#8476,#8477),(#8478,#8479,#8480,#8481,#8482,#8483,#8484,#8485,#8486,#8487),(#8488,#8489,#8490,#8491,#8492,#8493,#8494,#8495,#8496,#8497),(#8498,#8499,#8500,#8501,#8502,#8503,#8504,#8505,#8506,#8507),(#8508,#8509,#8510,#8511,#8512,#8513,#8514,#8515,#8516,#8517),
(#8518,#8519,#8520,#8521,#8522,#8523,#8524,#8525,#8526,#8527),(#8528,#8529,#8530,#8531,#8532,#8533,#8534,#8535,#8536,#8537),(#8538,#8539,#8540,#8541,#8542,#8543,#8544,#8545,#8546,#8547),(#8548,#8549,#8550,#8551,#8552,#8553,#8554,#8555,#8556,#8557),(#8558,#8559,#8560,#8561,#8562,#8563,#8564,#8565,#8566,#8567),(#8568,#8569,#8570,#8571,#8572,#8573,#8574,#8575,#8576,#8577),(#8578,#8579,#8580,#8581,#8582,#8583,#8584,#8585,#8586,#8587),(#8588,#8589,#8590,#8591,#8592,#8593,#8594,#8595,#8596,#8597)),.UNSPECIFIED.,.F.,.F.,.U.,(4,2,2,2,2,2,2,2,2,2,2,2,2,2,2,2,4),(4,2,2,2,4),(0.,0.000991008,0.001982016,0.002477521,0.002973025,0.003964033,0.004459537,0.004955041,0.005946049,0.006441553,0.006937058,0.007928066,0.008919074,0.009910082,0.010405586,0.010653338,0.010717435),(0.,0.25,0.5,0.75,1.),.UNSPECIFIED.);
#8599=ORIENTED_EDGE('',*,*,#7803,.T.);
#8600=ORIENTED_EDGE('',*,*,#5231,.F.);
#8601=CARTESIAN_POINT('',(95.814361715,57.748369388,-1.));
#8602=DIRECTION('',(-0.724500116,0.689274679,0.));
#8603=DIRECTION('',(-0.689274679,-0.724500116,0.));
#8604=AXIS2_PLACEMENT_3D('',#8601,#8602,#8603);
#8605=CIRCLE('',#8604,1.);
#8606=EDGE_CURVE('',#4383,#5189,#8605,.T.);
#8607=ORIENTED_EDGE('',*,*,#8606,.F.);
#8608=ORIENTED_EDGE('',*,*,#4418,.T.);
#8609=EDGE_LOOP('',(#8599,#8600,#8607,#8608));
#8610=FACE_BOUND('',#8609,.T.);
#8611=ADVANCED_FACE('',(#8610),#8598,.T.);
#8612=CARTESIAN_POINT('',(120.755325449,-6.030399671,-2.));
#8613=CARTESIAN_POINT('',(120.787353433,-6.157320692,-1.999999998));
#8614=CARTESIAN_POINT('',(120.819368816,-6.284191774,-1.973972673));
#8615=CARTESIAN_POINT('',(120.878548813,-6.51871124,-1.873786383));
#8616=CARTESIAN_POINT('',(120.905690143,-6.626267349,-1.799666837));
#8617=CARTESIAN_POINT('',(120.950984552,-6.805760777,-1.614546715));
#8618=CARTESIAN_POINT('',(120.96911981,-6.877627472,-1.503618976));
#8619=CARTESIAN_POINT('',(120.993632967,-6.974768614,-1.261747882));
#8620=CARTESIAN_POINT('',(121.000001222,-7.000004842,-1.130899693));
#8621=CARTESIAN_POINT('',(121.000001222,-7.000004842,-1.));
#8622=CARTESIAN_POINT('',(120.763717637,-6.028280738,-2.));
#8623=CARTESIAN_POINT('',(120.795767176,-6.155196307,-1.999999998));
#8624=CARTESIAN_POINT('',(120.827804105,-6.282061939,-1.973972673));
#8625=CARTESIAN_POINT('',(120.887023931,-6.516571331,-1.873786383));
#8626=CARTESIAN_POINT('',(120.914183527,-6.624122821,-1.799666837));
#8627=CARTESIAN_POINT('',(120.95950842,-6.803608538,-1.614546715));
#8628=CARTESIAN_POINT('',(120.977655882,-6.875472146,-1.503618976));
#8629=CARTESIAN_POINT('',(121.002185537,-6.972609116,-1.261747882));
#8630=CARTESIAN_POINT('',(121.008558078,-6.997844259,-1.130899693));
#8631=CARTESIAN_POINT('',(121.008558078,-6.997844259,-1.));
#8632=CARTESIAN_POINT('',(120.77210927,-6.026159661,-2.));
#8633=CARTESIAN_POINT('',(120.804189623,-6.153067433,-1.999999998));
#8634=CARTESIAN_POINT('',(120.836257353,-6.279925271,-1.973972673));
#8635=CARTESIAN_POINT('',(120.895534114,-6.514420256,-1.873786383));
#8636=CARTESIAN_POINT('',(120.922719823,-6.621965138,-1.799666836));
#8637=CARTESIAN_POINT('',(120.968088292,-6.801439828,-1.614546714));
#8638=CARTESIAN_POINT('',(120.986253202,-6.873299021,-1.503618975));
#8639=CARTESIAN_POINT('',(121.010806441,-6.970430023,-1.261747882));
#8640=CARTESIAN_POINT('',(121.017185109,-6.995663616,-1.130899693));
#8641=CARTESIAN_POINT('',(121.017185109,-6.995663616,-1.));
#8642=CARTESIAN_POINT('',(120.859116072,-6.004133923,-2.));
#8643=CARTESIAN_POINT('',(120.891647586,-6.130927484,-1.999999998));
#8644=CARTESIAN_POINT('',(120.9241663,-6.257671156,-1.973972673));
#8645=CARTESIAN_POINT('',(120.9842767,-6.491955105,-1.873786383));
#8646=CARTESIAN_POINT('',(121.011844734,-6.599403201,-1.799666836));
#8647=CARTESIAN_POINT('',(121.057851242,-6.778716373,-1.614546714));
#8648=CARTESIAN_POINT('',(121.076271614,-6.850510895,-1.503618975));
#8649=CARTESIAN_POINT('',(121.101170157,-6.947554484,-1.261747882));
#8650=CARTESIAN_POINT('',(121.107638531,-6.972765367,-1.130899693));
#8651=CARTESIAN_POINT('',(121.107638531,-6.972765367,-1.));
#8652=CARTESIAN_POINT('',(120.937634529,-5.983855286,-2.));
#8653=CARTESIAN_POINT('',(120.97057907,-6.11054209,-1.999999828));
#8654=CARTESIAN_POINT('',(121.003510639,-6.237179015,-1.973972377));
#8655=CARTESIAN_POINT('',(121.064384188,-6.47126561,-1.873785935));
#8656=CARTESIAN_POINT('',(121.092302215,-6.578623177,-1.799666362));
#8657=CARTESIAN_POINT('',(121.138892801,-6.757785256,-1.614546273));
#8658=CARTESIAN_POINT('',(121.157547027,-6.829519275,-1.503618593));
#8659=CARTESIAN_POINT('',(121.182761667,-6.92648108,-1.261747666));
#8660=CARTESIAN_POINT('',(121.18931216,-6.951670716,-1.130899585));
#8661=CARTESIAN_POINT('',(121.18931216,-6.951670716,-1.));
#8662=CARTESIAN_POINT('',(121.329721134,-5.88050667,-2.));
#8663=CARTESIAN_POINT('',(121.364760889,-6.006641207,-1.999999828));
#8664=CARTESIAN_POINT('',(121.399786849,-6.132726083,-1.973972377));
#8665=CARTESIAN_POINT('',(121.46453185,-6.365792223,-1.873785935));
#8666=CARTESIAN_POINT('',(121.494225417,-6.472681785,-1.799666362));
#8667=CARTESIAN_POINT('',(121.543779085,-6.651062841,-1.614546273));
#8668=CARTESIAN_POINT('',(121.56361969,-6.722484149,-1.503618593));
#8669=CARTESIAN_POINT('',(121.590437941,-6.819023267,-1.261747666));
#8670=CARTESIAN_POINT('',(121.597405036,-6.844103092,-1.130899585));
#8671=CARTESIAN_POINT('',(121.597405039,-6.844103091,-1.));
#8672=CARTESIAN_POINT('',(121.641781092,-5.791604631,-2.));
#8673=CARTESIAN_POINT('',(121.678589627,-5.917237759,-1.999999779));
#8674=CARTESIAN_POINT('',(121.715383668,-6.042821413,-1.973972292));
#8675=CARTESIAN_POINT('',(121.783396942,-6.274961041,-1.873785806));
#8676=CARTESIAN_POINT('',(121.814589414,-6.381425677,-1.799666225));
#8677=CARTESIAN_POINT('',(121.866644509,-6.559097598,-1.614546146));
#8678=CARTESIAN_POINT('',(121.887486651,-6.630234976,-1.503618483));
#8679=CARTESIAN_POINT('',(121.915658668,-6.726390308,-1.261747604));
#8680=CARTESIAN_POINT('',(121.922977458,-6.751370429,-1.130899553));
#8681=CARTESIAN_POINT('',(121.922977465,-6.751370427,-1.));
#8682=CARTESIAN_POINT('',(122.262245055,-5.599663252,-2.));
#8683=CARTESIAN_POINT('',(122.302806449,-5.724135436,-1.99999978));
#8684=CARTESIAN_POINT('',(122.343351872,-5.848558602,-1.973972293));
#8685=CARTESIAN_POINT('',(122.418299526,-6.078553084,-1.873785806));
#8686=CARTESIAN_POINT('',(122.452672267,-6.184033907,-1.799666226));
#8687=CARTESIAN_POINT('',(122.51003471,-6.360064002,-1.614546146));
#8688=CARTESIAN_POINT('',(122.533001842,-6.430544016,-1.503618483));
#8689=CARTESIAN_POINT('',(122.564046182,-6.525810796,-1.261747604));
#8690=CARTESIAN_POINT('',(122.572111174,-6.55056008,-1.130899554));
#8691=CARTESIAN_POINT('',(122.572111187,-6.550560076,-1.));
#8692=CARTESIAN_POINT('',(122.570573335,-5.496618532,-2.));
#8693=CARTESIAN_POINT('',(122.613119093,-5.620431124,-2.));
#8694=CARTESIAN_POINT('',(122.655648111,-5.744195001,-1.973972677));
#8695=CARTESIAN_POINT('',(122.73426242,-5.972970841,-1.873786388));
#8696=CARTESIAN_POINT('',(122.77031678,-6.07789279,-1.799666842));
#8697=CARTESIAN_POINT('',(122.830485567,-6.252990237,-1.61454672));
#8698=CARTESIAN_POINT('',(122.85457632,-6.323096842,-1.50361898));
#8699=CARTESIAN_POINT('',(122.887139433,-6.417858897,-1.261747884));
#8700=CARTESIAN_POINT('',(122.895598981,-6.442477063,-1.130899694));
#8701=CARTESIAN_POINT('',(122.895598981,-6.442477063,-1.));
#8702=CARTESIAN_POINT('',(123.179574125,-5.275682985,-2.));
#8703=CARTESIAN_POINT('',(123.226311125,-5.397975063,-2.));
#8704=CARTESIAN_POINT('',(123.273029736,-5.520219024,-1.973972677));
#8705=CARTESIAN_POINT('',(123.359388451,-5.74618532,-1.873786388));
#8706=CARTESIAN_POINT('',(123.398994577,-5.849818746,-1.799666842));
#8707=CARTESIAN_POINT('',(123.465090676,-6.022765861,-1.61454672));
#8708=CARTESIAN_POINT('',(123.491554643,-6.092011503,-1.50361898));
#8709=CARTESIAN_POINT('',(123.527325595,-6.185609807,-1.261747884));
#8710=CARTESIAN_POINT('',(123.536618504,-6.209925643,-1.130899694));
#8711=CARTESIAN_POINT('',(123.536618504,-6.209925643,-1.));
#8712=CARTESIAN_POINT('',(123.480655021,-5.157673596,-2.));
#8713=CARTESIAN_POINT('',(123.529601661,-5.279104253,-2.));
#8714=CARTESIAN_POINT('',(123.578529043,-5.400487132,-1.973972676));
#8715=CARTESIAN_POINT('',(123.66897064,-5.624861729,-1.873786388));
#8716=CARTESIAN_POINT('',(123.710449272,-5.727765165,-1.799666842));
#8717=CARTESIAN_POINT('',(123.779670274,-5.899494047,-1.614546719));
#8718=CARTESIAN_POINT('',(123.807385409,-5.968251925,-1.50361898));
#8719=CARTESIAN_POINT('',(123.844847546,-6.061190926,-1.261747884));
#8720=CARTESIAN_POINT('',(123.854579807,-6.085335482,-1.130899694));
#8721=CARTESIAN_POINT('',(123.854579807,-6.085335482,-1.));
#8722=CARTESIAN_POINT('',(124.372274802,-4.778011408,-2.));
#8723=CARTESIAN_POINT('',(124.428230478,-4.896457535,-2.));
#8724=CARTESIAN_POINT('',(124.484164138,-5.014857059,-1.973972676));
#8725=CARTESIAN_POINT('',(124.587556746,-5.233716963,-1.873786388));
#8726=CARTESIAN_POINT('',(124.634975014,-5.334091233,-1.799666842));
#8727=CARTESIAN_POINT('',(124.71410829,-5.501599352,-1.614546719));
#8728=CARTESIAN_POINT('',(124.745792163,-5.568667294,-1.50361898));
#8729=CARTESIAN_POINT('',(124.788618784,-5.659322035,-1.261747884));
#8730=CARTESIAN_POINT('',(124.799744681,-5.682873165,-1.130899694));
#8731=CARTESIAN_POINT('',(124.799744681,-5.682873165,-1.));
#8732=CARTESIAN_POINT('',(124.951354275,-4.491085173,-2.));
#8733=CARTESIAN_POINT('',(125.012497042,-4.60702105,-2.));
#8734=CARTESIAN_POINT('',(125.073615752,-4.72291131,-1.973972677));
#8735=CARTESIAN_POINT('',(125.186592855,-4.937132876,-1.873786388));
#8736=CARTESIAN_POINT('',(125.238406795,-5.035379895,-1.799666842));
#8737=CARTESIAN_POINT('',(125.324875726,-5.199337983,-1.61454672));
#8738=CARTESIAN_POINT('',(125.359496694,-5.264984542,-1.50361898));
#8739=CARTESIAN_POINT('',(125.406293342,-5.35371802,-1.261747884));
#8740=CARTESIAN_POINT('',(125.418450609,-5.376770026,-1.130899694));
#8741=CARTESIAN_POINT('',(125.418450609,-5.376770026,-1.));
#8742=CARTESIAN_POINT('',(125.64958736,-4.07593139,-2.));
#8743=CARTESIAN_POINT('',(125.717924423,-4.187589699,-2.));
#8744=CARTESIAN_POINT('',(125.786234597,-4.299204075,-1.973972677));
#8745=CARTESIAN_POINT('',(125.912505024,-4.505521727,-1.873786388));
#8746=CARTESIAN_POINT('',(125.970415595,-4.600143826,-1.799666842));
#8747=CARTESIAN_POINT('',(126.067058795,-4.758052521,-1.61454672));
#8748=CARTESIAN_POINT('',(126.105753401,-4.821276987,-1.50361898));
#8749=CARTESIAN_POINT('',(126.158056325,-4.906736556,-1.261747884));
#8750=CARTESIAN_POINT('',(126.171644063,-4.928938036,-1.130899694));
#8751=CARTESIAN_POINT('',(126.171644063,-4.928938036,-1.));
#8752=CARTESIAN_POINT('',(125.788197831,-3.989881347,-2.));
#8753=CARTESIAN_POINT('',(125.858010773,-4.100623933,-1.999999014));
#8754=CARTESIAN_POINT('',(125.927796117,-4.211322797,-1.973970957));
#8755=CARTESIAN_POINT('',(126.056793215,-4.415947997,-1.873783782));
#8756=CARTESIAN_POINT('',(126.115954214,-4.509793822,-1.799664083));
#8757=CARTESIAN_POINT('',(126.214684072,-4.666407013,-1.614544151));
#8758=CARTESIAN_POINT('',(126.254214085,-4.729112758,-1.503616754));
#8759=CARTESIAN_POINT('',(126.30764612,-4.813871227,-1.26174663));
#8760=CARTESIAN_POINT('',(126.321527118,-4.835890602,-1.130899066));
#8761=CARTESIAN_POINT('',(126.321526991,-4.835890683,-1.));
#8762=CARTESIAN_POINT('',(126.060788027,-3.812784758,-2.));
#8763=CARTESIAN_POINT('',(126.133601949,-3.921577677,-1.99999901));
#8764=CARTESIAN_POINT('',(126.206387093,-4.030327642,-1.97397095));
#8765=CARTESIAN_POINT('',(126.340929282,-4.231350326,-1.873783772));
#8766=CARTESIAN_POINT('',(126.402633393,-4.323543952,-1.799664072));
#8767=CARTESIAN_POINT('',(126.505607295,-4.47739989,-1.614544141));
#8768=CARTESIAN_POINT('',(126.546836571,-4.539001667,-1.503616746));
#8769=CARTESIAN_POINT('',(126.60256549,-4.62226791,-1.261746625));
#8770=CARTESIAN_POINT('',(126.617043207,-4.643899615,-1.130899064));
#8771=CARTESIAN_POINT('',(126.617043105,-4.643899683,-1.));
#8772=CARTESIAN_POINT('',(126.194875951,-3.721688379,-2.));
#8773=CARTESIAN_POINT('',(126.269215928,-3.829446903,-2.));
#8774=CARTESIAN_POINT('',(126.343526656,-3.937163028,-1.973972677));
#8775=CARTESIAN_POINT('',(126.480889022,-4.136274816,-1.873786388));
#8776=CARTESIAN_POINT('',(126.543886615,-4.227592138,-1.799666842));
#8777=CARTESIAN_POINT('',(126.649019219,-4.379985703,-1.61454672));
#8778=CARTESIAN_POINT('',(126.691112865,-4.441001987,-1.50361898));
#8779=CARTESIAN_POINT('',(126.74801022,-4.52347679,-1.261747884));
#8780=CARTESIAN_POINT('',(126.762791543,-4.544902859,-1.130899694));
#8781=CARTESIAN_POINT('',(126.762791543,-4.544902859,-1.));
#8782=CARTESIAN_POINT('',(126.590216899,-3.440407157,-2.));
#8783=CARTESIAN_POINT('',(126.669195964,-3.544865014,-2.));
#8784=CARTESIAN_POINT('',(126.748143954,-3.649281773,-1.973972677));
#8785=CARTESIAN_POINT('',(126.894078237,-3.842294726,-1.873786388));
#8786=CARTESIAN_POINT('',(126.961007111,-3.93081498,-1.799666842));
#8787=CARTESIAN_POINT('',(127.072700376,-4.078540699,-1.61454672));
#8788=CARTESIAN_POINT('',(127.11742082,-4.137688041,-1.50361898));
#8789=CARTESIAN_POINT('',(127.177868779,-4.217636625,-1.261747884));
#8790=CARTESIAN_POINT('',(127.19357251,-4.238406409,-1.130899694));
#8791=CARTESIAN_POINT('',(127.19357251,-4.238406409,-1.));
#8792=CARTESIAN_POINT('',(126.844537324,-3.242218937,-2.));
#8793=CARTESIAN_POINT('',(126.926695086,-3.344213274,-2.));
#8794=CARTESIAN_POINT('',(127.008820523,-3.44616748,-1.973972677));
#8795=CARTESIAN_POINT('',(127.160628274,-3.63462844,-1.873786388));
#8796=CARTESIAN_POINT('',(127.230250857,-3.721061042,-1.799666842));
#8797=CARTESIAN_POINT('',(127.34643948,-3.865302816,-1.61454672));
#8798=CARTESIAN_POINT('',(127.392959803,-3.923055235,-1.50361898));
#8799=CARTESIAN_POINT('',(127.455840632,-4.001118321,-1.261747884));
#8800=CARTESIAN_POINT('',(127.472176397,-4.021398273,-1.130899694));
#8801=CARTESIAN_POINT('',(127.472176397,-4.021398273,-1.));
#8802=CARTESIAN_POINT('',(127.33269945,-2.822200734,-2.));
#8803=CARTESIAN_POINT('',(127.421291616,-2.918658864,-2.));
#8804=CARTESIAN_POINT('',(127.509848925,-3.015079041,-1.973972677));
#8805=CARTESIAN_POINT('',(127.673545903,-3.193310424,-1.873786388));
#8806=CARTESIAN_POINT('',(127.748621164,-3.275051503,-1.799666842));
#8807=CARTESIAN_POINT('',(127.873909407,-3.411463898,-1.61454672));
#8808=CARTESIAN_POINT('',(127.924073093,-3.466081541,-1.50361898));
#8809=CARTESIAN_POINT('',(127.991878601,-3.539907398,-1.261747884));
#8810=CARTESIAN_POINT('',(128.009493745,-3.559086563,-1.130899694));
#8811=CARTESIAN_POINT('',(128.009493745,-3.559086563,-1.));
#8812=CARTESIAN_POINT('',(127.566542893,-2.600372761,-2.));
#8813=CARTESIAN_POINT('',(127.658390823,-2.693757079,-2.));
#8814=CARTESIAN_POINT('',(127.750202616,-2.787104655,-1.973972677));
#8815=CARTESIAN_POINT('',(127.919915463,-2.959656375,-1.873786388));
#8816=CARTESIAN_POINT('',(127.997749742,-3.038792628,-1.799666842));
#8817=CARTESIAN_POINT('',(128.127642331,-3.170857998,-1.61454672));
#8818=CARTESIAN_POINT('',(128.179649534,-3.223735152,-1.50361898));
#8819=CARTESIAN_POINT('',(128.249946897,-3.295208415,-1.261747884));
#8820=CARTESIAN_POINT('',(128.268209398,-3.313776402,-1.130899694));
#8821=CARTESIAN_POINT('',(128.268209398,-3.313776402,-1.));
#8822=CARTESIAN_POINT('',(127.900189562,-2.247868268,-2.));
#8823=CARTESIAN_POINT('',(127.996867651,-2.336149425,-2.));
#8824=CARTESIAN_POINT('',(128.093507702,-2.424395848,-1.973972677));
#8825=CARTESIAN_POINT('',(128.272145517,-2.587518157,-1.873786388));
#8826=CARTESIAN_POINT('',(128.354072996,-2.662329861,-1.799666842));
#8827=CARTESIAN_POINT('',(128.490796462,-2.787178272,-1.61454672));
#8828=CARTESIAN_POINT('',(128.545538653,-2.837165855,-1.50361898));
#8829=CARTESIAN_POINT('',(128.619532859,-2.904733327,-1.261747884));
#8830=CARTESIAN_POINT('',(128.63875576,-2.922286632,-1.130899694));
#8831=CARTESIAN_POINT('',(128.63875576,-2.922286632,-1.));
#8832=CARTESIAN_POINT('',(128.008553547,-2.127074759,-2.));
#8833=CARTESIAN_POINT('',(128.106831675,-2.213573099,-1.999999119));
#8834=CARTESIAN_POINT('',(128.20507102,-2.300037273,-1.97397114));
#8835=CARTESIAN_POINT('',(128.386665003,-2.459864962,-1.87378406));
#8836=CARTESIAN_POINT('',(128.469948193,-2.533165593,-1.799664377));
#8837=CARTESIAN_POINT('',(128.608934099,-2.65549218,-1.614544425));
#8838=CARTESIAN_POINT('',(128.664582131,-2.704470006,-1.503616991));
#8839=CARTESIAN_POINT('',(128.739800795,-2.770672535,-1.261746763));
#8840=CARTESIAN_POINT('',(128.759341832,-2.787871189,-1.130899133));
#8841=CARTESIAN_POINT('',(128.759341912,-2.7878711,-1.));
#8842=CARTESIAN_POINT('',(128.219230012,-1.878501552,-2.));
#8843=CARTESIAN_POINT('',(128.3206678,-1.961271892,-1.999999124));
#8844=CARTESIAN_POINT('',(128.422065562,-2.044009533,-1.973971149));
#8845=CARTESIAN_POINT('',(128.60949784,-2.196948771,-1.873784073));
#8846=CARTESIAN_POINT('',(128.69545861,-2.267090194,-1.799664391));
#8847=CARTESIAN_POINT('',(128.838912963,-2.384144573,-1.614544438));
#8848=CARTESIAN_POINT('',(128.896350104,-2.431011473,-1.503617003));
#8849=CARTESIAN_POINT('',(128.973987091,-2.494360675,-1.26174677));
#8850=CARTESIAN_POINT('',(128.994156392,-2.510818051,-1.130899136));
#8851=CARTESIAN_POINT('',(128.994156489,-2.510817933,-1.));
#8852=CARTESIAN_POINT('',(128.321538998,-1.750671573,-2.));
#8853=CARTESIAN_POINT('',(128.424536416,-1.83149572,-1.99999998));
#8854=CARTESIAN_POINT('',(128.527493305,-1.912288065,-1.973972642));
#8855=CARTESIAN_POINT('',(128.717807708,-2.06163161,-1.873786336));
#8856=CARTESIAN_POINT('',(128.805090341,-2.13012405,-1.799666787));
#8857=CARTESIAN_POINT('',(128.950750673,-2.244426649,-1.614546668));
#8858=CARTESIAN_POINT('',(129.009071062,-2.290191834,-1.503618936));
#8859=CARTESIAN_POINT('',(129.087901864,-2.352051955,-1.261747859));
#8860=CARTESIAN_POINT('',(129.10838126,-2.368122552,-1.130899681));
#8861=CARTESIAN_POINT('',(129.108381259,-2.368122554,-1.));
#8862=CARTESIAN_POINT('',(128.615793637,-1.360534714,-2.));
#8863=CARTESIAN_POINT('',(128.72331965,-1.435354633,-1.99999998));
#8864=CARTESIAN_POINT('',(128.830803353,-1.510145112,-1.973972642));
#8865=CARTESIAN_POINT('',(129.029485509,-1.64839429,-1.873786336));
#8866=CARTESIAN_POINT('',(129.120605789,-1.711798594,-1.799666787));
#8867=CARTESIAN_POINT('',(129.272670523,-1.817609931,-1.614546668));
#8868=CARTESIAN_POINT('',(129.333555147,-1.859975332,-1.503618936));
#8869=CARTESIAN_POINT('',(129.415851986,-1.917240015,-1.261747859));
#8870=CARTESIAN_POINT('',(129.437231822,-1.932116766,-1.130899681));
#8871=CARTESIAN_POINT('',(129.437231822,-1.932116767,-1.));
#8872=CARTESIAN_POINT('',(128.796200653,-1.090248471,-2.));
#8873=CARTESIAN_POINT('',(128.906563277,-1.160823507,-1.999999976));
#8874=CARTESIAN_POINT('',(129.016882473,-1.231370772,-1.973972634));
#8875=CARTESIAN_POINT('',(129.220805999,-1.361776427,-1.873786324));
#8876=CARTESIAN_POINT('',(129.314330093,-1.421583508,-1.799666774));
#8877=CARTESIAN_POINT('',(129.470406397,-1.521391671,-1.614546656));
#8878=CARTESIAN_POINT('',(129.532897198,-1.561353484,-1.503618925));
#8879=CARTESIAN_POINT('',(129.617365083,-1.615369271,-1.261747853));
#8880=CARTESIAN_POINT('',(129.639308934,-1.629401994,-1.130899678));
#8881=CARTESIAN_POINT('',(129.639308934,-1.629401993,-1.));
#8882=CARTESIAN_POINT('',(129.125045299,-0.528998873,-2.));
#8883=CARTESIAN_POINT('',(129.240565194,-0.59077183,-1.999999976));
#8884=CARTESIAN_POINT('',(129.356039633,-0.652520479,-1.973972634));
#8885=CARTESIAN_POINT('',(129.569492554,-0.766662012,-1.873786324));
#8886=CARTESIAN_POINT('',(129.667387053,-0.819009986,-1.799666774));
#8887=CARTESIAN_POINT('',(129.830756841,-0.906370129,-1.614546657));
#8888=CARTESIAN_POINT('',(129.896167852,-0.941347925,-1.503618925));
#8889=CARTESIAN_POINT('',(129.984582944,-0.98862689,-1.261747853));
#8890=CARTESIAN_POINT('',(130.007552237,-1.000909458,-1.130899678));
#8891=CARTESIAN_POINT('',(130.007552238,-1.000909456,-1.));
#8892=CARTESIAN_POINT('',(129.273953519,-0.23674136,-2.));
#8893=CARTESIAN_POINT('',(129.391799479,-0.293939025,-1.999999022));
#8894=CARTESIAN_POINT('',(129.509598887,-0.351114122,-1.973970971));
#8895=CARTESIAN_POINT('',(129.727349284,-0.456801459,-1.873783803));
#8896=CARTESIAN_POINT('',(129.827214599,-0.505272118,-1.799664105));
#8897=CARTESIAN_POINT('',(129.993873262,-0.586161675,-1.614544172));
#8898=CARTESIAN_POINT('',(130.060601038,-0.618548747,-1.503616772));
#8899=CARTESIAN_POINT('',(130.150795934,-0.662325937,-1.26174664));
#8900=CARTESIAN_POINT('',(130.174227567,-0.673698831,-1.130899071));
#8901=CARTESIAN_POINT('',(130.174227519,-0.673698934,-1.));
#8902=CARTESIAN_POINT('',(129.535597983,0.358824558,-2.));
#8903=CARTESIAN_POINT('',(129.657439969,0.310722869,-1.999999016));
#8904=CARTESIAN_POINT('',(129.779233831,0.26264017,-1.973970961));
#8905=CARTESIAN_POINT('',(130.00436793,0.173760018,-1.873783788));
#8906=CARTESIAN_POINT('',(130.107619587,0.132997534,-1.799664089));
#8907=CARTESIAN_POINT('',(130.27992951,0.064971676,-1.614544157));
#8908=CARTESIAN_POINT('',(130.348919981,0.037735067,-1.503616759));
#8909=CARTESIAN_POINT('',(130.442173352,0.000919727,-1.261746632));
#8910=CARTESIAN_POINT('',(130.466399562,-0.00864452,-1.130899067));
#8911=CARTESIAN_POINT('',(130.466399549,-0.008644557,-1.));
#8912=CARTESIAN_POINT('',(129.648890097,0.662733171,-2.));
#8913=CARTESIAN_POINT('',(129.772411759,0.619160399,-2.));
#8914=CARTESIAN_POINT('',(129.895884821,0.575604772,-1.973972677));
#8915=CARTESIAN_POINT('',(130.124123091,0.495092788,-1.873786388));
#8916=CARTESIAN_POINT('',(130.228798498,0.458168111,-1.799666842));
#8917=CARTESIAN_POINT('',(130.403484507,0.396546906,-1.61454672));
#8918=CARTESIAN_POINT('',(130.473426378,0.371874625,-1.50361898));
#8919=CARTESIAN_POINT('',(130.567965765,0.33852547,-1.261747884));
#8920=CARTESIAN_POINT('',(130.592526084,0.329861717,-1.130899694));
#8921=CARTESIAN_POINT('',(130.592526084,0.329861717,-1.));
#8922=CARTESIAN_POINT('',(129.794451975,1.127114043,-2.));
#8923=CARTESIAN_POINT('',(129.92005191,1.090171514,-2.));
#8924=CARTESIAN_POINT('',(130.045602427,1.053243519,-1.973972677));
#8925=CARTESIAN_POINT('',(130.277680846,0.984982625,-1.873786388));
#8926=CARTESIAN_POINT('',(130.384117435,0.953676584,-1.799666842));
#8927=CARTESIAN_POINT('',(130.561742567,0.901431957,-1.61454672));
#8928=CARTESIAN_POINT('',(130.632861222,0.880513929,-1.50361898));
#8929=CARTESIAN_POINT('',(130.728991251,0.852239341,-1.261747884));
#8930=CARTESIAN_POINT('',(130.753964801,0.844893906,-1.130899694));
#8931=CARTESIAN_POINT('',(130.753964801,0.844893906,-1.));
#8932=CARTESIAN_POINT('',(129.838912018,1.283326581,-2.));
#8933=CARTESIAN_POINT('',(129.96513144,1.248567656,-1.999999255));
#8934=CARTESIAN_POINT('',(130.091301061,1.213822456,-1.973971377));
#8935=CARTESIAN_POINT('',(130.324523741,1.149596488,-1.873784419));
#8936=CARTESIAN_POINT('',(130.431485038,1.12014099,-1.799664757));
#8937=CARTESIAN_POINT('',(130.609985767,1.070984656,-1.614544779));
#8938=CARTESIAN_POINT('',(130.681454969,1.05130316,-1.503617298));
#8939=CARTESIAN_POINT('',(130.778058826,1.024700011,-1.261746936));
#8940=CARTESIAN_POINT('',(130.803155472,1.017788826,-1.130899219));
#8941=CARTESIAN_POINT('',(130.803155485,1.017788874,-1.));
#8942=CARTESIAN_POINT('',(129.919986022,1.598493359,-2.));
#8943=CARTESIAN_POINT('',(130.047310612,1.568030686,-1.999999257));
#8944=CARTESIAN_POINT('',(130.174584966,1.537580048,-1.973971381));
#8945=CARTESIAN_POINT('',(130.409849731,1.481292523,-1.873784425));
#8946=CARTESIAN_POINT('',(130.517747577,1.455477783,-1.799664763));
#8947=CARTESIAN_POINT('',(130.697811253,1.412397284,-1.614544784));
#8948=CARTESIAN_POINT('',(130.769906238,1.395148475,-1.503617303));
#8949=CARTESIAN_POINT('',(130.86735596,1.37183357,-1.261746939));
#8950=CARTESIAN_POINT('',(130.892672355,1.365776647,-1.130899221));
#8951=CARTESIAN_POINT('',(130.892672372,1.365776721,-1.));
#8952=CARTESIAN_POINT('',(129.95667873,1.7578108,-2.));
#8953=CARTESIAN_POINT('',(130.084489438,1.729466307,-1.999998915));
#8954=CARTESIAN_POINT('',(130.212249639,1.701132976,-1.973970786));
#8955=CARTESIAN_POINT('',(130.448412394,1.648759179,-1.873783523));
#8956=CARTESIAN_POINT('',(130.556722029,1.624739319,-1.799663808));
#8957=CARTESIAN_POINT('',(130.73747286,1.584654064,-1.614543895));
#8958=CARTESIAN_POINT('',(130.80984294,1.568604442,-1.503616533));
#8959=CARTESIAN_POINT('',(130.907664458,1.546910283,-1.261746505));
#8960=CARTESIAN_POINT('',(130.933077409,1.541274282,-1.130899003));
#8961=CARTESIAN_POINT('',(130.933077369,1.541274103,-1.));
#8962=CARTESIAN_POINT('',(130.120276623,2.556047144,-2.));
#8963=CARTESIAN_POINT('',(130.25020212,2.538021561,-1.999998902));
#8964=CARTESIAN_POINT('',(130.380076279,2.520003081,-1.973970763));
#8965=CARTESIAN_POINT('',(130.620146661,2.48669616,-1.873783488));
#8966=CARTESIAN_POINT('',(130.730248428,2.471420824,-1.799663771));
#8967=CARTESIAN_POINT('',(130.913990045,2.445928771,-1.614543861));
#8968=CARTESIAN_POINT('',(130.987557601,2.435722084,-1.503616502));
#8969=CARTESIAN_POINT('',(131.086997751,2.421925793,-1.261746488));
#8970=CARTESIAN_POINT('',(131.112831221,2.418341615,-1.130898995));
#8971=CARTESIAN_POINT('',(131.112831212,2.418341519,-1.));
#8972=CARTESIAN_POINT('',(130.188206896,3.197825505,-2.));
#8973=CARTESIAN_POINT('',(130.318831331,3.187145451,-2.));
#8974=CARTESIAN_POINT('',(130.44940437,3.176469599,-1.973972676));
#8975=CARTESIAN_POINT('',(130.690766853,3.156735432,-1.873786388));
#8976=CARTESIAN_POINT('',(130.80146133,3.147684882,-1.799666842));
#8977=CARTESIAN_POINT('',(130.986192177,3.132581004,-1.614546719));
#8978=CARTESIAN_POINT('',(131.060155862,3.12653362,-1.50361898));
#8979=CARTESIAN_POINT('',(131.160131476,3.11835946,-1.261747884));
#8980=CARTESIAN_POINT('',(131.186104068,3.116235901,-1.130899694));
#8981=CARTESIAN_POINT('',(131.186104068,3.116235901,-1.));
#8982=CARTESIAN_POINT('',(130.219201824,4.164085245,-2.));
#8983=CARTESIAN_POINT('',(130.350138208,4.163130163,-2.));
#8984=CARTESIAN_POINT('',(130.481023075,4.162175456,-1.973972676));
#8985=CARTESIAN_POINT('',(130.722961966,4.160410694,-1.873786388));
#8986=CARTESIAN_POINT('',(130.833920798,4.159601333,-1.799666842));
#8987=CARTESIAN_POINT('',(131.019092809,4.158250642,-1.614546719));
#8988=CARTESIAN_POINT('',(131.09323313,4.157709844,-1.50361898));
#8989=CARTESIAN_POINT('',(131.1934475,4.156978856,-1.261747884));
#8990=CARTESIAN_POINT('',(131.219482119,4.156788953,-1.130899694));
#8991=CARTESIAN_POINT('',(131.219482119,4.156788953,-1.));
#8992=CARTESIAN_POINT('',(130.217595243,4.486776679,-2.));
#8993=CARTESIAN_POINT('',(130.348509374,4.488852364,-2.));
#8994=CARTESIAN_POINT('',(130.479371996,4.490927232,-1.973972677));
#8995=CARTESIAN_POINT('',(130.721269768,4.494762597,-1.873786388));
#8996=CARTESIAN_POINT('',(130.832209742,4.496521586,-1.799666842));
#8997=CARTESIAN_POINT('',(131.017350282,4.499457047,-1.61454672));
#8998=CARTESIAN_POINT('',(131.091478002,4.500632365,-1.50361898));
#8999=CARTESIAN_POINT('',(131.19167534,4.502221026,-1.261747884));
#9000=CARTESIAN_POINT('',(131.217705534,4.502633743,-1.130899694));
#9001=CARTESIAN_POINT('',(131.217705534,4.502633743,-1.));
#9002=CARTESIAN_POINT('',(130.193292052,5.133228082,-2.));
#9003=CARTESIAN_POINT('',(130.323992495,5.140987737,-2.));
#9004=CARTESIAN_POINT('',(130.454641514,5.148744338,-1.973972677));
#9005=CARTESIAN_POINT('',(130.696144443,5.163082311,-1.873786388));
#9006=CARTESIAN_POINT('',(130.806903333,5.16965804,-1.799666842));
#9007=CARTESIAN_POINT('',(130.991741672,5.180631849,-1.61454672));
#9008=CARTESIAN_POINT('',(131.065748396,5.185025611,-1.50361898));
#9009=CARTESIAN_POINT('',(131.165782185,5.190964594,-1.261747884));
#9010=CARTESIAN_POINT('',(131.19176989,5.192507478,-1.130899694));
#9011=CARTESIAN_POINT('',(131.19176989,5.192507478,-1.));
#9012=CARTESIAN_POINT('',(130.170512188,5.457727696,-2.));
#9013=CARTESIAN_POINT('',(130.301020415,5.46814642,-2.));
#9014=CARTESIAN_POINT('',(130.431477293,5.478561044,-1.973972677));
#9015=CARTESIAN_POINT('',(130.672625053,5.497812336,-1.873786388));
#9016=CARTESIAN_POINT('',(130.783221054,5.506641428,-1.799666842));
#9017=CARTESIAN_POINT('',(130.967787558,5.521375729,-1.61454672));
#9018=CARTESIAN_POINT('',(131.041685444,5.52727514,-1.50361898));
#9019=CARTESIAN_POINT('',(131.141572116,5.535249286,-1.261747884));
#9020=CARTESIAN_POINT('',(131.167521603,5.537320884,-1.130899694));
#9021=CARTESIAN_POINT('',(131.167521603,5.537320884,-1.));
#9022=CARTESIAN_POINT('',(130.074484501,6.427399832,-2.));
#9023=CARTESIAN_POINT('',(130.204255546,6.445262496,-2.));
#9024=CARTESIAN_POINT('',(130.333975533,6.463118132,-1.973972677));
#9025=CARTESIAN_POINT('',(130.573761159,6.496124031,-1.873786388));
#9026=CARTESIAN_POINT('',(130.683732453,6.511261308,-1.799666842));
#9027=CARTESIAN_POINT('',(130.867256426,6.536522929,-1.61454672));
#9028=CARTESIAN_POINT('',(130.940736895,6.546637334,-1.50361898));
#9029=CARTESIAN_POINT('',(131.040059354,6.560308825,-1.261747884));
#9030=CARTESIAN_POINT('',(131.065862263,6.563860532,-1.130899694));
#9031=CARTESIAN_POINT('',(131.065862263,6.563860532,-1.));
#9032=CARTESIAN_POINT('',(129.974477771,7.064713554,-2.));
#9033=CARTESIAN_POINT('',(130.103555604,7.086807526,-1.999999999));
#9034=CARTESIAN_POINT('',(130.232582649,7.108892804,-1.973972675));
#9035=CARTESIAN_POINT('',(130.471087384,7.149717141,-1.873786386));
#9036=CARTESIAN_POINT('',(130.580471232,7.168440136,-1.799666839));
#9037=CARTESIAN_POINT('',(130.763014852,7.19968573,-1.614546717));
#9038=CARTESIAN_POINT('',(130.836102803,7.212196035,-1.503618978));
#9039=CARTESIAN_POINT('',(130.934894698,7.229106029,-1.261747883));
#9040=CARTESIAN_POINT('',(130.960559773,7.233499064,-1.130899693));
#9041=CARTESIAN_POINT('',(130.960559773,7.233499064,-1.));
#9042=CARTESIAN_POINT('',(129.720692015,8.325692773,-2.));
#9043=CARTESIAN_POINT('',(129.848267182,8.355253005,-1.999999999));
#9044=CARTESIAN_POINT('',(129.975792153,8.384801607,-1.973972675));
#9045=CARTESIAN_POINT('',(130.211520322,8.439421795,-1.873786386));
#9046=CARTESIAN_POINT('',(130.319630772,8.46447189,-1.799666839));
#9047=CARTESIAN_POINT('',(130.500049302,8.506276372,-1.614546717));
#9048=CARTESIAN_POINT('',(130.572286395,8.52301431,-1.503618978));
#9049=CARTESIAN_POINT('',(130.6699282,8.545638732,-1.261747883));
#9050=CARTESIAN_POINT('',(130.695294494,8.551516315,-1.130899693));
#9051=CARTESIAN_POINT('',(130.695294494,8.551516315,-1.));
#9052=CARTESIAN_POINT('',(129.566774013,8.949322995,-2.));
#9053=CARTESIAN_POINT('',(129.693534935,8.982116163,-2.));
#9054=CARTESIAN_POINT('',(129.820245981,9.014896429,-1.973972676));
#9055=CARTESIAN_POINT('',(130.054469623,9.075490302,-1.873786388));
#9056=CARTESIAN_POINT('',(130.161890062,9.103280069,-1.799666842));
#9057=CARTESIAN_POINT('',(130.341157076,9.149656612,-1.61454672));
#9058=CARTESIAN_POINT('',(130.412933119,9.168225141,-1.50361898));
#9059=CARTESIAN_POINT('',(130.509951728,9.193323945,-1.261747884));
#9060=CARTESIAN_POINT('',(130.535156122,9.199844345,-1.130899694));
#9061=CARTESIAN_POINT('',(130.535156122,9.199844345,-1.));
#9062=CARTESIAN_POINT('',(129.304061098,9.876687892,-2.));
#9063=CARTESIAN_POINT('',(129.42959594,9.913809066,-2.));
#9064=CARTESIAN_POINT('',(129.555081389,9.950915635,-1.973972676));
#9065=CARTESIAN_POINT('',(129.787039532,10.019506621,-1.873786388));
#9066=CARTESIAN_POINT('',(129.893420959,10.050964051,-1.799666842));
#9067=CARTESIAN_POINT('',(130.070954035,10.103461319,-1.61454672));
#9068=CARTESIAN_POINT('',(130.142035832,10.124480501,-1.50361898));
#9069=CARTESIAN_POINT('',(130.238116041,10.152891818,-1.261747884));
#9070=CARTESIAN_POINT('',(130.263076649,10.160272773,-1.130899694));
#9071=CARTESIAN_POINT('',(130.263076649,10.160272773,-1.));
#9072=CARTESIAN_POINT('',(129.211155274,10.184455458,-2.));
#9073=CARTESIAN_POINT('',(129.33627855,10.222932592,-1.999998726));
#9074=CARTESIAN_POINT('',(129.46135235,10.261394525,-1.973970456));
#9075=CARTESIAN_POINT('',(129.692549305,10.33249083,-1.873783023));
#9076=CARTESIAN_POINT('',(129.798581494,10.36509723,-1.799663279));
#9077=CARTESIAN_POINT('',(129.975531641,10.419511936,-1.614543403));
#9078=CARTESIAN_POINT('',(130.046379977,10.441298833,-1.503616106));
#9079=CARTESIAN_POINT('',(130.14214459,10.470747896,-1.261746264));
#9080=CARTESIAN_POINT('',(130.167023188,10.478398475,-1.130898883));
#9081=CARTESIAN_POINT('',(130.16702317,10.478398536,-1.));
#9082=CARTESIAN_POINT('',(129.101221069,10.529319521,-2.));
#9083=CARTESIAN_POINT('',(129.225885094,10.569237271,-1.999998727));
#9084=CARTESIAN_POINT('',(129.350499825,10.609139253,-1.973970458));
#9085=CARTESIAN_POINT('',(129.580848194,10.682897471,-1.873783026));
#9086=CARTESIAN_POINT('',(129.686491202,10.716724687,-1.799663282));
#9087=CARTESIAN_POINT('',(129.862791866,10.773176741,-1.614543405));
#9088=CARTESIAN_POINT('',(129.933380158,10.795779367,-1.503616108));
#9089=CARTESIAN_POINT('',(130.028793268,10.826331049,-1.261746265));
#9090=CARTESIAN_POINT('',(130.053580546,10.834268083,-1.130898884));
#9091=CARTESIAN_POINT('',(130.053580523,10.834268157,-1.));
#9092=CARTESIAN_POINT('',(129.08892331,10.567616722,-2.));
#9093=CARTESIAN_POINT('',(129.213537354,10.607692375,-1.999999765));
#9094=CARTESIAN_POINT('',(129.338102324,10.647752249,-1.973972266));
#9095=CARTESIAN_POINT('',(129.568358922,10.72180237,-1.873785767));
#9096=CARTESIAN_POINT('',(129.673959956,10.755763481,-1.799666184));
#9097=CARTESIAN_POINT('',(129.850190664,10.812438982,-1.614546107));
#9098=CARTESIAN_POINT('',(129.920750998,10.835131072,-1.503618449));
#9099=CARTESIAN_POINT('',(130.016126347,10.865803642,-1.261747585));
#9100=CARTESIAN_POINT('',(130.040903836,10.873772053,-1.130899544));
#9101=CARTESIAN_POINT('',(130.040903831,10.873772067,-1.));
#9102=CARTESIAN_POINT('',(129.067471085,10.634033514,-2.));
#9103=CARTESIAN_POINT('',(129.191996715,10.674382899,-1.999999765));
#9104=CARTESIAN_POINT('',(129.316473305,10.714716396,-1.973972266));
#9105=CARTESIAN_POINT('',(129.546566535,10.789272307,-1.873785767));
#9106=CARTESIAN_POINT('',(129.652092645,10.823465386,-1.799666184));
#9107=CARTESIAN_POINT('',(129.828198315,10.880528003,-1.614546107));
#9108=CARTESIAN_POINT('',(129.898708587,10.903375088,-1.503618449));
#9109=CARTESIAN_POINT('',(129.994016266,10.934257164,-1.261747585));
#9110=CARTESIAN_POINT('',(130.018776174,10.942280003,-1.130899544));
#9111=CARTESIAN_POINT('',(130.01877617,10.942280017,-1.));
#9112=CARTESIAN_POINT('',(129.05832943,10.662156356,-2.));
#9113=CARTESIAN_POINT('',(129.182812313,10.70263747,-1.999999892));
#9114=CARTESIAN_POINT('',(129.307246196,10.74310265,-1.973972488));
#9115=CARTESIAN_POINT('',(129.537260511,10.817901981,-1.873786103));
#9116=CARTESIAN_POINT('',(129.642750441,10.852206701,-1.79966654));
#9117=CARTESIAN_POINT('',(129.818795747,10.909455626,-1.614546438));
#9118=CARTESIAN_POINT('',(129.889281855,10.932377308,-1.503618736));
#9119=CARTESIAN_POINT('',(129.984556877,10.963360207,-1.261747747));
#9120=CARTESIAN_POINT('',(130.009308304,10.971409236,-1.130899625));
#9121=CARTESIAN_POINT('',(130.009308302,10.971409242,-1.));
#9122=CARTESIAN_POINT('',(129.049170045,10.690274698,-2.));
#9123=CARTESIAN_POINT('',(129.173632902,10.730817482,-1.999999959));
#9124=CARTESIAN_POINT('',(129.298046781,10.771344312,-1.973972606));
#9125=CARTESIAN_POINT('',(129.528024132,10.846257603,-1.873786281));
#9126=CARTESIAN_POINT('',(129.633497117,10.88061459,-1.799666728));
#9127=CARTESIAN_POINT('',(129.80951415,10.937950739,-1.614546614));
#9128=CARTESIAN_POINT('',(129.879988942,10.960907344,-1.503618888));
#9129=CARTESIAN_POINT('',(129.97524867,10.991937446,-1.261747832));
#9130=CARTESIAN_POINT('',(129.999996125,10.999998735,-1.130899668));
#9131=CARTESIAN_POINT('',(129.999996124,10.999998737,-1.));
#9132=B_SPLINE_SURFACE_WITH_KNOTS('',3,3,((#8612,#8613,#8614,#8615,#8616,#8617,#8618,#8619,#8620,#8621),(#8622,#8623,#8624,#8625,#8626,#8627,#8628,#8629,#8630,#8631),(#8632,#8633,#8634,#8635,#8636,#8637,#8638,#8639,#8640,#8641),(#8642,#8643,#8644,#8645,#8646,#8647,#8648,#8649,#8650,#8651),(#8652,#8653,#8654,#8655,#8656,#8657,#8658,#8659,#8660,#8661),(#8662,#8663,#8664,#8665,#8666,#8667,#8668,#8669,#8670,#8671),(#8672,#8673,#8674,#8675,#8676,#8677,#8678,#8679,#8680,#8681),(#8682,#8683,#8684,#8685,#8686,#8687,#8688,#8689,#8690,#8691),(#8692,#8693,#8694,#8695,#8696,#8697,#8698,#8699,#8700,#8701),(#8702,#8703,#8704,#8705,#8706,#8707,#8708,#8709,#8710,#8711),(#8712,#8713,#8714,#8715,#8716,#8717,#8718,#8719,#8720,#8721),(#8722,#8723,#8724,#8725,#8726,#8727,#8728,#8729,#8730,#8731),(#8732,#8733,#8734,#8735,#8736,#8737,#8738,#8739,#8740,#8741),(#8742,#8743,#8744,#8745,#8746,#8747,#8748,#8749,#8750,#8751),(#8752,#8753,#8754,#8755,#8756,#8757,#8758,#8759,#8760,#8761),(#8762,#8763,#8764,#8765,#8766,#8767,#8768,#8769,#8770,#8771),(#8772,#8773,#8774,#8775,#8776,#8777,#8778,#8779,#8780,#8781),(#8782,#8783,#8784,#8785,#8786,#8787,#8788,#8789,#8790,#8791),(#8792,#8793,#8794,#8795,#8796,#8797,#8798,#8799,#8800,#8801),(#8802,#8803,#8804,#8805,#8806,#8807,#8808,#8809,#8810,#8811),(#8812,#8813,#8814,#8815,#8816,#8817,#8818,#8819,#8820,#8821),(#8822,#8823,#8824,#8825,#8826,#8827,#8828,#8829,#8830,#8831),(#8832,#8833,#8834,#8835,#8836,#8837,#8838,#8839,#8840,#8841),(#8842,#8843,#8844,#8845,#8846,#8847,#8848,#8849,#8850,#8851),(#8852,#8853,#8854,#8855,#8856,#8857,#8858,#8859,#8860,#8861),(#8862,#8863,#8864,#8865,#8866,#8867,#8868,#8869,#8870,#8871),
(#8872,#8873,#8874,#8875,#8876,#8877,#8878,#8879,#8880,#8881),(#8882,#8883,#8884,#8885,#8886,#8887,#8888,#8889,#8890,#8891),(#8892,#8893,#8894,#8895,#8896,#8897,#8898,#8899,#8900,#8901),(#8902,#8903,#8904,#8905,#8906,#8907,#8908,#8909,#8910,#8911),(#8912,#8913,#8914,#8915,#8916,#8917,#8918,#8919,#8920,#8921),(#8922,#8923,#8924,#8925,#8926,#8927,#8928,#8929,#8930,#8931),(#8932,#8933,#8934,#8935,#8936,#8937,#8938,#8939,#8940,#8941),(#8942,#8943,#8944,#8945,#8946,#8947,#8948,#8949,#8950,#8951),(#8952,#8953,#8954,#8955,#8956,#8957,#8958,#8959,#8960,#8961),(#8962,#8963,#8964,#8965,#8966,#8967,#8968,#8969,#8970,#8971),(#8972,#8973,#8974,#8975,#8976,#8977,#8978,#8979,#8980,#8981),(#8982,#8983,#8984,#8985,#8986,#8987,#8988,#8989,#8990,#8991),(#8992,#8993,#8994,#8995,#8996,#8997,#8998,#8999,#9000,#9001),(#9002,#9003,#9004,#9005,#9006,#9007,#9008,#9009,#9010,#9011),(#9012,#9013,#9014,#9015,#9016,#9017,#9018,#9019,#9020,#9021),(#9022,#9023,#9024,#9025,#9026,#9027,#9028,#9029,#9030,#9031),(#9032,#9033,#9034,#9035,#9036,#9037,#9038,#9039,#9040,#9041),(#9042,#9043,#9044,#9045,#9046,#9047,#9048,#9049,#9050,#9051),(#9052,#9053,#9054,#9055,#9056,#9057,#9058,#9059,#9060,#9061),(#9062,#9063,#9064,#9065,#9066,#9067,#9068,#9069,#9070,#9071),(#9072,#9073,#9074,#9075,#9076,#9077,#9078,#9079,#9080,#9081),(#9082,#9083,#9084,#9085,#9086,#9087,#9088,#9089,#9090,#9091),(#9092,#9093,#9094,#9095,#9096,#9097,#9098,#9099,#9100,#9101),(#9102,#9103,#9104,#9105,#9106,#9107,#9108,#9109,#9110,#9111),(#9112,#9113,#9114,#9115,#9116,#9117,#9118,#9119,#9120,#9121),
(#9122,#9123,#9124,#9125,#9126,#9127,#9128,#9129,#9130,#9131)),.UNSPECIFIED.,.F.,.F.,.U.,(4,2,2,2,2,2,2,2,2,2,2,2,2,2,2,2,2,2,2,2,2,2,2,2,2,4),(4,2,2,2,4),(0.026452235,0.026478201,0.026721491,0.027694647,0.028667803,0.029640959,0.031587272,0.03207385,0.032560428,0.033533584,0.03450674,0.034993318,0.035479896,0.036453053,0.037426209,0.038399365,0.038885943,0.039372521,0.041318834,0.04229199,0.043265146,0.045211459,0.047157771,0.048130927,0.048252572,0.048341982),(0.,0.25,0.5,0.75,1.),.UNSPECIFIED.);
#9133=ORIENTED_EDGE('',*,*,#8252,.T.);
#9134=ORIENTED_EDGE('',*,*,#4882,.T.);
#9135=CARTESIAN_POINT('',(120.758826161,-6.029512057,-2.));
#9136=CARTESIAN_POINT('',(120.790649373,-6.157622547,-2.));
#9137=CARTESIAN_POINT('',(120.822429219,-6.285489689,-1.973329299));
#9138=CARTESIAN_POINT('',(120.85139114,-6.402105311,-1.923367654));
#9139=CARTESIAN_POINT('',(120.88035306,-6.518720933,-1.873406008));
#9140=CARTESIAN_POINT('',(120.907232378,-6.626812594,-1.79887702));
#9141=CARTESIAN_POINT('',(120.929452041,-6.716206851,-1.706642119));
#9142=CARTESIAN_POINT('',(120.940561873,-6.76090398,-1.660524668));
#9143=CARTESIAN_POINT('',(120.950733621,-6.801824232,-1.609077204));
#9144=CARTESIAN_POINT('',(120.959470818,-6.83697196,-1.554759804));
#9145=CARTESIAN_POINT('',(120.968208015,-6.872119688,-1.500442403));
#9146=CARTESIAN_POINT('',(120.975604954,-6.901874277,-1.443045276));
#9147=CARTESIAN_POINT('',(120.981648849,-6.926185591,-1.382539749));
#9148=CARTESIAN_POINT('',(120.987692745,-6.950496905,-1.322034221));
#9149=CARTESIAN_POINT('',(120.992322202,-6.969117978,-1.258588308));
#9150=CARTESIAN_POINT('',(120.995380534,-6.981419411,-1.194745125));
#9151=CARTESIAN_POINT('',(120.998438866,-6.993720845,-1.130901943));
#9152=CARTESIAN_POINT('',(121.,-7.,-1.066001928));
#9153=CARTESIAN_POINT('',(121.,-7.,-1.));
#9154=B_SPLINE_CURVE_WITH_KNOTS('',3,(#9135,#9136,#9137,#9138,#9139,#9140,#9141,#9142,#9143,#9144,#9145,#9146,#9147,#9148,#9149,#9150,#9151,#9152,#9153),.UNSPECIFIED.,.F.,.F.,(4,3,3,3,3,3,4),(0.,0.000390391,0.000780782,0.000975977,0.001171172,0.001366368,0.001561563),.UNSPECIFIED.);
#9155=EDGE_CURVE('',#5480,#3736,#9154,.T.);
#9156=ORIENTED_EDGE('',*,*,#9155,.F.);
#9157=ORIENTED_EDGE('',*,*,#5531,.F.);
#9158=EDGE_LOOP('',(#9133,#9134,#9156,#9157));
#9159=FACE_BOUND('',#9158,.T.);
#9160=ADVANCED_FACE('',(#9159),#9132,.T.);
#9161=CARTESIAN_POINT('',(92.643698193,54.415668856,-1.));
#9162=DIRECTION('',(0.,0.,-1.));
#9163=DIRECTION('',(-1.,0.,0.));
#9164=AXIS2_PLACEMENT_3D('',#9161,#9162,#9163);
#9165=TOROIDAL_SURFACE('',#9164,4.6,1.);
#9166=ORIENTED_EDGE('',*,*,#8606,.T.);
#9167=ORIENTED_EDGE('',*,*,#5195,.F.);
#9168=CARTESIAN_POINT('',(94.537684936,58.607662918,-1.));
#9169=DIRECTION('',(-0.911303057,0.411736248,0.));
#9170=DIRECTION('',(-0.411736248,-0.911303057,0.));
#9171=AXIS2_PLACEMENT_3D('',#9168,#9169,#9170);
#9172=CIRCLE('',#9171,1.);
#9173=EDGE_CURVE('',#4309,#5138,#9172,.T.);
#9174=ORIENTED_EDGE('',*,*,#9173,.F.);
#9175=ORIENTED_EDGE('',*,*,#4954,.T.);
#9176=EDGE_LOOP('',(#9166,#9167,#9174,#9175));
#9177=FACE_BOUND('',#9176,.T.);
#9178=ADVANCED_FACE('',(#9177),#9165,.T.);
#9179=CARTESIAN_POINT('',(120.999999484,-6.999997896,-1.));
#9180=CARTESIAN_POINT('',(120.999999484,-6.999997896,-1.130899692));
#9181=CARTESIAN_POINT('',(120.993810936,-6.974717014,-1.26174788));
#9182=CARTESIAN_POINT('',(120.969989523,-6.87740398,-1.503618973));
#9183=CARTESIAN_POINT('',(120.95236603,-6.805410117,-1.614546712));
#9184=CARTESIAN_POINT('',(120.908349798,-6.625599076,-1.799666834));
#9185=CARTESIAN_POINT('',(120.881974377,-6.517852645,-1.87378638));
#9186=CARTESIAN_POINT('',(120.824464398,-6.282918197,-1.973972671));
#9187=CARTESIAN_POINT('',(120.793352467,-6.155822616,-1.999999997));
#9188=CARTESIAN_POINT('',(120.762228291,-6.028677008,-2.));
#9189=CARTESIAN_POINT('',(120.989849389,-7.002480316,-1.));
#9190=CARTESIAN_POINT('',(120.989849388,-7.002480316,-1.130899687));
#9191=CARTESIAN_POINT('',(120.983682642,-6.977194115,-1.261747871));
#9192=CARTESIAN_POINT('',(120.959945148,-6.879860609,-1.503618957));
#9193=CARTESIAN_POINT('',(120.942383741,-6.8078516,-1.614546693));
#9194=CARTESIAN_POINT('',(120.898522571,-6.62800273,-1.799666813));
#9195=CARTESIAN_POINT('',(120.872240067,-6.520233632,-1.873786361));
#9196=CARTESIAN_POINT('',(120.814932687,-6.285249756,-1.973972659));
#9197=CARTESIAN_POINT('',(120.78393036,-6.158127434,-1.99999999));
#9198=CARTESIAN_POINT('',(120.752915828,-6.030955073,-2.));
#9199=CARTESIAN_POINT('',(120.978370476,-7.005273701,-1.));
#9200=CARTESIAN_POINT('',(120.978370476,-7.005273702,-1.130899676));
#9201=CARTESIAN_POINT('',(120.972260049,-6.979973782,-1.261747849));
#9202=CARTESIAN_POINT('',(120.948739345,-6.882587467,-1.503618918));
#9203=CARTESIAN_POINT('',(120.931338322,-6.810539389,-1.614546648));
#9204=CARTESIAN_POINT('',(120.887877729,-6.630592939,-1.799666765));
#9205=CARTESIAN_POINT('',(120.861835257,-6.522765367,-1.873786315));
#9206=CARTESIAN_POINT('',(120.805051254,-6.28765399,-1.973972629));
#9207=CARTESIAN_POINT('',(120.774332063,-6.16046269,-1.999999972));
#9208=CARTESIAN_POINT('',(120.74360078,-6.033221321,-2.));
#9209=CARTESIAN_POINT('',(120.95337412,-7.011264546,-1.));
#9210=CARTESIAN_POINT('',(120.953374119,-7.011264546,-1.130899676));
#9211=CARTESIAN_POINT('',(120.947364113,-6.985940558,-1.261747849));
#9212=CARTESIAN_POINT('',(120.924229956,-6.8884616,-1.503618918));
#9213=CARTESIAN_POINT('',(120.907114908,-6.816344984,-1.614546648));
#9214=CARTESIAN_POINT('',(120.86436856,-6.636227351,-1.799666765));
#9215=CARTESIAN_POINT('',(120.838754079,-6.528297204,-1.873786315));
#9216=CARTESIAN_POINT('',(120.782903282,-6.292962166,-1.973972629));
#9217=CARTESIAN_POINT('',(120.75268894,-6.16564987,-1.999999972));
#9218=CARTESIAN_POINT('',(120.722462705,-6.038287457,-2.));
#9219=CARTESIAN_POINT('',(120.939400922,-7.014564331,-1.));
#9220=CARTESIAN_POINT('',(120.93940092,-7.014564331,-1.13089961));
#9221=CARTESIAN_POINT('',(120.933446839,-6.989227165,-1.261747716));
#9222=CARTESIAN_POINT('',(120.910527956,-6.891697475,-1.503618682));
#9223=CARTESIAN_POINT('',(120.893572172,-6.819543325,-1.614546375));
#9224=CARTESIAN_POINT('',(120.851223598,-6.639331936,-1.799666472));
#9225=CARTESIAN_POINT('',(120.825847471,-6.531345603,-1.873786039));
#9226=CARTESIAN_POINT('',(120.770516385,-6.295888031,-1.973972446));
#9227=CARTESIAN_POINT('',(120.740583195,-6.168509435,-1.999999868));
#9228=CARTESIAN_POINT('',(120.710638219,-6.041080675,-2.));
#9229=CARTESIAN_POINT('',(120.869539327,-7.030819596,-1.));
#9230=CARTESIAN_POINT('',(120.869539326,-7.030819596,-1.13089961));
#9231=CARTESIAN_POINT('',(120.863863622,-7.005417658,-1.261747716));
#9232=CARTESIAN_POINT('',(120.842016285,-6.907638643,-1.503618682));
#9233=CARTESIAN_POINT('',(120.825853248,-6.835300038,-1.614546375));
#9234=CARTESIAN_POINT('',(120.78548463,-6.654627958,-1.799666472));
#9235=CARTESIAN_POINT('',(120.761294932,-6.54636557,-1.873786039));
#9236=CARTESIAN_POINT('',(120.708550781,-6.310306076,-1.973972446));
#9237=CARTESIAN_POINT('',(120.68001708,-6.18260185,-1.999999868));
#9238=CARTESIAN_POINT('',(120.651472143,-6.054847333,-2.));
#9239=CARTESIAN_POINT('',(120.813649737,-7.043047716,-1.));
#9240=CARTESIAN_POINT('',(120.813649741,-7.043047715,-1.130899079));
#9241=CARTESIAN_POINT('',(120.808193232,-7.017598088,-1.261746655));
#9242=CARTESIAN_POINT('',(120.787189622,-6.919635478,-1.5036168));
#9243=CARTESIAN_POINT('',(120.771650785,-6.847161038,-1.614544204));
#9244=CARTESIAN_POINT('',(120.732841136,-6.666149601,-1.799664139));
#9245=CARTESIAN_POINT('',(120.709585595,-6.557683822,-1.873783836));
#9246=CARTESIAN_POINT('',(120.658878271,-6.321180652,-1.973970992));
#9247=CARTESIAN_POINT('',(120.631446438,-6.193236313,-1.999999034));
#9248=CARTESIAN_POINT('',(120.604003767,-6.065241427,-2.));
#9249=CARTESIAN_POINT('',(120.646026879,-7.077509394,-1.));
#9250=CARTESIAN_POINT('',(120.646026907,-7.077509389,-1.130899079));
#9251=CARTESIAN_POINT('',(120.641216383,-7.051926957,-1.261746656));
#9252=CARTESIAN_POINT('',(120.622699296,-6.953453152,-1.5036168));
#9253=CARTESIAN_POINT('',(120.609000018,-6.880600524,-1.614544204));
#9254=CARTESIAN_POINT('',(120.57478482,-6.698644531,-1.79966414));
#9255=CARTESIAN_POINT('',(120.554282362,-6.589612757,-1.873783837));
#9256=CARTESIAN_POINT('',(120.509577959,-6.351875469,-1.973970993));
#9257=CARTESIAN_POINT('',(120.485393603,-6.223263493,-1.999999034));
#9258=CARTESIAN_POINT('',(120.461199687,-6.094600707,-2.));
#9259=CARTESIAN_POINT('',(120.534326987,-7.097526386,-1.));
#9260=CARTESIAN_POINT('',(120.534326987,-7.097526386,-1.130899694));
#9261=CARTESIAN_POINT('',(120.529932074,-7.07186959,-1.261747884));
#9262=CARTESIAN_POINT('',(120.51301485,-6.97310956,-1.50361898));
#9263=CARTESIAN_POINT('',(120.500499196,-6.900045186,-1.61454672));
#9264=CARTESIAN_POINT('',(120.469240243,-6.717560446,-1.799666842));
#9265=CARTESIAN_POINT('',(120.450509242,-6.608211882,-1.873786388));
#9266=CARTESIAN_POINT('',(120.409667451,-6.36978408,-1.973972677));
#9267=CARTESIAN_POINT('',(120.38757273,-6.240798653,-2.));
#9268=CARTESIAN_POINT('',(120.365469312,-6.111762457,-2.));
#9269=CARTESIAN_POINT('',(120.199424149,-7.14952967,-1.));
#9270=CARTESIAN_POINT('',(120.199424149,-7.14952967,-1.130899694));
#9271=CARTESIAN_POINT('',(120.196233086,-7.123685941,-1.261747884));
#9272=CARTESIAN_POINT('',(120.183949809,-7.024206358,-1.50361898));
#9273=CARTESIAN_POINT('',(120.17486243,-6.950609645,-1.61454672));
#9274=CARTESIAN_POINT('',(120.152165895,-6.766795345,-1.799666842));
#9275=CARTESIAN_POINT('',(120.13856567,-6.65665008,-1.873786388));
#9276=CARTESIAN_POINT('',(120.108911218,-6.416485122,-1.973972677));
#9277=CARTESIAN_POINT('',(120.092868658,-6.286559924,-2.));
#9278=CARTESIAN_POINT('',(120.076819785,-6.156583585,-2.));
#9279=CARTESIAN_POINT('',(119.975821857,-7.173533018,-1.));
#9280=CARTESIAN_POINT('',(119.975821857,-7.173533018,-1.130899694));
#9281=CARTESIAN_POINT('',(119.973376932,-7.147611579,-1.261747884));
#9282=CARTESIAN_POINT('',(119.963965747,-7.047832868,-1.50361898));
#9283=CARTESIAN_POINT('',(119.957003189,-6.974014855,-1.61454672));
#9284=CARTESIAN_POINT('',(119.939613587,-6.789647837,-1.799666842));
#9285=CARTESIAN_POINT('',(119.929193383,-6.679171373,-1.873786388));
#9286=CARTESIAN_POINT('',(119.906472773,-6.438284256,-1.973972677));
#9287=CARTESIAN_POINT('',(119.894181305,-6.307968382,-2.));
#9288=CARTESIAN_POINT('',(119.881884999,-6.177601213,-2.));
#9289=CARTESIAN_POINT('',(119.310261013,-7.218533445,-1.));
#9290=CARTESIAN_POINT('',(119.310261013,-7.218533445,-1.130899694));
#9291=CARTESIAN_POINT('',(119.309883549,-7.19247222,-1.261747884));
#9292=CARTESIAN_POINT('',(119.308430587,-7.092155431,-1.50361898));
#9293=CARTESIAN_POINT('',(119.30735566,-7.017939339,-1.61454672));
#9294=CARTESIAN_POINT('',(119.304670935,-6.832578083,-1.799666842));
#9295=CARTESIAN_POINT('',(119.303062194,-6.721505852,-1.873786388));
#9296=CARTESIAN_POINT('',(119.299554432,-6.4793197,-1.973972677));
#9297=CARTESIAN_POINT('',(119.297656792,-6.34830107,-2.));
#9298=CARTESIAN_POINT('',(119.295758405,-6.217230869,-2.));
#9299=CARTESIAN_POINT('',(118.879168235,-7.213013634,-1.));
#9300=CARTESIAN_POINT('',(118.879168234,-7.213013634,-1.130899688));
#9301=CARTESIAN_POINT('',(118.879928011,-7.186978772,-1.261747872));
#9302=CARTESIAN_POINT('',(118.882852601,-7.086763465,-1.503618959));
#9303=CARTESIAN_POINT('',(118.885016264,-7.01262245,-1.614546695));
#9304=CARTESIAN_POINT('',(118.890420204,-6.827448706,-1.799666816));
#9305=CARTESIAN_POINT('',(118.893658354,-6.716488835,-1.873786363));
#9306=CARTESIAN_POINT('',(118.900718942,-6.474547676,-1.97397266));
#9307=CARTESIAN_POINT('',(118.904538602,-6.343661581,-1.99999999));
#9308=CARTESIAN_POINT('',(118.908359765,-6.212723966,-2.));
#9309=CARTESIAN_POINT('',(118.033489231,-7.156272763,-1.));
#9310=CARTESIAN_POINT('',(118.033489231,-7.156272763,-1.130899688));
#9311=CARTESIAN_POINT('',(118.036214231,-7.130369757,-1.261747872));
#9312=CARTESIAN_POINT('',(118.046703501,-7.030662003,-1.503618959));
#9313=CARTESIAN_POINT('',(118.054463644,-6.956896485,-1.614546695));
#9314=CARTESIAN_POINT('',(118.073845288,-6.772660577,-1.799666816));
#9315=CARTESIAN_POINT('',(118.085459163,-6.662262676,-1.873786363));
#9316=CARTESIAN_POINT('',(118.110782502,-6.421546858,-1.97397266));
#9317=CARTESIAN_POINT('',(118.124482002,-6.291323653,-1.99999999));
#9318=CARTESIAN_POINT('',(118.138186895,-6.161049188,-2.));
#9319=CARTESIAN_POINT('',(117.618949005,-7.104706965,-1.));
#9320=CARTESIAN_POINT('',(117.618949006,-7.104706965,-1.130899691));
#9321=CARTESIAN_POINT('',(117.62250141,-7.078912697,-1.261747879));
#9322=CARTESIAN_POINT('',(117.636175588,-6.979623502,-1.50361897));
#9323=CARTESIAN_POINT('',(117.646291981,-6.906167641,-1.614546709));
#9324=CARTESIAN_POINT('',(117.671558567,-6.722705131,-1.79966683));
#9325=CARTESIAN_POINT('',(117.686698819,-6.612770665,-1.873786377));
#9326=CARTESIAN_POINT('',(117.719711204,-6.373065342,-1.973972669));
#9327=CARTESIAN_POINT('',(117.737570349,-6.243388797,-1.999999996));
#9328=CARTESIAN_POINT('',(117.755436523,-6.11366121,-2.));
#9329=CARTESIAN_POINT('',(116.801121538,-6.968403761,-1.));
#9330=CARTESIAN_POINT('',(116.801121538,-6.968403761,-1.130899691));
#9331=CARTESIAN_POINT('',(116.806126783,-6.942851631,-1.261747879));
#9332=CARTESIAN_POINT('',(116.825393337,-6.844494489,-1.50361897));
#9333=CARTESIAN_POINT('',(116.839647067,-6.771728178,-1.614546709));
#9334=CARTESIAN_POINT('',(116.875247017,-6.589987877,-1.79966683));
#9335=CARTESIAN_POINT('',(116.896579231,-6.481085396,-1.873786377));
#9336=CARTESIAN_POINT('',(116.943092808,-6.243630248,-1.973972669));
#9337=CARTESIAN_POINT('',(116.968255869,-6.115171011,-1.999999996));
#9338=CARTESIAN_POINT('',(116.993428836,-5.98666121,-2.));
#9339=CARTESIAN_POINT('',(116.397863067,-6.883533327,-1.));
#9340=CARTESIAN_POINT('',(116.397863165,-6.883533348,-1.130899118));
#9341=CARTESIAN_POINT('',(116.403493387,-6.858116075,-1.261746733));
#9342=CARTESIAN_POINT('',(116.425165462,-6.760277962,-1.503616938));
#9343=CARTESIAN_POINT('',(116.441198789,-6.687895616,-1.614544363));
#9344=CARTESIAN_POINT('',(116.481243396,-6.507114184,-1.79966431));
#9345=CARTESIAN_POINT('',(116.505238921,-6.398786226,-1.873783997));
#9346=CARTESIAN_POINT('',(116.557559684,-6.162583569,-1.973971099));
#9347=CARTESIAN_POINT('',(116.585864338,-6.034801805,-1.999999095));
#9348=CARTESIAN_POINT('',(116.614180151,-5.906969565,-2.));
#9349=CARTESIAN_POINT('',(115.599407824,-6.688164029,-1.));
#9350=CARTESIAN_POINT('',(115.599407959,-6.688164065,-1.130899121));
#9351=CARTESIAN_POINT('',(115.606150238,-6.663018908,-1.26174674));
#9352=CARTESIAN_POINT('',(115.632102851,-6.566228216,-1.50361695));
#9353=CARTESIAN_POINT('',(115.651302975,-6.494620763,-1.614544377));
#9354=CARTESIAN_POINT('',(115.699256917,-6.315774685,-1.799664325));
#9355=CARTESIAN_POINT('',(115.727991866,-6.208606428,-1.873784011));
#9356=CARTESIAN_POINT('',(115.790646646,-5.974932423,-1.973971108));
#9357=CARTESIAN_POINT('',(115.824541824,-5.848518616,-1.9999991));
#9358=CARTESIAN_POINT('',(115.858450362,-5.722054871,-2.));
#9359=CARTESIAN_POINT('',(115.206033024,-6.57805299,-1.));
#9360=CARTESIAN_POINT('',(115.206033024,-6.57805299,-1.130899694));
#9361=CARTESIAN_POINT('',(115.213259421,-6.553044846,-1.261747884));
#9362=CARTESIAN_POINT('',(115.2410758,-6.456781656,-1.50361898));
#9363=CARTESIAN_POINT('',(115.261654838,-6.385564486,-1.61454672));
#9364=CARTESIAN_POINT('',(115.313052804,-6.207693304,-1.799666842));
#9365=CARTESIAN_POINT('',(115.34385151,-6.101109277,-1.873786388));
#9366=CARTESIAN_POINT('',(115.41100619,-5.868709379,-1.973972677));
#9367=CARTESIAN_POINT('',(115.447335741,-5.742984946,-2.));
#9368=CARTESIAN_POINT('',(115.483679592,-5.617211028,-2.));
#9369=CARTESIAN_POINT('',(114.429740005,-6.338972681,-1.));
#9370=CARTESIAN_POINT('',(114.429740005,-6.338972681,-1.130899694));
#9371=CARTESIAN_POINT('',(114.437835076,-6.314232068,-1.261747884));
#9372=CARTESIAN_POINT('',(114.468995217,-6.21899868,-1.50361898));
#9373=CARTESIAN_POINT('',(114.492048028,-6.148543375,-1.61454672));
#9374=CARTESIAN_POINT('',(114.549624462,-5.972575018,-1.799666842));
#9375=CARTESIAN_POINT('',(114.584125431,-5.867131202,-1.873786388));
#9376=CARTESIAN_POINT('',(114.659352667,-5.637217465,-1.973972677));
#9377=CARTESIAN_POINT('',(114.700049335,-5.512838004,-2.));
#9378=CARTESIAN_POINT('',(114.740762022,-5.388409585,-2.));
#9379=CARTESIAN_POINT('',(114.046508041,-6.20988719,-1.));
#9380=CARTESIAN_POINT('',(114.046508043,-6.20988719,-1.13089965));
#9381=CARTESIAN_POINT('',(114.054987535,-6.185277104,-1.261747797));
#9382=CARTESIAN_POINT('',(114.087627414,-6.090546143,-1.503618825));
#9383=CARTESIAN_POINT('',(114.11177496,-6.020462542,-1.614546541));
#9384=CARTESIAN_POINT('',(114.172085592,-5.845422541,-1.79966665));
#9385=CARTESIAN_POINT('',(114.208224949,-5.740535011,-1.873786207));
#9386=CARTESIAN_POINT('',(114.287024594,-5.511834204,-1.973972557));
#9387=CARTESIAN_POINT('',(114.329653876,-5.388110911,-1.999999931));
#9388=CARTESIAN_POINT('',(114.372299943,-5.264338905,-2.));
#9389=CARTESIAN_POINT('',(112.908261994,-5.799470623,-1.));
#9390=CARTESIAN_POINT('',(112.908261999,-5.799470625,-1.13089965));
#9391=CARTESIAN_POINT('',(112.917787964,-5.775237865,-1.261747797));
#9392=CARTESIAN_POINT('',(112.954455999,-5.681959338,-1.503618825));
#9393=CARTESIAN_POINT('',(112.981583643,-5.612950271,-1.614546541));
#9394=CARTESIAN_POINT('',(113.049337332,-5.440594014,-1.79966665));
#9395=CARTESIAN_POINT('',(113.089936719,-5.337314638,-1.873786207));
#9396=CARTESIAN_POINT('',(113.178461184,-5.112120311,-1.973972557));
#9397=CARTESIAN_POINT('',(113.22635143,-4.990293965,-1.999999931));
#9398=CARTESIAN_POINT('',(113.274260531,-4.868419653,-2.));
#9399=CARTESIAN_POINT('',(112.167741793,-5.496466032,-1.));
#9400=CARTESIAN_POINT('',(112.167741793,-5.496466032,-1.130899694));
#9401=CARTESIAN_POINT('',(112.177822754,-5.472464611,-1.261747884));
#9402=CARTESIAN_POINT('',(112.216627131,-5.380076572,-1.50361898));
#9403=CARTESIAN_POINT('',(112.24533528,-5.311726306,-1.614546719));
#9404=CARTESIAN_POINT('',(112.317036419,-5.141015469,-1.799666842));
#9405=CARTESIAN_POINT('',(112.360001199,-5.038722067,-1.873786388));
#9406=CARTESIAN_POINT('',(112.453683253,-4.81567761,-1.973972676));
#9407=CARTESIAN_POINT('',(112.504363667,-4.695014315,-2.));
#9408=CARTESIAN_POINT('',(112.555064029,-4.574303525,-2.));
#9409=CARTESIAN_POINT('',(110.711616228,-4.850224833,-1.));
#9410=CARTESIAN_POINT('',(110.711616228,-4.850224833,-1.130899694));
#9411=CARTESIAN_POINT('',(110.7226514,-4.826646899,-1.261747884));
#9412=CARTESIAN_POINT('',(110.765128795,-4.735888977,-1.50361898));
#9413=CARTESIAN_POINT('',(110.796554305,-4.6687447,-1.614546719));
#9414=CARTESIAN_POINT('',(110.875042296,-4.501045927,-1.799666842));
#9415=CARTESIAN_POINT('',(110.922073896,-4.400557415,-1.873786388));
#9416=CARTESIAN_POINT('',(111.024623398,-4.181448409,-1.973972676));
#9417=CARTESIAN_POINT('',(111.080100952,-4.062914127,-2.));
#9418=CARTESIAN_POINT('',(111.135600343,-3.944333187,-2.));
#9419=CARTESIAN_POINT('',(109.995957504,-4.506699659,-1.));
#9420=CARTESIAN_POINT('',(109.995957505,-4.506699659,-1.130899675));
#9421=CARTESIAN_POINT('',(110.00739002,-4.483314367,-1.261747846));
#9422=CARTESIAN_POINT('',(110.051396899,-4.393297977,-1.503618913));
#9423=CARTESIAN_POINT('',(110.083953948,-4.326702297,-1.614546642));
#9424=CARTESIAN_POINT('',(110.165268057,-4.160373692,-1.799666759));
#9425=CARTESIAN_POINT('',(110.213993124,-4.060706209,-1.87378631));
#9426=CARTESIAN_POINT('',(110.320235131,-3.843387404,-1.973972625));
#9427=CARTESIAN_POINT('',(110.37771027,-3.725821586,-1.99999997));
#9428=CARTESIAN_POINT('',(110.435208033,-3.608209487,-2.));
#9429=CARTESIAN_POINT('',(109.200819793,-4.103053678,-1.));
#9430=CARTESIAN_POINT('',(109.200819795,-4.103053679,-1.130899675));
#9431=CARTESIAN_POINT('',(109.21264488,-4.079867672,-1.261747846));
#9432=CARTESIAN_POINT('',(109.258162865,-3.990618385,-1.503618913));
#9433=CARTESIAN_POINT('',(109.291837856,-3.924590221,-1.614546642));
#9434=CARTESIAN_POINT('',(109.375944125,-3.759679037,-1.799666759));
#9435=CARTESIAN_POINT('',(109.42634231,-3.660860903,-1.87378631));
#9436=CARTESIAN_POINT('',(109.536232449,-3.445394047,-1.973972625));
#9437=CARTESIAN_POINT('',(109.595681166,-3.328830103,-1.99999997));
#9438=CARTESIAN_POINT('',(109.655153284,-3.212220272,-2.));
#9439=CARTESIAN_POINT('',(109.112619323,-4.05796611,-1.));
#9440=CARTESIAN_POINT('',(109.112619323,-4.05796611,-1.130899694));
#9441=CARTESIAN_POINT('',(109.124487234,-4.034801989,-1.261747884));
#9442=CARTESIAN_POINT('',(109.17017007,-3.945636951,-1.50361898));
#9443=CARTESIAN_POINT('',(109.203967021,-3.879671116,-1.61454672));
#9444=CARTESIAN_POINT('',(109.288377896,-3.714915609,-1.799666842));
#9445=CARTESIAN_POINT('',(109.338958608,-3.61619076,-1.873786388));
#9446=CARTESIAN_POINT('',(109.449246731,-3.400927316,-1.973972677));
#9447=CARTESIAN_POINT('',(109.508910748,-3.284473417,-2.));
#9448=CARTESIAN_POINT('',(109.56859825,-3.16797368,-2.));
#9449=CARTESIAN_POINT('',(109.012032591,-4.006200315,-1.));
#9450=CARTESIAN_POINT('',(109.012032591,-4.006200315,-1.130899694));
#9451=CARTESIAN_POINT('',(109.023948584,-3.983060939,-1.261747884));
#9452=CARTESIAN_POINT('',(109.069816501,-3.89399115,-1.50361898));
#9453=CARTESIAN_POINT('',(109.103750378,-3.828095783,-1.61454672));
#9454=CARTESIAN_POINT('',(109.188503238,-3.663516274,-1.799666842));
#9455=CARTESIAN_POINT('',(109.239288874,-3.564896887,-1.873786388));
#9456=CARTESIAN_POINT('',(109.350023821,-3.349863396,-1.973972677));
#9457=CARTESIAN_POINT('',(109.409929563,-3.233533898,-2.));
#9458=CARTESIAN_POINT('',(109.469858885,-3.117158611,-2.));
#9459=CARTESIAN_POINT('',(108.999589437,-3.99979271,-1.));
#9460=CARTESIAN_POINT('',(108.999589437,-3.99979271,-1.130899694));
#9461=CARTESIAN_POINT('',(109.011508961,-3.976655151,-1.261747884));
#9462=CARTESIAN_POINT('',(109.05739047,-3.887592359,-1.50361898));
#9463=CARTESIAN_POINT('',(109.091334402,-3.821702167,-1.61454672));
#9464=CARTESIAN_POINT('',(109.176112376,-3.657135585,-1.799666842));
#9465=CARTESIAN_POINT('',(109.22691306,-3.558523944,-1.873786388));
#9466=CARTESIAN_POINT('',(109.337680821,-3.343507343,-1.973972677));
#9467=CARTESIAN_POINT('',(109.397604315,-3.227186982,-2.));
#9468=CARTESIAN_POINT('',(109.457551395,-3.110820835,-2.));
#9469=CARTESIAN_POINT('',(108.98720663,-3.993413852,-1.));
#9470=CARTESIAN_POINT('',(108.98720663,-3.993413852,-1.130899694));
#9471=CARTESIAN_POINT('',(108.999128138,-3.970277315,-1.261747884));
#9472=CARTESIAN_POINT('',(109.045017287,-3.881218456,-1.50361898));
#9473=CARTESIAN_POINT('',(109.078966871,-3.815331174,-1.61454672));
#9474=CARTESIAN_POINT('',(109.163758961,-3.65077186,-1.799666842));
#9475=CARTESIAN_POINT('',(109.214568105,-3.552164574,-1.873786388));
#9476=CARTESIAN_POINT('',(109.325354309,-3.337157469,-1.973972677));
#9477=CARTESIAN_POINT('',(109.385287781,-3.220842245,-2.));
#9478=CARTESIAN_POINT('',(109.445244843,-3.104481238,-2.));
#9479=B_SPLINE_SURFACE_WITH_KNOTS('',3,3,((#9179,#9180,#9181,#9182,#9183,#9184,#9185,#9186,#9187,#9188),(#9189,#9190,#9191,#9192,#9193,#9194,#9195,#9196,#9197,#9198),(#9199,#9200,#9201,#9202,#9203,#9204,#9205,#9206,#9207,#9208),(#9209,#9210,#9211,#9212,#9213,#9214,#9215,#9216,#9217,#9218),(#9219,#9220,#9221,#9222,#9223,#9224,#9225,#9226,#9227,#9228),(#9229,#9230,#9231,#9232,#9233,#9234,#9235,#9236,#9237,#9238),(#9239,#9240,#9241,#9242,#9243,#9244,#9245,#9246,#9247,#9248),(#9249,#9250,#9251,#9252,#9253,#9254,#9255,#9256,#9257,#9258),(#9259,#9260,#9261,#9262,#9263,#9264,#9265,#9266,#9267,#9268),(#9269,#9270,#9271,#9272,#9273,#9274,#9275,#9276,#9277,#9278),(#9279,#9280,#9281,#9282,#9283,#9284,#9285,#9286,#9287,#9288),(#9289,#9290,#9291,#9292,#9293,#9294,#9295,#9296,#9297,#9298),(#9299,#9300,#9301,#9302,#9303,#9304,#9305,#9306,#9307,#9308),(#9309,#9310,#9311,#9312,#9313,#9314,#9315,#9316,#9317,#9318),(#9319,#9320,#9321,#9322,#9323,#9324,#9325,#9326,#9327,#9328),(#9329,#9330,#9331,#9332,#9333,#9334,#9335,#9336,#9337,#9338),(#9339,#9340,#9341,#9342,#9343,#9344,#9345,#9346,#9347,#9348),(#9349,#9350,#9351,#9352,#9353,#9354,#9355,#9356,#9357,#9358),(#9359,#9360,#9361,#9362,#9363,#9364,#9365,#9366,#9367,#9368),(#9369,#9370,#9371,#9372,#9373,#9374,#9375,#9376,#9377,#9378),(#9379,#9380,#9381,#9382,#9383,#9384,#9385,#9386,#9387,#9388),(#9389,#9390,#9391,#9392,#9393,#9394,#9395,#9396,#9397,#9398),(#9399,#9400,#9401,#9402,#9403,#9404,#9405,#9406,#9407,#9408),(#9409,#9410,#9411,#9412,#9413,#9414,#9415,#9416,#9417,#9418),(#9419,#9420,#9421,#9422,#9423,#9424,#9425,#9426,#9427,#9428),(#9429,#9430,#9431,#9432,#9433,#9434,#9435,#9436,#9437,#9438),
(#9439,#9440,#9441,#9442,#9443,#9444,#9445,#9446,#9447,#9448),(#9449,#9450,#9451,#9452,#9453,#9454,#9455,#9456,#9457,#9458),(#9459,#9460,#9461,#9462,#9463,#9464,#9465,#9466,#9467,#9468),(#9469,#9470,#9471,#9472,#9473,#9474,#9475,#9476,#9477,#9478)),.UNSPECIFIED.,.F.,.F.,.U.,(4,2,2,2,2,2,2,2,2,2,2,2,2,2,4),(4,2,2,2,4),(0.034480372,0.034509133,0.03454559,0.034691414,0.034983064,0.035566362,0.036732959,0.037899557,0.039066154,0.040232751,0.041399348,0.043732543,0.046065737,0.046357386,0.046398922),(0.,0.25,0.5,0.75,1.),.UNSPECIFIED.);
#9480=ORIENTED_EDGE('',*,*,#9155,.T.);
#9481=ORIENTED_EDGE('',*,*,#3765,.T.);
#9482=CARTESIAN_POINT('',(109.445247246,-3.104476571,-2.));
#9483=CARTESIAN_POINT('',(109.386469014,-3.222699884,-2.));
#9484=CARTESIAN_POINT('',(109.327895094,-3.340506333,-1.97338348));
#9485=CARTESIAN_POINT('',(109.27438538,-3.448130138,-1.923438671));
#9486=CARTESIAN_POINT('',(109.220875666,-3.555753943,-1.873493863));
#9487=CARTESIAN_POINT('',(109.171270538,-3.655524475,-1.798973219));
#9488=CARTESIAN_POINT('',(109.130246082,-3.738036745,-1.706738665));
#9489=CARTESIAN_POINT('',(109.109733854,-3.779292881,-1.660621388));
#9490=CARTESIAN_POINT('',(109.090954282,-3.817064134,-1.609171812));
#9491=CARTESIAN_POINT('',(109.074823245,-3.849508403,-1.554848741));
#9492=CARTESIAN_POINT('',(109.058692209,-3.881952672,-1.50052567));
#9493=CARTESIAN_POINT('',(109.045036296,-3.909418737,-1.443121558));
#9494=CARTESIAN_POINT('',(109.033878482,-3.931860389,-1.382607803));
#9495=CARTESIAN_POINT('',(109.022720668,-3.95430204,-1.322094048));
#9496=CARTESIAN_POINT('',(109.014174,-3.971491909,-1.258636481));
#9497=CARTESIAN_POINT('',(109.008527986,-3.982847707,-1.194781653));
#9498=CARTESIAN_POINT('',(109.002881972,-3.994203504,-1.130926825));
#9499=CARTESIAN_POINT('',(109.,-4.,-1.066014645));
#9500=CARTESIAN_POINT('',(109.,-4.,-1.));
#9501=B_SPLINE_CURVE_WITH_KNOTS('',3,(#9482,#9483,#9484,#9485,#9486,#9487,#9488,#9489,#9490,#9491,#9492,#9493,#9494,#9495,#9496,#9497,#9498,#9499,#9500),.UNSPECIFIED.,.F.,.F.,(4,3,3,3,3,3,4),(0.,0.000390466,0.000780932,0.000976164,0.001171397,0.00136663,0.001561863),.UNSPECIFIED.);
#9502=EDGE_CURVE('',#5534,#3738,#9501,.T.);
#9503=ORIENTED_EDGE('',*,*,#9502,.F.);
#9504=ORIENTED_EDGE('',*,*,#5561,.F.);
#9505=EDGE_LOOP('',(#9480,#9481,#9503,#9504));
#9506=FACE_BOUND('',#9505,.T.);
#9507=ADVANCED_FACE('',(#9506),#9479,.T.);
#9508=CARTESIAN_POINT('',(94.537684936,58.607662918,-2.));
#9509=CARTESIAN_POINT('',(94.591581085,58.72695221,-2.));
#9510=CARTESIAN_POINT('',(94.645456028,58.846194566,-1.973972677));
#9511=CARTESIAN_POINT('',(94.745043125,59.066612435,-1.873786388));
#9512=CARTESIAN_POINT('',(94.790716097,59.167701223,-1.799666842));
#9513=CARTESIAN_POINT('',(94.866936761,59.336401757,-1.61454672));
#9514=CARTESIAN_POINT('',(94.897454465,59.403947125,-1.50361898));
#9515=CARTESIAN_POINT('',(94.938704792,59.495247196,-1.261747884));
#9516=CARTESIAN_POINT('',(94.949421184,59.518965975,-1.130899694));
#9517=CARTESIAN_POINT('',(94.949421184,59.518965975,-1.));
#9518=CARTESIAN_POINT('',(94.186148136,58.76649092,-2.));
#9519=CARTESIAN_POINT('',(94.236958774,58.887174277,-2.));
#9520=CARTESIAN_POINT('',(94.287749419,59.007810151,-1.973972677));
#9521=CARTESIAN_POINT('',(94.381635234,59.230803919,-1.873786388));
#9522=CARTESIAN_POINT('',(94.424693464,59.333074075,-1.799666842));
#9523=CARTESIAN_POINT('',(94.496550557,59.503746116,-1.61454672));
#9524=CARTESIAN_POINT('',(94.525321146,59.572080849,-1.50361898));
#9525=CARTESIAN_POINT('',(94.564209924,59.664447892,-1.261747884));
#9526=CARTESIAN_POINT('',(94.574312812,59.68844386,-1.130899694));
#9527=CARTESIAN_POINT('',(94.574312812,59.68844386,-1.));
#9528=CARTESIAN_POINT('',(93.829745293,58.911224213,-2.));
#9529=CARTESIAN_POINT('',(93.877076982,59.033342235,-2.));
#9530=CARTESIAN_POINT('',(93.924390048,59.155412209,-1.973972677));
#9531=CARTESIAN_POINT('',(94.011847604,59.381056891,-1.873786388));
#9532=CARTESIAN_POINT('',(94.051957685,59.484542818,-1.799666842));
#9533=CARTESIAN_POINT('',(94.118894801,59.657243781,-1.61454672));
#9534=CARTESIAN_POINT('',(94.145695499,59.726390867,-1.50361898));
#9535=CARTESIAN_POINT('',(94.181921606,59.819855954,-1.261747884));
#9536=CARTESIAN_POINT('',(94.191332759,59.844137182,-1.130899694));
#9537=CARTESIAN_POINT('',(94.191332759,59.844137182,-1.));
#9538=CARTESIAN_POINT('',(93.10471285,59.165275467,-2.));
#9539=CARTESIAN_POINT('',(93.143954703,59.290228166,-2.));
#9540=CARTESIAN_POINT('',(93.183181116,59.415131702,-1.973972677));
#9541=CARTESIAN_POINT('',(93.255690606,59.646014184,-1.873786388));
#9542=CARTESIAN_POINT('',(93.288945153,59.751902289,-1.799666842));
#9543=CARTESIAN_POINT('',(93.344441514,59.92861209,-1.61454672));
#9544=CARTESIAN_POINT('',(93.366661492,59.99936426,-1.50361898));
#9545=CARTESIAN_POINT('',(93.396695907,60.094998915,-1.261747884));
#9546=CARTESIAN_POINT('',(93.404498525,60.119843773,-1.130899694));
#9547=CARTESIAN_POINT('',(93.404498525,60.119843773,-1.));
#9548=CARTESIAN_POINT('',(92.73611028,59.274671722,-2.));
#9549=CARTESIAN_POINT('',(92.770742096,59.4010297,-1.999999992));
#9550=CARTESIAN_POINT('',(92.805360285,59.52733796,-1.973972663));
#9551=CARTESIAN_POINT('',(92.869351535,59.760817055,-1.873786368));
#9552=CARTESIAN_POINT('',(92.898699419,59.867896026,-1.799666821));
#9553=CARTESIAN_POINT('',(92.9476762,60.046593187,-1.6145467));
#9554=CARTESIAN_POINT('',(92.967285829,60.118141068,-1.503618963));
#9555=CARTESIAN_POINT('',(92.993791871,60.214851274,-1.261747875));
#9556=CARTESIAN_POINT('',(93.000677856,60.239975549,-1.130899689));
#9557=CARTESIAN_POINT('',(93.000677856,60.239975549,-1.));
#9558=CARTESIAN_POINT('',(91.982891135,59.44707897,-2.));
#9559=CARTESIAN_POINT('',(92.006672927,59.575920452,-1.999999992));
#9560=CARTESIAN_POINT('',(92.030445361,59.70471124,-1.973972663));
#9561=CARTESIAN_POINT('',(92.07438838,59.942779254,-1.873786368));
#9562=CARTESIAN_POINT('',(92.094541676,60.05196281,-1.799666821));
#9563=CARTESIAN_POINT('',(92.128174206,60.234172177,-1.6145467));
#9564=CARTESIAN_POINT('',(92.141640207,60.307126297,-1.503618963));
#9565=CARTESIAN_POINT('',(92.159842,60.405737295,-1.261747875));
#9566=CARTESIAN_POINT('',(92.16457063,60.431355376,-1.130899689));
#9567=CARTESIAN_POINT('',(92.164570628,60.431355376,-1.));
#9568=CARTESIAN_POINT('',(91.60432538,59.508616721,-2.));
#9569=CARTESIAN_POINT('',(91.621941156,59.638518661,-2.));
#9570=CARTESIAN_POINT('',(91.63955,59.76836949,-1.973972676));
#9571=CARTESIAN_POINT('',(91.672099709,60.008396977,-1.873786388));
#9572=CARTESIAN_POINT('',(91.687027766,60.118479195,-1.799666842));
#9573=CARTESIAN_POINT('',(91.711940235,60.30218828,-1.614546719));
#9574=CARTESIAN_POINT('',(91.721914844,60.375742866,-1.50361898));
#9575=CARTESIAN_POINT('',(91.735397375,60.475165507,-1.261747884));
#9576=CARTESIAN_POINT('',(91.738899991,60.500994443,-1.130899694));
#9577=CARTESIAN_POINT('',(91.738899991,60.500994443,-1.));
#9578=CARTESIAN_POINT('',(90.84314391,59.570228186,-2.));
#9579=CARTESIAN_POINT('',(90.846649594,59.701272223,-2.));
#9580=CARTESIAN_POINT('',(90.8501539,59.832264701,-1.973972676));
#9581=CARTESIAN_POINT('',(90.856631561,60.074402509,-1.873786388));
#9582=CARTESIAN_POINT('',(90.859602368,60.185452569,-1.799666842));
#9583=CARTESIAN_POINT('',(90.864560155,60.370776824,-1.614546719));
#9584=CARTESIAN_POINT('',(90.866545184,60.444978102,-1.50361898));
#9585=CARTESIAN_POINT('',(90.86922832,60.545274866,-1.261747884));
#9586=CARTESIAN_POINT('',(90.869925369,60.571330889,-1.130899694));
#9587=CARTESIAN_POINT('',(90.869925369,60.571330889,-1.));
#9588=CARTESIAN_POINT('',(90.460418089,59.570407833,-2.));
#9589=CARTESIAN_POINT('',(90.455956199,59.701528505,-1.999999709));
#9590=CARTESIAN_POINT('',(90.451496061,59.832597528,-1.973972169));
#9591=CARTESIAN_POINT('',(90.443251546,60.074876769,-1.873785618));
#9592=CARTESIAN_POINT('',(90.439470413,60.185991661,-1.799666027));
#9593=CARTESIAN_POINT('',(90.433160312,60.371424087,-1.614545961));
#9594=CARTESIAN_POINT('',(90.430633826,60.445668661,-1.503618323));
#9595=CARTESIAN_POINT('',(90.427218792,60.546023943,-1.261747514));
#9596=CARTESIAN_POINT('',(90.426331587,60.572095167,-1.130899508));
#9597=CARTESIAN_POINT('',(90.426331557,60.572095167,-1.));
#9598=CARTESIAN_POINT('',(89.88221226,59.511620833,-2.));
#9599=CARTESIAN_POINT('',(89.864582708,59.641402748,-1.999999714));
#9600=CARTESIAN_POINT('',(89.846960089,59.771133541,-1.973972177));
#9601=CARTESIAN_POINT('',(89.814384902,60.010939082,-1.873785632));
#9602=CARTESIAN_POINT('',(89.799445151,60.120919477,-1.799666041));
#9603=CARTESIAN_POINT('',(89.774513143,60.304458609,-1.614545974));
#9604=CARTESIAN_POINT('',(89.764530696,60.377945133,-1.503618334));
#9605=CARTESIAN_POINT('',(89.75103753,60.477275764,-1.26174752));
#9606=CARTESIAN_POINT('',(89.74753212,60.503080791,-1.130899512));
#9607=CARTESIAN_POINT('',(89.747532061,60.503080783,-1.));
#9608=CARTESIAN_POINT('',(89.691047884,59.48227795,-2.));
#9609=CARTESIAN_POINT('',(89.668884474,59.611371446,-1.999999662));
#9610=CARTESIAN_POINT('',(89.646729802,59.740414083,-1.973972087));
#9611=CARTESIAN_POINT('',(89.60577722,59.978947573,-1.873785494));
#9612=CARTESIAN_POINT('',(89.586995422,60.088344572,-1.799665896));
#9613=CARTESIAN_POINT('',(89.555651718,60.270910118,-1.614545839));
#9614=CARTESIAN_POINT('',(89.543102144,60.344006832,-1.503618216));
#9615=CARTESIAN_POINT('',(89.526139098,60.442810574,-1.261747454));
#9616=CARTESIAN_POINT('',(89.5217323,60.468478726,-1.130899478));
#9617=CARTESIAN_POINT('',(89.521732337,60.468478733,-1.));
#9618=CARTESIAN_POINT('',(89.315484591,59.403963958,-2.));
#9619=CARTESIAN_POINT('',(89.284206212,59.531156764,-1.99999966));
#9620=CARTESIAN_POINT('',(89.252940159,59.658299461,-1.973972084));
#9621=CARTESIAN_POINT('',(89.195145307,59.893320935,-1.873785489));
#9622=CARTESIAN_POINT('',(89.168639248,60.001107242,-1.799665891));
#9623=CARTESIAN_POINT('',(89.124405015,60.180984805,-1.614545834));
#9624=CARTESIAN_POINT('',(89.106694246,60.253005287,-1.503618212));
#9625=CARTESIAN_POINT('',(89.082754872,60.3503543,-1.261747452));
#9626=CARTESIAN_POINT('',(89.076535686,60.375644529,-1.130899477));
#9627=CARTESIAN_POINT('',(89.076535699,60.375644532,-1.));
#9628=CARTESIAN_POINT('',(89.130534009,59.354938265,-2.));
#9629=CARTESIAN_POINT('',(89.094663082,59.480917013,-1.999999724));
#9630=CARTESIAN_POINT('',(89.058806284,59.60684614,-1.973972196));
#9631=CARTESIAN_POINT('',(88.992525498,59.839624361,-1.87378566));
#9632=CARTESIAN_POINT('',(88.962127589,59.946381866,-1.799666072));
#9633=CARTESIAN_POINT('',(88.911398492,60.124542532,-1.614546002));
#9634=CARTESIAN_POINT('',(88.891087264,60.195875595,-1.503618359));
#9635=CARTESIAN_POINT('',(88.863632881,60.292295432,-1.261747534));
#9636=CARTESIAN_POINT('',(88.856500528,60.31734427,-1.130899519));
#9637=CARTESIAN_POINT('',(88.856500528,60.31734427,-1.));
#9638=CARTESIAN_POINT('',(88.766400286,59.236782376,-2.));
#9639=CARTESIAN_POINT('',(88.72146883,59.359821119,-1.999999725));
#9640=CARTESIAN_POINT('',(88.676555067,59.4828114,-1.973972198));
#9641=CARTESIAN_POINT('',(88.5935326,59.710157201,-1.873785662));
#9642=CARTESIAN_POINT('',(88.555456563,59.814423271,-1.799666074));
#9643=CARTESIAN_POINT('',(88.491913928,59.98842614,-1.614546004));
#9644=CARTESIAN_POINT('',(88.466472332,60.058094476,-1.50361836));
#9645=CARTESIAN_POINT('',(88.432083294,60.152264122,-1.261747535));
#9646=CARTESIAN_POINT('',(88.423149382,60.176728381,-1.130899519));
#9647=CARTESIAN_POINT('',(88.423149363,60.176728375,-1.));
#9648=CARTESIAN_POINT('',(88.587217964,59.16764933,-2.));
#9649=CARTESIAN_POINT('',(88.537819989,59.288962628,-1.999999987));
#9650=CARTESIAN_POINT('',(88.488441451,59.410228193,-1.973972654));
#9651=CARTESIAN_POINT('',(88.397165897,59.634385933,-1.873786354));
#9652=CARTESIAN_POINT('',(88.355304794,59.737189912,-1.799666806));
#9653=CARTESIAN_POINT('',(88.285445509,59.908752815,-1.614546687));
#9654=CARTESIAN_POINT('',(88.257474814,59.977444237,-1.503618951));
#9655=CARTESIAN_POINT('',(88.219667241,60.070293409,-1.261747868));
#9656=CARTESIAN_POINT('',(88.209845238,60.094414628,-1.130899686));
#9657=CARTESIAN_POINT('',(88.209845237,60.094414628,-1.));
#9658=CARTESIAN_POINT('',(88.322821826,59.04869094,-2.));
#9659=CARTESIAN_POINT('',(88.266957094,59.167094684,-1.999999987));
#9660=CARTESIAN_POINT('',(88.211114344,59.285451839,-1.973972654));
#9661=CARTESIAN_POINT('',(88.107889782,59.504233424,-1.873786355));
#9662=CARTESIAN_POINT('',(88.060548584,59.604571772,-1.799666807));
#9663=CARTESIAN_POINT('',(87.981543924,59.772019944,-1.614546687));
#9664=CARTESIAN_POINT('',(87.949911547,59.839063883,-1.503618952));
#9665=CARTESIAN_POINT('',(87.907154532,59.929686179,-1.261747868));
#9666=CARTESIAN_POINT('',(87.896046717,59.953228879,-1.130899686));
#9667=CARTESIAN_POINT('',(87.896046715,59.953228878,-1.));
#9668=CARTESIAN_POINT('',(88.235213815,59.006384123,-2.));
#9669=CARTESIAN_POINT('',(88.177227275,59.123761726,-1.999999265));
#9670=CARTESIAN_POINT('',(88.119263634,59.241093025,-1.973971396));
#9671=CARTESIAN_POINT('',(88.01211874,59.457978215,-1.873784447));
#9672=CARTESIAN_POINT('',(87.962979644,59.557446771,-1.799664787));
#9673=CARTESIAN_POINT('',(87.880974662,59.723443372,-1.614544806));
#9674=CARTESIAN_POINT('',(87.84814104,59.789906106,-1.503617322));
#9675=CARTESIAN_POINT('',(87.803760396,59.87974282,-1.26174695));
#9676=CARTESIAN_POINT('',(87.792230835,59.903081454,-1.130899226));
#9677=CARTESIAN_POINT('',(87.792230933,59.903081502,-1.));
#9678=CARTESIAN_POINT('',(88.063318951,58.917659654,-2.));
#9679=CARTESIAN_POINT('',(88.001228153,59.032918809,-1.999999262));
#9680=CARTESIAN_POINT('',(87.939161869,59.148132494,-1.97397139));
#9681=CARTESIAN_POINT('',(87.824433292,59.3611033,-1.873784438));
#9682=CARTESIAN_POINT('',(87.771816139,59.458776628,-1.799664777));
#9683=CARTESIAN_POINT('',(87.684006843,59.621777285,-1.614544797));
#9684=CARTESIAN_POINT('',(87.648849248,59.687040482,-1.503617314));
#9685=CARTESIAN_POINT('',(87.601327306,59.775255793,-1.261746945));
#9686=CARTESIAN_POINT('',(87.588981657,59.7981732,-1.130899224));
#9687=CARTESIAN_POINT('',(87.588981731,59.79817324,-1.));
#9688=CARTESIAN_POINT('',(87.978847007,58.871172988,-2.));
#9689=CARTESIAN_POINT('',(87.914769073,58.985338156,-2.));
#9690=CARTESIAN_POINT('',(87.850716352,59.099458404,-1.973972677));
#9691=CARTESIAN_POINT('',(87.73231577,59.310408128,-1.873786388));
#9692=CARTESIAN_POINT('',(87.678014495,59.407154603,-1.799666842));
#9693=CARTESIAN_POINT('',(87.587394613,59.568608531,-1.61454672));
#9694=CARTESIAN_POINT('',(87.55111166,59.633252459,-1.50361898));
#9695=CARTESIAN_POINT('',(87.502068534,59.720630695,-1.261747884));
#9696=CARTESIAN_POINT('',(87.489327655,59.743330624,-1.130899694));
#9697=CARTESIAN_POINT('',(87.489327655,59.743330624,-1.));
#9698=CARTESIAN_POINT('',(87.563477116,58.628675581,-2.));
#9699=CARTESIAN_POINT('',(87.489804718,58.737239397,-2.));
#9700=CARTESIAN_POINT('',(87.416161307,58.845760497,-1.973972677));
#9701=CARTESIAN_POINT('',(87.280032465,59.046360272,-1.873786388));
#9702=CARTESIAN_POINT('',(87.217600596,59.138360019,-1.799666842));
#9703=CARTESIAN_POINT('',(87.113412091,59.29189244,-1.61454672));
#9704=CARTESIAN_POINT('',(87.07169645,59.353364705,-1.50361898));
#9705=CARTESIAN_POINT('',(87.015310038,59.436455853,-1.261747884));
#9706=CARTESIAN_POINT('',(87.000661452,59.458042042,-1.130899694));
#9707=CARTESIAN_POINT('',(87.000661452,59.458042042,-1.));
#9708=CARTESIAN_POINT('',(87.253509653,58.402528775,-2.));
#9709=CARTESIAN_POINT('',(87.173285922,58.506220413,-1.999998167));
#9710=CARTESIAN_POINT('',(87.093093963,58.609870955,-1.973969481));
#9711=CARTESIAN_POINT('',(86.944860421,58.801467244,-1.873781545));
#9712=CARTESIAN_POINT('',(86.876877161,58.88933761,-1.799661714));
#9713=CARTESIAN_POINT('',(86.763424357,59.035978628,-1.614541945));
#9714=CARTESIAN_POINT('',(86.717999449,59.094691586,-1.503614843));
#9715=CARTESIAN_POINT('',(86.656599238,59.17405296,-1.261745552));
#9716=CARTESIAN_POINT('',(86.640648091,59.194670152,-1.130898527));
#9717=CARTESIAN_POINT('',(86.640648013,59.194670099,-1.));
#9718=CARTESIAN_POINT('',(86.816239586,58.023452814,-2.));
#9719=CARTESIAN_POINT('',(86.727735251,58.119965789,-1.999998183));
#9720=CARTESIAN_POINT('',(86.639265945,58.216440492,-1.973969509));
#9721=CARTESIAN_POINT('',(86.475731823,58.394772321,-1.873781588));
#9722=CARTESIAN_POINT('',(86.400731348,58.476559283,-1.79966176));
#9723=CARTESIAN_POINT('',(86.275567927,58.613048059,-1.614541988));
#9724=CARTESIAN_POINT('',(86.225454225,58.667696173,-1.50361488));
#9725=CARTESIAN_POINT('',(86.157716169,58.741563081,-1.261745573));
#9726=CARTESIAN_POINT('',(86.140118465,58.760752812,-1.130898537));
#9727=CARTESIAN_POINT('',(86.140118282,58.760752646,-1.));
#9728=CARTESIAN_POINT('',(86.674941918,57.890154034,-2.));
#9729=CARTESIAN_POINT('',(86.583926934,57.984288945,-2.));
#9730=CARTESIAN_POINT('',(86.492947761,58.078386818,-1.973972677));
#9731=CARTESIAN_POINT('',(86.324774,58.252325452,-1.873786388));
#9732=CARTESIAN_POINT('',(86.247645581,58.332097777,-1.799666842));
#9733=CARTESIAN_POINT('',(86.118930957,58.465224644,-1.61454672));
#9734=CARTESIAN_POINT('',(86.067395395,58.518526807,-1.50361898));
#9735=CARTESIAN_POINT('',(85.997735543,58.590574549,-1.261747884));
#9736=CARTESIAN_POINT('',(85.97963866,58.609291779,-1.130899694));
#9737=CARTESIAN_POINT('',(85.97963866,58.609291779,-1.));
#9738=CARTESIAN_POINT('',(86.4049066,57.615896482,-2.));
#9739=CARTESIAN_POINT('',(86.309371045,57.705440137,-2.));
#9740=CARTESIAN_POINT('',(86.213873078,57.794948561,-1.973972677));
#9741=CARTESIAN_POINT('',(86.037346389,57.960403662,-1.873786388));
#9742=CARTESIAN_POINT('',(85.956387122,58.03628524,-1.799666842));
#9743=CARTESIAN_POINT('',(85.821279444,58.162919092,-1.61454672));
#9744=CARTESIAN_POINT('',(85.767184191,58.213621542,-1.50361898));
#9745=CARTESIAN_POINT('',(85.694064442,58.282155289,-1.261747884));
#9746=CARTESIAN_POINT('',(85.675068716,58.299959621,-1.130899694));
#9747=CARTESIAN_POINT('',(85.675068716,58.299959621,-1.));
#9748=CARTESIAN_POINT('',(86.275558831,57.474429834,-2.));
#9749=CARTESIAN_POINT('',(86.178000548,57.561751351,-1.999999999));
#9750=CARTESIAN_POINT('',(86.080480651,57.649038511,-1.973972675));
#9751=CARTESIAN_POINT('',(85.90021645,57.810387635,-1.873786386));
#9752=CARTESIAN_POINT('',(85.817543073,57.884386116,-1.79966684));
#9753=CARTESIAN_POINT('',(85.679574826,58.007877389,-1.614546718));
#9754=CARTESIAN_POINT('',(85.624334242,58.057321593,-1.503618978));
#9755=CARTESIAN_POINT('',(85.549666365,58.124154589,-1.261747883));
#9756=CARTESIAN_POINT('',(85.530268452,58.141517085,-1.130899693));
#9757=CARTESIAN_POINT('',(85.530268452,58.141517085,-1.));
#9758=CARTESIAN_POINT('',(85.902201558,57.038794025,-2.));
#9759=CARTESIAN_POINT('',(85.799143585,57.119698465,-1.999999999));
#9760=CARTESIAN_POINT('',(85.696126161,57.200571074,-1.973972675));
#9761=CARTESIAN_POINT('',(85.505699858,57.350062987,-1.873786386));
#9762=CARTESIAN_POINT('',(85.418365903,57.418623474,-1.79966684));
#9763=CARTESIAN_POINT('',(85.27261992,57.533039631,-1.614546718));
#9764=CARTESIAN_POINT('',(85.214265237,57.578850284,-1.503618978));
#9765=CARTESIAN_POINT('',(85.13538808,57.640771862,-1.261747883));
#9766=CARTESIAN_POINT('',(85.11489664,57.656858424,-1.130899693));
#9767=CARTESIAN_POINT('',(85.11489664,57.656858424,-1.));
#9768=CARTESIAN_POINT('',(85.672769645,56.733471963,-2.));
#9769=CARTESIAN_POINT('',(85.566794968,56.81043421,-1.999999999));
#9770=CARTESIAN_POINT('',(85.460861987,56.887366176,-1.973972676));
#9771=CARTESIAN_POINT('',(85.265046317,57.029573865,-1.873786387));
#9772=CARTESIAN_POINT('',(85.175240673,57.094793636,-1.799666841));
#9773=CARTESIAN_POINT('',(85.025369848,57.203634689,-1.614546719));
#9774=CARTESIAN_POINT('',(84.965363635,57.247213147,-1.503618979));
#9775=CARTESIAN_POINT('',(84.884254129,57.3061175,-1.261747884));
#9776=CARTESIAN_POINT('',(84.863182749,57.321420219,-1.130899694));
#9777=CARTESIAN_POINT('',(84.863182749,57.321420219,-1.));
#9778=CARTESIAN_POINT('',(85.351251933,56.258175182,-2.));
#9779=CARTESIAN_POINT('',(85.241605159,56.329708999,-1.999999999));
#9780=CARTESIAN_POINT('',(85.132001525,56.401214671,-1.973972676));
#9781=CARTESIAN_POINT('',(84.929400704,56.533391931,-1.873786387));
#9782=CARTESIAN_POINT('',(84.836483231,56.594011513,-1.799666841));
#9783=CARTESIAN_POINT('',(84.681419275,56.695175608,-1.614546719));
#9784=CARTESIAN_POINT('',(84.619333805,56.735680317,-1.503618979));
#9785=CARTESIAN_POINT('',(84.535413797,56.790429931,-1.261747884));
#9786=CARTESIAN_POINT('',(84.513612279,56.804653293,-1.130899694));
#9787=CARTESIAN_POINT('',(84.513612279,56.804653293,-1.));
#9788=CARTESIAN_POINT('',(85.247882181,56.096833493,-2.));
#9789=CARTESIAN_POINT('',(85.137130645,56.166637429,-2.));
#9790=CARTESIAN_POINT('',(85.026422685,56.236413901,-1.973972677));
#9791=CARTESIAN_POINT('',(84.821780529,56.365394758,-1.873786388));
#9792=CARTESIAN_POINT('',(84.727926852,56.424548394,-1.799666842));
#9793=CARTESIAN_POINT('',(84.571300528,56.523266068,-1.61454672));
#9794=CARTESIAN_POINT('',(84.508589506,56.562791264,-1.50361898));
#9795=CARTESIAN_POINT('',(84.423823949,56.616216884,-1.261747884));
#9796=CARTESIAN_POINT('',(84.401802767,56.630096287,-1.130899694));
#9797=CARTESIAN_POINT('',(84.401802767,56.630096287,-1.));
#9798=CARTESIAN_POINT('',(85.047947611,55.768943854,-2.));
#9799=CARTESIAN_POINT('',(84.935176396,55.835435549,-2.));
#9800=CARTESIAN_POINT('',(84.822449552,55.901901082,-1.973972677));
#9801=CARTESIAN_POINT('',(84.614075517,56.024761713,-1.873786388));
#9802=CARTESIAN_POINT('',(84.518510313,56.081108471,-1.799666842));
#9803=CARTESIAN_POINT('',(84.359027731,56.175141927,-1.61454672));
#9804=CARTESIAN_POINT('',(84.295173103,56.212791627,-1.50361898));
#9805=CARTESIAN_POINT('',(84.208861752,56.263682167,-1.261747884));
#9806=CARTESIAN_POINT('',(84.186438989,56.276902984,-1.130899694));
#9807=CARTESIAN_POINT('',(84.186438989,56.276902984,-1.));
#9808=CARTESIAN_POINT('',(84.951204488,55.602062431,-2.));
#9809=CARTESIAN_POINT('',(84.837516884,55.666968807,-2.));
#9810=CARTESIAN_POINT('',(84.723874013,55.731849646,-1.973972677));
#9811=CARTESIAN_POINT('',(84.513806713,55.851780991,-1.873786388));
#9812=CARTESIAN_POINT('',(84.417464939,55.90678431,-1.799666842));
#9813=CARTESIAN_POINT('',(84.256686388,55.998575788,-1.61454672));
#9814=CARTESIAN_POINT('',(84.192312873,56.035327831,-1.50361898));
#9815=CARTESIAN_POINT('',(84.105300148,56.08500502,-1.261747884));
#9816=CARTESIAN_POINT('',(84.082695176,56.097910622,-1.130899694));
#9817=CARTESIAN_POINT('',(84.082695176,56.097910622,-1.));
#9818=CARTESIAN_POINT('',(84.671707524,55.097159939,-2.));
#9819=CARTESIAN_POINT('',(84.555512213,55.157536219,-2.));
#9820=CARTESIAN_POINT('',(84.439362619,55.217888743,-1.973972677));
#9821=CARTESIAN_POINT('',(84.224661679,55.329449561,-1.873786388));
#9822=CARTESIAN_POINT('',(84.126194808,55.380613961,-1.799666842));
#9823=CARTESIAN_POINT('',(83.961869822,55.465998914,-1.61454672));
#9824=CARTESIAN_POINT('',(83.896076362,55.500185873,-1.50361898));
#9825=CARTESIAN_POINT('',(83.807144321,55.546395877,-1.261747884));
#9826=CARTESIAN_POINT('',(83.784040731,55.55840074,-1.130899694));
#9827=CARTESIAN_POINT('',(83.784040731,55.55840074,-1.));
#9828=CARTESIAN_POINT('',(84.499669646,54.755208004,-2.));
#9829=CARTESIAN_POINT('',(84.382119704,54.81286459,-1.999999998));
#9830=CARTESIAN_POINT('',(84.264616014,54.870498491,-1.973972673));
#9831=CARTESIAN_POINT('',(84.047412045,54.977033971,-1.873786383));
#9832=CARTESIAN_POINT('',(83.947797227,55.025893632,-1.799666837));
#9833=CARTESIAN_POINT('',(83.781556507,55.107432358,-1.614546715));
#9834=CARTESIAN_POINT('',(83.714996014,55.14007934,-1.503618976));
#9835=CARTESIAN_POINT('',(83.625027185,55.184207781,-1.261747882));
#9836=CARTESIAN_POINT('',(83.601654248,55.195671877,-1.130899693));
#9837=CARTESIAN_POINT('',(83.601654248,55.195671877,-1.));
#9838=CARTESIAN_POINT('',(84.177952822,54.062934805,-2.));
#9839=CARTESIAN_POINT('',(84.058088243,54.115610731,-1.999999998));
#9840=CARTESIAN_POINT('',(83.938270825,54.168265932,-1.973972673));
#9841=CARTESIAN_POINT('',(83.716789963,54.265598353,-1.873786383));
#9842=CARTESIAN_POINT('',(83.615213661,54.310237276,-1.799666837));
#9843=CARTESIAN_POINT('',(83.445699549,54.384732286,-1.614546715));
#9844=CARTESIAN_POINT('',(83.377828434,54.414559061,-1.503618976));
#9845=CARTESIAN_POINT('',(83.286088057,54.45487547,-1.261747882));
#9846=CARTESIAN_POINT('',(83.262254891,54.46534924,-1.130899693));
#9847=CARTESIAN_POINT('',(83.262254891,54.46534924,-1.));
#9848=CARTESIAN_POINT('',(84.028310337,53.712599893,-2.));
#9849=CARTESIAN_POINT('',(83.907487883,53.763015089,-1.999999997));
#9850=CARTESIAN_POINT('',(83.786712968,53.813410449,-1.973972672));
#9851=CARTESIAN_POINT('',(83.563462184,53.906565584,-1.873786381));
#9852=CARTESIAN_POINT('',(83.461074155,53.949288707,-1.799666835));
#9853=CARTESIAN_POINT('',(83.290205404,54.020586561,-1.614546713));
#9854=CARTESIAN_POINT('',(83.22179191,54.049133239,-1.503618974));
#9855=CARTESIAN_POINT('',(83.129318408,54.087719359,-1.261747881));
#9856=CARTESIAN_POINT('',(83.105294784,54.097743619,-1.130899692));
#9857=CARTESIAN_POINT('',(83.105294784,54.097743619,-1.));
#9858=CARTESIAN_POINT('',(83.747229231,53.005116055,-2.));
#9859=CARTESIAN_POINT('',(83.624750932,53.051363475,-1.999999997));
#9860=CARTESIAN_POINT('',(83.502320825,53.097592699,-1.973972672));
#9861=CARTESIAN_POINT('',(83.27601044,53.18304679,-1.873786381));
#9862=CARTESIAN_POINT('',(83.172219207,53.222238033,-1.799666835));
#9863=CARTESIAN_POINT('',(82.999008738,53.287641762,-1.614546713));
#9864=CARTESIAN_POINT('',(82.929657654,53.313828514,-1.503618974));
#9865=CARTESIAN_POINT('',(82.835916824,53.349224756,-1.261747881));
#9866=CARTESIAN_POINT('',(82.811563961,53.358420321,-1.130899692));
#9867=CARTESIAN_POINT('',(82.811563962,53.358420321,-1.));
#9868=CARTESIAN_POINT('',(83.615809453,52.647960074,-2.));
#9869=CARTESIAN_POINT('',(83.492634246,52.692300743,-2.));
#9870=CARTESIAN_POINT('',(83.369507502,52.736623966,-1.973972676));
#9871=CARTESIAN_POINT('',(83.141909396,52.81855484,-1.873786387));
#9872=CARTESIAN_POINT('',(83.037527583,52.856130254,-1.799666841));
#9873=CARTESIAN_POINT('',(82.863331535,52.91883743,-1.614546719));
#9874=CARTESIAN_POINT('',(82.793585837,52.943944519,-1.503618979));
#9875=CARTESIAN_POINT('',(82.699311615,52.977881398,-1.261747884));
#9876=CARTESIAN_POINT('',(82.674820183,52.986697836,-1.130899694));
#9877=CARTESIAN_POINT('',(82.674820183,52.986697836,-1.));
#9878=CARTESIAN_POINT('',(83.430087955,52.107955832,-2.));
#9879=CARTESIAN_POINT('',(83.306000478,52.149643983,-2.));
#9880=CARTESIAN_POINT('',(83.181961824,52.191315733,-1.973972676));
#9881=CARTESIAN_POINT('',(82.952678063,52.268345393,-1.873786387));
#9882=CARTESIAN_POINT('',(82.84752317,52.303672996,-1.799666841));
#9883=CARTESIAN_POINT('',(82.672036977,52.362628946,-1.614546719));
#9884=CARTESIAN_POINT('',(82.601774723,52.386234096,-1.503618979));
#9885=CARTESIAN_POINT('',(82.50680228,52.418140826,-1.261747884));
#9886=CARTESIAN_POINT('',(82.482129458,52.426429852,-1.130899694));
#9887=CARTESIAN_POINT('',(82.482129458,52.426429852,-1.));
#9888=CARTESIAN_POINT('',(83.370089716,51.927239874,-2.));
#9889=CARTESIAN_POINT('',(83.245720655,51.968078647,-2.));
#9890=CARTESIAN_POINT('',(83.121400528,52.008901352,-1.973972677));
#9891=CARTESIAN_POINT('',(82.891596468,52.084361566,-1.873786388));
#9892=CARTESIAN_POINT('',(82.786202953,52.118969385,-1.799666842));
#9893=CARTESIAN_POINT('',(82.61031854,52.176724132,-1.61454672));
#9894=CARTESIAN_POINT('',(82.539896845,52.199848337,-1.50361898));
#9895=CARTESIAN_POINT('',(82.444708887,52.231104981,-1.261747884));
#9896=CARTESIAN_POINT('',(82.419980076,52.239225122,-1.130899694));
#9897=CARTESIAN_POINT('',(82.419980076,52.239225122,-1.));
#9898=CARTESIAN_POINT('',(83.282728712,51.655179105,-2.));
#9899=CARTESIAN_POINT('',(83.157965443,51.69479023,-2.));
#9900=CARTESIAN_POINT('',(83.033251263,51.734385771,-1.973972677));
#9901=CARTESIAN_POINT('',(82.802718802,51.807577588,-1.873786388));
#9902=CARTESIAN_POINT('',(82.696991225,51.841145066,-1.799666842));
#9903=CARTESIAN_POINT('',(82.520549318,51.897163658,-1.61454672));
#9904=CARTESIAN_POINT('',(82.44990441,51.91959273,-1.50361898));
#9905=CARTESIAN_POINT('',(82.354414738,51.949909773,-1.261747884));
#9906=CARTESIAN_POINT('',(82.329607545,51.957785816,-1.130899694));
#9907=CARTESIAN_POINT('',(82.329607545,51.957785816,-1.));
#9908=CARTESIAN_POINT('',(83.25404811,51.564327582,-2.));
#9909=CARTESIAN_POINT('',(83.129158146,51.603537238,-2.));
#9910=CARTESIAN_POINT('',(83.004317321,51.642731467,-1.973972677));
#9911=CARTESIAN_POINT('',(82.773550758,51.715181464,-1.873786388));
#9912=CARTESIAN_POINT('',(82.667715817,51.748408727,-1.799666842));
#9913=CARTESIAN_POINT('',(82.491094736,51.803859554,-1.61454672));
#9914=CARTESIAN_POINT('',(82.42037809,51.826061301,-1.50361898));
#9915=CARTESIAN_POINT('',(82.324791449,51.856071073,-1.261747884));
#9916=CARTESIAN_POINT('',(82.299959065,51.863867289,-1.130899694));
#9917=CARTESIAN_POINT('',(82.299959065,51.863867289,-1.));
#9918=CARTESIAN_POINT('',(83.211661231,51.427812972,-2.));
#9919=CARTESIAN_POINT('',(83.086587694,51.466431398,-2.));
#9920=CARTESIAN_POINT('',(82.961563368,51.505034628,-1.973972677));
#9921=CARTESIAN_POINT('',(82.730457606,51.576392173,-1.873786388));
#9922=CARTESIAN_POINT('',(82.6244671,51.609118412,-1.799666842));
#9923=CARTESIAN_POINT('',(82.447586408,51.663733113,-1.61454672));
#9924=CARTESIAN_POINT('',(82.376765816,51.685600086,-1.50361898));
#9925=CARTESIAN_POINT('',(82.281038675,51.715157349,-1.261747884));
#9926=CARTESIAN_POINT('',(82.256169791,51.722836009,-1.130899694));
#9927=CARTESIAN_POINT('',(82.256169791,51.722836009,-1.));
#9928=CARTESIAN_POINT('',(83.197634721,51.382269754,-2.));
#9929=CARTESIAN_POINT('',(83.072501144,51.420692191,-1.999999549));
#9930=CARTESIAN_POINT('',(82.947416887,51.45909948,-1.97397189));
#9931=CARTESIAN_POINT('',(82.716200428,51.530094792,-1.873785197));
#9932=CARTESIAN_POINT('',(82.6101592,51.562654881,-1.799665581));
#9933=CARTESIAN_POINT('',(82.433193893,51.616992283,-1.614545545));
#9934=CARTESIAN_POINT('',(82.362339442,51.638748216,-1.503617962));
#9935=CARTESIAN_POINT('',(82.266566533,51.668155368,-1.261747311));
#9936=CARTESIAN_POINT('',(82.241685758,51.675795015,-1.130899407));
#9937=CARTESIAN_POINT('',(82.24168575,51.675794989,-1.));
#9938=CARTESIAN_POINT('',(83.173915089,51.304593851,-2.));
#9939=CARTESIAN_POINT('',(83.048680841,51.34268661,-1.999999549));
#9940=CARTESIAN_POINT('',(82.923495952,51.380764349,-1.973971891));
#9941=CARTESIAN_POINT('',(82.692093477,51.451150493,-1.873785197));
#9942=CARTESIAN_POINT('',(82.585966938,51.483431204,-1.799665581));
#9943=CARTESIAN_POINT('',(82.40885926,51.537302368,-1.614545546));
#9944=CARTESIAN_POINT('',(82.337947805,51.558871626,-1.503617963));
#9945=CARTESIAN_POINT('',(82.242097846,51.588026451,-1.261747311));
#9946=CARTESIAN_POINT('',(82.217197054,51.595600546,-1.130899407));
#9947=CARTESIAN_POINT('',(82.217197046,51.595600519,-1.));
#9948=CARTESIAN_POINT('',(83.164184694,51.272475119,-2.));
#9949=CARTESIAN_POINT('',(83.038906522,51.310423364,-1.999999773));
#9950=CARTESIAN_POINT('',(82.913677683,51.348356663,-1.97397228));
#9951=CARTESIAN_POINT('',(82.682193926,51.418475828,-1.873785788));
#9952=CARTESIAN_POINT('',(82.576030086,51.450634107,-1.799666206));
#9953=CARTESIAN_POINT('',(82.398860143,51.504300964,-1.614546128));
#9954=CARTESIAN_POINT('',(82.327923749,51.525788427,-1.503618467));
#9955=CARTESIAN_POINT('',(82.23204008,51.5548327,-1.261747595));
#9956=CARTESIAN_POINT('',(82.207130531,51.562378083,-1.130899549));
#9957=CARTESIAN_POINT('',(82.207130526,51.562378069,-1.));
#9958=CARTESIAN_POINT('',(83.154476283,51.240348158,-2.));
#9959=CARTESIAN_POINT('',(83.029175754,51.278222795,-1.999999905));
#9960=CARTESIAN_POINT('',(82.903924543,51.316082524,-1.973972511));
#9961=CARTESIAN_POINT('',(82.672399405,51.386065707,-1.873786137));
#9962=CARTESIAN_POINT('',(82.566216574,51.418161627,-1.799666576));
#9963=CARTESIAN_POINT('',(82.389014928,51.471724425,-1.614546472));
#9964=CARTESIAN_POINT('',(82.318065835,51.493170228,-1.503618766));
#9965=CARTESIAN_POINT('',(82.222165001,51.522158197,-1.261747763));
#9966=CARTESIAN_POINT('',(82.197250993,51.529688957,-1.130899633));
#9967=CARTESIAN_POINT('',(82.197250991,51.529688951,-1.));
#9968=B_SPLINE_SURFACE_WITH_KNOTS('',3,3,((#9508,#9509,#9510,#9511,#9512,#9513,#9514,#9515,#9516,#9517),(#9518,#9519,#9520,#9521,#9522,#9523,#9524,#9525,#9526,#9527),(#9528,#9529,#9530,#9531,#9532,#9533,#9534,#9535,#9536,#9537),(#9538,#9539,#9540,#9541,#9542,#9543,#9544,#9545,#9546,#9547),(#9548,#9549,#9550,#9551,#9552,#9553,#9554,#9555,#9556,#9557),(#9558,#9559,#9560,#9561,#9562,#9563,#9564,#9565,#9566,#9567),(#9568,#9569,#9570,#9571,#9572,#9573,#9574,#9575,#9576,#9577),(#9578,#9579,#9580,#9581,#9582,#9583,#9584,#9585,#9586,#9587),(#9588,#9589,#9590,#9591,#9592,#9593,#9594,#9595,#9596,#9597),(#9598,#9599,#9600,#9601,#9602,#9603,#9604,#9605,#9606,#9607),(#9608,#9609,#9610,#9611,#9612,#9613,#9614,#9615,#9616,#9617),(#9618,#9619,#9620,#9621,#9622,#9623,#9624,#9625,#9626,#9627),(#9628,#9629,#9630,#9631,#9632,#9633,#9634,#9635,#9636,#9637),(#9638,#9639,#9640,#9641,#9642,#9643,#9644,#9645,#9646,#9647),(#9648,#9649,#9650,#9651,#9652,#9653,#9654,#9655,#9656,#9657),(#9658,#9659,#9660,#9661,#9662,#9663,#9664,#9665,#9666,#9667),(#9668,#9669,#9670,#9671,#9672,#9673,#9674,#9675,#9676,#9677),(#9678,#9679,#9680,#9681,#9682,#9683,#9684,#9685,#9686,#9687),(#9688,#9689,#9690,#9691,#9692,#9693,#9694,#9695,#9696,#9697),(#9698,#9699,#9700,#9701,#9702,#9703,#9704,#9705,#9706,#9707),(#9708,#9709,#9710,#9711,#9712,#9713,#9714,#9715,#9716,#9717),(#9718,#9719,#9720,#9721,#9722,#9723,#9724,#9725,#9726,#9727),(#9728,#9729,#9730,#9731,#9732,#9733,#9734,#9735,#9736,#9737),(#9738,#9739,#9740,#9741,#9742,#9743,#9744,#9745,#9746,#9747),(#9748,#9749,#9750,#9751,#9752,#9753,#9754,#9755,#9756,#9757),(#9758,#9759,#9760,#9761,#9762,#9763,#9764,#9765,#9766,#9767),
(#9768,#9769,#9770,#9771,#9772,#9773,#9774,#9775,#9776,#9777),(#9778,#9779,#9780,#9781,#9782,#9783,#9784,#9785,#9786,#9787),(#9788,#9789,#9790,#9791,#9792,#9793,#9794,#9795,#9796,#9797),(#9798,#9799,#9800,#9801,#9802,#9803,#9804,#9805,#9806,#9807),(#9808,#9809,#9810,#9811,#9812,#9813,#9814,#9815,#9816,#9817),(#9818,#9819,#9820,#9821,#9822,#9823,#9824,#9825,#9826,#9827),(#9828,#9829,#9830,#9831,#9832,#9833,#9834,#9835,#9836,#9837),(#9838,#9839,#9840,#9841,#9842,#9843,#9844,#9845,#9846,#9847),(#9848,#9849,#9850,#9851,#9852,#9853,#9854,#9855,#9856,#9857),(#9858,#9859,#9860,#9861,#9862,#9863,#9864,#9865,#9866,#9867),(#9868,#9869,#9870,#9871,#9872,#9873,#9874,#9875,#9876,#9877),(#9878,#9879,#9880,#9881,#9882,#9883,#9884,#9885,#9886,#9887),(#9888,#9889,#9890,#9891,#9892,#9893,#9894,#9895,#9896,#9897),(#9898,#9899,#9900,#9901,#9902,#9903,#9904,#9905,#9906,#9907),(#9908,#9909,#9910,#9911,#9912,#9913,#9914,#9915,#9916,#9917),(#9918,#9919,#9920,#9921,#9922,#9923,#9924,#9925,#9926,#9927),(#9928,#9929,#9930,#9931,#9932,#9933,#9934,#9935,#9936,#9937),(#9938,#9939,#9940,#9941,#9942,#9943,#9944,#9945,#9946,#9947),(#9948,#9949,#9950,#9951,#9952,#9953,#9954,#9955,#9956,#9957),(#9958,#9959,#9960,#9961,#9962,#9963,#9964,#9965,#9966,#9967)),.UNSPECIFIED.,.F.,.F.,.U.,(4,2,2,2,2,2,2,2,2,2,2,2,2,2,2,2,2,2,2,2,2,2,4),(4,2,2,2,4),(0.,0.001152369,0.002304737,0.003457106,0.004609475,0.005185659,0.005761843,0.006338028,0.00662612,0.006914212,0.008066581,0.008642765,0.009218949,0.010371318,0.010947502,0.011523687,0.012676055,0.013828424,0.014980793,0.015556977,0.015845069,0.015989115,0.01609053),(0.,0.25,0.5,0.75,1.),.UNSPECIFIED.);
#9969=ORIENTED_EDGE('',*,*,#9173,.T.);
#9970=ORIENTED_EDGE('',*,*,#5186,.F.);
#9971=CARTESIAN_POINT('',(82.197245464,51.529690623,-1.));
#9972=CARTESIAN_POINT('',(82.197245464,51.529690623,-1.066015411));
#9973=CARTESIAN_POINT('',(82.203471422,51.527916921,-1.130928307));
#9974=CARTESIAN_POINT('',(82.215668456,51.524441753,-1.194783806));
#9975=CARTESIAN_POINT('',(82.227865489,51.520966585,-1.258639304));
#9976=CARTESIAN_POINT('',(82.246328747,51.515705848,-1.322097538));
#9977=CARTESIAN_POINT('',(82.270432377,51.508836777,-1.382611671));
#9978=CARTESIAN_POINT('',(82.294536007,51.501967706,-1.443125804));
#9979=CARTESIAN_POINT('',(82.324035865,51.493559881,-1.500530208));
#9980=CARTESIAN_POINT('',(82.358881887,51.483625988,-1.554853492));
#9981=CARTESIAN_POINT('',(82.393727908,51.473692095,-1.609176775));
#9982=CARTESIAN_POINT('',(82.434294524,51.462125304,-1.660626275));
#9983=CARTESIAN_POINT('',(82.478602837,51.449488032,-1.706743376));
#9984=CARTESIAN_POINT('',(82.567219462,51.424213487,-1.798977577));
#9985=CARTESIAN_POINT('',(82.674367117,51.393639923,-1.873497523));
#9986=CARTESIAN_POINT('',(82.789941736,51.360637574,-1.923441459));
#9987=CARTESIAN_POINT('',(82.905516355,51.327635225,-1.973385395));
#9988=CARTESIAN_POINT('',(83.032012118,51.291488003,-2.000000003));
#9989=CARTESIAN_POINT('',(83.158955969,51.255193624,-2.));
#9990=B_SPLINE_CURVE_WITH_KNOTS('',3,(#9971,#9972,#9973,#9974,#9975,#9976,#9977,#9978,#9979,#9980,#9981,#9982,#9983,#9984,#9985,#9986,#9987,#9988,#9989),.UNSPECIFIED.,.F.,.F.,(4,3,3,3,3,3,4),(0.,0.000195235,0.00039047,0.000585705,0.00078094,0.001171411,0.001561881),.UNSPECIFIED.);
#9991=EDGE_CURVE('',#4234,#5099,#9990,.T.);
#9992=ORIENTED_EDGE('',*,*,#9991,.F.);
#9993=ORIENTED_EDGE('',*,*,#4363,.T.);
#9994=EDGE_LOOP('',(#9969,#9970,#9992,#9993));
#9995=FACE_BOUND('',#9994,.T.);
#9996=ADVANCED_FACE('',(#9995),#9968,.T.);
#9997=CARTESIAN_POINT('',(73.361136141,22.94441362,-2.));
#9998=CARTESIAN_POINT('',(73.259353614,22.862102945,-2.));
#9999=CARTESIAN_POINT('',(73.157611135,22.779824656,-1.973972677));
#10000=CARTESIAN_POINT('',(72.96954155,22.627734361,-1.873786388));
#10001=CARTESIAN_POINT('',(72.883288441,22.557982195,-1.799666842));
#10002=CARTESIAN_POINT('',(72.739346211,22.441577322,-1.61454672));
#10003=CARTESIAN_POINT('',(72.681713726,22.394970415,-1.50361898));
#10004=CARTESIAN_POINT('',(72.603812753,22.331972552,-1.261747884));
#10005=CARTESIAN_POINT('',(72.583574916,22.315606383,-1.130899694));
#10006=CARTESIAN_POINT('',(72.583574916,22.315606383,-1.));
#10007=CARTESIAN_POINT('',(73.639907473,22.599694657,-2.));
#10008=CARTESIAN_POINT('',(73.536034003,22.519969571,-2.));
#10009=CARTESIAN_POINT('',(73.432201403,22.440275853,-1.973972677));
#10010=CARTESIAN_POINT('',(73.240268258,22.292963102,-1.873786388));
#10011=CARTESIAN_POINT('',(73.152243229,22.22540203,-1.799666842));
#10012=CARTESIAN_POINT('',(73.005343959,22.112653731,-1.61454672));
#10013=CARTESIAN_POINT('',(72.946527516,22.067510866,-1.50361898));
#10014=CARTESIAN_POINT('',(72.867026204,22.006491926,-1.261747884));
#10015=CARTESIAN_POINT('',(72.846372616,21.99063986,-1.130899694));
#10016=CARTESIAN_POINT('',(72.846372616,21.99063986,-1.));
#10017=CARTESIAN_POINT('',(73.904829546,22.245359466,-2.));
#10018=CARTESIAN_POINT('',(73.798761425,22.16854445,-2.));
#10019=CARTESIAN_POINT('',(73.692735037,22.091759657,-1.973972677));
#10020=CARTESIAN_POINT('',(73.496746704,21.949824014,-1.873786388));
#10021=CARTESIAN_POINT('',(73.406861872,21.884729009,-1.799666842));
#10022=CARTESIAN_POINT('',(73.256858897,21.776096171,-1.61454672));
#10023=CARTESIAN_POINT('',(73.196799772,21.73260108,-1.50361898));
#10024=CARTESIAN_POINT('',(73.115618747,21.673809412,-1.261747884));
#10025=CARTESIAN_POINT('',(73.094528787,21.658535967,-1.130899694));
#10026=CARTESIAN_POINT('',(73.094528787,21.658535967,-1.));
#10027=CARTESIAN_POINT('',(74.277137605,21.696445828,-2.));
#10028=CARTESIAN_POINT('',(74.167673929,21.62463706,-2.));
#10029=CARTESIAN_POINT('',(74.058253321,21.552856545,-1.973972677));
#10030=CARTESIAN_POINT('',(73.855990821,21.420171243,-1.873786388));
#10031=CARTESIAN_POINT('',(73.763228509,21.359318662,-1.799666842));
#10032=CARTESIAN_POINT('',(73.608423493,21.257765728,-1.61454672));
#10033=CARTESIAN_POINT('',(73.546441697,21.217105333,-1.50361898));
#10034=CARTESIAN_POINT('',(73.462661826,21.162145281,-1.261747884));
#10035=CARTESIAN_POINT('',(73.440896714,21.147867249,-1.130899694));
#10036=CARTESIAN_POINT('',(73.440896714,21.147867249,-1.));
#10037=CARTESIAN_POINT('',(74.39705774,21.510570462,-2.));
#10038=CARTESIAN_POINT('',(74.286444202,21.440538043,-2.00000136));
#10039=CARTESIAN_POINT('',(74.175873964,21.370533025,-1.973975047));
#10040=CARTESIAN_POINT('',(73.971486159,21.241129533,-1.873789981));
#10041=CARTESIAN_POINT('',(73.877749013,21.181781975,-1.799670646));
#10042=CARTESIAN_POINT('',(73.721317078,21.082740594,-1.614550261));
#10043=CARTESIAN_POINT('',(73.65868384,21.043085742,-1.503622049));
#10044=CARTESIAN_POINT('',(73.57402343,20.989484823,-1.261749614));
#10045=CARTESIAN_POINT('',(73.552029568,20.975559847,-1.13090056));
#10046=CARTESIAN_POINT('',(73.552029599,20.975559798,-1.));
#10047=CARTESIAN_POINT('',(74.627611603,21.132371717,-2.));
#10048=CARTESIAN_POINT('',(74.514684707,21.066134187,-2.000001357));
#10049=CARTESIAN_POINT('',(74.401802021,20.999922566,-1.973975042));
#10050=CARTESIAN_POINT('',(74.193139694,20.877531107,-1.873789973));
#10051=CARTESIAN_POINT('',(74.097442153,20.821399427,-1.799670639));
#10052=CARTESIAN_POINT('',(73.937738652,20.727724802,-1.614550254));
#10053=CARTESIAN_POINT('',(73.87379553,20.690218715,-1.503622043));
#10054=CARTESIAN_POINT('',(73.787364582,20.639522222,-1.26174961));
#10055=CARTESIAN_POINT('',(73.764910765,20.626351764,-1.130900558));
#10056=CARTESIAN_POINT('',(73.764910818,20.626351675,-1.));
#10057=CARTESIAN_POINT('',(74.738343,20.939809637,-2.));
#10058=CARTESIAN_POINT('',(74.624251211,20.875593692,-2.));
#10059=CARTESIAN_POINT('',(74.510204313,20.811403014,-1.973972677));
#10060=CARTESIAN_POINT('',(74.299390177,20.692747419,-1.873786388));
#10061=CARTESIAN_POINT('',(74.202705885,20.638329189,-1.799666842));
#10062=CARTESIAN_POINT('',(74.04135573,20.547514129,-1.61454672));
#10063=CARTESIAN_POINT('',(73.976753352,20.51115303,-1.50361898));
#10064=CARTESIAN_POINT('',(73.889431277,20.462004274,-1.261747884));
#10065=CARTESIAN_POINT('',(73.866745939,20.449235954,-1.130899694));
#10066=CARTESIAN_POINT('',(73.866745939,20.449235954,-1.));
#10067=CARTESIAN_POINT('',(75.261764906,19.968125294,-2.));
#10068=CARTESIAN_POINT('',(75.141916386,19.914596189,-2.));
#10069=CARTESIAN_POINT('',(75.022115021,19.861088146,-1.973972677));
#10070=CARTESIAN_POINT('',(74.800663831,19.762179256,-1.873786388));
#10071=CARTESIAN_POINT('',(74.699101138,19.716817327,-1.799666842));
#10072=CARTESIAN_POINT('',(74.529609735,19.641115741,-1.61454672));
#10073=CARTESIAN_POINT('',(74.461747713,19.610805869,-1.50361898));
#10074=CARTESIAN_POINT('',(74.370019627,19.569836465,-1.261747884));
#10075=CARTESIAN_POINT('',(74.346189654,19.559193054,-1.130899694));
#10076=CARTESIAN_POINT('',(74.346189654,19.559193054,-1.));
#10077=CARTESIAN_POINT('',(75.588275814,19.156566433,-2.));
#10078=CARTESIAN_POINT('',(75.463969501,19.113595242,-2.));
#10079=CARTESIAN_POINT('',(75.339712097,19.070640958,-1.973972677));
#10080=CARTESIAN_POINT('',(75.110023979,18.991240551,-1.873786388));
#10081=CARTESIAN_POINT('',(75.004683639,18.954825667,-1.799666842));
#10082=CARTESIAN_POINT('',(74.828887964,18.894055226,-1.61454672));
#10083=CARTESIAN_POINT('',(74.758501799,18.869723579,-1.50361898));
#10084=CARTESIAN_POINT('',(74.663361866,18.836834853,-1.261747884));
#10085=CARTESIAN_POINT('',(74.638645531,18.828290715,-1.130899694));
#10086=CARTESIAN_POINT('',(74.638645531,18.828290715,-1.));
#10087=CARTESIAN_POINT('',(75.896347236,17.871828553,-2.));
#10088=CARTESIAN_POINT('',(75.767563636,17.84752881,-2.));
#10089=CARTESIAN_POINT('',(75.638830707,17.823238629,-1.973972677));
#10090=CARTESIAN_POINT('',(75.400869643,17.778338559,-1.873786388));
#10091=CARTESIAN_POINT('',(75.291735135,17.757746338,-1.799666842));
#10092=CARTESIAN_POINT('',(75.109607622,17.723381312,-1.61454672));
#10093=CARTESIAN_POINT('',(75.036686275,17.709622029,-1.50361898));
#10094=CARTESIAN_POINT('',(74.938119575,17.691023812,-1.261747884));
#10095=CARTESIAN_POINT('',(74.912513003,17.686192194,-1.130899694));
#10096=CARTESIAN_POINT('',(74.912513003,17.686192194,-1.));
#10097=CARTESIAN_POINT('',(75.968305237,17.428981605,-2.));
#10098=CARTESIAN_POINT('',(75.83841602,17.411407246,-2.));
#10099=CARTESIAN_POINT('',(75.70857791,17.393839802,-1.973972677));
#10100=CARTESIAN_POINT('',(75.468573933,17.361366621,-1.873786388));
#10101=CARTESIAN_POINT('',(75.358502498,17.346473661,-1.799666842));
#10102=CARTESIAN_POINT('',(75.174811407,17.321619765,-1.61454672));
#10103=CARTESIAN_POINT('',(75.101264025,17.311668607,-1.50361898));
#10104=CARTESIAN_POINT('',(75.001851123,17.298217775,-1.261747884));
#10105=CARTESIAN_POINT('',(74.976024717,17.294723393,-1.130899694));
#10106=CARTESIAN_POINT('',(74.976024717,17.294723393,-1.));
#10107=CARTESIAN_POINT('',(76.041313994,16.552365474,-2.));
#10108=CARTESIAN_POINT('',(75.910307092,16.548211164,-2.));
#10109=CARTESIAN_POINT('',(75.779351736,16.544058489,-1.973972677));
#10110=CARTESIAN_POINT('',(75.537282546,16.536382325,-1.873786388));
#10111=CARTESIAN_POINT('',(75.426263956,16.532861857,-1.799666842));
#10112=CARTESIAN_POINT('',(75.240992218,16.526986776,-1.61454672));
#10113=CARTESIAN_POINT('',(75.166811968,16.524634474,-1.50361898));
#10114=CARTESIAN_POINT('',(75.066543626,16.521454903,-1.261747884));
#10115=CARTESIAN_POINT('',(75.040494986,16.520628885,-1.130899694));
#10116=CARTESIAN_POINT('',(75.040494986,16.520628885,-1.));
#10117=CARTESIAN_POINT('',(76.043640885,16.11524002,-2.));
#10118=CARTESIAN_POINT('',(75.912605099,16.117819613,-2.));
#10119=CARTESIAN_POINT('',(75.78162087,16.12039819,-1.973972677));
#10120=CARTESIAN_POINT('',(75.539498308,16.125164657,-1.873786388));
#10121=CARTESIAN_POINT('',(75.42845524,16.127350669,-1.799666842));
#10122=CARTESIAN_POINT('',(75.243142654,16.130998765,-1.61454672));
#10123=CARTESIAN_POINT('',(75.168946048,16.132459412,-1.50361898));
#10124=CARTESIAN_POINT('',(75.068655599,16.134433747,-1.261747884));
#10125=CARTESIAN_POINT('',(75.042601216,16.134946658,-1.130899694));
#10126=CARTESIAN_POINT('',(75.042601216,16.134946658,-1.));
#10127=CARTESIAN_POINT('',(75.98308887,15.243245363,-2.));
#10128=CARTESIAN_POINT('',(75.852954196,15.258801659,-2.));
#10129=CARTESIAN_POINT('',(75.722870725,15.274351833,-1.973972677));
#10130=CARTESIAN_POINT('',(75.482413203,15.303096119,-1.873786388));
#10131=CARTESIAN_POINT('',(75.372133761,15.31627892,-1.799666842));
#10132=CARTESIAN_POINT('',(75.188095541,15.338278844,-1.61454672));
#10133=CARTESIAN_POINT('',(75.114409174,15.34708731,-1.50361898));
#10134=CARTESIAN_POINT('',(75.014808407,15.358993583,-1.261747884));
#10135=CARTESIAN_POINT('',(74.988933195,15.362086705,-1.130899694));
#10136=CARTESIAN_POINT('',(74.988933195,15.362086705,-1.));
#10137=CARTESIAN_POINT('',(75.920190703,14.808376828,-2.));
#10138=CARTESIAN_POINT('',(75.790982788,14.830171573,-2.00000019));
#10139=CARTESIAN_POINT('',(75.661825673,14.851957744,-1.973973008));
#10140=CARTESIAN_POINT('',(75.423080467,14.892229181,-1.873786891));
#10141=CARTESIAN_POINT('',(75.313586311,14.910698601,-1.799667374));
#10142=CARTESIAN_POINT('',(75.130858588,14.941521012,-1.614547215));
#10143=CARTESIAN_POINT('',(75.057696915,14.953861875,-1.50361941));
#10144=CARTESIAN_POINT('',(74.958805364,14.970542819,-1.261748126));
#10145=CARTESIAN_POINT('',(74.933114396,14.974876337,-1.130899815));
#10146=CARTESIAN_POINT('',(74.933114392,14.974876311,-1.));
#10147=CARTESIAN_POINT('',(75.779978677,14.157661039,-2.));
#10148=CARTESIAN_POINT('',(75.652638258,14.188122696,-2.000000188));
#10149=CARTESIAN_POINT('',(75.525347904,14.218572369,-1.973973004));
#10150=CARTESIAN_POINT('',(75.290053379,14.274858169,-1.873786885));
#10151=CARTESIAN_POINT('',(75.182141787,14.300672149,-1.799667368));
#10152=CARTESIAN_POINT('',(75.002055098,14.343751416,-1.614547209));
#10153=CARTESIAN_POINT('',(74.929950858,14.360999753,-1.503619404));
#10154=CARTESIAN_POINT('',(74.83248862,14.384314047,-1.261748123));
#10155=CARTESIAN_POINT('',(74.80716897,14.390370832,-1.130899813));
#10156=CARTESIAN_POINT('',(74.807168961,14.390370795,-1.));
#10157=CARTESIAN_POINT('',(75.725809078,13.942149014,-2.));
#10158=CARTESIAN_POINT('',(75.599166222,13.975369997,-2.000000214));
#10159=CARTESIAN_POINT('',(75.472573155,14.008577926,-1.97397305));
#10160=CARTESIAN_POINT('',(75.238567557,14.069962351,-1.873786955));
#10161=CARTESIAN_POINT('',(75.131247097,14.098114696,-1.799667442));
#10162=CARTESIAN_POINT('',(74.952146916,14.14509634,-1.614547278));
#10163=CARTESIAN_POINT('',(74.880437664,14.163907153,-1.503619464));
#10164=CARTESIAN_POINT('',(74.783509337,14.189333471,-1.261748157));
#10165=CARTESIAN_POINT('',(74.758328399,14.195938971,-1.13089983));
#10166=CARTESIAN_POINT('',(74.758328406,14.195938999,-1.));
#10167=CARTESIAN_POINT('',(75.60507625,13.517739281,-2.));
#10168=CARTESIAN_POINT('',(75.479910021,13.556151024,-2.000000215));
#10169=CARTESIAN_POINT('',(75.354793,13.59454767,-1.973973052));
#10170=CARTESIAN_POINT('',(75.123515852,13.665523368,-1.873786958));
#10171=CARTESIAN_POINT('',(75.017446724,13.698074494,-1.799667445));
#10172=CARTESIAN_POINT('',(74.840434808,13.752396975,-1.614547281));
#10173=CARTESIAN_POINT('',(74.769561668,13.774146956,-1.503619467));
#10174=CARTESIAN_POINT('',(74.6737635,13.803546097,-1.261748158));
#10175=CARTESIAN_POINT('',(74.648876165,13.81118369,-1.130899831));
#10176=CARTESIAN_POINT('',(74.648876171,13.81118371,-1.));
#10177=CARTESIAN_POINT('',(75.538377092,13.308169819,-2.));
#10178=CARTESIAN_POINT('',(75.413991331,13.349022233,-2.000000835));
#10179=CARTESIAN_POINT('',(75.289654358,13.389858638,-1.973974132));
#10180=CARTESIAN_POINT('',(75.059819001,13.465344253,-1.873788595));
#10181=CARTESIAN_POINT('',(74.954411048,13.499963763,-1.799669179));
#10182=CARTESIAN_POINT('',(74.778502486,13.557738073,-1.614548895));
#10183=CARTESIAN_POINT('',(74.708071089,13.58087014,-1.503620865));
#10184=CARTESIAN_POINT('',(74.61287002,13.612137458,-1.261748947));
#10185=CARTESIAN_POINT('',(74.588137806,13.620260406,-1.130900226));
#10186=CARTESIAN_POINT('',(74.588137827,13.620260467,-1.));
#10187=CARTESIAN_POINT('',(75.176707599,12.272047145,-2.));
#10188=CARTESIAN_POINT('',(75.056313558,12.324335165,-2.00000084));
#10189=CARTESIAN_POINT('',(74.935966733,12.376602675,-1.97397414));
#10190=CARTESIAN_POINT('',(74.713507108,12.47321852,-1.873788607));
#10191=CARTESIAN_POINT('',(74.611481837,12.517528839,-1.799669191));
#10192=CARTESIAN_POINT('',(74.441218403,12.591475484,-1.614548907));
#10193=CARTESIAN_POINT('',(74.373047234,12.621082714,-1.503620875));
#10194=CARTESIAN_POINT('',(74.280901265,12.661102361,-1.261748952));
#10195=CARTESIAN_POINT('',(74.256962723,12.671499033,-1.130900228));
#10196=CARTESIAN_POINT('',(74.256962722,12.67149902,-1.));
#10197=CARTESIAN_POINT('',(74.797784765,11.480431211,-2.));
#10198=CARTESIAN_POINT('',(74.680791798,11.539390372,-2.000000132));
#10199=CARTESIAN_POINT('',(74.563844838,11.598326345,-1.973972908));
#10200=CARTESIAN_POINT('',(74.34766995,11.707268697,-1.873786738));
#10201=CARTESIAN_POINT('',(74.248527079,11.757232211,-1.799667213));
#10202=CARTESIAN_POINT('',(74.083073948,11.840613086,-1.614547065));
#10203=CARTESIAN_POINT('',(74.016828787,11.87399764,-1.503619279));
#10204=CARTESIAN_POINT('',(73.927286184,11.91912304,-1.261748053));
#10205=CARTESIAN_POINT('',(73.904023973,11.930846131,-1.130899778));
#10206=CARTESIAN_POINT('',(73.904023969,11.930846122,-1.));
#10207=CARTESIAN_POINT('',(74.154422868,10.324209656,-2.));
#10208=CARTESIAN_POINT('',(74.041342971,10.390201208,-2.000000131));
#10209=CARTESIAN_POINT('',(73.928307542,10.456166806,-1.973972906));
#10210=CARTESIAN_POINT('',(73.719363066,10.578103322,-1.873786736));
#10211=CARTESIAN_POINT('',(73.623536229,10.634026263,-1.79966721));
#10212=CARTESIAN_POINT('',(73.463617013,10.727352437,-1.614547062));
#10213=CARTESIAN_POINT('',(73.399587554,10.76471895,-1.503619277));
#10214=CARTESIAN_POINT('',(73.313039879,10.8152267,-1.261748052));
#10215=CARTESIAN_POINT('',(73.290555716,10.828348064,-1.130899778));
#10216=CARTESIAN_POINT('',(73.290555707,10.828348049,-1.));
#10217=CARTESIAN_POINT('',(73.927536664,9.944382247,-2.));
#10218=CARTESIAN_POINT('',(73.815576681,10.012223333,-2.));
#10219=CARTESIAN_POINT('',(73.703660749,10.080037726,-1.973972677));
#10220=CARTESIAN_POINT('',(73.496785675,10.205391707,-1.873786388));
#10221=CARTESIAN_POINT('',(73.401907929,10.262881973,-1.799666842));
#10222=CARTESIAN_POINT('',(73.243572602,10.358823756,-1.61454672));
#10223=CARTESIAN_POINT('',(73.180177319,10.397237524,-1.50361898));
#10224=CARTESIAN_POINT('',(73.094486857,10.449160843,-1.261747884));
#10225=CARTESIAN_POINT('',(73.072225395,10.462649965,-1.130899694));
#10226=CARTESIAN_POINT('',(73.072225395,10.462649965,-1.));
#10227=CARTESIAN_POINT('',(73.46006792,9.194393747,-2.));
#10228=CARTESIAN_POINT('',(73.349853002,9.265034547,-2.));
#10229=CARTESIAN_POINT('',(73.239681449,9.335647554,-1.973972677));
#10230=CARTESIAN_POINT('',(73.036030836,9.466174733,-1.873786388));
#10231=CARTESIAN_POINT('',(72.942631903,9.52603755,-1.799666842));
#10232=CARTESIAN_POINT('',(72.786764472,9.625938728,-1.61454672));
#10233=CARTESIAN_POINT('',(72.7243573,9.665937783,-1.50361898));
#10234=CARTESIAN_POINT('',(72.640002455,9.720003911,-1.261747884));
#10235=CARTESIAN_POINT('',(72.61808797,9.734049711,-1.130899694));
#10236=CARTESIAN_POINT('',(72.61808797,9.734049711,-1.));
#10237=CARTESIAN_POINT('',(73.219163584,8.823709723,-2.));
#10238=CARTESIAN_POINT('',(73.109577243,8.895305432,-2.));
#10239=CARTESIAN_POINT('',(73.000034019,8.966872972,-1.973972677));
#10240=CARTESIAN_POINT('',(72.797544864,9.099164593,-1.873786389));
#10241=CARTESIAN_POINT('',(72.704678603,9.159836624,-1.799666843));
#10242=CARTESIAN_POINT('',(72.549700113,9.261088248,-1.61454672));
#10243=CARTESIAN_POINT('',(72.487648861,9.301628003,-1.503618981));
#10244=CARTESIAN_POINT('',(72.403775106,9.356424986,-1.261747885));
#10245=CARTESIAN_POINT('',(72.381985605,9.370660655,-1.130899694));
#10246=CARTESIAN_POINT('',(72.381985605,9.370660655,-1.));
#10247=CARTESIAN_POINT('',(72.731945071,8.085593802,-2.));
#10248=CARTESIAN_POINT('',(72.623039619,8.158221031,-2.));
#10249=CARTESIAN_POINT('',(72.514177017,8.230819684,-1.973972677));
#10250=CARTESIAN_POINT('',(72.312945981,8.365017305,-1.873786389));
#10251=CARTESIAN_POINT('',(72.220656724,8.426563472,-1.799666843));
#10252=CARTESIAN_POINT('',(72.066641157,8.529273884,-1.61454672));
#10253=CARTESIAN_POINT('',(72.004975446,8.570397718,-1.503618981));
#10254=CARTESIAN_POINT('',(71.921622822,8.625984192,-1.261747885));
#10255=CARTESIAN_POINT('',(71.899968704,8.640424962,-1.130899694));
#10256=CARTESIAN_POINT('',(71.899968704,8.640424962,-1.));
#10257=CARTESIAN_POINT('',(72.485592015,7.718185278,-2.));
#10258=CARTESIAN_POINT('',(72.376739833,7.790891519,-1.999999999));
#10259=CARTESIAN_POINT('',(72.26793048,7.863569152,-1.973972675));
#10260=CARTESIAN_POINT('',(72.066797874,7.997912767,-1.873786385));
#10261=CARTESIAN_POINT('',(71.974553759,8.059525889,-1.799666839));
#10262=CARTESIAN_POINT('',(71.820613528,8.16234804,-1.614546717));
#10263=CARTESIAN_POINT('',(71.758977981,8.203516612,-1.503618978));
#10264=CARTESIAN_POINT('',(71.675666128,8.25916356,-1.261747883));
#10265=CARTESIAN_POINT('',(71.654022602,8.27362004,-1.130899693));
#10266=CARTESIAN_POINT('',(71.654022602,8.27362004,-1.));
#10267=CARTESIAN_POINT('',(71.997224387,6.980760149,-2.));
#10268=CARTESIAN_POINT('',(71.887803464,7.052607601,-1.999999999));
#10269=CARTESIAN_POINT('',(71.778425593,7.124426785,-1.973972675));
#10270=CARTESIAN_POINT('',(71.576242091,7.257183567,-1.873786385));
#10271=CARTESIAN_POINT('',(71.48351601,7.318068931,-1.799666839));
#10272=CARTESIAN_POINT('',(71.328771457,7.419676573,-1.614546717));
#10273=CARTESIAN_POINT('',(71.26681387,7.460358873,-1.503618978));
#10274=CARTESIAN_POINT('',(71.183066722,7.515348532,-1.261747883));
#10275=CARTESIAN_POINT('',(71.161310111,7.529634256,-1.130899693));
#10276=CARTESIAN_POINT('',(71.161310111,7.529634256,-1.));
#10277=CARTESIAN_POINT('',(71.755140771,6.610785049,-2.));
#10278=CARTESIAN_POINT('',(71.645097855,6.681700732,-1.999999991));
#10279=CARTESIAN_POINT('',(71.535098238,6.752588512,-1.97397266));
#10280=CARTESIAN_POINT('',(71.331765447,6.883623605,-1.873786364));
#10281=CARTESIAN_POINT('',(71.238512276,6.943719362,-1.799666816));
#10282=CARTESIAN_POINT('',(71.082888097,7.04400928,-1.614546696));
#10283=CARTESIAN_POINT('',(71.020578321,7.084163981,-1.503618959));
#10284=CARTESIAN_POINT('',(70.936355124,7.138440493,-1.261747872));
#10285=CARTESIAN_POINT('',(70.91447484,7.152540949,-1.130899688));
#10286=CARTESIAN_POINT('',(70.91447484,7.152540949,-1.));
#10287=CARTESIAN_POINT('',(71.287455108,5.860926949,-2.));
#10288=CARTESIAN_POINT('',(71.175362812,5.928556783,-1.999999991));
#10289=CARTESIAN_POINT('',(71.06331462,5.996160008,-1.97397266));
#10290=CARTESIAN_POINT('',(70.856195068,6.121123645,-1.873786364));
#10291=CARTESIAN_POINT('',(70.7612052,6.17843489,-1.799666816));
#10292=CARTESIAN_POINT('',(70.602682759,6.274077916,-1.614546696));
#10293=CARTESIAN_POINT('',(70.539212559,6.312372066,-1.503618959));
#10294=CARTESIAN_POINT('',(70.453420833,6.364133698,-1.261747872));
#10295=CARTESIAN_POINT('',(70.431133063,6.377580815,-1.130899688));
#10296=CARTESIAN_POINT('',(70.431133063,6.377580815,-1.));
#10297=CARTESIAN_POINT('',(71.061695879,5.481138438,-2.));
#10298=CARTESIAN_POINT('',(70.948171431,5.546430064,-1.999999991));
#10299=CARTESIAN_POINT('',(70.834691652,5.611696,-1.973972661));
#10300=CARTESIAN_POINT('',(70.624925829,5.732339192,-1.873786364));
#10301=CARTESIAN_POINT('',(70.528722319,5.78766898,-1.799666817));
#10302=CARTESIAN_POINT('',(70.368174511,5.88000528,-1.614546696));
#10303=CARTESIAN_POINT('',(70.303893382,5.916975461,-1.50361896));
#10304=CARTESIAN_POINT('',(70.217005535,5.966947506,-1.261747873));
#10305=CARTESIAN_POINT('',(70.194433004,5.979929708,-1.130899688));
#10306=CARTESIAN_POINT('',(70.194433004,5.979929707,-1.));
#10307=CARTESIAN_POINT('',(70.748638204,4.896077543,-2.));
#10308=CARTESIAN_POINT('',(70.632276973,4.956067619,-1.999999991));
#10309=CARTESIAN_POINT('',(70.515961526,5.016034091,-1.973972661));
#10310=CARTESIAN_POINT('',(70.30095401,5.126881296,-1.873786364));
#10311=CARTESIAN_POINT('',(70.202346537,5.177718415,-1.799666817));
#10312=CARTESIAN_POINT('',(70.037786911,5.26255719,-1.614546696));
#10313=CARTESIAN_POINT('',(69.971899505,5.296525467,-1.50361896));
#10314=CARTESIAN_POINT('',(69.882840477,5.342439881,-1.261747873));
#10315=CARTESIAN_POINT('',(69.859703897,5.354367953,-1.130899688));
#10316=CARTESIAN_POINT('',(69.859703896,5.354367952,-1.));
#10317=CARTESIAN_POINT('',(70.648603006,4.698461862,-2.));
#10318=CARTESIAN_POINT('',(70.531181528,4.75637999,-1.999999998));
#10319=CARTESIAN_POINT('',(70.41380625,4.81427533,-1.973972674));
#10320=CARTESIAN_POINT('',(70.19683965,4.921294075,-1.873786384));
#10321=CARTESIAN_POINT('',(70.097333694,4.970375374,-1.799666838));
#10322=CARTESIAN_POINT('',(69.931274648,5.052283975,-1.614546716));
#10323=CARTESIAN_POINT('',(69.864786894,5.08507905,-1.503618977));
#10324=CARTESIAN_POINT('',(69.774916386,5.129407665,-1.261747882));
#10325=CARTESIAN_POINT('',(69.751568992,5.140923764,-1.130899693));
#10326=CARTESIAN_POINT('',(69.751568992,5.140923764,-1.));
#10327=CARTESIAN_POINT('',(70.507540032,4.396634105,-2.));
#10328=CARTESIAN_POINT('',(70.388369591,4.450810037,-1.999999998));
#10329=CARTESIAN_POINT('',(70.269246039,4.504964652,-1.973972674));
#10330=CARTESIAN_POINT('',(70.049047777,4.605068719,-1.873786384));
#10331=CARTESIAN_POINT('',(69.948059707,4.650978785,-1.799666838));
#10332=CARTESIAN_POINT('',(69.779527254,4.72759512,-1.614546716));
#10333=CARTESIAN_POINT('',(69.712049182,4.758271245,-1.503618977));
#10334=CARTESIAN_POINT('',(69.620840076,4.799735707,-1.261747882));
#10335=CARTESIAN_POINT('',(69.597144928,4.81050773,-1.130899693));
#10336=CARTESIAN_POINT('',(69.597144928,4.81050773,-1.));
#10337=CARTESIAN_POINT('',(70.462024996,4.295119547,-2.));
#10338=CARTESIAN_POINT('',(70.342245404,4.347941605,-2.));
#10339=CARTESIAN_POINT('',(70.22251294,4.40074288,-1.973972677));
#10340=CARTESIAN_POINT('',(70.001189112,4.498345316,-1.873786388));
#10341=CARTESIAN_POINT('',(69.89968483,4.543108075,-1.799666842));
#10342=CARTESIAN_POINT('',(69.730290907,4.617809745,-1.61454672));
#10343=CARTESIAN_POINT('',(69.662467914,4.647719264,-1.50361898));
#10344=CARTESIAN_POINT('',(69.570792583,4.688147517,-1.261747884));
#10345=CARTESIAN_POINT('',(69.546976315,4.698650344,-1.130899694));
#10346=CARTESIAN_POINT('',(69.546976315,4.698650344,-1.));
#10347=CARTESIAN_POINT('',(70.374546065,4.089955662,-2.));
#10348=CARTESIAN_POINT('',(70.253503873,4.139816551,-2.));
#10349=CARTESIAN_POINT('',(70.132509306,4.189657821,-1.973972677));
#10350=CARTESIAN_POINT('',(69.908852498,4.281788731,-1.873786388));
#10351=CARTESIAN_POINT('',(69.806278257,4.32404212,-1.799666842));
#10352=CARTESIAN_POINT('',(69.635098747,4.394556065,-1.61454672));
#10353=CARTESIAN_POINT('',(69.566560831,4.422788877,-1.50361898));
#10354=CARTESIAN_POINT('',(69.473919147,4.460950749,-1.261747884));
#10355=CARTESIAN_POINT('',(69.449851832,4.470864794,-1.130899694));
#10356=CARTESIAN_POINT('',(69.449851832,4.470864794,-1.));
#10357=CARTESIAN_POINT('',(70.332483204,3.986047547,-2.));
#10358=CARTESIAN_POINT('',(70.210786005,4.034296775,-1.999999738));
#10359=CARTESIAN_POINT('',(70.089136742,4.082527009,-1.97397222));
#10360=CARTESIAN_POINT('',(69.864269795,4.171679938,-1.873785697));
#10361=CARTESIAN_POINT('',(69.761140587,4.212567556,-1.79966611));
#10362=CARTESIAN_POINT('',(69.589034958,4.280802268,-1.614546038));
#10363=CARTESIAN_POINT('',(69.520126252,4.308122515,-1.50361839));
#10364=CARTESIAN_POINT('',(69.426983397,4.34505092,-1.261747551));
#10365=CARTESIAN_POINT('',(69.402785894,4.354644547,-1.130899527));
#10366=CARTESIAN_POINT('',(69.402785914,4.354644596,-1.));
#10367=CARTESIAN_POINT('',(70.213377348,3.672610996,-2.));
#10368=CARTESIAN_POINT('',(70.089683708,3.715606442,-1.999999736));
#10369=CARTESIAN_POINT('',(69.966038788,3.758584962,-1.973972217));
#10370=CARTESIAN_POINT('',(69.737482897,3.838030168,-1.873785691));
#10371=CARTESIAN_POINT('',(69.632661852,3.874465595,-1.799666104));
#10372=CARTESIAN_POINT('',(69.457732824,3.935270332,-1.614546033));
#10373=CARTESIAN_POINT('',(69.387693667,3.959615717,-1.503618385));
#10374=CARTESIAN_POINT('',(69.293022793,3.992523038,-1.261747549));
#10375=CARTESIAN_POINT('',(69.268428324,4.001072027,-1.130899526));
#10376=CARTESIAN_POINT('',(69.268428337,4.001072065,-1.));
#10377=CARTESIAN_POINT('',(70.143833852,3.461843338,-2.));
#10378=CARTESIAN_POINT('',(70.018732752,3.500623374,-2.));
#10379=CARTESIAN_POINT('',(69.893680873,3.539388152,-1.973972677));
#10380=CARTESIAN_POINT('',(69.662524181,3.611044315,-1.873786388));
#10381=CARTESIAN_POINT('',(69.556510317,3.643907506,-1.799666842));
#10382=CARTESIAN_POINT('',(69.379590644,3.698750759,-1.61454672));
#10383=CARTESIAN_POINT('',(69.308754445,3.720709242,-1.50361898));
#10384=CARTESIAN_POINT('',(69.213006208,3.750390196,-1.261747884));
#10385=CARTESIAN_POINT('',(69.188131843,3.75810099,-1.130899694));
#10386=CARTESIAN_POINT('',(69.188131843,3.75810099,-1.));
#10387=CARTESIAN_POINT('',(70.027428555,3.036144618,-2.));
#10388=CARTESIAN_POINT('',(69.900001159,3.066417303,-2.));
#10389=CARTESIAN_POINT('',(69.772623901,3.096678077,-1.973972677));
#10390=CARTESIAN_POINT('',(69.537168776,3.152614704,-1.873786388));
#10391=CARTESIAN_POINT('',(69.429183551,3.178268549,-1.799666842));
#10392=CARTESIAN_POINT('',(69.248974,3.22108059,-1.61454672));
#10393=CARTESIAN_POINT('',(69.176820579,3.238221942,-1.50361898));
#10394=CARTESIAN_POINT('',(69.079291873,3.261391652,-1.261747884));
#10395=CARTESIAN_POINT('',(69.053954961,3.267410894,-1.130899694));
#10396=CARTESIAN_POINT('',(69.053954961,3.267410894,-1.));
#10397=CARTESIAN_POINT('',(69.980227057,2.82127591,-2.));
#10398=CARTESIAN_POINT('',(69.851838358,2.847183692,-2.));
#10399=CARTESIAN_POINT('',(69.723500174,2.87308128,-1.973972677));
#10400=CARTESIAN_POINT('',(69.486268792,2.920952619,-1.873786388));
#10401=CARTESIAN_POINT('',(69.377468933,2.942907534,-1.799666842));
#10402=CARTESIAN_POINT('',(69.195899893,2.979546671,-1.61454672));
#10403=CARTESIAN_POINT('',(69.123202152,2.994216476,-1.50361898));
#10404=CARTESIAN_POINT('',(69.024937696,3.014045434,-1.261747884));
#10405=CARTESIAN_POINT('',(68.999409644,3.019196785,-1.130899694));
#10406=CARTESIAN_POINT('',(68.999409644,3.019196785,-1.));
#10407=CARTESIAN_POINT('',(69.908058834,2.387457123,-2.));
#10408=CARTESIAN_POINT('',(69.778197197,2.404510754,-2.));
#10409=CARTESIAN_POINT('',(69.648386654,2.421557675,-1.973972677));
#10410=CARTESIAN_POINT('',(69.408433636,2.453068675,-1.873786388));
#10411=CARTESIAN_POINT('',(69.298385572,2.467520357,-1.799666842));
#10412=CARTESIAN_POINT('',(69.114733483,2.491637833,-1.61454672));
#10413=CARTESIAN_POINT('',(69.041201717,2.501294138,-1.50361898));
#10414=CARTESIAN_POINT('',(68.941809922,2.514346421,-1.261747884));
#10415=CARTESIAN_POINT('',(68.915989,2.517737265,-1.130899694));
#10416=CARTESIAN_POINT('',(68.915989,2.517737265,-1.));
#10417=CARTESIAN_POINT('',(69.88309057,2.168507328,-2.));
#10418=CARTESIAN_POINT('',(69.752717378,2.181072223,-2.));
#10419=CARTESIAN_POINT('',(69.622395482,2.193632175,-1.973972677));
#10420=CARTESIAN_POINT('',(69.381497233,2.216849074,-1.873786388));
#10421=CARTESIAN_POINT('',(69.271015665,2.227496886,-1.799666842));
#10422=CARTESIAN_POINT('',(69.086640128,2.245266332,-1.61454672));
#10423=CARTESIAN_POINT('',(69.012818703,2.252380973,-1.50361898));
#10424=CARTESIAN_POINT('',(68.913035382,2.261997727,-1.261747884));
#10425=CARTESIAN_POINT('',(68.887112745,2.264496057,-1.130899694));
#10426=CARTESIAN_POINT('',(68.887112745,2.264496057,-1.));
#10427=CARTESIAN_POINT('',(69.862621817,1.836965153,-2.));
#10428=CARTESIAN_POINT('',(69.731832007,1.842781898,-2.));
#10429=CARTESIAN_POINT('',(69.601093658,1.848596354,-1.973972677));
#10430=CARTESIAN_POINT('',(69.359425601,1.859344298,-1.873786388));
#10431=CARTESIAN_POINT('',(69.24859098,1.864273556,-1.799666842));
#10432=CARTESIAN_POINT('',(69.063626257,1.872499675,-1.61454672));
#10433=CARTESIAN_POINT('',(68.989568931,1.8757933,-1.50361898));
#10434=CARTESIAN_POINT('',(68.889466745,1.880245244,-1.261747884));
#10435=CARTESIAN_POINT('',(68.86346127,1.881401812,-1.130899694));
#10436=CARTESIAN_POINT('',(68.86346127,1.881401812,-1.));
#10437=CARTESIAN_POINT('',(69.858625613,1.725932228,-2.));
#10438=CARTESIAN_POINT('',(69.727755616,1.729497261,-1.999999282));
#10439=CARTESIAN_POINT('',(69.596937252,1.733060865,-1.973971425));
#10440=CARTESIAN_POINT('',(69.355121438,1.73964809,-1.873784491));
#10441=CARTESIAN_POINT('',(69.244219131,1.74266912,-1.799664833));
#10442=CARTESIAN_POINT('',(69.059141509,1.747710666,-1.614544849));
#10443=CARTESIAN_POINT('',(68.985039013,1.749729199,-1.503617359));
#10444=CARTESIAN_POINT('',(68.88487578,1.752457542,-1.261746971));
#10445=CARTESIAN_POINT('',(68.858854451,1.753166278,-1.130899237));
#10446=CARTESIAN_POINT('',(68.858854448,1.753166166,-1.));
#10447=CARTESIAN_POINT('',(69.856381438,1.502811246,-2.));
#10448=CARTESIAN_POINT('',(69.725466204,1.501879627,-1.999999286));
#10449=CARTESIAN_POINT('',(69.594602622,1.500948347,-1.973971432));
#10450=CARTESIAN_POINT('',(69.352703222,1.499226837,-1.873784502));
#10451=CARTESIAN_POINT('',(69.241762581,1.498437283,-1.799664845));
#10452=CARTESIAN_POINT('',(69.056620988,1.497119585,-1.614544861));
#10453=CARTESIAN_POINT('',(68.98249288,1.496591959,-1.503617369));
#10454=CARTESIAN_POINT('',(68.882295029,1.495878678,-1.261746976));
#10455=CARTESIAN_POINT('',(68.856264709,1.495693305,-1.130899239));
#10456=CARTESIAN_POINT('',(68.85626471,1.495693168,-1.));
#10457=CARTESIAN_POINT('',(69.85815784,1.39037682,-2.));
#10458=CARTESIAN_POINT('',(69.727278098,1.38719343,-1.999999937));
#10459=CARTESIAN_POINT('',(69.596449864,1.384011295,-1.973972568));
#10460=CARTESIAN_POINT('',(69.354615669,1.378129167,-1.873786223));
#10461=CARTESIAN_POINT('',(69.243704861,1.375431488,-1.799666667));
#10462=CARTESIAN_POINT('',(69.058612998,1.370929511,-1.614546557));
#10463=CARTESIAN_POINT('',(68.98450477,1.369126986,-1.503618839));
#10464=CARTESIAN_POINT('',(68.884333781,1.366690546,-1.261747805));
#10465=CARTESIAN_POINT('',(68.858310432,1.366057591,-1.130899654));
#10466=CARTESIAN_POINT('',(68.858310432,1.366057603,-1.));
#10467=CARTESIAN_POINT('',(69.881208102,0.832090038,-2.));
#10468=CARTESIAN_POINT('',(69.750785937,0.817823965,-1.999999937));
#10469=CARTESIAN_POINT('',(69.6204151,0.803563508,-1.973972566));
#10470=CARTESIAN_POINT('',(69.379426399,0.777203251,-1.873786221));
#10471=CARTESIAN_POINT('',(69.268903353,0.765113823,-1.799666665));
#10472=CARTESIAN_POINT('',(69.084458603,0.744938562,-1.614546555));
#10473=CARTESIAN_POINT('',(69.010609469,0.736860668,-1.503618837));
#10474=CARTESIAN_POINT('',(68.910788693,0.725941903,-1.261747804));
#10475=CARTESIAN_POINT('',(68.884856326,0.723105329,-1.130899654));
#10476=CARTESIAN_POINT('',(68.884856325,0.723105335,-1.));
#10477=CARTESIAN_POINT('',(69.94443021,0.394851997,-2.));
#10478=CARTESIAN_POINT('',(69.815254783,0.372237738,-1.999999344));
#10479=CARTESIAN_POINT('',(69.686130308,0.349632402,-1.973971533));
#10480=CARTESIAN_POINT('',(69.447445609,0.30784678,-1.873784655));
#10481=CARTESIAN_POINT('',(69.337979296,0.288682934,-1.799665007));
#10482=CARTESIAN_POINT('',(69.155298105,0.256701651,-1.614545011));
#10483=CARTESIAN_POINT('',(69.082155103,0.243896798,-1.503617499));
#10484=CARTESIAN_POINT('',(68.983288799,0.226588684,-1.26174705));
#10485=CARTESIAN_POINT('',(68.957604397,0.222092234,-1.130899276));
#10486=CARTESIAN_POINT('',(68.957604391,0.222092255,-1.));
#10487=CARTESIAN_POINT('',(70.097776933,-0.248733958,-2.));
#10488=CARTESIAN_POINT('',(69.971362707,-0.282936781,-1.999999345));
#10489=CARTESIAN_POINT('',(69.844998347,-0.31712612,-1.973971536));
#10490=CARTESIAN_POINT('',(69.611415686,-0.380324626,-1.873784659));
#10491=CARTESIAN_POINT('',(69.504289288,-0.409308928,-1.799665011));
#10492=CARTESIAN_POINT('',(69.325513036,-0.457678955,-1.614545015));
#10493=CARTESIAN_POINT('',(69.253933521,-0.477045649,-1.503617503));
#10494=CARTESIAN_POINT('',(69.157180571,-0.503223345,-1.261747052));
#10495=CARTESIAN_POINT('',(69.132045202,-0.510024047,-1.130899277));
#10496=CARTESIAN_POINT('',(69.132045212,-0.510024083,-1.));
#10497=CARTESIAN_POINT('',(70.158705622,-0.461204663,-2.));
#10498=CARTESIAN_POINT('',(70.033360669,-0.499118616,-1.999999866));
#10499=CARTESIAN_POINT('',(69.908065059,-0.537017646,-1.973972443));
#10500=CARTESIAN_POINT('',(69.676457861,-0.607073482,-1.873786035));
#10501=CARTESIAN_POINT('',(69.5702374,-0.639202724,-1.799666468));
#10502=CARTESIAN_POINT('',(69.392972962,-0.692821139,-1.614546371));
#10503=CARTESIAN_POINT('',(69.32199873,-0.714289214,-1.503618678));
#10504=CARTESIAN_POINT('',(69.226063922,-0.7433073,-1.261747714));
#10505=CARTESIAN_POINT('',(69.20114109,-0.750845893,-1.130899609));
#10506=CARTESIAN_POINT('',(69.201141093,-0.750845904,-1.));
#10507=CARTESIAN_POINT('',(70.264192017,-0.776955149,-2.));
#10508=CARTESIAN_POINT('',(70.140632927,-0.820214696,-1.999999867));
#10509=CARTESIAN_POINT('',(70.017122479,-0.863457217,-1.973972445));
#10510=CARTESIAN_POINT('',(69.788815128,-0.943390426,-1.873786037));
#10511=CARTESIAN_POINT('',(69.684108054,-0.980049663,-1.79966647));
#10512=CARTESIAN_POINT('',(69.50936921,-1.041227894,-1.614546373));
#10513=CARTESIAN_POINT('',(69.439406193,-1.065722817,-1.50361868));
#10514=CARTESIAN_POINT('',(69.344838229,-1.098832251,-1.261747715));
#10515=CARTESIAN_POINT('',(69.32027049,-1.107433736,-1.130899609));
#10516=CARTESIAN_POINT('',(69.320270496,-1.107433752,-1.));
#10517=CARTESIAN_POINT('',(70.301707929,-0.88171169,-2.));
#10518=CARTESIAN_POINT('',(70.178774403,-0.926716422,-1.99999999));
#10519=CARTESIAN_POINT('',(70.055889248,-0.971703447,-1.97397266));
#10520=CARTESIAN_POINT('',(69.828737716,-1.054861349,-1.873786363));
#10521=CARTESIAN_POINT('',(69.724560714,-1.092999507,-1.799666815));
#10522=CARTESIAN_POINT('',(69.550706461,-1.15664581,-1.614546695));
#10523=CARTESIAN_POINT('',(69.481097615,-1.182128913,-1.503618958));
#10524=CARTESIAN_POINT('',(69.387008372,-1.216574045,-1.261747872));
#10525=CARTESIAN_POINT('',(69.362564997,-1.225522521,-1.130899688));
#10526=CARTESIAN_POINT('',(69.362564997,-1.225522522,-1.));
#10527=CARTESIAN_POINT('',(70.381376123,-1.090252461,-2.));
#10528=CARTESIAN_POINT('',(70.259748877,-1.138676534,-1.99999999));
#10529=CARTESIAN_POINT('',(70.138169488,-1.187081553,-1.97397266));
#10530=CARTESIAN_POINT('',(69.913431646,-1.27655757,-1.873786363));
#10531=CARTESIAN_POINT('',(69.810361619,-1.317593364,-1.799666815));
#10532=CARTESIAN_POINT('',(69.638354725,-1.386075343,-1.614546695));
#10533=CARTESIAN_POINT('',(69.569485536,-1.413494585,-1.503618958));
#10534=CARTESIAN_POINT('',(69.476396077,-1.450556766,-1.261747872));
#10535=CARTESIAN_POINT('',(69.452212434,-1.460185124,-1.130899688));
#10536=CARTESIAN_POINT('',(69.452212435,-1.460185126,-1.));
#10537=CARTESIAN_POINT('',(70.423568263,-1.194101988,-2.));
#10538=CARTESIAN_POINT('',(70.302622487,-1.244201147,-1.99999966));
#10539=CARTESIAN_POINT('',(70.181724357,-1.294280559,-1.973972085));
#10540=CARTESIAN_POINT('',(69.958245867,-1.386851621,-1.873785491));
#10541=CARTESIAN_POINT('',(69.855753438,-1.429306849,-1.799665892));
#10542=CARTESIAN_POINT('',(69.684710474,-1.500157596,-1.614545835));
#10543=CARTESIAN_POINT('',(69.616227237,-1.528525238,-1.503618214));
#10544=CARTESIAN_POINT('',(69.523659454,-1.566869321,-1.261747452));
#10545=CARTESIAN_POINT('',(69.499611329,-1.576830675,-1.130899478));
#10546=CARTESIAN_POINT('',(69.499611308,-1.576830624,-1.));
#10547=CARTESIAN_POINT('',(70.643807275,-1.706096283,-2.));
#10548=CARTESIAN_POINT('',(70.52635872,-1.764325482,-1.999999657));
#10549=CARTESIAN_POINT('',(70.408956434,-1.822531735,-1.973972079));
#10550=CARTESIAN_POINT('',(70.191939967,-1.930125156,-1.873785482));
#10551=CARTESIAN_POINT('',(70.092411172,-1.979469991,-1.799665883));
#10552=CARTESIAN_POINT('',(69.92631403,-2.061818367,-1.614545827));
#10553=CARTESIAN_POINT('',(69.859811033,-2.094789506,-1.503618206));
#10554=CARTESIAN_POINT('',(69.769919915,-2.139356083,-1.261747448));
#10555=CARTESIAN_POINT('',(69.746567162,-2.150933986,-1.130899476));
#10556=CARTESIAN_POINT('',(69.746567147,-2.150933958,-1.));
#10557=CARTESIAN_POINT('',(70.850813604,-2.096692246,-2.));
#10558=CARTESIAN_POINT('',(70.73646892,-2.16071091,-1.999997577));
#10559=CARTESIAN_POINT('',(70.622169634,-2.224704133,-1.973968453));
#10560=CARTESIAN_POINT('',(70.41088938,-2.342994452,-1.873779988));
#10561=CARTESIAN_POINT('',(70.313991539,-2.397245008,-1.799660065));
#10562=CARTESIAN_POINT('',(70.152285155,-2.487780111,-1.614540411));
#10563=CARTESIAN_POINT('',(70.087540234,-2.524029037,-1.503613513));
#10564=CARTESIAN_POINT('',(70.000025479,-2.573026094,-1.261744803));
#10565=CARTESIAN_POINT('',(69.977290076,-2.585754947,-1.130898152));
#10566=CARTESIAN_POINT('',(69.977290021,-2.585754861,-1.));
#10567=CARTESIAN_POINT('',(71.317901325,-2.845160032,-2.));
#10568=CARTESIAN_POINT('',(71.210149643,-2.91974335,-1.999997579));
#10569=CARTESIAN_POINT('',(71.102440765,-2.994297072,-1.973968456));
#10570=CARTESIAN_POINT('',(70.903342815,-3.132108365,-1.873779992));
#10571=CARTESIAN_POINT('',(70.812032076,-3.195311716,-1.799660069));
#10572=CARTESIAN_POINT('',(70.659649693,-3.300787634,-1.614540414));
#10573=CARTESIAN_POINT('',(70.598638002,-3.343018702,-1.503613516));
#10574=CARTESIAN_POINT('',(70.516169482,-3.400101866,-1.261744805));
#10575=CARTESIAN_POINT('',(70.4947451,-3.414931503,-1.130898152));
#10576=CARTESIAN_POINT('',(70.494745169,-3.414931611,-1.));
#10577=CARTESIAN_POINT('',(71.578049611,-3.202990611,-2.));
#10578=CARTESIAN_POINT('',(71.473790141,-3.282349369,-1.999999966));
#10579=CARTESIAN_POINT('',(71.369571699,-3.361676898,-1.973972617));
#10580=CARTESIAN_POINT('',(71.176925336,-3.508312751,-1.873786298));
#10581=CARTESIAN_POINT('',(71.088573213,-3.57556338,-1.799666747));
#10582=CARTESIAN_POINT('',(70.941128079,-3.6877936,-1.614546631));
#10583=CARTESIAN_POINT('',(70.882093081,-3.732729033,-1.503618903));
#10584=CARTESIAN_POINT('',(70.802296353,-3.793467592,-1.261747841));
#10585=CARTESIAN_POINT('',(70.781566021,-3.809246819,-1.130899672));
#10586=CARTESIAN_POINT('',(70.781566023,-3.809246822,-1.));
#10587=CARTESIAN_POINT('',(72.005860361,-3.716560899,-2.));
#10588=CARTESIAN_POINT('',(71.907126463,-3.802552892,-1.999999966));
#10589=CARTESIAN_POINT('',(71.808431419,-3.888511048,-1.973972618));
#10590=CARTESIAN_POINT('',(71.625994981,-4.047403524,-1.873786299));
#10591=CARTESIAN_POINT('',(71.54232537,-4.120275326,-1.799666748));
#10592=CARTESIAN_POINT('',(71.402694575,-4.24188636,-1.614546632));
#10593=CARTESIAN_POINT('',(71.346788332,-4.290577742,-1.503618904));
#10594=CARTESIAN_POINT('',(71.271220696,-4.356393162,-1.261747841));
#10595=CARTESIAN_POINT('',(71.251589037,-4.373491304,-1.130899672));
#10596=CARTESIAN_POINT('',(71.251589041,-4.373491308,-1.));
#10597=CARTESIAN_POINT('',(72.154528787,-3.883492391,-2.));
#10598=CARTESIAN_POINT('',(72.057682305,-3.971601533,-1.999999912));
#10599=CARTESIAN_POINT('',(71.960873939,-4.059675995,-1.973972523));
#10600=CARTESIAN_POINT('',(71.781925005,-4.222480421,-1.873786155));
#10601=CARTESIAN_POINT('',(71.699854846,-4.297146329,-1.799666596));
#10602=CARTESIAN_POINT('',(71.562893274,-4.42175142,-1.61454649));
#10603=CARTESIAN_POINT('',(71.508055748,-4.471641576,-1.503618781));
#10604=CARTESIAN_POINT('',(71.433932677,-4.539077352,-1.261747772));
#10605=CARTESIAN_POINT('',(71.414676295,-4.556596439,-1.130899638));
#10606=CARTESIAN_POINT('',(71.414676288,-4.556596432,-1.));
#10607=CARTESIAN_POINT('',(72.460275359,-4.205530694,-2.));
#10608=CARTESIAN_POINT('',(72.367261664,-4.297676853,-1.999999911));
#10609=CARTESIAN_POINT('',(72.274284578,-4.389786743,-1.973972522));
#10610=CARTESIAN_POINT('',(72.102417713,-4.560050605,-1.873786154));
#10611=CARTESIAN_POINT('',(72.023595556,-4.638137584,-1.799666594));
#10612=CARTESIAN_POINT('',(71.892054366,-4.768451881,-1.614546489));
#10613=CARTESIAN_POINT('',(71.839387087,-4.820627926,-1.50361878));
#10614=CARTESIAN_POINT('',(71.768197507,-4.891153505,-1.261747772));
#10615=CARTESIAN_POINT('',(71.749703216,-4.909475291,-1.130899637));
#10616=CARTESIAN_POINT('',(71.749703211,-4.909475286,-1.));
#10617=CARTESIAN_POINT('',(72.617798054,-4.361182419,-2.));
#10618=CARTESIAN_POINT('',(72.526735534,-4.455255476,-1.99999995));
#10619=CARTESIAN_POINT('',(72.43570885,-4.549291512,-1.97397259));
#10620=CARTESIAN_POINT('',(72.267447272,-4.723115835,-1.873786258));
#10621=CARTESIAN_POINT('',(72.190278582,-4.802835729,-1.799666704));
#10622=CARTESIAN_POINT('',(72.061496753,-4.935875094,-1.614546591));
#10623=CARTESIAN_POINT('',(72.009934285,-4.98914222,-1.503618869));
#10624=CARTESIAN_POINT('',(71.940238062,-5.061142601,-1.261747821));
#10625=CARTESIAN_POINT('',(71.92213173,-5.079847527,-1.130899662));
#10626=CARTESIAN_POINT('',(71.922131728,-5.079847525,-1.));
#10627=CARTESIAN_POINT('',(73.103884915,-4.812531084,-2.));
#10628=CARTESIAN_POINT('',(73.018803133,-4.912157465,-1.99999995));
#10629=CARTESIAN_POINT('',(72.933754833,-5.01174464,-1.97397259));
#10630=CARTESIAN_POINT('',(72.776544217,-5.195830167,-1.873786257));
#10631=CARTESIAN_POINT('',(72.704443757,-5.280256089,-1.799666704));
#10632=CARTESIAN_POINT('',(72.58411997,-5.421149042,-1.614546591));
#10633=CARTESIAN_POINT('',(72.535943985,-5.477560637,-1.503618868));
#10634=CARTESIAN_POINT('',(72.470825224,-5.553811351,-1.261747821));
#10635=CARTESIAN_POINT('',(72.453908068,-5.573620468,-1.130899662));
#10636=CARTESIAN_POINT('',(72.453908069,-5.573620468,-1.));
#10637=CARTESIAN_POINT('',(73.445866141,-5.092738939,-2.));
#10638=CARTESIAN_POINT('',(73.364941522,-5.195770656,-1.99999996));
#10639=CARTESIAN_POINT('',(73.284048748,-5.298761829,-1.973972607));
#10640=CARTESIAN_POINT('',(73.134519564,-5.489139602,-1.873786283));
#10641=CARTESIAN_POINT('',(73.065941987,-5.576451296,-1.79966673));
#10642=CARTESIAN_POINT('',(72.951497312,-5.722160128,-1.614546616));
#10643=CARTESIAN_POINT('',(72.905675243,-5.780499935,-1.50361889));
#10644=CARTESIAN_POINT('',(72.843738235,-5.859356985,-1.261747833));
#10645=CARTESIAN_POINT('',(72.827647665,-5.879843201,-1.130899668));
#10646=CARTESIAN_POINT('',(72.827647667,-5.879843203,-1.));
#10647=CARTESIAN_POINT('',(73.985930777,-5.481773927,-2.));
#10648=CARTESIAN_POINT('',(73.911628529,-5.589576063,-1.99999996));
#10649=CARTESIAN_POINT('',(73.837355521,-5.697335778,-1.973972607));
#10650=CARTESIAN_POINT('',(73.700062884,-5.896528135,-1.873786283));
#10651=CARTESIAN_POINT('',(73.637097274,-5.987882404,-1.799666731));
#10652=CARTESIAN_POINT('',(73.532018048,-6.140337628,-1.614546616));
#10653=CARTESIAN_POINT('',(73.489945776,-6.201378597,-1.50361889));
#10654=CARTESIAN_POINT('',(73.433077315,-6.28388677,-1.261747834));
#10655=CARTESIAN_POINT('',(73.4183035,-6.305321509,-1.130899669));
#10656=CARTESIAN_POINT('',(73.418303504,-6.305321512,-1.));
#10657=CARTESIAN_POINT('',(74.170866439,-5.606437749,-2.));
#10658=CARTESIAN_POINT('',(74.098826367,-5.715764495,-1.999999991));
#10659=CARTESIAN_POINT('',(74.026814641,-5.825048224,-1.973972661));
#10660=CARTESIAN_POINT('',(73.893701948,-6.027057704,-1.873786364));
#10661=CARTESIAN_POINT('',(73.832653355,-6.119703974,-1.799666817));
#10662=CARTESIAN_POINT('',(73.73077331,-6.274315334,-1.614546696));
#10663=CARTESIAN_POINT('',(73.689981944,-6.336219591,-1.50361896));
#10664=CARTESIAN_POINT('',(73.634844861,-6.419894655,-1.261747873));
#10665=CARTESIAN_POINT('',(73.620520837,-6.441632538,-1.130899688));
#10666=CARTESIAN_POINT('',(73.620520836,-6.441632537,-1.));
#10667=CARTESIAN_POINT('',(74.548321038,-5.84407483,-2.));
#10668=CARTESIAN_POINT('',(74.480879135,-5.956296481,-1.999999991));
#10669=CARTESIAN_POINT('',(74.413463768,-6.068473975,-1.973972661));
#10670=CARTESIAN_POINT('',(74.288847381,-6.275832543,-1.873786364));
#10671=CARTESIAN_POINT('',(74.231695393,-6.370932029,-1.799666817));
#10672=CARTESIAN_POINT('',(74.13631814,-6.529637403,-1.614546696));
#10673=CARTESIAN_POINT('',(74.098130403,-6.593180847,-1.50361896));
#10674=CARTESIAN_POINT('',(74.046512605,-6.679071575,-1.261747873));
#10675=CARTESIAN_POINT('',(74.033102854,-6.701385065,-1.130899688));
#10676=CARTESIAN_POINT('',(74.033102853,-6.701385064,-1.));
#10677=CARTESIAN_POINT('',(74.73982303,-5.956446359,-2.));
#10678=CARTESIAN_POINT('',(74.67470489,-6.070030817,-1.999999631));
#10679=CARTESIAN_POINT('',(74.6096124,-6.183570517,-1.973972034));
#10680=CARTESIAN_POINT('',(74.489289843,-6.39344703,-1.873785415));
#10681=CARTESIAN_POINT('',(74.434107118,-6.489701266,-1.799665811));
#10682=CARTESIAN_POINT('',(74.342016239,-6.650333692,-1.61454576));
#10683=CARTESIAN_POINT('',(74.305144318,-6.71464868,-1.503618148));
#10684=CARTESIAN_POINT('',(74.255305068,-6.801582275,-1.261747416));
#10685=CARTESIAN_POINT('',(74.242357348,-6.824166677,-1.130899459));
#10686=CARTESIAN_POINT('',(74.242357311,-6.824166656,-1.));
#10687=CARTESIAN_POINT('',(75.322392904,-6.274824439,-2.));
#10688=CARTESIAN_POINT('',(75.264305594,-6.392251285,-1.999999629));
#10689=CARTESIAN_POINT('',(75.206241167,-6.509631862,-1.97397203));
#10690=CARTESIAN_POINT('',(75.098909893,-6.726608184,-1.873785409));
#10691=CARTESIAN_POINT('',(75.049685275,-6.82611856,-1.799665805));
#10692=CARTESIAN_POINT('',(74.967537504,-6.992184951,-1.614545755));
#10693=CARTESIAN_POINT('',(74.934646671,-7.058675628,-1.503618144));
#10694=CARTESIAN_POINT('',(74.890188611,-7.148550076,-1.261747413));
#10695=CARTESIAN_POINT('',(74.878638876,-7.171898486,-1.130899458));
#10696=CARTESIAN_POINT('',(74.878638858,-7.171898478,-1.));
#10697=CARTESIAN_POINT('',(75.721496056,-6.462161002,-2.));
#10698=CARTESIAN_POINT('',(75.668175318,-6.581820821,-1.999999608));
#10699=CARTESIAN_POINT('',(75.614875589,-6.701433487,-1.973971993));
#10700=CARTESIAN_POINT('',(75.5163518,-6.922535796,-1.873785352));
#10701=CARTESIAN_POINT('',(75.471166503,-7.023938443,-1.799665745));
#10702=CARTESIAN_POINT('',(75.395759698,-7.193162726,-1.614545698));
#10703=CARTESIAN_POINT('',(75.365567859,-7.26091778,-1.503618095));
#10704=CARTESIAN_POINT('',(75.324757998,-7.352501272,-1.261747385));
#10705=CARTESIAN_POINT('',(75.314156032,-7.376293677,-1.130899444));
#10706=CARTESIAN_POINT('',(75.314156028,-7.376293675,-1.));
#10707=CARTESIAN_POINT('',(76.540362188,-6.788830913,-2.));
#10708=CARTESIAN_POINT('',(76.496677725,-6.912334926,-1.999999609));
#10709=CARTESIAN_POINT('',(76.45301048,-7.035790274,-1.973971994));
#10710=CARTESIAN_POINT('',(76.372292211,-7.263995729,-1.873785354));
#10711=CARTESIAN_POINT('',(76.335272946,-7.368656047,-1.799665747));
#10712=CARTESIAN_POINT('',(76.273493913,-7.543316849,-1.614545701));
#10713=CARTESIAN_POINT('',(76.248758452,-7.613248612,-1.503618097));
#10714=CARTESIAN_POINT('',(76.215323917,-7.707774338,-1.261747386));
#10715=CARTESIAN_POINT('',(76.206637997,-7.732331109,-1.130899445));
#10716=CARTESIAN_POINT('',(76.206638021,-7.732331118,-1.));
#10717=CARTESIAN_POINT('',(76.960128152,-6.928157329,-2.));
#10718=CARTESIAN_POINT('',(76.921313426,-7.05327294,-1.999999995));
#10719=CARTESIAN_POINT('',(76.882513972,-7.178339322,-1.973972669));
#10720=CARTESIAN_POINT('',(76.810793712,-7.409522823,-1.873786376));
#10721=CARTESIAN_POINT('',(76.777901124,-7.515548981,-1.799666829));
#10722=CARTESIAN_POINT('',(76.723008814,-7.692489171,-1.614546708));
#10723=CARTESIAN_POINT('',(76.70103069,-7.763333585,-1.50361897));
#10724=CARTESIAN_POINT('',(76.671323186,-7.859092926,-1.261747878));
#10725=CARTESIAN_POINT('',(76.663605496,-7.883970176,-1.130899691));
#10726=CARTESIAN_POINT('',(76.663605496,-7.883970176,-1.));
#10727=CARTESIAN_POINT('',(77.605250664,-7.101194046,-2.));
#10728=CARTESIAN_POINT('',(77.573790575,-7.228282339,-1.999999995));
#10729=CARTESIAN_POINT('',(77.542342865,-7.355320628,-1.973972669));
#10730=CARTESIAN_POINT('',(77.484212201,-7.590149172,-1.873786376));
#10731=CARTESIAN_POINT('',(77.45755212,-7.697847032,-1.799666829));
#10732=CARTESIAN_POINT('',(77.413060837,-7.877577018,-1.614546708));
#10733=CARTESIAN_POINT('',(77.395247141,-7.949538427,-1.50361897));
#10734=CARTESIAN_POINT('',(77.371168633,-8.046807594,-1.261747878));
#10735=CARTESIAN_POINT('',(77.364913296,-8.072077081,-1.130899691));
#10736=CARTESIAN_POINT('',(77.364913296,-8.072077081,-1.));
#10737=CARTESIAN_POINT('',(77.822544974,-7.15273979,-2.));
#10738=CARTESIAN_POINT('',(77.793541366,-7.28040939,-1.999998981));
#10739=CARTESIAN_POINT('',(77.764549188,-7.408028555,-1.9739709));
#10740=CARTESIAN_POINT('',(77.710957537,-7.643930623,-1.873783696));
#10741=CARTESIAN_POINT('',(77.686379149,-7.752120711,-1.799663991));
#10742=CARTESIAN_POINT('',(77.645361826,-7.932672046,-1.614544065));
#10743=CARTESIAN_POINT('',(77.628939029,-8.004962256,-1.50361668));
#10744=CARTESIAN_POINT('',(77.606740488,-8.102675824,-1.261746588));
#10745=CARTESIAN_POINT('',(77.600973479,-8.128060736,-1.130899045));
#10746=CARTESIAN_POINT('',(77.600973346,-8.128060706,-1.));
#10747=CARTESIAN_POINT('',(78.25703301,-7.242808969,-2.));
#10748=CARTESIAN_POINT('',(78.232896303,-7.371487463,-1.999998976));
#10749=CARTESIAN_POINT('',(78.20876911,-7.500115124,-1.973970892));
#10750=CARTESIAN_POINT('',(78.164170326,-7.737881387,-1.873783684));
#10751=CARTESIAN_POINT('',(78.143716281,-7.846926438,-1.799663979));
#10752=CARTESIAN_POINT('',(78.10958182,-8.028904573,-1.614544054));
#10753=CARTESIAN_POINT('',(78.095914835,-8.101766057,-1.50361667));
#10754=CARTESIAN_POINT('',(78.07744131,-8.200251815,-1.261746582));
#10755=CARTESIAN_POINT('',(78.072642038,-8.22583734,-1.130899042));
#10756=CARTESIAN_POINT('',(78.072641943,-8.225837322,-1.));
#10757=CARTESIAN_POINT('',(78.474855164,-7.281508495,-2.));
#10758=CARTESIAN_POINT('',(78.453136115,-7.410616629,-2.));
#10759=CARTESIAN_POINT('',(78.431425612,-7.539673965,-1.973972677));
#10760=CARTESIAN_POINT('',(78.391294042,-7.77823469,-1.873786388));
#10761=CARTESIAN_POINT('',(78.372888766,-7.887644217,-1.799666842));
#10762=CARTESIAN_POINT('',(78.342173392,-8.070230691,-1.61454672));
#10763=CARTESIAN_POINT('',(78.32987538,-8.143335799,-1.50361898));
#10764=CARTESIAN_POINT('',(78.313252339,-8.242150887,-1.261747884));
#10765=CARTESIAN_POINT('',(78.308933851,-8.267821987,-1.130899694));
#10766=CARTESIAN_POINT('',(78.308933851,-8.267821987,-1.));
#10767=CARTESIAN_POINT('',(79.129996037,-7.379259289,-2.));
#10768=CARTESIAN_POINT('',(79.115482686,-7.509442554,-2.));
#10769=CARTESIAN_POINT('',(79.100975046,-7.639574599,-1.973972677));
#10770=CARTESIAN_POINT('',(79.074157871,-7.880121909,-1.873786388));
#10771=CARTESIAN_POINT('',(79.061858887,-7.990442529,-1.799666842));
#10772=CARTESIAN_POINT('',(79.04133391,-8.174549469,-1.61454672));
#10773=CARTESIAN_POINT('',(79.033115992,-8.248263351,-1.50361898));
#10774=CARTESIAN_POINT('',(79.022007954,-8.347901309,-1.261747884));
#10775=CARTESIAN_POINT('',(79.019122205,-8.373786182,-1.130899694));
#10776=CARTESIAN_POINT('',(79.019122205,-8.373786182,-1.));
#10777=CARTESIAN_POINT('',(79.568985655,-7.420001259,-2.));
#10778=CARTESIAN_POINT('',(79.559211869,-7.550617656,-1.999997569));
#10779=CARTESIAN_POINT('',(79.549441972,-7.681182182,-1.973968438));
#10780=CARTESIAN_POINT('',(79.531382505,-7.922528426,-1.873779965));
#10781=CARTESIAN_POINT('',(79.52310004,-8.033215188,-1.799660041));
#10782=CARTESIAN_POINT('',(79.509278003,-8.217932962,-1.614540388));
#10783=CARTESIAN_POINT('',(79.50374387,-8.291891297,-1.503613493));
#10784=CARTESIAN_POINT('',(79.496263495,-8.39185965,-1.261744792));
#10785=CARTESIAN_POINT('',(79.494320196,-8.417830336,-1.130898146));
#10786=CARTESIAN_POINT('',(79.494320235,-8.417830342,-1.));
#10787=CARTESIAN_POINT('',(80.230690916,-7.445821126,-2.));
#10788=CARTESIAN_POINT('',(80.227922659,-7.576710865,-1.999997575));
#10789=CARTESIAN_POINT('',(80.225155536,-7.707548626,-1.97396845));
#10790=CARTESIAN_POINT('',(80.220040624,-7.949399941,-1.873779983));
#10791=CARTESIAN_POINT('',(80.217694848,-8.06031834,-1.79966006));
#10792=CARTESIAN_POINT('',(80.213780218,-8.245422677,-1.614540406));
#10793=CARTESIAN_POINT('',(80.212212905,-8.319535787,-1.503613509));
#10794=CARTESIAN_POINT('',(80.21009451,-8.419713345,-1.261744801));
#10795=CARTESIAN_POINT('',(80.209544263,-8.445738379,-1.13089815));
#10796=CARTESIAN_POINT('',(80.209544432,-8.445738383,-1.));
#10797=CARTESIAN_POINT('',(80.451798114,-7.448523951,-2.));
#10798=CARTESIAN_POINT('',(80.451347601,-7.579442632,-1.999999282));
#10799=CARTESIAN_POINT('',(80.450897278,-7.710309659,-1.973971425));
#10800=CARTESIAN_POINT('',(80.450064889,-7.952215426,-1.873784491));
#10801=CARTESIAN_POINT('',(80.449683149,-8.063158987,-1.799664834));
#10802=CARTESIAN_POINT('',(80.449046118,-8.248305453,-1.61454485));
#10803=CARTESIAN_POINT('',(80.448791078,-8.322435512,-1.50361736));
#10804=CARTESIAN_POINT('',(80.448446388,-8.422636001,-1.261746971));
#10805=CARTESIAN_POINT('',(80.448356874,-8.448667007,-1.130899237));
#10806=CARTESIAN_POINT('',(80.448356937,-8.448667007,-1.));
#10807=CARTESIAN_POINT('',(80.895077606,-7.442258554,-2.));
#10808=CARTESIAN_POINT('',(80.899228217,-7.5731122,-1.999999285));
#10809=CARTESIAN_POINT('',(80.903377208,-7.703914219,-1.97397143));
#10810=CARTESIAN_POINT('',(80.911046592,-7.945699817,-1.873784498));
#10811=CARTESIAN_POINT('',(80.914563967,-8.056588266,-1.799664841));
#10812=CARTESIAN_POINT('',(80.920433926,-8.241642757,-1.614544857));
#10813=CARTESIAN_POINT('',(80.922784201,-8.315735991,-1.503617366));
#10814=CARTESIAN_POINT('',(80.925961093,-8.4158867,-1.261746974));
#10815=CARTESIAN_POINT('',(80.926786462,-8.441904772,-1.130899238));
#10816=CARTESIAN_POINT('',(80.92678655,-8.44190477,-1.));
#10817=CARTESIAN_POINT('',(81.117626246,-7.433245884,-2.));
#10818=CARTESIAN_POINT('',(81.124063692,-7.564006763,-1.999999915));
#10819=CARTESIAN_POINT('',(81.130498601,-7.694716176,-1.973972529));
#10820=CARTESIAN_POINT('',(81.142393437,-7.936330728,-1.873786165));
#10821=CARTESIAN_POINT('',(81.147848684,-8.047140801,-1.799666606));
#10822=CARTESIAN_POINT('',(81.156952585,-8.23206455,-1.6145465));
#10823=CARTESIAN_POINT('',(81.160597657,-8.306105467,-1.50361879));
#10824=CARTESIAN_POINT('',(81.165524637,-8.406185474,-1.261747777));
#10825=CARTESIAN_POINT('',(81.166804607,-8.432185186,-1.13089964));
#10826=CARTESIAN_POINT('',(81.166804593,-8.432185186,-1.));
#10827=CARTESIAN_POINT('',(82.228827298,-7.359246407,-2.));
#10828=CARTESIAN_POINT('',(82.246567092,-7.489254613,-1.999999914));
#10829=CARTESIAN_POINT('',(82.264299903,-7.619211649,-1.973972527));
#10830=CARTESIAN_POINT('',(82.297078757,-7.859435441,-1.873786162));
#10831=CARTESIAN_POINT('',(82.312111903,-7.969607679,-1.799666603));
#10832=CARTESIAN_POINT('',(82.337199743,-8.153466988,-1.614546497));
#10833=CARTESIAN_POINT('',(82.347244566,-8.227081718,-1.503618787));
#10834=CARTESIAN_POINT('',(82.360821999,-8.326585653,-1.261747775));
#10835=CARTESIAN_POINT('',(82.364349267,-8.352435708,-1.130899639));
#10836=CARTESIAN_POINT('',(82.364349261,-8.35243571,-1.));
#10837=CARTESIAN_POINT('',(83.098332827,-7.209601882,-2.));
#10838=CARTESIAN_POINT('',(83.124547647,-7.338114734,-2.));
#10839=CARTESIAN_POINT('',(83.150752153,-7.466577021,-1.973972677));
#10840=CARTESIAN_POINT('',(83.199190825,-7.704037808,-1.873786388));
#10841=CARTESIAN_POINT('',(83.221405933,-7.812942876,-1.799666842));
#10842=CARTESIAN_POINT('',(83.258479287,-7.994687494,-1.61454672));
#10843=CARTESIAN_POINT('',(83.273322948,-8.067455535,-1.50361898));
#10844=CARTESIAN_POINT('',(83.293386902,-8.165815013,-1.261747884));
#10845=CARTESIAN_POINT('',(83.298599303,-8.191367751,-1.130899694));
#10846=CARTESIAN_POINT('',(83.298599303,-8.191367751,-1.));
#10847=CARTESIAN_POINT('',(84.163479753,-6.921503409,-2.));
#10848=CARTESIAN_POINT('',(84.199647717,-7.047324157,-2.));
#10849=CARTESIAN_POINT('',(84.235801451,-7.173095401,-1.973972677));
#10850=CARTESIAN_POINT('',(84.302631134,-7.405581829,-1.873786388));
#10851=CARTESIAN_POINT('',(84.333280789,-7.512205541,-1.799666842));
#10852=CARTESIAN_POINT('',(84.384430015,-7.69014295,-1.61454672));
#10853=CARTESIAN_POINT('',(84.40490946,-7.761386636,-1.50361898));
#10854=CARTESIAN_POINT('',(84.432591221,-7.857685668,-1.261747884));
#10855=CARTESIAN_POINT('',(84.439782646,-7.882703124,-1.130899694));
#10856=CARTESIAN_POINT('',(84.439782646,-7.882703124,-1.));
#10857=CARTESIAN_POINT('',(84.375411506,-6.858780981,-2.));
#10858=CARTESIAN_POINT('',(84.413537837,-6.98402158,-2.));
#10859=CARTESIAN_POINT('',(84.451649167,-7.109212903,-1.973972677));
#10860=CARTESIAN_POINT('',(84.522097441,-7.340627356,-1.873786388));
#10861=CARTESIAN_POINT('',(84.554406666,-7.446759434,-1.799666842));
#10862=CARTESIAN_POINT('',(84.60832544,-7.623876388,-1.61454672));
#10863=CARTESIAN_POINT('',(84.629913775,-7.694791576,-1.50361898));
#10864=CARTESIAN_POINT('',(84.659094405,-7.790646581,-1.261747884));
#10865=CARTESIAN_POINT('',(84.66667522,-7.815548683,-1.130899694));
#10866=CARTESIAN_POINT('',(84.66667522,-7.815548683,-1.));
#10867=CARTESIAN_POINT('',(84.797105433,-6.723250065,-2.));
#10868=CARTESIAN_POINT('',(84.839084854,-6.847252295,-2.));
#10869=CARTESIAN_POINT('',(84.881047758,-6.971205735,-1.973972677));
#10870=CARTESIAN_POINT('',(84.958615613,-7.20033198,-1.873786388));
#10871=CARTESIAN_POINT('',(84.994190045,-7.305414633,-1.799666842));
#10872=CARTESIAN_POINT('',(85.053557911,-7.480780268,-1.61454672));
#10873=CARTESIAN_POINT('',(85.077327987,-7.550994252,-1.50361898));
#10874=CARTESIAN_POINT('',(85.109457644,-7.64590145,-1.261747884));
#10875=CARTESIAN_POINT('',(85.117804585,-7.670557323,-1.130899694));
#10876=CARTESIAN_POINT('',(85.117804585,-7.670557323,-1.));
#10877=CARTESIAN_POINT('',(85.006841821,-6.650321697,-2.));
#10878=CARTESIAN_POINT('',(85.050696062,-6.773669242,-1.999999999));
#10879=CARTESIAN_POINT('',(85.09453305,-6.896968255,-1.973972675));
#10880=CARTESIAN_POINT('',(85.175565123,-7.124884799,-1.873786386));
#10881=CARTESIAN_POINT('',(85.212728326,-7.229412654,-1.79966684));
#10882=CARTESIAN_POINT('',(85.274747589,-7.403852425,-1.614546717));
#10883=CARTESIAN_POINT('',(85.299579248,-7.473695705,-1.503618978));
#10884=CARTESIAN_POINT('',(85.333143832,-7.568101828,-1.261747883));
#10885=CARTESIAN_POINT('',(85.341863551,-7.592627526,-1.130899693));
#10886=CARTESIAN_POINT('',(85.341863551,-7.592627526,-1.));
#10887=CARTESIAN_POINT('',(85.633168161,-6.418134774,-2.));
#10888=CARTESIAN_POINT('',(85.681960439,-6.539651728,-1.999999999));
#10889=CARTESIAN_POINT('',(85.730733519,-6.66112087,-1.973972675));
#10890=CARTESIAN_POINT('',(85.820889892,-6.885654923,-1.873786386));
#10891=CARTESIAN_POINT('',(85.862237712,-6.988631489,-1.79966684));
#10892=CARTESIAN_POINT('',(85.931240413,-7.160482413,-1.614546717));
#10893=CARTESIAN_POINT('',(85.958868144,-7.229289155,-1.503618978));
#10894=CARTESIAN_POINT('',(85.996212136,-7.322294204,-1.261747883));
#10895=CARTESIAN_POINT('',(86.005913705,-7.346455919,-1.130899693));
#10896=CARTESIAN_POINT('',(86.005913705,-7.346455919,-1.));
#10897=CARTESIAN_POINT('',(86.043094483,-6.247233056,-2.));
#10898=CARTESIAN_POINT('',(86.094449148,-6.367658656,-2.));
#10899=CARTESIAN_POINT('',(86.145783607,-6.488036874,-1.973972676));
#10900=CARTESIAN_POINT('',(86.240674654,-6.710554368,-1.873786388));
#10901=CARTESIAN_POINT('',(86.284193907,-6.812606094,-1.799666842));
#10902=CARTESIAN_POINT('',(86.35682037,-6.982913611,-1.61454672));
#10903=CARTESIAN_POINT('',(86.385899005,-7.051102393,-1.50361898));
#10904=CARTESIAN_POINT('',(86.425204164,-7.143272157,-1.261747884));
#10905=CARTESIAN_POINT('',(86.435415222,-7.167216874,-1.130899694));
#10906=CARTESIAN_POINT('',(86.435415222,-7.167216874,-1.));
#10907=CARTESIAN_POINT('',(86.853165032,-5.885481682,-2.));
#10908=CARTESIAN_POINT('',(86.908560846,-6.004102635,-2.));
#10909=CARTESIAN_POINT('',(86.963934865,-6.122676916,-1.973972676));
#10910=CARTESIAN_POINT('',(87.066292983,-6.341859857,-1.873786388));
#10911=CARTESIAN_POINT('',(87.11323681,-6.442382278,-1.799666842));
#10912=CARTESIAN_POINT('',(87.191578322,-6.610137639,-1.61454672));
#10913=CARTESIAN_POINT('',(87.222945184,-6.677304573,-1.50361898));
#10914=CARTESIAN_POINT('',(87.265343304,-6.76809312,-1.261747884));
#10915=CARTESIAN_POINT('',(87.276357881,-6.791679011,-1.130899694));
#10916=CARTESIAN_POINT('',(87.276357881,-6.791679011,-1.));
#10917=CARTESIAN_POINT('',(87.253353574,-5.6945664,-2.));
#10918=CARTESIAN_POINT('',(87.310228317,-5.812470621,-2.));
#10919=CARTESIAN_POINT('',(87.367080683,-5.930328452,-1.973972676));
#10920=CARTESIAN_POINT('',(87.472171505,-6.148187046,-1.873786388));
#10921=CARTESIAN_POINT('',(87.520368614,-6.248102091,-1.799666842));
#10922=CARTESIAN_POINT('',(87.600801647,-6.41484384,-1.614546719));
#10923=CARTESIAN_POINT('',(87.633005925,-6.481604938,-1.50361898));
#10924=CARTESIAN_POINT('',(87.676535969,-6.571844922,-1.261747884));
#10925=CARTESIAN_POINT('',(87.687844608,-6.595288303,-1.130899694));
#10926=CARTESIAN_POINT('',(87.687844608,-6.595288303,-1.));
#10927=CARTESIAN_POINT('',(88.048564337,-5.302034238,-2.));
#10928=CARTESIAN_POINT('',(88.107570163,-5.418886514,-2.));
#10929=CARTESIAN_POINT('',(88.166552773,-5.535692813,-1.973972676));
#10930=CARTESIAN_POINT('',(88.275581322,-5.751607665,-1.873786388));
#10931=CARTESIAN_POINT('',(88.325584364,-5.850631264,-1.799666842));
#10932=CARTESIAN_POINT('',(88.409031204,-6.015885337,-1.614546719));
#10933=CARTESIAN_POINT('',(88.442442168,-6.082050791,-1.50361898));
#10934=CARTESIAN_POINT('',(88.487603272,-6.17148565,-1.261747884));
#10935=CARTESIAN_POINT('',(88.499335643,-6.194719868,-1.130899694));
#10936=CARTESIAN_POINT('',(88.499335643,-6.194719868,-1.));
#10937=CARTESIAN_POINT('',(88.443574541,-5.100392467,-2.));
#10938=CARTESIAN_POINT('',(88.503231426,-5.216908185,-2.));
#10939=CARTESIAN_POINT('',(88.562864839,-5.333378059,-1.973972677));
#10940=CARTESIAN_POINT('',(88.67309639,-5.548671032,-1.873786388));
#10941=CARTESIAN_POINT('',(88.723651157,-5.647409424,-1.799666842));
#10942=CARTESIAN_POINT('',(88.808018733,-5.812187532,-1.61454672));
#10943=CARTESIAN_POINT('',(88.841798348,-5.878162416,-1.50361898));
#10944=CARTESIAN_POINT('',(88.887457751,-5.967339685,-1.261747884));
#10945=CARTESIAN_POINT('',(88.899319575,-5.990506984,-1.130899694));
#10946=CARTESIAN_POINT('',(88.899319575,-5.990506984,-1.));
#10947=CARTESIAN_POINT('',(89.626328177,-4.490750592,-2.));
#10948=CARTESIAN_POINT('',(89.686933893,-4.606777242,-2.));
#10949=CARTESIAN_POINT('',(89.747515762,-4.72275824,-1.973972677));
#10950=CARTESIAN_POINT('',(89.859500523,-4.937147535,-1.873786388));
#10951=CARTESIAN_POINT('',(89.910859352,-5.035471478,-1.799666842));
#10952=CARTESIAN_POINT('',(89.996568777,-5.19955794,-1.61454672));
#10953=CARTESIAN_POINT('',(90.030885649,-5.265255898,-1.50361898));
#10954=CARTESIAN_POINT('',(90.077271256,-5.354058851,-1.261747884));
#10955=CARTESIAN_POINT('',(90.089321739,-5.377128906,-1.130899694));
#10956=CARTESIAN_POINT('',(90.089321739,-5.377128906,-1.));
#10957=CARTESIAN_POINT('',(90.411960892,-4.078378315,-2.));
#10958=CARTESIAN_POINT('',(90.471878697,-4.19477574,-2.00000037));
#10959=CARTESIAN_POINT('',(90.531772959,-4.311127434,-1.973973323));
#10960=CARTESIAN_POINT('',(90.642486718,-4.526202024,-1.873787367));
#10961=CARTESIAN_POINT('',(90.693262654,-4.624840297,-1.799667879));
#10962=CARTESIAN_POINT('',(90.777999335,-4.789451353,-1.614547685));
#10963=CARTESIAN_POINT('',(90.81192674,-4.855359369,-1.503619817));
#10964=CARTESIAN_POINT('',(90.857785906,-4.944446262,-1.261748356));
#10965=CARTESIAN_POINT('',(90.869699622,-4.967590086,-1.13089993));
#10966=CARTESIAN_POINT('',(90.869699614,-4.967590091,-1.));
#10967=CARTESIAN_POINT('',(92.000731605,-3.289894473,-2.));
#10968=CARTESIAN_POINT('',(92.057197605,-3.408004993,-2.000000371));
#10969=CARTESIAN_POINT('',(92.11364142,-3.526069108,-1.973973323));
#10970=CARTESIAN_POINT('',(92.217977075,-3.744309083,-1.873787367));
#10971=CARTESIAN_POINT('',(92.265827864,-3.844399075,-1.799667879));
#10972=CARTESIAN_POINT('',(92.345682962,-4.011432809,-1.614547685));
#10973=CARTESIAN_POINT('',(92.377655851,-4.078310831,-1.503619817));
#10974=CARTESIAN_POINT('',(92.420873132,-4.168708862,-1.261748356));
#10975=CARTESIAN_POINT('',(92.432100521,-4.192193305,-1.13089993));
#10976=CARTESIAN_POINT('',(92.432100522,-4.192193304,-1.));
#10977=CARTESIAN_POINT('',(92.802011137,-2.914622311,-2.));
#10978=CARTESIAN_POINT('',(92.8556972,-3.034073792,-2.));
#10979=CARTESIAN_POINT('',(92.90936214,-3.153478274,-1.973972677));
#10980=CARTESIAN_POINT('',(93.008561051,-3.374195832,-1.873786388));
#10981=CARTESIAN_POINT('',(93.05405599,-3.475422064,-1.799666843));
#10982=CARTESIAN_POINT('',(93.129979549,-3.644351969,-1.61454672));
#10983=CARTESIAN_POINT('',(93.160378296,-3.711989175,-1.50361898));
#10984=CARTESIAN_POINT('',(93.20146783,-3.803413381,-1.261747884));
#10985=CARTESIAN_POINT('',(93.21214245,-3.827164409,-1.130899694));
#10986=CARTESIAN_POINT('',(93.21214245,-3.82716441,-1.));
#10987=CARTESIAN_POINT('',(94.428333036,-2.242834442,-2.));
#10988=CARTESIAN_POINT('',(94.474597421,-2.36535161,-2.));
#10989=CARTESIAN_POINT('',(94.520843604,-2.487820573,-1.973972677));
#10990=CARTESIAN_POINT('',(94.606329041,-2.714202781,-1.873786388));
#10991=CARTESIAN_POINT('',(94.645534661,-2.818026954,-1.799666843));
#10992=CARTESIAN_POINT('',(94.710962382,-2.991292395,-1.61454672));
#10993=CARTESIAN_POINT('',(94.73715874,-3.06066549,-1.50361898));
#10994=CARTESIAN_POINT('',(94.772567967,-3.15443607,-1.261747884));
#10995=CARTESIAN_POINT('',(94.781766905,-3.178796662,-1.130899694));
#10996=CARTESIAN_POINT('',(94.781766905,-3.178796662,-1.));
#10997=CARTESIAN_POINT('',(95.253728939,-1.946021786,-2.));
#10998=CARTESIAN_POINT('',(95.295338974,-2.07026144,-2.));
#10999=CARTESIAN_POINT('',(95.336932637,-2.194452211,-1.973972677));
#11000=CARTESIAN_POINT('',(95.413817956,-2.424017159,-1.873786389));
#11001=CARTESIAN_POINT('',(95.449079361,-2.529301011,-1.799666843));
#11002=CARTESIAN_POINT('',(95.507924837,-2.705002416,-1.61454672));
#11003=CARTESIAN_POINT('',(95.531485754,-2.775350837,-1.503618981));
#11004=CARTESIAN_POINT('',(95.563332696,-2.870439751,-1.261747884));
#11005=CARTESIAN_POINT('',(95.57160619,-2.895142832,-1.130899694));
#11006=CARTESIAN_POINT('',(95.57160619,-2.895142832,-1.));
#11007=CARTESIAN_POINT('',(96.938741321,-1.461704924,-2.));
#11008=CARTESIAN_POINT('',(96.969451271,-1.589077549,-2.));
#11009=CARTESIAN_POINT('',(97.000149138,-1.716400059,-1.973972677));
#11010=CARTESIAN_POINT('',(97.056893726,-1.951753982,-1.873786389));
#11011=CARTESIAN_POINT('',(97.082918121,-2.059692794,-1.799666843));
#11012=CARTESIAN_POINT('',(97.126348549,-2.239824888,-1.61454672));
#11013=CARTESIAN_POINT('',(97.143737494,-2.311947297,-1.503618981));
#11014=CARTESIAN_POINT('',(97.167241872,-2.409434084,-1.261747884));
#11015=CARTESIAN_POINT('',(97.173348057,-2.434760105,-1.130899694));
#11016=CARTESIAN_POINT('',(97.173348057,-2.434760105,-1.));
#11017=CARTESIAN_POINT('',(97.798330579,-1.274113774,-2.));
#11018=CARTESIAN_POINT('',(97.822790455,-1.402888276,-2.));
#11019=CARTESIAN_POINT('',(97.847240706,-1.53161211,-1.973972677));
#11020=CARTESIAN_POINT('',(97.892436663,-1.769556364,-1.873786388));
#11021=CARTESIAN_POINT('',(97.913164585,-1.878683161,-1.799666842));
#11022=CARTESIAN_POINT('',(97.947756073,-2.060797809,-1.61454672));
#11023=CARTESIAN_POINT('',(97.961606028,-2.133714004,-1.50361898));
#11024=CARTESIAN_POINT('',(97.980326806,-2.23227374,-1.261747884));
#11025=CARTESIAN_POINT('',(97.985190264,-2.257878503,-1.130899694));
#11026=CARTESIAN_POINT('',(97.985190264,-2.257878503,-1.));
#11027=CARTESIAN_POINT('',(98.899171035,-1.123805248,-2.));
#11028=CARTESIAN_POINT('',(98.91519195,-1.253732004,-2.));
#11029=CARTESIAN_POINT('',(98.93120656,-1.383607639,-1.973972677));
#11030=CARTESIAN_POINT('',(98.960809349,-1.623680981,-1.873786388));
#11031=CARTESIAN_POINT('',(98.974385881,-1.733784228,-1.799666842));
#11032=CARTESIAN_POINT('',(98.997042875,-1.917528408,-1.61454672));
#11033=CARTESIAN_POINT('',(99.006114423,-1.991097046,-1.50361898));
#11034=CARTESIAN_POINT('',(99.0183763,-2.09053868,-1.261747884));
#11035=CARTESIAN_POINT('',(99.021561804,-2.11637255,-1.130899694));
#11036=CARTESIAN_POINT('',(99.021561804,-2.11637255,-1.));
#11037=CARTESIAN_POINT('',(99.120653135,-1.097940789,-2.));
#11038=CARTESIAN_POINT('',(99.134955827,-1.228068664,-2.000000216));
#11039=CARTESIAN_POINT('',(99.149252904,-1.35814538,-1.973973054));
#11040=CARTESIAN_POINT('',(99.175680879,-1.598590459,-1.87378696));
#11041=CARTESIAN_POINT('',(99.187801377,-1.708864216,-1.799667448));
#11042=CARTESIAN_POINT('',(99.208028515,-1.892892966,-1.614547284));
#11043=CARTESIAN_POINT('',(99.216127195,-1.966575551,-1.503619469));
#11044=CARTESIAN_POINT('',(99.22707409,-2.066171205,-1.26174816));
#11045=CARTESIAN_POINT('',(99.229917999,-2.092045087,-1.130899832));
#11046=CARTESIAN_POINT('',(99.229918041,-2.092045082,-1.));
#11047=CARTESIAN_POINT('',(99.566361056,-1.054975957,-2.));
#11048=CARTESIAN_POINT('',(99.577178659,-1.185439783,-2.000000215));
#11049=CARTESIAN_POINT('',(99.587992019,-1.315852319,-1.973973052));
#11050=CARTESIAN_POINT('',(99.60798039,-1.556918156,-1.873786957));
#11051=CARTESIAN_POINT('',(99.617147537,-1.667476608,-1.799667445));
#11052=CARTESIAN_POINT('',(99.632446018,-1.851980466,-1.614547281));
#11053=CARTESIAN_POINT('',(99.638571334,-1.925853277,-1.503619466));
#11054=CARTESIAN_POINT('',(99.646850866,-2.025706058,-1.261748158));
#11055=CARTESIAN_POINT('',(99.649001825,-2.05164674,-1.130899831));
#11056=CARTESIAN_POINT('',(99.649001873,-2.051646736,-1.));
#11057=CARTESIAN_POINT('',(99.789867477,-1.037966441,-2.));
#11058=CARTESIAN_POINT('',(99.798923849,-1.168564377,-2.));
#11059=CARTESIAN_POINT('',(99.807976659,-1.299110928,-1.973972677));
#11060=CARTESIAN_POINT('',(99.824710654,-1.540424448,-1.873786388));
#11061=CARTESIAN_POINT('',(99.832385255,-1.651096471,-1.799666842));
#11062=CARTESIAN_POINT('',(99.8451929,-1.835789843,-1.61454672));
#11063=CARTESIAN_POINT('',(99.850320905,-1.909738524,-1.50361898));
#11064=CARTESIAN_POINT('',(99.857252352,-2.009693857,-1.261747884));
#11065=CARTESIAN_POINT('',(99.859053068,-2.035661181,-1.130899694));
#11066=CARTESIAN_POINT('',(99.859053068,-2.035661181,-1.));
#11067=CARTESIAN_POINT('',(100.457765635,-1.000682122,-2.));
#11068=CARTESIAN_POINT('',(100.461540595,-1.131574884,-2.));
#11069=CARTESIAN_POINT('',(100.465314069,-1.262416146,-1.973972677));
#11070=CARTESIAN_POINT('',(100.472289285,-1.504274434,-1.873786388));
#11071=CARTESIAN_POINT('',(100.475488281,-1.615196299,-1.799666842));
#11072=CARTESIAN_POINT('',(100.48082688,-1.800306619,-1.61454672));
#11073=CARTESIAN_POINT('',(100.482964382,-1.87442224,-1.50361898));
#11074=CARTESIAN_POINT('',(100.485853611,-1.974603223,-1.261747884));
#11075=CARTESIAN_POINT('',(100.486604201,-2.000629168,-1.130899694));
#11076=CARTESIAN_POINT('',(100.486604201,-2.000629168,-1.));
#11077=CARTESIAN_POINT('',(100.901365139,-0.993983574,-2.));
#11078=CARTESIAN_POINT('',(100.901608362,-1.124929564,-2.));
#11079=CARTESIAN_POINT('',(100.901851488,-1.255824032,-1.973972677));
#11080=CARTESIAN_POINT('',(100.902300904,-1.497780672,-1.873786389));
#11081=CARTESIAN_POINT('',(100.902507016,-1.608747644,-1.799666843));
#11082=CARTESIAN_POINT('',(100.902850984,-1.793933239,-1.614546721));
#11083=CARTESIAN_POINT('',(100.902988704,-1.868078999,-1.503618981));
#11084=CARTESIAN_POINT('',(100.903174858,-1.968300721,-1.261747885));
#11085=CARTESIAN_POINT('',(100.903223219,-1.994337249,-1.130899694));
#11086=CARTESIAN_POINT('',(100.903223219,-1.994337249,-1.));
#11087=CARTESIAN_POINT('',(102.227302379,-1.026872802,-2.));
#11088=CARTESIAN_POINT('',(102.217078221,-1.157559153,-2.));
#11089=CARTESIAN_POINT('',(102.206858086,-1.288194085,-1.973972677));
#11090=CARTESIAN_POINT('',(102.187966305,-1.529670976,-1.873786389));
#11091=CARTESIAN_POINT('',(102.179302093,-1.640417924,-1.799666843));
#11092=CARTESIAN_POINT('',(102.16484295,-1.825236335,-1.614546721));
#11093=CARTESIAN_POINT('',(102.159053708,-1.89923508,-1.503618981));
#11094=CARTESIAN_POINT('',(102.151228476,-1.999258083,-1.261747885));
#11095=CARTESIAN_POINT('',(102.149195565,-2.025242987,-1.130899694));
#11096=CARTESIAN_POINT('',(102.149195565,-2.025242987,-1.));
#11097=CARTESIAN_POINT('',(103.104773195,-1.119506991,-2.));
#11098=CARTESIAN_POINT('',(103.087755095,-1.249454769,-2.));
#11099=CARTESIAN_POINT('',(103.070743692,-1.379351419,-1.973972677));
#11100=CARTESIAN_POINT('',(103.039298344,-1.619463604,-1.873786389));
#11101=CARTESIAN_POINT('',(103.024876772,-1.729584666,-1.799666843));
#11102=CARTESIAN_POINT('',(103.000809545,-1.913358577,-1.61454672));
#11103=CARTESIAN_POINT('',(102.991173359,-1.986939118,-1.503618981));
#11104=CARTESIAN_POINT('',(102.97814827,-2.086396842,-1.261747885));
#11105=CARTESIAN_POINT('',(102.974764491,-2.112234892,-1.130899694));
#11106=CARTESIAN_POINT('',(102.974764491,-2.112234892,-1.));
#11107=CARTESIAN_POINT('',(104.411992378,-1.356411468,-2.));
#11108=CARTESIAN_POINT('',(104.385487771,-1.484640027,-2.));
#11109=CARTESIAN_POINT('',(104.358993591,-1.612818134,-1.973972677));
#11110=CARTESIAN_POINT('',(104.310019462,-1.849753616,-1.873786389));
#11111=CARTESIAN_POINT('',(104.287558782,-1.958417768,-1.799666843));
#11112=CARTESIAN_POINT('',(104.250075606,-2.139760336,-1.61454672));
#11113=CARTESIAN_POINT('',(104.235067859,-2.212367401,-1.503618981));
#11114=CARTESIAN_POINT('',(104.21478211,-2.310509291,-1.261747885));
#11115=CARTESIAN_POINT('',(104.20951209,-2.336005502,-1.130899694));
#11116=CARTESIAN_POINT('',(104.20951209,-2.336005502,-1.));
#11117=CARTESIAN_POINT('',(104.846237239,-1.451672753,-2.));
#11118=CARTESIAN_POINT('',(104.81668501,-1.57922947,-2.000001494));
#11119=CARTESIAN_POINT('',(104.787144381,-1.706736295,-1.973975281));
#11120=CARTESIAN_POINT('',(104.73253894,-1.942431245,-1.873790335));
#11121=CARTESIAN_POINT('',(104.707495614,-2.05052663,-1.799671021));
#11122=CARTESIAN_POINT('',(104.665702494,-2.230920162,-1.61455061));
#11123=CARTESIAN_POINT('',(104.648969145,-2.303147329,-1.503622352));
#11124=CARTESIAN_POINT('',(104.626351061,-2.400775769,-1.261749784));
#11125=CARTESIAN_POINT('',(104.620475225,-2.426138629,-1.130900645));
#11126=CARTESIAN_POINT('',(104.620475425,-2.426138674,-1.));
#11127=CARTESIAN_POINT('',(105.495462368,-1.61791293,-2.));
#11128=CARTESIAN_POINT('',(105.461533531,-1.744348998,-2.000001485));
#11129=CARTESIAN_POINT('',(105.427618016,-1.870735616,-1.973975266));
#11130=CARTESIAN_POINT('',(105.364925667,-2.104359881,-1.873790313));
#11131=CARTESIAN_POINT('',(105.3361735,-2.211505604,-1.799670998));
#11132=CARTESIAN_POINT('',(105.288190955,-2.390314314,-1.614550589));
#11133=CARTESIAN_POINT('',(105.268979457,-2.461906945,-1.503622333));
#11134=CARTESIAN_POINT('',(105.243011728,-2.558677707,-1.261749774));
#11135=CARTESIAN_POINT('',(105.236265715,-2.583817762,-1.13090064));
#11136=CARTESIAN_POINT('',(105.236265963,-2.583817828,-1.));
#11137=CARTESIAN_POINT('',(105.711511246,-1.677244652,-2.));
#11138=CARTESIAN_POINT('',(105.676155649,-1.80328745,-2.));
#11139=CARTESIAN_POINT('',(105.640813964,-1.929280656,-1.973972677));
#11140=CARTESIAN_POINT('',(105.575485339,-2.162177378,-1.873786388));
#11141=CARTESIAN_POINT('',(105.545524105,-2.268989261,-1.799666842));
#11142=CARTESIAN_POINT('',(105.495523741,-2.447240695,-1.61454672));
#11143=CARTESIAN_POINT('',(105.475504284,-2.518610113,-1.50361898));
#11144=CARTESIAN_POINT('',(105.448444281,-2.615079094,-1.261747884));
#11145=CARTESIAN_POINT('',(105.441414383,-2.640140701,-1.130899694));
#11146=CARTESIAN_POINT('',(105.441414383,-2.640140701,-1.));
#11147=CARTESIAN_POINT('',(106.139673526,-1.802444734,-2.));
#11148=CARTESIAN_POINT('',(106.101552551,-1.9276789,-2.));
#11149=CARTESIAN_POINT('',(106.063446575,-2.052863792,-1.973972677));
#11150=CARTESIAN_POINT('',(105.993008197,-2.284266358,-1.873786388));
#11151=CARTESIAN_POINT('',(105.96070351,-2.390392985,-1.799666842));
#11152=CARTESIAN_POINT('',(105.90679231,-2.567500842,-1.61454672));
#11153=CARTESIAN_POINT('',(105.885207009,-2.638412387,-1.50361898));
#11154=CARTESIAN_POINT('',(105.856030477,-2.734262468,-1.261747884));
#11155=CARTESIAN_POINT('',(105.848450727,-2.759163291,-1.130899694));
#11156=CARTESIAN_POINT('',(105.848450727,-2.759163291,-1.));
#11157=CARTESIAN_POINT('',(106.352210091,-1.868427904,-2.));
#11158=CARTESIAN_POINT('',(106.312747102,-1.993244893,-2.));
#11159=CARTESIAN_POINT('',(106.27329964,-2.118012772,-1.973972677));
#11160=CARTESIAN_POINT('',(106.200381544,-2.348644496,-1.873786388));
#11161=CARTESIAN_POINT('',(106.1669396,-2.454417597,-1.799666842));
#11162=CARTESIAN_POINT('',(106.111130505,-2.630935476,-1.61454672));
#11163=CARTESIAN_POINT('',(106.088785313,-2.701610803,-1.50361898));
#11164=CARTESIAN_POINT('',(106.058581649,-2.797141591,-1.261747884));
#11165=CARTESIAN_POINT('',(106.050735061,-2.821959465,-1.130899694));
#11166=CARTESIAN_POINT('',(106.050735061,-2.821959465,-1.));
#11167=CARTESIAN_POINT('',(107.407605944,-2.214304609,-2.));
#11168=CARTESIAN_POINT('',(107.361630795,-2.336987419,-2.));
#11169=CARTESIAN_POINT('',(107.315673734,-2.459621958,-1.973972677));
#11170=CARTESIAN_POINT('',(107.230722735,-2.686310232,-1.873786388));
#11171=CARTESIAN_POINT('',(107.191762221,-2.790274774,-1.799666842));
#11172=CARTESIAN_POINT('',(107.126743541,-2.963774468,-1.61454672));
#11173=CARTESIAN_POINT('',(107.100710958,-3.033241354,-1.50361898));
#11174=CARTESIAN_POINT('',(107.065523102,-3.127138711,-1.261747884));
#11175=CARTESIAN_POINT('',(107.056381674,-3.151532238,-1.130899694));
#11176=CARTESIAN_POINT('',(107.056381674,-3.151532238,-1.));
#11177=CARTESIAN_POINT('',(108.228717277,-2.54183332,-2.));
#11178=CARTESIAN_POINT('',(108.178169275,-2.662661562,-2.));
#11179=CARTESIAN_POINT('',(108.127641162,-2.783442264,-1.973972677));
#11180=CARTESIAN_POINT('',(108.034240633,-3.006703744,-1.873786388));
#11181=CARTESIAN_POINT('',(107.991404967,-3.109096678,-1.799666842));
#11182=CARTESIAN_POINT('',(107.919919297,-3.279973617,-1.61454672));
#11183=CARTESIAN_POINT('',(107.89129742,-3.348390389,-1.50361898));
#11184=CARTESIAN_POINT('',(107.852609654,-3.440868322,-1.261747884));
#11185=CARTESIAN_POINT('',(107.842558988,-3.464893097,-1.130899694));
#11186=CARTESIAN_POINT('',(107.842558988,-3.464893097,-1.));
#11187=CARTESIAN_POINT('',(109.131540698,-2.956139754,-2.));
#11188=CARTESIAN_POINT('',(109.076438962,-3.074878285,-2.));
#11189=CARTESIAN_POINT('',(109.021358908,-3.193570096,-1.973972677));
#11190=CARTESIAN_POINT('',(108.919544177,-3.412970292,-1.873786388));
#11191=CARTESIAN_POINT('',(108.872849561,-3.513592351,-1.799666842));
#11192=CARTESIAN_POINT('',(108.79492394,-3.681513991,-1.61454672));
#11193=CARTESIAN_POINT('',(108.763723595,-3.748747502,-1.50361898));
#11194=CARTESIAN_POINT('',(108.721550553,-3.839626038,-1.261747884));
#11195=CARTESIAN_POINT('',(108.710594449,-3.863235308,-1.130899694));
#11196=CARTESIAN_POINT('',(108.710594449,-3.863235308,-1.));
#11197=CARTESIAN_POINT('',(109.23156271,-3.002812723,-2.));
#11198=CARTESIAN_POINT('',(109.175963296,-3.121319117,-2.00000022));
#11199=CARTESIAN_POINT('',(109.12038574,-3.239778925,-1.97397306));
#11200=CARTESIAN_POINT('',(109.017651366,-3.458750305,-1.873786969));
#11201=CARTESIAN_POINT('',(108.97053497,-3.559175722,-1.799667458));
#11202=CARTESIAN_POINT('',(108.891905461,-3.726769215,-1.614547293));
#11203=CARTESIAN_POINT('',(108.860423285,-3.79387135,-1.503619477));
#11204=CARTESIAN_POINT('',(108.817869296,-3.884572311,-1.261748164));
#11205=CARTESIAN_POINT('',(108.806814227,-3.908135451,-1.130899834));
#11206=CARTESIAN_POINT('',(108.806814229,-3.908135452,-1.));
#11207=CARTESIAN_POINT('',(109.369322836,-3.068143209,-2.));
#11208=CARTESIAN_POINT('',(109.313046764,-3.186328711,-2.00000022));
#11209=CARTESIAN_POINT('',(109.256792817,-3.304467752,-1.97397306));
#11210=CARTESIAN_POINT('',(109.152808143,-3.522846201,-1.873786969));
#11211=CARTESIAN_POINT('',(109.105118331,-3.622999686,-1.799667458));
#11212=CARTESIAN_POINT('',(109.025531885,-3.790139369,-1.614547293));
#11213=CARTESIAN_POINT('',(108.993666565,-3.857059805,-1.503619477));
#11214=CARTESIAN_POINT('',(108.950594687,-3.947515167,-1.261748164));
#11215=CARTESIAN_POINT('',(108.939405075,-3.971014502,-1.130899834));
#11216=CARTESIAN_POINT('',(108.939405078,-3.971014504,-1.));
#11217=CARTESIAN_POINT('',(109.407291048,-3.086296732,-2.));
#11218=CARTESIAN_POINT('',(109.350825921,-3.204391752,-2.000000092));
#11219=CARTESIAN_POINT('',(109.294383003,-3.322440324,-1.973972837));
#11220=CARTESIAN_POINT('',(109.19004903,-3.540651517,-1.873786632));
#11221=CARTESIAN_POINT('',(109.142199026,-3.640728281,-1.7996671));
#11222=CARTESIAN_POINT('',(109.062345251,-3.80773992,-1.61454696));
#11223=CARTESIAN_POINT('',(109.030372899,-3.874609083,-1.503619188));
#11224=CARTESIAN_POINT('',(108.987156345,-3.964995138,-1.261748001));
#11225=CARTESIAN_POINT('',(108.975929149,-3.988476467,-1.130899753));
#11226=CARTESIAN_POINT('',(108.97592915,-3.988476468,-1.));
#11227=CARTESIAN_POINT('',(109.445245901,-3.104479518,-2.));
#11228=CARTESIAN_POINT('',(109.388701501,-3.222536553,-2.000000031));
#11229=CARTESIAN_POINT('',(109.332179347,-3.340547143,-1.973972731));
#11230=CARTESIAN_POINT('',(109.227698914,-3.558688116,-1.873786471));
#11231=CARTESIAN_POINT('',(109.179781743,-3.65873267,-1.79966693));
#11232=CARTESIAN_POINT('',(109.099815878,-3.82569055,-1.614546802));
#11233=CARTESIAN_POINT('',(109.067798647,-3.892538186,-1.503619051));
#11234=CARTESIAN_POINT('',(109.024521432,-3.982895142,-1.261747924));
#11235=CARTESIAN_POINT('',(109.013278476,-4.00636891,-1.130899714));
#11236=CARTESIAN_POINT('',(109.013278476,-4.006368911,-1.));
#11237=B_SPLINE_SURFACE_WITH_KNOTS('',3,3,((#9997,#9998,#9999,#10000,#10001,#10002,#10003,#10004,#10005,#10006),(#10007,#10008,#10009,#10010,#10011,#10012,#10013,#10014,#10015,#10016),(#10017,#10018,#10019,#10020,#10021,#10022,#10023,#10024,#10025,#10026),(#10027,#10028,#10029,#10030,#10031,#10032,#10033,#10034,#10035,#10036),(#10037,#10038,#10039,#10040,#10041,#10042,#10043,#10044,#10045,#10046),(#10047,#10048,#10049,#10050,#10051,#10052,#10053,#10054,#10055,#10056),(#10057,#10058,#10059,#10060,#10061,#10062,#10063,#10064,#10065,#10066),(#10067,#10068,#10069,#10070,#10071,#10072,#10073,#10074,#10075,#10076),(#10077,#10078,#10079,#10080,#10081,#10082,#10083,#10084,#10085,#10086),(#10087,#10088,#10089,#10090,#10091,#10092,#10093,#10094,#10095,#10096),(#10097,#10098,#10099,#10100,#10101,#10102,#10103,#10104,#10105,#10106),(#10107,#10108,#10109,#10110,#10111,#10112,#10113,#10114,#10115,#10116),(#10117,#10118,#10119,#10120,#10121,#10122,#10123,#10124,#10125,#10126),(#10127,#10128,#10129,#10130,#10131,#10132,#10133,#10134,#10135,#10136),(#10137,#10138,#10139,#10140,#10141,#10142,#10143,#10144,#10145,#10146),(#10147,#10148,#10149,#10150,#10151,#10152,#10153,#10154,#10155,#10156),(#10157,#10158,#10159,#10160,#10161,#10162,#10163,#10164,#10165,#10166),(#10167,#10168,#10169,#10170,#10171,#10172,#10173,#10174,#10175,#10176),(#10177,#10178,#10179,#10180,#10181,#10182,#10183,#10184,#10185,#10186),(#10187,#10188,#10189,#10190,#10191,#10192,#10193,#10194,#10195,#10196),(#10197,#10198,#10199,#10200,#10201,#10202,#10203,#10204,#10205,#10206),(#10207,#10208,#10209,#10210,#10211,#10212,#10213,#10214,#10215,#10216),(#10217,#10218,#10219,#10220,#10221,#10222,#10223,#10224,#10225,#10226),(#10227,#10228,#10229,#10230,#10231,#10232,#10233,#10234,#10235,#10236),(#10237,#10238,#10239,#10240,#10241,#10242,#10243,#10244,#10245,#10246),(#10247,#10248,#10249,#10250,#10251,#10252,#10253,#10254,#10255,#10256),
(#10257,#10258,#10259,#10260,#10261,#10262,#10263,#10264,#10265,#10266),(#10267,#10268,#10269,#10270,#10271,#10272,#10273,#10274,#10275,#10276),(#10277,#10278,#10279,#10280,#10281,#10282,#10283,#10284,#10285,#10286),(#10287,#10288,#10289,#10290,#10291,#10292,#10293,#10294,#10295,#10296),(#10297,#10298,#10299,#10300,#10301,#10302,#10303,#10304,#10305,#10306),(#10307,#10308,#10309,#10310,#10311,#10312,#10313,#10314,#10315,#10316),(#10317,#10318,#10319,#10320,#10321,#10322,#10323,#10324,#10325,#10326),(#10327,#10328,#10329,#10330,#10331,#10332,#10333,#10334,#10335,#10336),(#10337,#10338,#10339,#10340,#10341,#10342,#10343,#10344,#10345,#10346),(#10347,#10348,#10349,#10350,#10351,#10352,#10353,#10354,#10355,#10356),(#10357,#10358,#10359,#10360,#10361,#10362,#10363,#10364,#10365,#10366),(#10367,#10368,#10369,#10370,#10371,#10372,#10373,#10374,#10375,#10376),(#10377,#10378,#10379,#10380,#10381,#10382,#10383,#10384,#10385,#10386),(#10387,#10388,#10389,#10390,#10391,#10392,#10393,#10394,#10395,#10396),(#10397,#10398,#10399,#10400,#10401,#10402,#10403,#10404,#10405,#10406),(#10407,#10408,#10409,#10410,#10411,#10412,#10413,#10414,#10415,#10416),(#10417,#10418,#10419,#10420,#10421,#10422,#10423,#10424,#10425,#10426),(#10427,#10428,#10429,#10430,#10431,#10432,#10433,#10434,#10435,#10436),(#10437,#10438,#10439,#10440,#10441,#10442,#10443,#10444,#10445,#10446),(#10447,#10448,#10449,#10450,#10451,#10452,#10453,#10454,#10455,#10456),(#10457,#10458,#10459,#10460,#10461,#10462,#10463,#10464,#10465,#10466),(#10467,#10468,#10469,#10470,#10471,#10472,#10473,#10474,#10475,#10476),(#10477,#10478,#10479,#10480,#10481,#10482,#10483,#10484,#10485,#10486),(#10487,#10488,#10489,#10490,#10491,#10492,#10493,#10494,#10495,#10496),(#10497,#10498,#10499,#10500,#10501,#10502,#10503,#10504,#10505,#10506),
(#10507,#10508,#10509,#10510,#10511,#10512,#10513,#10514,#10515,#10516),(#10517,#10518,#10519,#10520,#10521,#10522,#10523,#10524,#10525,#10526),(#10527,#10528,#10529,#10530,#10531,#10532,#10533,#10534,#10535,#10536),(#10537,#10538,#10539,#10540,#10541,#10542,#10543,#10544,#10545,#10546),(#10547,#10548,#10549,#10550,#10551,#10552,#10553,#10554,#10555,#10556),(#10557,#10558,#10559,#10560,#10561,#10562,#10563,#10564,#10565,#10566),(#10567,#10568,#10569,#10570,#10571,#10572,#10573,#10574,#10575,#10576),(#10577,#10578,#10579,#10580,#10581,#10582,#10583,#10584,#10585,#10586),(#10587,#10588,#10589,#10590,#10591,#10592,#10593,#10594,#10595,#10596),(#10597,#10598,#10599,#10600,#10601,#10602,#10603,#10604,#10605,#10606),(#10607,#10608,#10609,#10610,#10611,#10612,#10613,#10614,#10615,#10616),(#10617,#10618,#10619,#10620,#10621,#10622,#10623,#10624,#10625,#10626),(#10627,#10628,#10629,#10630,#10631,#10632,#10633,#10634,#10635,#10636),(#10637,#10638,#10639,#10640,#10641,#10642,#10643,#10644,#10645,#10646),(#10647,#10648,#10649,#10650,#10651,#10652,#10653,#10654,#10655,#10656),(#10657,#10658,#10659,#10660,#10661,#10662,#10663,#10664,#10665,#10666),(#10667,#10668,#10669,#10670,#10671,#10672,#10673,#10674,#10675,#10676),(#10677,#10678,#10679,#10680,#10681,#10682,#10683,#10684,#10685,#10686),(#10687,#10688,#10689,#10690,#10691,#10692,#10693,#10694,#10695,#10696),(#10697,#10698,#10699,#10700,#10701,#10702,#10703,#10704,#10705,#10706),(#10707,#10708,#10709,#10710,#10711,#10712,#10713,#10714,#10715,#10716),(#10717,#10718,#10719,#10720,#10721,#10722,#10723,#10724,#10725,#10726),(#10727,#10728,#10729,#10730,#10731,#10732,#10733,#10734,#10735,#10736),(#10737,#10738,#10739,#10740,#10741,#10742,#10743,#10744,#10745,#10746),(#10747,#10748,#10749,#10750,#10751,#10752,#10753,#10754,#10755,#10756),
(#10757,#10758,#10759,#10760,#10761,#10762,#10763,#10764,#10765,#10766),(#10767,#10768,#10769,#10770,#10771,#10772,#10773,#10774,#10775,#10776),(#10777,#10778,#10779,#10780,#10781,#10782,#10783,#10784,#10785,#10786),(#10787,#10788,#10789,#10790,#10791,#10792,#10793,#10794,#10795,#10796),(#10797,#10798,#10799,#10800,#10801,#10802,#10803,#10804,#10805,#10806),(#10807,#10808,#10809,#10810,#10811,#10812,#10813,#10814,#10815,#10816),(#10817,#10818,#10819,#10820,#10821,#10822,#10823,#10824,#10825,#10826),(#10827,#10828,#10829,#10830,#10831,#10832,#10833,#10834,#10835,#10836),(#10837,#10838,#10839,#10840,#10841,#10842,#10843,#10844,#10845,#10846),(#10847,#10848,#10849,#10850,#10851,#10852,#10853,#10854,#10855,#10856),(#10857,#10858,#10859,#10860,#10861,#10862,#10863,#10864,#10865,#10866),(#10867,#10868,#10869,#10870,#10871,#10872,#10873,#10874,#10875,#10876),(#10877,#10878,#10879,#10880,#10881,#10882,#10883,#10884,#10885,#10886),(#10887,#10888,#10889,#10890,#10891,#10892,#10893,#10894,#10895,#10896),(#10897,#10898,#10899,#10900,#10901,#10902,#10903,#10904,#10905,#10906),(#10907,#10908,#10909,#10910,#10911,#10912,#10913,#10914,#10915,#10916),(#10917,#10918,#10919,#10920,#10921,#10922,#10923,#10924,#10925,#10926),(#10927,#10928,#10929,#10930,#10931,#10932,#10933,#10934,#10935,#10936),(#10937,#10938,#10939,#10940,#10941,#10942,#10943,#10944,#10945,#10946),(#10947,#10948,#10949,#10950,#10951,#10952,#10953,#10954,#10955,#10956),(#10957,#10958,#10959,#10960,#10961,#10962,#10963,#10964,#10965,#10966),(#10967,#10968,#10969,#10970,#10971,#10972,#10973,#10974,#10975,#10976),(#10977,#10978,#10979,#10980,#10981,#10982,#10983,#10984,#10985,#10986),(#10987,#10988,#10989,#10990,#10991,#10992,#10993,#10994,#10995,#10996),(#10997,#10998,#10999,#11000,#11001,#11002,#11003,#11004,#11005,#11006),
(#11007,#11008,#11009,#11010,#11011,#11012,#11013,#11014,#11015,#11016),(#11017,#11018,#11019,#11020,#11021,#11022,#11023,#11024,#11025,#11026),(#11027,#11028,#11029,#11030,#11031,#11032,#11033,#11034,#11035,#11036),(#11037,#11038,#11039,#11040,#11041,#11042,#11043,#11044,#11045,#11046),(#11047,#11048,#11049,#11050,#11051,#11052,#11053,#11054,#11055,#11056),(#11057,#11058,#11059,#11060,#11061,#11062,#11063,#11064,#11065,#11066),(#11067,#11068,#11069,#11070,#11071,#11072,#11073,#11074,#11075,#11076),(#11077,#11078,#11079,#11080,#11081,#11082,#11083,#11084,#11085,#11086),(#11087,#11088,#11089,#11090,#11091,#11092,#11093,#11094,#11095,#11096),(#11097,#11098,#11099,#11100,#11101,#11102,#11103,#11104,#11105,#11106),(#11107,#11108,#11109,#11110,#11111,#11112,#11113,#11114,#11115,#11116),(#11117,#11118,#11119,#11120,#11121,#11122,#11123,#11124,#11125,#11126),(#11127,#11128,#11129,#11130,#11131,#11132,#11133,#11134,#11135,#11136),(#11137,#11138,#11139,#11140,#11141,#11142,#11143,#11144,#11145,#11146),(#11147,#11148,#11149,#11150,#11151,#11152,#11153,#11154,#11155,#11156),(#11157,#11158,#11159,#11160,#11161,#11162,#11163,#11164,#11165,#11166),(#11167,#11168,#11169,#11170,#11171,#11172,#11173,#11174,#11175,#11176),(#11177,#11178,#11179,#11180,#11181,#11182,#11183,#11184,#11185,#11186),(#11187,#11188,#11189,#11190,#11191,#11192,#11193,#11194,#11195,#11196),(#11197,#11198,#11199,#11200,#11201,#11202,#11203,#11204,#11205,#11206),(#11207,#11208,#11209,#11210,#11211,#11212,#11213,#11214,#11215,#11216),(#11217,#11218,#11219,#11220,#11221,#11222,#11223,#11224,#11225,#11226),(#11227,#11228,#11229,#11230,#11231,#11232,#11233,#11234,#11235,#11236)),.UNSPECIFIED.,.F.,.F.,.U.,(4,2,2,2,2,2,2,2,2,2,2,2,2,2,2,2,2,2,2,2,2,2,2,2,2,2,
2,2,2,2,2,2,2,2,2,2,2,2,2,2,2,2,2,2,2,2,2,2,2,2,2,
2,2,2,2,2,2,2,2,2,2,4),(4,2,2,2,4),(0.,0.001326449,0.001989674,0.002652898,0.005305797,0.006632246,0.007958695,0.009285144,0.009948369,0.010611594,0.013264492,0.014590941,0.01591739,0.01724384,0.018570289,0.019896738,0.020559963,0.020891575,0.021223187,0.021886412,0.022549636,0.023212861,0.023544473,0.023876086,0.025202535,0.025865759,
0.026197372,0.026528984,0.027855433,0.029181882,0.029845107,0.030508332,0.031834781,0.032498005,0.03316123,0.034487679,0.035814128,0.036477353,0.037140578,0.038467027,0.039130251,0.039793476,0.042446374,0.043109599,0.043772824,0.045099273,0.046425722,0.047752171,0.050405069,0.053057968,0.055710866,
0.058363765,0.059026989,0.059690214,0.061016663,0.063669561,0.064996011,0.065659235,0.06632246,0.068975358,0.069306971,0.069433395),(0.,0.25,0.5,0.75,1.),.UNSPECIFIED.);
#11238=ORIENTED_EDGE('',*,*,#9502,.T.);
#11239=ORIENTED_EDGE('',*,*,#4056,.T.);
#11240=CARTESIAN_POINT('',(73.361136141,22.94441362,-1.));
#11241=DIRECTION('',(-0.628807237,0.777561225,0.));
#11242=DIRECTION('',(-0.777561225,-0.628807237,0.));
#11243=AXIS2_PLACEMENT_3D('',#11240,#11241,#11242);
#11244=CIRCLE('',#11243,1.);
#11245=EDGE_CURVE('',#5004,#3906,#11244,.T.);
#11246=ORIENTED_EDGE('',*,*,#11245,.F.);
#11247=ORIENTED_EDGE('',*,*,#5703,.F.);
#11248=EDGE_LOOP('',(#11238,#11239,#11246,#11247));
#11249=FACE_BOUND('',#11248,.T.);
#11250=ADVANCED_FACE('',(#11249),#11237,.T.);
#11251=CARTESIAN_POINT('',(83.163078952,51.270534405,-2.));
#11252=CARTESIAN_POINT('',(83.036651426,51.304457933,-2.000000002));
#11253=CARTESIAN_POINT('',(82.910273643,51.338368114,-1.97397268));
#11254=CARTESIAN_POINT('',(82.676666035,51.401050621,-1.873786394));
#11255=CARTESIAN_POINT('',(82.569528123,51.429798284,-1.799666848));
#11256=CARTESIAN_POINT('',(82.3907326,51.477773398,-1.614546726));
#11257=CARTESIAN_POINT('',(82.319145336,51.496981973,-1.503618985));
#11258=CARTESIAN_POINT('',(82.222381896,51.522945918,-1.261747887));
#11259=CARTESIAN_POINT('',(82.197243791,51.529691072,-1.130899695));
#11260=CARTESIAN_POINT('',(82.197243792,51.529691072,-1.));
#11261=CARTESIAN_POINT('',(83.159051909,51.255538857,-2.));
#11262=CARTESIAN_POINT('',(83.032645821,51.289542071,-2.000000009));
#11263=CARTESIAN_POINT('',(82.906289467,51.323531908,-1.973972692));
#11264=CARTESIAN_POINT('',(82.672721468,51.386361657,-1.873786411));
#11265=CARTESIAN_POINT('',(82.565601722,51.415176849,-1.799666866));
#11266=CARTESIAN_POINT('',(82.386836512,51.463264659,-1.614546742));
#11267=CARTESIAN_POINT('',(82.315261385,51.482518355,-1.503619));
#11268=CARTESIAN_POINT('',(82.21851435,51.508543291,-1.261747895));
#11269=CARTESIAN_POINT('',(82.193380508,51.51530429,-1.130899699));
#11270=CARTESIAN_POINT('',(82.193380508,51.51530429,-1.));
#11271=CARTESIAN_POINT('',(83.155007821,51.24054896,-2.));
#11272=CARTESIAN_POINT('',(83.028668574,51.274800421,-2.000000028));
#11273=CARTESIAN_POINT('',(82.90237903,51.309038406,-1.973972725));
#11274=CARTESIAN_POINT('',(82.668934525,51.372326858,-1.873786461));
#11275=CARTESIAN_POINT('',(82.561871414,51.401352422,-1.799666919));
#11276=CARTESIAN_POINT('',(82.383200719,51.449791309,-1.614546792));
#11277=CARTESIAN_POINT('',(82.311663433,51.469185573,-1.503619043));
#11278=CARTESIAN_POINT('',(82.214967548,51.495400511,-1.261747919));
#11279=CARTESIAN_POINT('',(82.189846994,51.502210872,-1.130899711));
#11280=CARTESIAN_POINT('',(82.189846994,51.502210874,-1.));
#11281=CARTESIAN_POINT('',(83.14107608,51.189443835,-2.));
#11282=CARTESIAN_POINT('',(83.014901199,51.224298232,-2.000000028));
#11283=CARTESIAN_POINT('',(82.888775957,51.259138918,-1.973972725));
#11284=CARTESIAN_POINT('',(82.655635162,51.323541451,-1.873786461));
#11285=CARTESIAN_POINT('',(82.548711339,51.35307796,-1.79966692));
#11286=CARTESIAN_POINT('',(82.370273093,51.402369529,-1.614546792));
#11287=CARTESIAN_POINT('',(82.298828877,51.422105194,-1.503619043));
#11288=CARTESIAN_POINT('',(82.202258792,51.448781601,-1.261747919));
#11289=CARTESIAN_POINT('',(82.17717092,51.455711846,-1.130899711));
#11290=CARTESIAN_POINT('',(82.17717092,51.455711847,-1.));
#11291=CARTESIAN_POINT('',(83.131048894,51.153374873,-2.));
#11292=CARTESIAN_POINT('',(83.004993509,51.188659734,-2.000000285));
#11293=CARTESIAN_POINT('',(82.878987669,51.22393073,-1.973973174));
#11294=CARTESIAN_POINT('',(82.646067535,51.289128705,-1.873787142));
#11295=CARTESIAN_POINT('',(82.539244886,51.319030033,-1.799667641));
#11296=CARTESIAN_POINT('',(82.360975462,51.368930434,-1.614547463));
#11297=CARTESIAN_POINT('',(82.289598829,51.388909875,-1.503619625));
#11298=CARTESIAN_POINT('',(82.193120095,51.415915797,-1.261748247));
#11299=CARTESIAN_POINT('',(82.168055953,51.422931654,-1.130899876));
#11300=CARTESIAN_POINT('',(82.168055957,51.422931667,-1.));
#11301=CARTESIAN_POINT('',(83.100409773,51.045352867,-2.));
#11302=CARTESIAN_POINT('',(82.97472404,51.081940975,-2.000000286));
#11303=CARTESIAN_POINT('',(82.849087705,51.118514704,-1.973973175));
#11304=CARTESIAN_POINT('',(82.616850598,51.186120766,-1.873787143));
#11305=CARTESIAN_POINT('',(82.510341201,51.217126497,-1.799667641));
#11306=CARTESIAN_POINT('',(82.332594543,51.268869966,-1.614547464));
#11307=CARTESIAN_POINT('',(82.261427219,51.289587345,-1.503619625));
#11308=CARTESIAN_POINT('',(82.165231402,51.317590726,-1.261748248));
#11309=CARTESIAN_POINT('',(82.14024076,51.32486571,-1.130899876));
#11310=CARTESIAN_POINT('',(82.140240763,51.32486572,-1.));
#11311=CARTESIAN_POINT('',(83.079255125,50.973579777,-2.));
#11312=CARTESIAN_POINT('',(82.95382972,51.011053813,-2.000001293));
#11313=CARTESIAN_POINT('',(82.82845342,51.048513185,-1.973974931));
#11314=CARTESIAN_POINT('',(82.596696787,51.117756415,-1.873789805));
#11315=CARTESIAN_POINT('',(82.490407642,51.149513028,-1.79967046));
#11316=CARTESIAN_POINT('',(82.313028471,51.202509632,-1.614550088));
#11317=CARTESIAN_POINT('',(82.242008239,51.22372877,-1.503621899));
#11318=CARTESIAN_POINT('',(82.146011238,51.252410395,-1.261749529));
#11319=CARTESIAN_POINT('',(82.12107224,51.259861596,-1.130900517));
#11320=CARTESIAN_POINT('',(82.121072251,51.259861633,-1.));
#11321=CARTESIAN_POINT('',(82.96960698,50.615999181,-2.));
#11322=CARTESIAN_POINT('',(82.845564773,50.657983974,-2.000001294));
#11323=CARTESIAN_POINT('',(82.721571127,50.699952328,-1.973974933));
#11324=CARTESIAN_POINT('',(82.492370309,50.777530341,-1.873789807));
#11325=CARTESIAN_POINT('',(82.387253318,50.813109475,-1.799670463));
#11326=CARTESIAN_POINT('',(82.211830277,50.872485221,-1.61455009));
#11327=CARTESIAN_POINT('',(82.141593249,50.896258469,-1.503621901));
#11328=CARTESIAN_POINT('',(82.046654884,50.928392415,-1.261749531));
#11329=CARTESIAN_POINT('',(82.021990902,50.936740469,-1.130900518));
#11330=CARTESIAN_POINT('',(82.0219909,50.936740461,-1.));
#11331=CARTESIAN_POINT('',(82.869648787,50.33399318,-2.));
#11332=CARTESIAN_POINT('',(82.746964267,50.379857443,-2.));
#11333=CARTESIAN_POINT('',(82.624328017,50.425703661,-1.973972677));
#11334=CARTESIAN_POINT('',(82.397636582,50.51044977,-1.873786388));
#11335=CARTESIAN_POINT('',(82.293670589,50.549316317,-1.799666842));
#11336=CARTESIAN_POINT('',(82.120168476,50.61417818,-1.61454672));
#11337=CARTESIAN_POINT('',(82.050700621,50.640147976,-1.50361898));
#11338=CARTESIAN_POINT('',(81.956801954,50.675250964,-1.261747884));
#11339=CARTESIAN_POINT('',(81.932408087,50.684370343,-1.130899694));
#11340=CARTESIAN_POINT('',(81.932408087,50.684370343,-1.));
#11341=CARTESIAN_POINT('',(82.697719469,49.918276373,-2.));
#11342=CARTESIAN_POINT('',(82.577617353,49.970384767,-2.));
#11343=CARTESIAN_POINT('',(82.457562492,50.022472659,-1.973972677));
#11344=CARTESIAN_POINT('',(82.235642719,50.118756417,-1.873786388));
#11345=CARTESIAN_POINT('',(82.133865123,50.1629144,-1.799666842));
#11346=CARTESIAN_POINT('',(81.964015082,50.236606798,-1.61454672));
#11347=CARTESIAN_POINT('',(81.896009466,50.266112219,-1.50361898));
#11348=CARTESIAN_POINT('',(81.804087287,50.305994258,-1.261747884));
#11349=CARTESIAN_POINT('',(81.78020689,50.316355183,-1.130899694));
#11350=CARTESIAN_POINT('',(81.78020689,50.316355183,-1.));
#11351=CARTESIAN_POINT('',(82.636732194,49.780923502,-2.));
#11352=CARTESIAN_POINT('',(82.517582515,49.835183548,-2.000000087));
#11353=CARTESIAN_POINT('',(82.3984797,49.88942225,-1.973972828));
#11354=CARTESIAN_POINT('',(82.178319753,49.989681755,-1.873786617));
#11355=CARTESIAN_POINT('',(82.077349245,50.03566311,-1.799667085));
#11356=CARTESIAN_POINT('',(81.908846092,50.112398415,-1.614546945));
#11357=CARTESIAN_POINT('',(81.841379747,50.143122174,-1.503619176));
#11358=CARTESIAN_POINT('',(81.750186487,50.184651015,-1.261747994));
#11359=CARTESIAN_POINT('',(81.726495453,50.195439759,-1.130899749));
#11360=CARTESIAN_POINT('',(81.72649545,50.195439751,-1.));
#11361=CARTESIAN_POINT('',(82.506633111,49.508911723,-2.));
#11362=CARTESIAN_POINT('',(82.389606733,49.567611172,-2.000000086));
#11363=CARTESIAN_POINT('',(82.272626383,49.626287529,-1.973972827));
#11364=CARTESIAN_POINT('',(82.056389783,49.73474998,-1.873786616));
#11365=CARTESIAN_POINT('',(81.957218613,49.784493398,-1.799667083));
#11366=CARTESIAN_POINT('',(81.79171826,49.867506965,-1.614546944));
#11367=CARTESIAN_POINT('',(81.725454194,49.900744452,-1.503619175));
#11368=CARTESIAN_POINT('',(81.635886035,49.945671061,-1.261747994));
#11369=CARTESIAN_POINT('',(81.612617185,49.957342507,-1.130899749));
#11370=CARTESIAN_POINT('',(81.612617179,49.957342496,-1.));
#11371=CARTESIAN_POINT('',(82.437742488,49.374753213,-2.));
#11372=CARTESIAN_POINT('',(82.32188339,49.435732975,-2.000000786));
#11373=CARTESIAN_POINT('',(82.206069748,49.496688833,-1.973974047));
#11374=CARTESIAN_POINT('',(81.991989685,49.609365017,-1.873788465));
#11375=CARTESIAN_POINT('',(81.893807495,49.661041008,-1.799669041));
#11376=CARTESIAN_POINT('',(81.72995756,49.747279795,-1.614548767));
#11377=CARTESIAN_POINT('',(81.664354283,49.781808659,-1.503620754));
#11378=CARTESIAN_POINT('',(81.575679332,49.828480877,-1.261748884));
#11379=CARTESIAN_POINT('',(81.552642548,49.840605867,-1.130900194));
#11380=CARTESIAN_POINT('',(81.552642594,49.840605954,-1.));
#11381=CARTESIAN_POINT('',(82.220190441,48.98093419,-2.));
#11382=CARTESIAN_POINT('',(82.108169654,49.048862164,-2.000000791));
#11383=CARTESIAN_POINT('',(81.996192814,49.116763501,-1.973974056));
#11384=CARTESIAN_POINT('',(81.789205022,49.242278298,-1.873788478));
#11385=CARTESIAN_POINT('',(81.694275512,49.299842373,-1.799669055));
#11386=CARTESIAN_POINT('',(81.535853757,49.395907385,-1.61454878));
#11387=CARTESIAN_POINT('',(81.472423844,49.434370523,-1.503620765));
#11388=CARTESIAN_POINT('',(81.386686583,49.486360611,-1.26174889));
#11389=CARTESIAN_POINT('',(81.364412969,49.499867105,-1.130900197));
#11390=CARTESIAN_POINT('',(81.364412997,49.499867147,-1.));
#11391=CARTESIAN_POINT('',(82.060178586,48.728821877,-2.));
#11392=CARTESIAN_POINT('',(81.951174658,48.801547142,-2.));
#11393=CARTESIAN_POINT('',(81.842213619,48.874243792,-1.973972677));
#11394=CARTESIAN_POINT('',(81.640800623,49.00862256,-1.873786388));
#11395=CARTESIAN_POINT('',(81.548427914,49.070251805,-1.799666842));
#11396=CARTESIAN_POINT('',(81.394273081,49.173100861,-1.61454672));
#11397=CARTESIAN_POINT('',(81.33255161,49.214280205,-1.50361898));
#11398=CARTESIAN_POINT('',(81.249123616,49.269941713,-1.261747884));
#11399=CARTESIAN_POINT('',(81.227449917,49.284401976,-1.130899694));
#11400=CARTESIAN_POINT('',(81.227449917,49.284401976,-1.));
#11401=CARTESIAN_POINT('',(81.70651202,48.248034245,-2.));
#11402=CARTESIAN_POINT('',(81.604627626,48.330438071,-2.));
#11403=CARTESIAN_POINT('',(81.502783319,48.412809476,-1.973972677));
#11404=CARTESIAN_POINT('',(81.314525506,48.565071893,-1.873786388));
#11405=CARTESIAN_POINT('',(81.228186071,48.634902998,-1.799666842));
#11406=CARTESIAN_POINT('',(81.084099779,48.751439607,-1.61454672));
#11407=CARTESIAN_POINT('',(81.026409613,48.798099259,-1.50361898));
#11408=CARTESIAN_POINT('',(80.948430674,48.861168418,-1.261747884));
#11409=CARTESIAN_POINT('',(80.928172582,48.877553109,-1.130899694));
#11410=CARTESIAN_POINT('',(80.928172582,48.877553109,-1.));
#11411=CARTESIAN_POINT('',(81.512749269,48.019228769,-2.));
#11412=CARTESIAN_POINT('',(81.414973081,48.106515232,-2.));
#11413=CARTESIAN_POINT('',(81.317235364,48.193767352,-1.973972677));
#11414=CARTESIAN_POINT('',(81.136568527,48.355051707,-1.873786388));
#11415=CARTESIAN_POINT('',(81.053710491,48.429020482,-1.799666842));
#11416=CARTESIAN_POINT('',(80.91543408,48.552462183,-1.61454672));
#11417=CARTESIAN_POINT('',(80.860070111,48.601886539,-1.50361898));
#11418=CARTESIAN_POINT('',(80.785235456,48.668692706,-1.261747884));
#11419=CARTESIAN_POINT('',(80.765794216,48.686048232,-1.130899694));
#11420=CARTESIAN_POINT('',(80.765794216,48.686048232,-1.));
#11421=CARTESIAN_POINT('',(81.087317211,47.588856273,-2.));
#11422=CARTESIAN_POINT('',(80.998907706,47.685618193,-2.));
#11423=CARTESIAN_POINT('',(80.910532988,47.782342041,-1.973972677));
#11424=CARTESIAN_POINT('',(80.747173525,47.961134756,-1.873786388));
#11425=CARTESIAN_POINT('',(80.672253055,48.043133276,-1.799666842));
#11426=CARTESIAN_POINT('',(80.547223135,48.179975295,-1.61454672));
#11427=CARTESIAN_POINT('',(80.497162878,48.234764954,-1.50361898));
#11428=CARTESIAN_POINT('',(80.429497173,48.308823322,-1.261747884));
#11429=CARTESIAN_POINT('',(80.411918349,48.328062891,-1.130899694));
#11430=CARTESIAN_POINT('',(80.411918349,48.328062891,-1.));
#11431=CARTESIAN_POINT('',(80.859466845,47.391178055,-2.));
#11432=CARTESIAN_POINT('',(80.7762315,47.492440891,-2.));
#11433=CARTESIAN_POINT('',(80.693028904,47.593663884,-1.973972677));
#11434=CARTESIAN_POINT('',(80.539230039,47.780773207,-1.873786389));
#11435=CARTESIAN_POINT('',(80.468694284,47.866585917,-1.799666843));
#11436=CARTESIAN_POINT('',(80.35098173,48.009793193,-1.61454672));
#11437=CARTESIAN_POINT('',(80.303851245,48.067131413,-1.503618981));
#11438=CARTESIAN_POINT('',(80.240145669,48.144634632,-1.261747885));
#11439=CARTESIAN_POINT('',(80.223595644,48.164769138,-1.130899694));
#11440=CARTESIAN_POINT('',(80.223595644,48.164769138,-1.));
#11441=CARTESIAN_POINT('',(80.128924948,46.852504314,-2.));
#11442=CARTESIAN_POINT('',(80.062340462,46.966044858,-2.));
#11443=CARTESIAN_POINT('',(79.995782174,47.07954073,-1.973972677));
#11444=CARTESIAN_POINT('',(79.872750086,47.289336301,-1.873786389));
#11445=CARTESIAN_POINT('',(79.816324694,47.385553455,-1.799666843));
#11446=CARTESIAN_POINT('',(79.722160011,47.546124033,-1.61454672));
#11447=CARTESIAN_POINT('',(79.684457769,47.61041428,-1.503618981));
#11448=CARTESIAN_POINT('',(79.63349621,47.697314451,-1.261747885));
#11449=CARTESIAN_POINT('',(79.620256943,47.719890183,-1.130899694));
#11450=CARTESIAN_POINT('',(79.620256943,47.719890183,-1.));
#11451=CARTESIAN_POINT('',(79.597660524,46.579136973,-2.));
#11452=CARTESIAN_POINT('',(79.543227414,46.698817934,-2.000000035));
#11453=CARTESIAN_POINT('',(79.488815719,46.818451811,-1.973972737));
#11454=CARTESIAN_POINT('',(79.388236439,47.039593408,-1.87378648));
#11455=CARTESIAN_POINT('',(79.342108428,47.141014118,-1.799666939));
#11456=CARTESIAN_POINT('',(79.265128374,47.310268577,-1.61454681));
#11457=CARTESIAN_POINT('',(79.234306621,47.378035731,-1.503619058));
#11458=CARTESIAN_POINT('',(79.192645314,47.469635586,-1.261747928));
#11459=CARTESIAN_POINT('',(79.181822153,47.493432246,-1.130899716));
#11460=CARTESIAN_POINT('',(79.181822152,47.493432245,-1.));
#11461=CARTESIAN_POINT('',(78.88659355,46.333177667,-2.));
#11462=CARTESIAN_POINT('',(78.84671329,46.457892484,-2.000000034));
#11463=CARTESIAN_POINT('',(78.806848719,46.582558236,-1.973972736));
#11464=CARTESIAN_POINT('',(78.733159598,46.813001186,-1.873786478));
#11465=CARTESIAN_POINT('',(78.699364042,46.918687714,-1.799666938));
#11466=CARTESIAN_POINT('',(78.642964823,47.09506112,-1.614546809));
#11467=CARTESIAN_POINT('',(78.620383352,47.165678602,-1.503619057));
#11468=CARTESIAN_POINT('',(78.589860308,47.261131202,-1.261747928));
#11469=CARTESIAN_POINT('',(78.581930746,47.285928763,-1.130899716));
#11470=CARTESIAN_POINT('',(78.581930741,47.285928761,-1.));
#11471=CARTESIAN_POINT('',(78.741707393,46.288726968,-2.));
#11472=CARTESIAN_POINT('',(78.704712458,46.414324641,-2.00000161));
#11473=CARTESIAN_POINT('',(78.667732037,46.539873217,-1.973975483));
#11474=CARTESIAN_POINT('',(78.599374235,46.771948397,-1.873790641));
#11475=CARTESIAN_POINT('',(78.56802375,46.878383687,-1.799671345));
#11476=CARTESIAN_POINT('',(78.515705033,47.056006812,-1.614550912));
#11477=CARTESIAN_POINT('',(78.494757385,47.127124757,-1.503622613));
#11478=CARTESIAN_POINT('',(78.466442926,47.223253899,-1.261749932));
#11479=CARTESIAN_POINT('',(78.459087255,47.24822727,-1.130900719));
#11480=CARTESIAN_POINT('',(78.459087497,47.248227341,-1.));
#11481=CARTESIAN_POINT('',(78.451639501,46.210223926,-2.));
#11482=CARTESIAN_POINT('',(78.42024069,46.337336148,-2.000001619));
#11483=CARTESIAN_POINT('',(78.38885419,46.464398676,-1.9739755));
#11484=CARTESIAN_POINT('',(78.330836663,46.699272372,-1.873790666));
#11485=CARTESIAN_POINT('',(78.304228463,46.806991124,-1.799671372));
#11486=CARTESIAN_POINT('',(78.259823812,46.986756124,-1.614550937));
#11487=CARTESIAN_POINT('',(78.242044833,47.058731641,-1.503622635));
#11488=CARTESIAN_POINT('',(78.218013368,47.156019929,-1.261749944));
#11489=CARTESIAN_POINT('',(78.211770339,47.18129442,-1.130900725));
#11490=CARTESIAN_POINT('',(78.211770515,47.181294463,-1.));
#11491=CARTESIAN_POINT('',(78.305947878,46.175971678,-2.));
#11492=CARTESIAN_POINT('',(78.277270629,46.303719799,-2.));
#11493=CARTESIAN_POINT('',(78.248604662,46.431417656,-1.973972677));
#11494=CARTESIAN_POINT('',(78.195616014,46.667465404,-1.873786388));
#11495=CARTESIAN_POINT('',(78.171314181,46.77572242,-1.799666842));
#11496=CARTESIAN_POINT('',(78.130758426,46.956385545,-1.61454672));
#11497=CARTESIAN_POINT('',(78.114520461,47.02872057,-1.50361898));
#11498=CARTESIAN_POINT('',(78.092571844,47.126494749,-1.261747884));
#11499=CARTESIAN_POINT('',(78.086869829,47.151895432,-1.130899694));
#11500=CARTESIAN_POINT('',(78.086869829,47.151895432,-1.));
#11501=CARTESIAN_POINT('',(77.867074939,46.086882783,-2.));
#11502=CARTESIAN_POINT('',(77.846306937,46.21623644,-2.));
#11503=CARTESIAN_POINT('',(77.825547105,46.3455392,-1.973972677));
#11504=CARTESIAN_POINT('',(77.78717284,46.584553591,-1.873786388));
#11505=CARTESIAN_POINT('',(77.769573505,46.694171179,-1.799666842));
#11506=CARTESIAN_POINT('',(77.740203114,46.877104874,-1.61454672));
#11507=CARTESIAN_POINT('',(77.728443614,46.950349004,-1.50361898));
#11508=CARTESIAN_POINT('',(77.712548473,47.049352006,-1.261747884));
#11509=CARTESIAN_POINT('',(77.708419086,47.075071925,-1.130899694));
#11510=CARTESIAN_POINT('',(77.708419086,47.075071925,-1.));
#11511=CARTESIAN_POINT('',(77.57209469,46.045720557,-2.));
#11512=CARTESIAN_POINT('',(77.556258764,46.175740069,-2.));
#11513=CARTESIAN_POINT('',(77.540429069,46.305708425,-1.973972677));
#11514=CARTESIAN_POINT('',(77.511168093,46.545953158,-1.873786388));
#11515=CARTESIAN_POINT('',(77.497748325,46.65613501,-1.799666842));
#11516=CARTESIAN_POINT('',(77.475352943,46.840010368,-1.61454672));
#11517=CARTESIAN_POINT('',(77.466386141,46.913631527,-1.50361898));
#11518=CARTESIAN_POINT('',(77.454265848,47.013144154,-1.261747884));
#11519=CARTESIAN_POINT('',(77.451117126,47.038996467,-1.130899694));
#11520=CARTESIAN_POINT('',(77.451117126,47.038996467,-1.));
#11521=CARTESIAN_POINT('',(76.978049797,45.994443228,-2.));
#11522=CARTESIAN_POINT('',(76.971371198,46.125253191,-2.));
#11523=CARTESIAN_POINT('',(76.964695227,46.256011687,-1.973972677));
#11524=CARTESIAN_POINT('',(76.952354784,46.497716983,-1.873786388));
#11525=CARTESIAN_POINT('',(76.946695169,46.608568682,-1.799666842));
#11526=CARTESIAN_POINT('',(76.937250204,46.793561907,-1.61454672));
#11527=CARTESIAN_POINT('',(76.933468569,46.867630644,-1.50361898));
#11528=CARTESIAN_POINT('',(76.928356991,46.967748256,-1.261747884));
#11529=CARTESIAN_POINT('',(76.927029058,46.993757738,-1.130899694));
#11530=CARTESIAN_POINT('',(76.927029058,46.993757738,-1.));
#11531=CARTESIAN_POINT('',(76.67898313,45.984343515,-2.));
#11532=CARTESIAN_POINT('',(76.676531421,46.115278409,-2.000000074));
#11533=CARTESIAN_POINT('',(76.674080675,46.246161801,-1.973972805));
#11534=CARTESIAN_POINT('',(76.669550501,46.48809798,-1.873786583));
#11535=CARTESIAN_POINT('',(76.667472855,46.599055577,-1.799667049));
#11536=CARTESIAN_POINT('',(76.664005603,46.784225532,-1.614546912));
#11537=CARTESIAN_POINT('',(76.66261736,46.858365033,-1.503619147));
#11538=CARTESIAN_POINT('',(76.660740888,46.958578296,-1.261747978));
#11539=CARTESIAN_POINT('',(76.660253396,46.984612628,-1.130899741));
#11540=CARTESIAN_POINT('',(76.660253388,46.984612628,-1.));
#11541=CARTESIAN_POINT('',(76.302941417,45.988505644,-2.));
#11542=CARTESIAN_POINT('',(76.30536524,46.119386575,-2.000000073));
#11543=CARTESIAN_POINT('',(76.307788107,46.250216025,-1.973972805));
#11544=CARTESIAN_POINT('',(76.312266739,46.492052494,-1.873786582));
#11545=CARTESIAN_POINT('',(76.314320743,46.602964361,-1.799667048));
#11546=CARTESIAN_POINT('',(76.317748531,46.788058001,-1.614546911));
#11547=CARTESIAN_POINT('',(76.319120967,46.862166947,-1.503619146));
#11548=CARTESIAN_POINT('',(76.320976061,46.96233891,-1.261747978));
#11549=CARTESIAN_POINT('',(76.321457988,46.988362512,-1.130899741));
#11550=CARTESIAN_POINT('',(76.321457977,46.988362512,-1.));
#11551=CARTESIAN_POINT('',(76.227638585,45.990181311,-2.));
#11552=CARTESIAN_POINT('',(76.231017004,46.12104073,-2.000000005));
#11553=CARTESIAN_POINT('',(76.234394094,46.251848663,-1.973972685));
#11554=CARTESIAN_POINT('',(76.240636598,46.493645343,-1.873786401));
#11555=CARTESIAN_POINT('',(76.243499557,46.604538954,-1.799666856));
#11556=CARTESIAN_POINT('',(76.248277363,46.789602123,-1.614546733));
#11557=CARTESIAN_POINT('',(76.250190331,46.863698865,-1.503618991));
#11558=CARTESIAN_POINT('',(76.252776061,46.963854331,-1.261747891));
#11559=CARTESIAN_POINT('',(76.253447806,46.989873647,-1.130899697));
#11560=CARTESIAN_POINT('',(76.253447806,46.989873647,-1.));
#11561=CARTESIAN_POINT('',(76.114818607,45.993898858,-2.));
#11562=CARTESIAN_POINT('',(76.119595824,46.124712185,-2.000000005));
#11563=CARTESIAN_POINT('',(76.124371162,46.255474043,-1.973972685));
#11564=CARTESIAN_POINT('',(76.133198309,46.497185557,-1.873786401));
#11565=CARTESIAN_POINT('',(76.137246645,46.608040109,-1.799666856));
#11566=CARTESIAN_POINT('',(76.144002651,46.793038093,-1.614546733));
#11567=CARTESIAN_POINT('',(76.146707662,46.867108737,-1.503618991));
#11568=CARTESIAN_POINT('',(76.150363986,46.967228925,-1.261747891));
#11569=CARTESIAN_POINT('',(76.15131386,46.993239077,-1.130899697));
#11570=CARTESIAN_POINT('',(76.15131386,46.993239077,-1.));
#11571=CARTESIAN_POINT('',(76.077221914,45.995338974,-2.));
#11572=CARTESIAN_POINT('',(76.082460051,46.126134617,-2.000000003));
#11573=CARTESIAN_POINT('',(76.087696127,46.256878799,-1.973972681));
#11574=CARTESIAN_POINT('',(76.097374941,46.498557636,-1.873786396));
#11575=CARTESIAN_POINT('',(76.101813872,46.609397201,-1.79966685));
#11576=CARTESIAN_POINT('',(76.109221716,46.794370176,-1.614546727));
#11577=CARTESIAN_POINT('',(76.112187715,46.868430806,-1.503618987));
#11578=CARTESIAN_POINT('',(76.116196811,46.968537459,-1.261747888));
#11579=CARTESIAN_POINT('',(76.117238331,46.994544093,-1.130899696));
#11580=CARTESIAN_POINT('',(76.117238331,46.994544093,-1.));
#11581=CARTESIAN_POINT('',(76.020841487,45.997793712,-2.));
#11582=CARTESIAN_POINT('',(76.026763154,46.128559595,-2.000000003));
#11583=CARTESIAN_POINT('',(76.03268249,46.259274028,-1.973972681));
#11584=CARTESIAN_POINT('',(76.043624302,46.500897875,-1.873786396));
#11585=CARTESIAN_POINT('',(76.048642473,46.611712221,-1.79966685));
#11586=CARTESIAN_POINT('',(76.057016974,46.796643109,-1.614546727));
#11587=CARTESIAN_POINT('',(76.060370009,46.870686888,-1.503618987));
#11588=CARTESIAN_POINT('',(76.064902256,46.970770763,-1.261747888));
#11589=CARTESIAN_POINT('',(76.066079685,46.996771481,-1.130899696));
#11590=CARTESIAN_POINT('',(76.066079685,46.996771481,-1.));
#11591=CARTESIAN_POINT('',(76.002050448,45.998661074,-2.));
#11592=CARTESIAN_POINT('',(76.008198651,46.129416497,-2.000000001));
#11593=CARTESIAN_POINT('',(76.014344434,46.260120472,-1.973972678));
#11594=CARTESIAN_POINT('',(76.025704831,46.501724989,-1.87378639));
#11595=CARTESIAN_POINT('',(76.030914975,46.612530469,-1.799666844));
#11596=CARTESIAN_POINT('',(76.039609846,46.797446561,-1.614546722));
#11597=CARTESIAN_POINT('',(76.043091153,46.871484416,-1.503618982));
#11598=CARTESIAN_POINT('',(76.047796783,46.971560284,-1.261747885));
#11599=CARTESIAN_POINT('',(76.049019256,46.997558921,-1.130899694));
#11600=CARTESIAN_POINT('',(76.049019256,46.997558921,-1.));
#11601=CARTESIAN_POINT('',(75.973867501,46.000034918,-2.));
#11602=CARTESIAN_POINT('',(75.980353566,46.130773871,-2.000000001));
#11603=CARTESIAN_POINT('',(75.986837079,46.261461383,-1.973972678));
#11604=CARTESIAN_POINT('',(75.998821765,46.503035467,-1.87378639));
#11605=CARTESIAN_POINT('',(76.004318222,46.613826991,-1.799666844));
#11606=CARTESIAN_POINT('',(76.013490903,46.79871979,-1.614546722));
#11607=CARTESIAN_POINT('',(76.017163518,46.872748319,-1.503618982));
#11608=CARTESIAN_POINT('',(76.022127738,46.972811582,-1.261747885));
#11609=CARTESIAN_POINT('',(76.023417388,46.998806944,-1.130899694));
#11610=CARTESIAN_POINT('',(76.023417388,46.998806944,-1.));
#11611=CARTESIAN_POINT('',(75.964473787,46.000505008,-2.));
#11612=CARTESIAN_POINT('',(75.97107215,46.13123834,-2.));
#11613=CARTESIAN_POINT('',(75.977667917,46.261920234,-1.973972677));
#11614=CARTESIAN_POINT('',(75.989860102,46.503483933,-1.873786388));
#11615=CARTESIAN_POINT('',(75.995451723,46.614270693,-1.799666842));
#11616=CARTESIAN_POINT('',(76.004783217,46.799155544,-1.61454672));
#11617=CARTESIAN_POINT('',(76.008519419,46.87318089,-1.50361898));
#11618=CARTESIAN_POINT('',(76.013569587,46.973239851,-1.261747884));
#11619=CARTESIAN_POINT('',(76.014881567,46.999234096,-1.130899694));
#11620=CARTESIAN_POINT('',(76.014881567,46.999234096,-1.));
#11621=CARTESIAN_POINT('',(75.945687557,46.001469319,-2.));
#11622=CARTESIAN_POINT('',(75.952509872,46.132191155,-2.));
#11623=CARTESIAN_POINT('',(75.959329502,46.262861558,-1.973972677));
#11624=CARTESIAN_POINT('',(75.971935497,46.504404015,-1.873786388));
#11625=CARTESIAN_POINT('',(75.9777169,46.615181034,-1.799666842));
#11626=CARTESIAN_POINT('',(75.987365111,46.800049628,-1.61454672));
#11627=CARTESIAN_POINT('',(75.991228121,46.874068465,-1.50361898));
#11628=CARTESIAN_POINT('',(75.996449695,46.974118627,-1.261747884));
#11629=CARTESIAN_POINT('',(75.997806204,47.000110586,-1.130899694));
#11630=CARTESIAN_POINT('',(75.997806204,47.000110586,-1.));
#11631=CARTESIAN_POINT('',(75.936294924,46.001961204,-2.));
#11632=CARTESIAN_POINT('',(75.943088403,46.132684494,-2.));
#11633=CARTESIAN_POINT('',(75.949879209,46.26335635,-1.973972677));
#11634=CARTESIAN_POINT('',(75.96243192,46.504901493,-1.873786388));
#11635=CARTESIAN_POINT('',(75.968188887,46.615679744,-1.799666842));
#11636=CARTESIAN_POINT('',(75.977796317,46.800550393,-1.61454672));
#11637=CARTESIAN_POINT('',(75.981642999,46.874570054,-1.50361898));
#11638=CARTESIAN_POINT('',(75.986842503,46.974621328,-1.261747884));
#11639=CARTESIAN_POINT('',(75.988193278,47.000613576,-1.130899694));
#11640=CARTESIAN_POINT('',(75.988193278,47.000613576,-1.));
#11641=CARTESIAN_POINT('',(75.913297831,46.003156326,-2.));
#11642=CARTESIAN_POINT('',(75.92009131,46.133879616,-2.));
#11643=CARTESIAN_POINT('',(75.926882115,46.264551471,-1.973972677));
#11644=CARTESIAN_POINT('',(75.939434827,46.506096615,-1.873786388));
#11645=CARTESIAN_POINT('',(75.945191794,46.616874866,-1.799666842));
#11646=CARTESIAN_POINT('',(75.954799224,46.801745515,-1.61454672));
#11647=CARTESIAN_POINT('',(75.958645906,46.875765175,-1.50361898));
#11648=CARTESIAN_POINT('',(75.963845409,46.97581645,-1.261747884));
#11649=CARTESIAN_POINT('',(75.965196185,47.001808698,-1.130899694));
#11650=CARTESIAN_POINT('',(75.965196185,47.001808698,-1.));
#11651=CARTESIAN_POINT('',(75.899693557,46.003863318,-2.));
#11652=CARTESIAN_POINT('',(75.906487035,46.134586608,-2.));
#11653=CARTESIAN_POINT('',(75.913277841,46.265258464,-1.973972677));
#11654=CARTESIAN_POINT('',(75.925830552,46.506803608,-1.873786388));
#11655=CARTESIAN_POINT('',(75.93158752,46.617581858,-1.799666842));
#11656=CARTESIAN_POINT('',(75.941194949,46.802452507,-1.61454672));
#11657=CARTESIAN_POINT('',(75.945041631,46.876472168,-1.50361898));
#11658=CARTESIAN_POINT('',(75.950241135,46.976523442,-1.261747884));
#11659=CARTESIAN_POINT('',(75.95159191,47.00251569,-1.130899694));
#11660=CARTESIAN_POINT('',(75.95159191,47.00251569,-1.));
#11661=CARTESIAN_POINT('',(75.886089282,46.00457031,-2.));
#11662=CARTESIAN_POINT('',(75.892882761,46.1352936,-2.));
#11663=CARTESIAN_POINT('',(75.899673566,46.265965456,-1.973972677));
#11664=CARTESIAN_POINT('',(75.912226278,46.5075106,-1.873786388));
#11665=CARTESIAN_POINT('',(75.917983245,46.61828885,-1.799666842));
#11666=CARTESIAN_POINT('',(75.927590675,46.803159499,-1.61454672));
#11667=CARTESIAN_POINT('',(75.931437357,46.87717916,-1.50361898));
#11668=CARTESIAN_POINT('',(75.93663686,46.977230434,-1.261747884));
#11669=CARTESIAN_POINT('',(75.937987636,47.003222683,-1.130899694));
#11670=CARTESIAN_POINT('',(75.937987636,47.003222683,-1.));
#11671=B_SPLINE_SURFACE_WITH_KNOTS('',3,3,((#11251,#11252,#11253,#11254,#11255,#11256,#11257,#11258,#11259,#11260),(#11261,#11262,#11263,#11264,#11265,#11266,#11267,#11268,#11269,#11270),(#11271,#11272,#11273,#11274,#11275,#11276,#11277,#11278,#11279,#11280),(#11281,#11282,#11283,#11284,#11285,#11286,#11287,#11288,#11289,#11290),(#11291,#11292,#11293,#11294,#11295,#11296,#11297,#11298,#11299,#11300),(#11301,#11302,#11303,#11304,#11305,#11306,#11307,#11308,#11309,#11310),(#11311,#11312,#11313,#11314,#11315,#11316,#11317,#11318,#11319,#11320),(#11321,#11322,#11323,#11324,#11325,#11326,#11327,#11328,#11329,#11330),(#11331,#11332,#11333,#11334,#11335,#11336,#11337,#11338,#11339,#11340),(#11341,#11342,#11343,#11344,#11345,#11346,#11347,#11348,#11349,#11350),(#11351,#11352,#11353,#11354,#11355,#11356,#11357,#11358,#11359,#11360),(#11361,#11362,#11363,#11364,#11365,#11366,#11367,#11368,#11369,#11370),(#11371,#11372,#11373,#11374,#11375,#11376,#11377,#11378,#11379,#11380),(#11381,#11382,#11383,#11384,#11385,#11386,#11387,#11388,#11389,#11390),(#11391,#11392,#11393,#11394,#11395,#11396,#11397,#11398,#11399,#11400),(#11401,#11402,#11403,#11404,#11405,#11406,#11407,#11408,#11409,#11410),(#11411,#11412,#11413,#11414,#11415,#11416,#11417,#11418,#11419,#11420),(#11421,#11422,#11423,#11424,#11425,#11426,#11427,#11428,#11429,#11430),(#11431,#11432,#11433,#11434,#11435,#11436,#11437,#11438,#11439,#11440),(#11441,#11442,#11443,#11444,#11445,#11446,#11447,#11448,#11449,#11450),(#11451,#11452,#11453,#11454,#11455,#11456,#11457,#11458,#11459,#11460),(#11461,#11462,#11463,#11464,#11465,#11466,#11467,#11468,#11469,#11470),(#11471,#11472,#11473,#11474,#11475,#11476,#11477,#11478,#11479,#11480),(#11481,#11482,#11483,#11484,#11485,#11486,#11487,#11488,#11489,#11490),(#11491,#11492,#11493,#11494,#11495,#11496,#11497,#11498,#11499,#11500),(#11501,#11502,#11503,#11504,#11505,#11506,#11507,#11508,#11509,#11510),
(#11511,#11512,#11513,#11514,#11515,#11516,#11517,#11518,#11519,#11520),(#11521,#11522,#11523,#11524,#11525,#11526,#11527,#11528,#11529,#11530),(#11531,#11532,#11533,#11534,#11535,#11536,#11537,#11538,#11539,#11540),(#11541,#11542,#11543,#11544,#11545,#11546,#11547,#11548,#11549,#11550),(#11551,#11552,#11553,#11554,#11555,#11556,#11557,#11558,#11559,#11560),(#11561,#11562,#11563,#11564,#11565,#11566,#11567,#11568,#11569,#11570),(#11571,#11572,#11573,#11574,#11575,#11576,#11577,#11578,#11579,#11580),(#11581,#11582,#11583,#11584,#11585,#11586,#11587,#11588,#11589,#11590),(#11591,#11592,#11593,#11594,#11595,#11596,#11597,#11598,#11599,#11600),(#11601,#11602,#11603,#11604,#11605,#11606,#11607,#11608,#11609,#11610),(#11611,#11612,#11613,#11614,#11615,#11616,#11617,#11618,#11619,#11620),(#11621,#11622,#11623,#11624,#11625,#11626,#11627,#11628,#11629,#11630),(#11631,#11632,#11633,#11634,#11635,#11636,#11637,#11638,#11639,#11640),(#11641,#11642,#11643,#11644,#11645,#11646,#11647,#11648,#11649,#11650),(#11651,#11652,#11653,#11654,#11655,#11656,#11657,#11658,#11659,#11660),(#11661,#11662,#11663,#11664,#11665,#11666,#11667,#11668,#11669,#11670)),.UNSPECIFIED.,.F.,.F.,.U.,(4,2,2,2,2,2,2,2,2,2,2,2,2,2,2,2,2,2,2,2,4),(4,2,2,2,4),(0.013121316,0.013167898,0.013280263,0.013504995,0.014403923,0.014853387,0.01530285,0.016201778,0.017100705,0.017999633,0.019797488,0.020246952,0.020696416,0.021595343,0.022494271,0.022719003,0.022831368,0.022887551,0.022915643,0.022943734,0.022984421),(0.,0.25,0.5,0.75,1.),.UNSPECIFIED.);
#11672=ORIENTED_EDGE('',*,*,#9991,.T.);
#11673=ORIENTED_EDGE('',*,*,#5135,.F.);
#11674=CARTESIAN_POINT('',(76.,47.,-1.));
#11675=CARTESIAN_POINT('',(75.999999932,47.000000012,-1.066082815));
#11676=CARTESIAN_POINT('',(75.999261177,46.993543661,-1.131058481));
#11677=CARTESIAN_POINT('',(75.997813906,46.980896416,-1.194972518));
#11678=CARTESIAN_POINT('',(75.996366635,46.968249171,-1.258886555));
#11679=CARTESIAN_POINT('',(75.994175601,46.949102417,-1.322403021));
#11680=CARTESIAN_POINT('',(75.991316597,46.924118495,-1.382947518));
#11681=CARTESIAN_POINT('',(75.988457594,46.899134572,-1.443492015));
#11682=CARTESIAN_POINT('',(75.984958889,46.868560493,-1.500918406));
#11683=CARTESIAN_POINT('',(75.980826491,46.832448777,-1.555255985));
#11684=CARTESIAN_POINT('',(75.976694093,46.796337061,-1.609593564));
#11685=CARTESIAN_POINT('',(75.97188533,46.7543148,-1.661028841));
#11686=CARTESIAN_POINT('',(75.966634519,46.708429624,-1.707122623));
#11687=CARTESIAN_POINT('',(75.956132896,46.616659271,-1.799310189));
#11688=CARTESIAN_POINT('',(75.943439684,46.505737308,-1.873750481));
#11689=CARTESIAN_POINT('',(75.929754404,46.386145979,-1.923612448));
#11690=CARTESIAN_POINT('',(75.916069124,46.26655465,-1.973474416));
#11691=CARTESIAN_POINT('',(75.901113303,46.135872055,-2.));
#11692=CARTESIAN_POINT('',(75.886089282,46.00457031,-2.));
#11693=B_SPLINE_CURVE_WITH_KNOTS('',3,(#11674,#11675,#11676,#11677,#11678,#11679,#11680,#11681,#11682,#11683,#11684,#11685,#11686,#11687,#11688,#11689,#11690,#11691,#11692),.UNSPECIFIED.,.F.,.F.,(4,3,3,3,3,3,4),(0.,0.000195432,0.000390865,0.000586297,0.00078173,0.001172594,0.001563459),.UNSPECIFIED.);
#11694=EDGE_CURVE('',#4158,#5051,#11693,.T.);
#11695=ORIENTED_EDGE('',*,*,#11694,.F.);
#11696=ORIENTED_EDGE('',*,*,#4267,.T.);
#11697=EDGE_LOOP('',(#11672,#11673,#11695,#11696));
#11698=FACE_BOUND('',#11697,.T.);
#11699=ADVANCED_FACE('',(#11698),#11671,.T.);
#11700=CARTESIAN_POINT('',(67.607183078,18.291240063,-1.));
#11701=DIRECTION('',(0.,0.,-1.));
#11702=DIRECTION('',(-1.,0.,0.));
#11703=AXIS2_PLACEMENT_3D('',#11700,#11701,#11702);
#11704=TOROIDAL_SURFACE('',#11703,7.4,1.);
#11705=ORIENTED_EDGE('',*,*,#11245,.T.);
#11706=ORIENTED_EDGE('',*,*,#4972,.T.);
#11707=CARTESIAN_POINT('',(72.071542378,24.192892039,-1.));
#11708=DIRECTION('',(-0.797520537,0.603291797,0.));
#11709=DIRECTION('',(-0.603291797,-0.797520537,0.));
#11710=AXIS2_PLACEMENT_3D('',#11707,#11708,#11709);
#11711=CIRCLE('',#11710,1.);
#11712=EDGE_CURVE('',#5006,#4076,#11711,.T.);
#11713=ORIENTED_EDGE('',*,*,#11712,.F.);
#11714=ORIENTED_EDGE('',*,*,#5012,.F.);
#11715=EDGE_LOOP('',(#11705,#11706,#11713,#11714));
#11716=FACE_BOUND('',#11715,.T.);
#11717=ADVANCED_FACE('',(#11716),#11704,.T.);
#11718=CARTESIAN_POINT('',(62.99999523,40.000001193,-1.));
#11719=CARTESIAN_POINT('',(62.99999523,40.000001193,-1.130899693));
#11720=CARTESIAN_POINT('',(63.025245879,39.993690347,-1.261747883));
#11721=CARTESIAN_POINT('',(63.122442534,39.969398172,-1.503618979));
#11722=CARTESIAN_POINT('',(63.194350298,39.951426402,-1.614546718));
#11723=CARTESIAN_POINT('',(63.373946298,39.906540317,-1.799666841));
#11724=CARTESIAN_POINT('',(63.481563872,39.879643662,-1.873786387));
#11725=CARTESIAN_POINT('',(63.716217355,39.820997165,-1.973972675));
#11726=CARTESIAN_POINT('',(63.843160938,39.789270397,-1.999999999));
#11727=CARTESIAN_POINT('',(63.970154489,39.757531142,-2.));
#11728=CARTESIAN_POINT('',(63.001495387,40.005997002,-1.));
#11729=CARTESIAN_POINT('',(63.001495387,40.005997003,-1.130899693));
#11730=CARTESIAN_POINT('',(63.026744673,39.999680722,-1.261747883));
#11731=CARTESIAN_POINT('',(63.123936084,39.975367631,-1.503618979));
#11732=CARTESIAN_POINT('',(63.195839968,39.957380386,-1.614546718));
#11733=CARTESIAN_POINT('',(63.375426279,39.912455651,-1.79966684));
#11734=CARTESIAN_POINT('',(63.483038047,39.885535837,-1.873786386));
#11735=CARTESIAN_POINT('',(63.71767887,39.826838842,-1.973972675));
#11736=CARTESIAN_POINT('',(63.844615605,39.795084756,-1.999999999));
#11737=CARTESIAN_POINT('',(63.971602303,39.763318172,-2.));
#11738=CARTESIAN_POINT('',(63.003017948,40.012074905,-1.));
#11739=CARTESIAN_POINT('',(63.003017948,40.012074905,-1.130899693));
#11740=CARTESIAN_POINT('',(63.028265333,40.005751042,-1.261747883));
#11741=CARTESIAN_POINT('',(63.125449423,39.981408765,-1.503618979));
#11742=CARTESIAN_POINT('',(63.197347892,39.963399928,-1.614546718));
#11743=CARTESIAN_POINT('',(63.376920676,39.918421264,-1.79966684));
#11744=CARTESIAN_POINT('',(63.484524338,39.891469135,-1.873786386));
#11745=CARTESIAN_POINT('',(63.719147489,39.832701679,-1.973972675));
#11746=CARTESIAN_POINT('',(63.846074662,39.800909475,-1.999999999));
#11747=CARTESIAN_POINT('',(63.973051796,39.769104757,-2.));
#11748=CARTESIAN_POINT('',(63.020900844,40.083345502,-1.));
#11749=CARTESIAN_POINT('',(63.020900844,40.083345502,-1.130899693));
#11750=CARTESIAN_POINT('',(63.046118055,40.076901383,-1.261747883));
#11751=CARTESIAN_POINT('',(63.143185996,40.052096204,-1.503618979));
#11752=CARTESIAN_POINT('',(63.214998535,40.033744905,-1.614546718));
#11753=CARTESIAN_POINT('',(63.394356704,39.987910911,-1.79966684));
#11754=CARTESIAN_POINT('',(63.501831764,39.96044625,-1.873786386));
#11755=CARTESIAN_POINT('',(63.736174506,39.900561252,-1.973972675));
#11756=CARTESIAN_POINT('',(63.862949983,39.868164476,-1.999999999));
#11757=CARTESIAN_POINT('',(63.989775361,39.835754948,-2.));
#11758=CARTESIAN_POINT('',(63.037671555,40.148384848,-1.));
#11759=CARTESIAN_POINT('',(63.037671555,40.148384848,-1.130899694));
#11760=CARTESIAN_POINT('',(63.062860052,40.141829328,-1.261747884));
#11761=CARTESIAN_POINT('',(63.159817469,40.116595341,-1.503618979));
#11762=CARTESIAN_POINT('',(63.231548241,40.097926801,-1.614546718));
#11763=CARTESIAN_POINT('',(63.410702187,40.051300472,-1.799666841));
#11764=CARTESIAN_POINT('',(63.518054873,40.023361027,-1.873786387));
#11765=CARTESIAN_POINT('',(63.752130785,39.962440792,-1.973972676));
#11766=CARTESIAN_POINT('',(63.878761912,39.929483971,-1.999999999));
#11767=CARTESIAN_POINT('',(64.005442882,39.896514177,-2.));
#11768=CARTESIAN_POINT('',(63.123808176,40.473353538,-1.));
#11769=CARTESIAN_POINT('',(63.123808176,40.473353538,-1.130899694));
#11770=CARTESIAN_POINT('',(63.148846868,40.466232845,-1.261747884));
#11771=CARTESIAN_POINT('',(63.245227643,40.438823351,-1.503618979));
#11772=CARTESIAN_POINT('',(63.316531804,40.418545335,-1.614546718));
#11773=CARTESIAN_POINT('',(63.494620254,40.367899194,-1.799666841));
#11774=CARTESIAN_POINT('',(63.601334473,40.337550997,-1.873786387));
#11775=CARTESIAN_POINT('',(63.834018246,40.271378625,-1.973972676));
#11776=CARTESIAN_POINT('',(63.95989625,40.235580486,-1.999999999));
#11777=CARTESIAN_POINT('',(64.085823801,40.199768256,-2.));
#11778=CARTESIAN_POINT('',(63.199999954,40.732603701,-1.));
#11779=CARTESIAN_POINT('',(63.199999954,40.732603701,-1.130899694));
#11780=CARTESIAN_POINT('',(63.224898997,40.725004704,-1.261747884));
#11781=CARTESIAN_POINT('',(63.320742226,40.695754088,-1.50361898));
#11782=CARTESIAN_POINT('',(63.391648701,40.674113976,-1.61454672));
#11783=CARTESIAN_POINT('',(63.568743895,40.620065884,-1.799666842));
#11784=CARTESIAN_POINT('',(63.674862935,40.587679169,-1.873786388));
#11785=CARTESIAN_POINT('',(63.906248957,40.517061934,-1.973972677));
#11786=CARTESIAN_POINT('',(64.031424899,40.478859199,-2.));
#11787=CARTESIAN_POINT('',(64.156650112,40.440641427,-2.));
#11788=CARTESIAN_POINT('',(63.36939406,41.249401484,-1.));
#11789=CARTESIAN_POINT('',(63.36939406,41.249401484,-1.130899694));
#11790=CARTESIAN_POINT('',(63.393960234,41.240786951,-1.261747884));
#11791=CARTESIAN_POINT('',(63.488522159,41.207627256,-1.50361898));
#11792=CARTESIAN_POINT('',(63.558480703,41.183095141,-1.61454672));
#11793=CARTESIAN_POINT('',(63.733208358,41.121824015,-1.799666842));
#11794=CARTESIAN_POINT('',(63.837908719,41.08510911,-1.873786388));
#11795=CARTESIAN_POINT('',(64.066201401,41.005054526,-1.973972677));
#11796=CARTESIAN_POINT('',(64.189703898,40.961746343,-2.));
#11797=CARTESIAN_POINT('',(64.313255007,40.918421114,-2.));
#11798=CARTESIAN_POINT('',(63.462870193,41.507577802,-1.));
#11799=CARTESIAN_POINT('',(63.462870193,41.507577802,-1.130899694));
#11800=CARTESIAN_POINT('',(63.487242523,41.4984245,-1.261747884));
#11801=CARTESIAN_POINT('',(63.581058291,41.463190936,-1.50361898));
#11802=CARTESIAN_POINT('',(63.650464816,41.437124538,-1.61454672));
#11803=CARTESIAN_POINT('',(63.823813751,41.372021401,-1.799666842));
#11804=CARTESIAN_POINT('',(63.927687957,41.333010279,-1.873786388));
#11805=CARTESIAN_POINT('',(64.154179256,41.247948932,-1.973972677));
#11806=CARTESIAN_POINT('',(64.276707235,41.201932176,-2.));
#11807=CARTESIAN_POINT('',(64.399283443,41.155897307,-2.));
#11808=CARTESIAN_POINT('',(63.667982456,42.017131983,-1.));
#11809=CARTESIAN_POINT('',(63.667982456,42.017131983,-1.130899694));
#11810=CARTESIAN_POINT('',(63.691899362,42.006847284,-1.261747884));
#11811=CARTESIAN_POINT('',(63.783962077,41.967258665,-1.50361898));
#11812=CARTESIAN_POINT('',(63.852071663,41.93797032,-1.61454672));
#11813=CARTESIAN_POINT('',(64.022181379,41.864820089,-1.799666842));
#11814=CARTESIAN_POINT('',(64.124114578,41.820986984,-1.873786388));
#11815=CARTESIAN_POINT('',(64.346373633,41.725411601,-1.973972677));
#11816=CARTESIAN_POINT('',(64.46661204,41.673706928,-2.));
#11817=CARTESIAN_POINT('',(64.586897773,41.621981903,-2.));
#11818=CARTESIAN_POINT('',(63.779667989,42.268805308,-1.));
#11819=CARTESIAN_POINT('',(63.779667989,42.268805308,-1.130899694));
#11820=CARTESIAN_POINT('',(63.803323248,42.257927481,-1.261747884));
#11821=CARTESIAN_POINT('',(63.89437881,42.216055752,-1.50361898));
#11822=CARTESIAN_POINT('',(63.961743287,42.185078323,-1.61454672));
#11823=CARTESIAN_POINT('',(64.129992028,42.107709455,-1.799666842));
#11824=CARTESIAN_POINT('',(64.230810093,42.061348457,-1.873786388));
#11825=CARTESIAN_POINT('',(64.450637666,41.960261159,-1.973972677));
#11826=CARTESIAN_POINT('',(64.569560682,41.905574633,-2.));
#11827=CARTESIAN_POINT('',(64.688530507,41.850866582,-2.));
#11828=CARTESIAN_POINT('',(64.14604075,43.0128824,-1.));
#11829=CARTESIAN_POINT('',(64.14604075,43.0128824,-1.130899694));
#11830=CARTESIAN_POINT('',(64.168780927,43.000146108,-1.261747884));
#11831=CARTESIAN_POINT('',(64.25631409,42.951120634,-1.50361898));
#11832=CARTESIAN_POINT('',(64.321072634,42.914850741,-1.61454672));
#11833=CARTESIAN_POINT('',(64.482812829,42.824263477,-1.799666842));
#11834=CARTESIAN_POINT('',(64.57973084,42.769981748,-1.873786388));
#11835=CARTESIAN_POINT('',(64.791054588,42.651623784,-1.973972677));
#11836=CARTESIAN_POINT('',(64.905377178,42.587594118,-2.));
#11837=CARTESIAN_POINT('',(65.019744766,42.523539249,-2.));
#11838=CARTESIAN_POINT('',(64.431805938,43.494700032,-1.));
#11839=CARTESIAN_POINT('',(64.431805934,43.494700023,-1.13089962));
#11840=CARTESIAN_POINT('',(64.453761618,43.480613798,-1.261747737));
#11841=CARTESIAN_POINT('',(64.538275068,43.426392075,-1.50361872));
#11842=CARTESIAN_POINT('',(64.600799581,43.386277911,-1.614546419));
#11843=CARTESIAN_POINT('',(64.756960097,43.286089239,-1.799666519));
#11844=CARTESIAN_POINT('',(64.850534658,43.226054149,-1.873786083));
#11845=CARTESIAN_POINT('',(65.054568245,43.095151328,-1.973972475));
#11846=CARTESIAN_POINT('',(65.164946992,43.0243351,-1.999999884));
#11847=CARTESIAN_POINT('',(65.275369206,42.953490987,-2.));
#11848=CARTESIAN_POINT('',(64.942790433,44.184641454,-1.));
#11849=CARTESIAN_POINT('',(64.94279042,44.184641438,-1.130899621));
#11850=CARTESIAN_POINT('',(64.963186011,44.168448743,-1.26174774));
#11851=CARTESIAN_POINT('',(65.04169425,44.10611866,-1.503618723));
#11852=CARTESIAN_POINT('',(65.099776008,44.060005797,-1.614546424));
#11853=CARTESIAN_POINT('',(65.244840357,43.944834845,-1.799666524));
#11854=CARTESIAN_POINT('',(65.331765871,43.875822071,-1.873786088));
#11855=CARTESIAN_POINT('',(65.521301622,43.725343963,-1.973972478));
#11856=CARTESIAN_POINT('',(65.623837285,43.643937837,-1.999999886));
#11857=CARTESIAN_POINT('',(65.726413327,43.562499656,-2.));
#11858=CARTESIAN_POINT('',(65.124661136,44.405876012,-1.));
#11859=CARTESIAN_POINT('',(65.124661236,44.405876127,-1.130898942));
#11860=CARTESIAN_POINT('',(65.144479577,44.388979175,-1.261746382));
#11861=CARTESIAN_POINT('',(65.220765627,44.323937928,-1.503616315));
#11862=CARTESIAN_POINT('',(65.277203322,44.275819224,-1.614543645));
#11863=CARTESIAN_POINT('',(65.418161495,44.155638329,-1.799663539));
#11864=CARTESIAN_POINT('',(65.502626514,44.083623425,-1.873783269));
#11865=CARTESIAN_POINT('',(65.68679745,43.926599127,-1.973970618));
#11866=CARTESIAN_POINT('',(65.786430906,43.841651515,-1.999998819));
#11867=CARTESIAN_POINT('',(65.886103736,43.756670292,-2.));
#11868=CARTESIAN_POINT('',(65.509919449,44.826300142,-1.));
#11869=CARTESIAN_POINT('',(65.509919497,44.826300189,-1.130898937));
#11870=CARTESIAN_POINT('',(65.528479125,44.80802962,-1.261746373));
#11871=CARTESIAN_POINT('',(65.599920148,44.737701076,-1.503616298));
#11872=CARTESIAN_POINT('',(65.652773434,44.685670772,-1.614543625));
#11873=CARTESIAN_POINT('',(65.784779258,44.555720352,-1.799663517));
#11874=CARTESIAN_POINT('',(65.86387986,44.477851365,-1.873783248));
#11875=CARTESIAN_POINT('',(66.036354026,44.308062617,-1.973970605));
#11876=CARTESIAN_POINT('',(66.129659732,44.216209659,-1.999998811));
#11877=CARTESIAN_POINT('',(66.223002321,44.124320372,-2.));
#11878=CARTESIAN_POINT('',(65.713629964,45.025913588,-1.));
#11879=CARTESIAN_POINT('',(65.713629986,45.025913606,-1.130898767));
#11880=CARTESIAN_POINT('',(65.73150702,45.006973,-1.261746032));
#11881=CARTESIAN_POINT('',(65.80032061,44.934065353,-1.503615693));
#11882=CARTESIAN_POINT('',(65.851230091,44.880126996,-1.614542927));
#11883=CARTESIAN_POINT('',(65.978381127,44.745411039,-1.799662768));
#11884=CARTESIAN_POINT('',(66.054572655,44.664686441,-1.873782541));
#11885=CARTESIAN_POINT('',(66.220703817,44.48867117,-1.973970138));
#11886=CARTESIAN_POINT('',(66.310578086,44.393449749,-1.999998544));
#11887=CARTESIAN_POINT('',(66.400487924,44.298190634,-2.));
#11888=CARTESIAN_POINT('',(66.143011213,45.402076041,-1.));
#11889=CARTESIAN_POINT('',(66.143011152,45.402075989,-1.130898768));
#11890=CARTESIAN_POINT('',(66.159435281,45.381862556,-1.261746034));
#11891=CARTESIAN_POINT('',(66.222656402,45.304055581,-1.503615698));
#11892=CARTESIAN_POINT('',(66.269428521,45.246492652,-1.614542932));
#11893=CARTESIAN_POINT('',(66.386246176,45.102724048,-1.799662773));
#11894=CARTESIAN_POINT('',(66.456245752,45.016574936,-1.873782546));
#11895=CARTESIAN_POINT('',(66.608875761,44.828731863,-1.973970141));
#11896=CARTESIAN_POINT('',(66.691446143,44.727111806,-1.999998545));
#11897=CARTESIAN_POINT('',(66.774049219,44.625451538,-2.));
#11898=CARTESIAN_POINT('',(66.36867787,45.578614327,-1.));
#11899=CARTESIAN_POINT('',(66.368677846,45.578614308,-1.130899485));
#11900=CARTESIAN_POINT('',(66.384332009,45.557798229,-1.261747466));
#11901=CARTESIAN_POINT('',(66.44458922,45.477671474,-1.503618238));
#11902=CARTESIAN_POINT('',(66.48916856,45.418392323,-1.614545863));
#11903=CARTESIAN_POINT('',(66.600509446,45.270337383,-1.799665922));
#11904=CARTESIAN_POINT('',(66.667227184,45.181619847,-1.873785519));
#11905=CARTESIAN_POINT('',(66.812701157,44.988176673,-1.973972103));
#11906=CARTESIAN_POINT('',(66.891400154,44.883527148,-1.999999671));
#11907=CARTESIAN_POINT('',(66.970130172,44.778836383,-2.));
#11908=CARTESIAN_POINT('',(66.84117694,45.907074972,-1.));
#11909=CARTESIAN_POINT('',(66.841176894,45.907074942,-1.130899487));
#11910=CARTESIAN_POINT('',(66.855234842,45.885149246,-1.26174747));
#11911=CARTESIAN_POINT('',(66.909347825,45.800751296,-1.503618245));
#11912=CARTESIAN_POINT('',(66.949381571,45.738312247,-1.614545872));
#11913=CARTESIAN_POINT('',(67.049369445,45.582365189,-1.799665931));
#11914=CARTESIAN_POINT('',(67.109284233,45.488918537,-1.873785528));
#11915=CARTESIAN_POINT('',(67.239924797,45.285163823,-1.973972109));
#11916=CARTESIAN_POINT('',(67.310599173,45.174935928,-1.999999674));
#11917=CARTESIAN_POINT('',(67.381301411,45.064664599,-2.));
#11918=CARTESIAN_POINT('',(67.089028976,46.059478657,-1.));
#11919=CARTESIAN_POINT('',(67.089028976,46.059478657,-1.130899694));
#11920=CARTESIAN_POINT('',(67.102258021,46.037044368,-1.261747884));
#11921=CARTESIAN_POINT('',(67.153180232,45.95068865,-1.50361898));
#11922=CARTESIAN_POINT('',(67.190853364,45.886801199,-1.61454672));
#11923=CARTESIAN_POINT('',(67.284945342,45.727236638,-1.799666842));
#11924=CARTESIAN_POINT('',(67.341327168,45.631622311,-1.873786388));
#11925=CARTESIAN_POINT('',(67.464264262,45.423141166,-1.973972677));
#11926=CARTESIAN_POINT('',(67.53077116,45.310356377,-2.));
#11927=CARTESIAN_POINT('',(67.597304236,45.197527194,-2.));
#11928=CARTESIAN_POINT('',(67.851860862,46.472953152,-1.));
#11929=CARTESIAN_POINT('',(67.851860862,46.472953152,-1.130899694));
#11930=CARTESIAN_POINT('',(67.862610954,46.449175206,-1.261747884));
#11931=CARTESIAN_POINT('',(67.903990999,46.357647389,-1.50361898));
#11932=CARTESIAN_POINT('',(67.934604671,46.289933529,-1.61454672));
#11933=CARTESIAN_POINT('',(68.011065024,46.120812175,-1.799666842));
#11934=CARTESIAN_POINT('',(68.056881622,46.019471223,-1.873786388));
#11935=CARTESIAN_POINT('',(68.156781889,45.798503525,-1.973972677));
#11936=CARTESIAN_POINT('',(68.210826251,45.678963721,-2.));
#11937=CARTESIAN_POINT('',(68.264891885,45.559376864,-2.));
#11938=CARTESIAN_POINT('',(68.377828236,46.68702308,-1.));
#11939=CARTESIAN_POINT('',(68.377828236,46.68702308,-1.130899694));
#11940=CARTESIAN_POINT('',(68.386969387,46.66260493,-1.261747884));
#11941=CARTESIAN_POINT('',(68.422156177,46.568612788,-1.50361898));
#11942=CARTESIAN_POINT('',(68.448187972,46.499075779,-1.61454672));
#11943=CARTESIAN_POINT('',(68.513204683,46.325400948,-1.799666842));
#11944=CARTESIAN_POINT('',(68.552164017,46.221331459,-1.873786388));
#11945=CARTESIAN_POINT('',(68.637112443,45.994414357,-1.973972677));
#11946=CARTESIAN_POINT('',(68.683068112,45.871656025,-2.));
#11947=CARTESIAN_POINT('',(68.729041869,45.748849374,-2.));
#11948=CARTESIAN_POINT('',(69.449113422,47.017167324,-1.));
#11949=CARTESIAN_POINT('',(69.449113422,47.017167324,-1.130899694));
#11950=CARTESIAN_POINT('',(69.45530278,46.991839502,-1.261747884));
#11951=CARTESIAN_POINT('',(69.47912731,46.894345786,-1.50361898));
#11952=CARTESIAN_POINT('',(69.496753109,46.822218252,-1.61454672));
#11953=CARTESIAN_POINT('',(69.540775101,46.642073355,-1.799666842));
#11954=CARTESIAN_POINT('',(69.567153973,46.534126872,-1.873786388));
#11955=CARTESIAN_POINT('',(69.624671477,46.298756221,-1.973972677));
#11956=CARTESIAN_POINT('',(69.655787479,46.171424662,-2.));
#11957=CARTESIAN_POINT('',(69.686915728,46.044042984,-2.));
#11958=CARTESIAN_POINT('',(69.99803401,47.133540612,-1.));
#11959=CARTESIAN_POINT('',(69.99803401,47.133540612,-1.130899694));
#11960=CARTESIAN_POINT('',(70.002870754,47.107938605,-1.261747884));
#11961=CARTESIAN_POINT('',(70.021488705,47.009389475,-1.50361898));
#11962=CARTESIAN_POINT('',(70.035262587,46.936481128,-1.614546719));
#11963=CARTESIAN_POINT('',(70.069664076,46.75438608,-1.799666842));
#11964=CARTESIAN_POINT('',(70.090278147,46.645271026,-1.873786388));
#11965=CARTESIAN_POINT('',(70.135225858,46.407352381,-1.973972676));
#11966=CARTESIAN_POINT('',(70.159541813,46.278642399,-2.));
#11967=CARTESIAN_POINT('',(70.183867339,46.149881756,-2.));
#11968=CARTESIAN_POINT('',(71.080510002,47.286882513,-1.));
#11969=CARTESIAN_POINT('',(71.080510002,47.286882513,-1.130899694));
#11970=CARTESIAN_POINT('',(71.082974348,47.260944435,-1.261747884));
#11971=CARTESIAN_POINT('',(71.092460288,47.161101679,-1.50361898));
#11972=CARTESIAN_POINT('',(71.099478151,47.087236284,-1.614546719));
#11973=CARTESIAN_POINT('',(71.117005884,46.902750926,-1.799666842));
#11974=CARTESIAN_POINT('',(71.127508857,46.792203549,-1.873786388));
#11975=CARTESIAN_POINT('',(71.150409944,46.551161813,-1.973972676));
#11976=CARTESIAN_POINT('',(71.162799046,46.420762291,-2.));
#11977=CARTESIAN_POINT('',(71.175193025,46.290311443,-2.));
#11978=CARTESIAN_POINT('',(71.61747295,47.325300176,-1.));
#11979=CARTESIAN_POINT('',(71.61747295,47.325300176,-1.130899693));
#11980=CARTESIAN_POINT('',(71.618903635,47.299295993,-1.261747883));
#11981=CARTESIAN_POINT('',(71.624410733,47.199198779,-1.503618978));
#11982=CARTESIAN_POINT('',(71.628484979,47.125145131,-1.614546717));
#11983=CARTESIAN_POINT('',(71.63866077,46.940189595,-1.799666839));
#11984=CARTESIAN_POINT('',(71.64475831,46.829360479,-1.873786385));
#11985=CARTESIAN_POINT('',(71.658053621,46.587704425,-1.973972675));
#11986=CARTESIAN_POINT('',(71.665246161,46.456972569,-1.999999999));
#11987=CARTESIAN_POINT('',(71.672441531,46.326189255,-2.));
#11988=CARTESIAN_POINT('',(72.684909034,47.346335174,-1.));
#11989=CARTESIAN_POINT('',(72.684909034,47.346335174,-1.130899693));
#11990=CARTESIAN_POINT('',(72.684503943,47.320294815,-1.261747883));
#11991=CARTESIAN_POINT('',(72.682944638,47.220058349,-1.503618978));
#11992=CARTESIAN_POINT('',(72.681791037,47.145901681,-1.614546717));
#11993=CARTESIAN_POINT('',(72.678909817,46.960688842,-1.799666839));
#11994=CARTESIAN_POINT('',(72.677183332,46.849705545,-1.873786385));
#11995=CARTESIAN_POINT('',(72.673418836,46.607713309,-1.973972675));
#11996=CARTESIAN_POINT('',(72.671382308,46.476799584,-1.999999999));
#11997=CARTESIAN_POINT('',(72.669344978,46.34583433,-2.));
#11998=CARTESIAN_POINT('',(73.215406335,47.328791319,-1.));
#11999=CARTESIAN_POINT('',(73.215406335,47.328791319,-1.130899694));
#12000=CARTESIAN_POINT('',(73.21419864,47.302782058,-1.261747884));
#12001=CARTESIAN_POINT('',(73.209549891,47.202665298,-1.50361898));
#12002=CARTESIAN_POINT('',(73.206110667,47.12859719,-1.61454672));
#12003=CARTESIAN_POINT('',(73.197520899,46.943605538,-1.799666842));
#12004=CARTESIAN_POINT('',(73.192373736,46.832754781,-1.873786388));
#12005=CARTESIAN_POINT('',(73.181150664,46.59105154,-1.973972677));
#12006=CARTESIAN_POINT('',(73.175079171,46.460294156,-2.));
#12007=CARTESIAN_POINT('',(73.169005288,46.329485305,-2.));
#12008=CARTESIAN_POINT('',(74.007726846,47.270003139,-1.));
#12009=CARTESIAN_POINT('',(74.007726846,47.270003139,-1.130899694));
#12010=CARTESIAN_POINT('',(74.005441892,47.244073808,-1.261747884));
#12011=CARTESIAN_POINT('',(73.996646478,47.14426472,-1.50361898));
#12012=CARTESIAN_POINT('',(73.99013948,47.070424233,-1.61454672));
#12013=CARTESIAN_POINT('',(73.973887675,46.886001085,-1.799666842));
#12014=CARTESIAN_POINT('',(73.964149264,46.775490987,-1.873786388));
#12015=CARTESIAN_POINT('',(73.942915258,46.534530532,-1.973972677));
#12016=CARTESIAN_POINT('',(73.931428018,46.404174983,-2.));
#12017=CARTESIAN_POINT('',(73.919936257,46.273768124,-2.));
#12018=CARTESIAN_POINT('',(74.271087497,47.244946682,-1.));
#12019=CARTESIAN_POINT('',(74.271087497,47.244946682,-1.130899694));
#12020=CARTESIAN_POINT('',(74.268464987,47.219049842,-1.261747884));
#12021=CARTESIAN_POINT('',(74.258370227,47.11936582,-1.50361898));
#12022=CARTESIAN_POINT('',(74.25090195,47.045617859,-1.61454672));
#12023=CARTESIAN_POINT('',(74.232249266,46.861425803,-1.799666842));
#12024=CARTESIAN_POINT('',(74.221072199,46.75105418,-1.873786388));
#12025=CARTESIAN_POINT('',(74.196701294,46.510395662,-1.973972677));
#12026=CARTESIAN_POINT('',(74.183517045,46.380203455,-2.));
#12027=CARTESIAN_POINT('',(74.170327606,46.249960004,-2.));
#12028=CARTESIAN_POINT('',(74.794056395,47.185485554,-1.));
#12029=CARTESIAN_POINT('',(74.794056395,47.185485554,-1.130899694));
#12030=CARTESIAN_POINT('',(74.790798225,47.159660988,-1.261747884));
#12031=CARTESIAN_POINT('',(74.778256635,47.060255168,-1.50361898));
#12032=CARTESIAN_POINT('',(74.76897815,46.986713027,-1.61454672));
#12033=CARTESIAN_POINT('',(74.745804314,46.803035022,-1.799666842));
#12034=CARTESIAN_POINT('',(74.731918081,46.692971429,-1.873786388));
#12035=CARTESIAN_POINT('',(74.701640005,46.452984551,-1.973972677));
#12036=CARTESIAN_POINT('',(74.685260075,46.323155691,-2.));
#12037=CARTESIAN_POINT('',(74.668873699,46.193275728,-2.));
#12038=CARTESIAN_POINT('',(75.054037457,47.151053796,-1.));
#12039=CARTESIAN_POINT('',(75.054037457,47.151053796,-1.130899694));
#12040=CARTESIAN_POINT('',(75.050480672,47.125269065,-1.261747884));
#12041=CARTESIAN_POINT('',(75.036789632,47.02601658,-1.50361898));
#12042=CARTESIAN_POINT('',(75.026660764,46.952587878,-1.61454672));
#12043=CARTESIAN_POINT('',(75.00136302,46.769193199,-1.799666842));
#12044=CARTESIAN_POINT('',(74.986204098,46.65929938,-1.873786388));
#12045=CARTESIAN_POINT('',(74.953151004,46.419682684,-1.973972677));
#12046=CARTESIAN_POINT('',(74.935269836,46.290054086,-2.));
#12047=CARTESIAN_POINT('',(74.91738163,46.160374465,-2.));
#12048=CARTESIAN_POINT('',(75.442053352,47.093185977,-1.));
#12049=CARTESIAN_POINT('',(75.442053352,47.093185977,-1.130899694));
#12050=CARTESIAN_POINT('',(75.438072952,47.067464423,-1.261747884));
#12051=CARTESIAN_POINT('',(75.422751301,46.968455123,-1.50361898));
#12052=CARTESIAN_POINT('',(75.411416079,46.895206334,-1.61454672));
#12053=CARTESIAN_POINT('',(75.383105359,46.712261003,-1.799666842));
#12054=CARTESIAN_POINT('',(75.366141001,46.602636443,-1.873786388));
#12055=CARTESIAN_POINT('',(75.329151263,46.363606849,-1.973972677));
#12056=CARTESIAN_POINT('',(75.309140438,46.234295864,-2.));
#12057=CARTESIAN_POINT('',(75.289121736,46.10493398,-2.));
#12058=CARTESIAN_POINT('',(75.571070289,47.07285733,-1.));
#12059=CARTESIAN_POINT('',(75.571070293,47.07285733,-1.130899373));
#12060=CARTESIAN_POINT('',(75.566952645,47.047157561,-1.261747243));
#12061=CARTESIAN_POINT('',(75.551102681,46.948232104,-1.503617843));
#12062=CARTESIAN_POINT('',(75.539376602,46.875045338,-1.614545408));
#12063=CARTESIAN_POINT('',(75.510089668,46.692254856,-1.799665433));
#12064=CARTESIAN_POINT('',(75.492540337,46.582723059,-1.873785057));
#12065=CARTESIAN_POINT('',(75.454275082,46.343895612,-1.973971798));
#12066=CARTESIAN_POINT('',(75.433574214,46.214693928,-1.999999496));
#12067=CARTESIAN_POINT('',(75.412865181,46.08544129,-2.));
#12068=CARTESIAN_POINT('',(75.764130573,47.040896243,-1.));
#12069=CARTESIAN_POINT('',(75.764130573,47.040896243,-1.130899373));
#12070=CARTESIAN_POINT('',(75.759812815,47.015229603,-1.261747243));
#12071=CARTESIAN_POINT('',(75.743192583,46.916431667,-1.503617843));
#12072=CARTESIAN_POINT('',(75.730896648,46.843339243,-1.614545408));
#12073=CARTESIAN_POINT('',(75.700186452,46.660784389,-1.799665433));
#12074=CARTESIAN_POINT('',(75.681784274,46.551393785,-1.873785057));
#12075=CARTESIAN_POINT('',(75.64165944,46.312874199,-1.973971798));
#12076=CARTESIAN_POINT('',(75.619952571,46.183839063,-1.999999496));
#12077=CARTESIAN_POINT('',(75.598237141,46.054753039,-2.));
#12078=CARTESIAN_POINT('',(75.828403553,47.02999832,-1.));
#12079=CARTESIAN_POINT('',(75.828403553,47.02999832,-1.130899644));
#12080=CARTESIAN_POINT('',(75.824020118,47.004342709,-1.261747785));
#12081=CARTESIAN_POINT('',(75.807147078,46.905587242,-1.503618805));
#12082=CARTESIAN_POINT('',(75.794664112,46.832526241,-1.614546518));
#12083=CARTESIAN_POINT('',(75.763486798,46.650049919,-1.799666625));
#12084=CARTESIAN_POINT('',(75.744804717,46.540706395,-1.873786183));
#12085=CARTESIAN_POINT('',(75.70406959,46.302289565,-1.973972541));
#12086=CARTESIAN_POINT('',(75.68203257,46.173310066,-1.999999922));
#12087=CARTESIAN_POINT('',(75.659986874,46.044279783,-2.));
#12088=CARTESIAN_POINT('',(75.924708462,47.013293217,-1.));
#12089=CARTESIAN_POINT('',(75.924708462,47.013293217,-1.130899644));
#12090=CARTESIAN_POINT('',(75.920227724,46.987654485,-1.261747785));
#12091=CARTESIAN_POINT('',(75.902980137,46.888963987,-1.503618805));
#12092=CARTESIAN_POINT('',(75.890220075,46.815951052,-1.614546518));
#12093=CARTESIAN_POINT('',(75.858350689,46.633594778,-1.799666625));
#12094=CARTESIAN_POINT('',(75.839253906,46.524323189,-1.873786183));
#12095=CARTESIAN_POINT('',(75.797614543,46.286063208,-1.973972541));
#12096=CARTESIAN_POINT('',(75.775088347,46.157168562,-1.999999922));
#12097=CARTESIAN_POINT('',(75.752553283,46.028223166,-2.));
#12098=CARTESIAN_POINT('',(75.95679089,47.007665453,-1.));
#12099=CARTESIAN_POINT('',(75.95679089,47.007665453,-1.130899693));
#12100=CARTESIAN_POINT('',(75.952277958,46.982032348,-1.261747883));
#12101=CARTESIAN_POINT('',(75.934906451,46.883363515,-1.503618978));
#12102=CARTESIAN_POINT('',(75.92205471,46.810366609,-1.614546718));
#12103=CARTESIAN_POINT('',(75.889956349,46.628050379,-1.79966684));
#12104=CARTESIAN_POINT('',(75.870722359,46.518802788,-1.873786386));
#12105=CARTESIAN_POINT('',(75.828783829,46.280595154,-1.973972675));
#12106=CARTESIAN_POINT('',(75.806095791,46.151728834,-1.999999999));
#12107=CARTESIAN_POINT('',(75.783398823,46.022811791,-2.));
#12108=CARTESIAN_POINT('',(76.004888413,46.999135552,-1.));
#12109=CARTESIAN_POINT('',(76.004888413,46.999135552,-1.130899693));
#12110=CARTESIAN_POINT('',(76.000327497,46.973510957,-1.261747883));
#12111=CARTESIAN_POINT('',(75.982771283,46.874874881,-1.503618978));
#12112=CARTESIAN_POINT('',(75.969782893,46.801902209,-1.614546718));
#12113=CARTESIAN_POINT('',(75.937343241,46.619646506,-1.79966684));
#12114=CARTESIAN_POINT('',(75.917904741,46.510435184,-1.873786386));
#12115=CARTESIAN_POINT('',(75.875520292,46.272306632,-1.973972675));
#12116=CARTESIAN_POINT('',(75.852591019,46.143483094,-1.999999999));
#12117=CARTESIAN_POINT('',(75.82965272,46.01460885,-2.));
#12118=CARTESIAN_POINT('',(76.020116824,46.996423367,-1.));
#12119=CARTESIAN_POINT('',(76.020116824,46.996423367,-1.130899694));
#12120=CARTESIAN_POINT('',(76.015560793,46.970797908,-1.261747884));
#12121=CARTESIAN_POINT('',(75.998023384,46.872158506,-1.50361898));
#12122=CARTESIAN_POINT('',(75.985048906,46.799183373,-1.61454672));
#12123=CARTESIAN_POINT('',(75.952644,46.616921523,-1.799666842));
#12124=CARTESIAN_POINT('',(75.933226321,46.507706519,-1.873786388));
#12125=CARTESIAN_POINT('',(75.890887271,46.269569937,-1.973972677));
#12126=CARTESIAN_POINT('',(75.867982557,46.140742055,-2.));
#12127=CARTESIAN_POINT('',(75.845068828,46.011863465,-2.));
#12128=CARTESIAN_POINT('',(76.044068203,46.992164976,-1.));
#12129=CARTESIAN_POINT('',(76.044068203,46.992164976,-1.130899694));
#12130=CARTESIAN_POINT('',(76.039512172,46.966539517,-1.261747884));
#12131=CARTESIAN_POINT('',(76.021974764,46.867900115,-1.50361898));
#12132=CARTESIAN_POINT('',(76.009000286,46.794924982,-1.61454672));
#12133=CARTESIAN_POINT('',(75.976595379,46.612663132,-1.799666842));
#12134=CARTESIAN_POINT('',(75.957177701,46.503448128,-1.873786388));
#12135=CARTESIAN_POINT('',(75.91483865,46.265311546,-1.973972677));
#12136=CARTESIAN_POINT('',(75.891933937,46.136483664,-2.));
#12137=CARTESIAN_POINT('',(75.869020208,46.007605074,-2.));
#12138=CARTESIAN_POINT('',(76.05260274,46.990647594,-1.));
#12139=CARTESIAN_POINT('',(76.05260274,46.990647594,-1.130899694));
#12140=CARTESIAN_POINT('',(76.04804671,46.965022135,-1.261747884));
#12141=CARTESIAN_POINT('',(76.030509301,46.866382733,-1.50361898));
#12142=CARTESIAN_POINT('',(76.017534823,46.7934076,-1.61454672));
#12143=CARTESIAN_POINT('',(75.985129916,46.61114575,-1.799666842));
#12144=CARTESIAN_POINT('',(75.965712238,46.501930746,-1.873786388));
#12145=CARTESIAN_POINT('',(75.923373187,46.263794164,-1.973972677));
#12146=CARTESIAN_POINT('',(75.900468474,46.134966282,-2.));
#12147=CARTESIAN_POINT('',(75.877554745,46.006087692,-2.));
#12148=CARTESIAN_POINT('',(76.061137278,46.989130211,-1.));
#12149=CARTESIAN_POINT('',(76.061137278,46.989130211,-1.130899694));
#12150=CARTESIAN_POINT('',(76.056581247,46.963504753,-1.261747884));
#12151=CARTESIAN_POINT('',(76.039043838,46.86486535,-1.50361898));
#12152=CARTESIAN_POINT('',(76.02606936,46.791890218,-1.61454672));
#12153=CARTESIAN_POINT('',(75.993664454,46.609628368,-1.799666842));
#12154=CARTESIAN_POINT('',(75.974246775,46.500413364,-1.873786388));
#12155=CARTESIAN_POINT('',(75.931907725,46.262276781,-1.973972677));
#12156=CARTESIAN_POINT('',(75.909003011,46.1334489,-2.));
#12157=CARTESIAN_POINT('',(75.886089282,46.00457031,-2.));
#12158=B_SPLINE_SURFACE_WITH_KNOTS('',3,3,((#11718,#11719,#11720,#11721,#11722,#11723,#11724,#11725,#11726,#11727),(#11728,#11729,#11730,#11731,#11732,#11733,#11734,#11735,#11736,#11737),(#11738,#11739,#11740,#11741,#11742,#11743,#11744,#11745,#11746,#11747),(#11748,#11749,#11750,#11751,#11752,#11753,#11754,#11755,#11756,#11757),(#11758,#11759,#11760,#11761,#11762,#11763,#11764,#11765,#11766,#11767),(#11768,#11769,#11770,#11771,#11772,#11773,#11774,#11775,#11776,#11777),(#11778,#11779,#11780,#11781,#11782,#11783,#11784,#11785,#11786,#11787),(#11788,#11789,#11790,#11791,#11792,#11793,#11794,#11795,#11796,#11797),(#11798,#11799,#11800,#11801,#11802,#11803,#11804,#11805,#11806,#11807),(#11808,#11809,#11810,#11811,#11812,#11813,#11814,#11815,#11816,#11817),(#11818,#11819,#11820,#11821,#11822,#11823,#11824,#11825,#11826,#11827),(#11828,#11829,#11830,#11831,#11832,#11833,#11834,#11835,#11836,#11837),(#11838,#11839,#11840,#11841,#11842,#11843,#11844,#11845,#11846,#11847),(#11848,#11849,#11850,#11851,#11852,#11853,#11854,#11855,#11856,#11857),(#11858,#11859,#11860,#11861,#11862,#11863,#11864,#11865,#11866,#11867),(#11868,#11869,#11870,#11871,#11872,#11873,#11874,#11875,#11876,#11877),(#11878,#11879,#11880,#11881,#11882,#11883,#11884,#11885,#11886,#11887),(#11888,#11889,#11890,#11891,#11892,#11893,#11894,#11895,#11896,#11897),(#11898,#11899,#11900,#11901,#11902,#11903,#11904,#11905,#11906,#11907),(#11908,#11909,#11910,#11911,#11912,#11913,#11914,#11915,#11916,#11917),(#11918,#11919,#11920,#11921,#11922,#11923,#11924,#11925,#11926,#11927),(#11928,#11929,#11930,#11931,#11932,#11933,#11934,#11935,#11936,#11937),(#11938,#11939,#11940,#11941,#11942,#11943,#11944,#11945,#11946,#11947),(#11948,#11949,#11950,#11951,#11952,#11953,#11954,#11955,#11956,#11957),(#11958,#11959,#11960,#11961,#11962,#11963,#11964,#11965,#11966,#11967),(#11968,#11969,#11970,#11971,#11972,#11973,#11974,#11975,#11976,#11977),
(#11978,#11979,#11980,#11981,#11982,#11983,#11984,#11985,#11986,#11987),(#11988,#11989,#11990,#11991,#11992,#11993,#11994,#11995,#11996,#11997),(#11998,#11999,#12000,#12001,#12002,#12003,#12004,#12005,#12006,#12007),(#12008,#12009,#12010,#12011,#12012,#12013,#12014,#12015,#12016,#12017),(#12018,#12019,#12020,#12021,#12022,#12023,#12024,#12025,#12026,#12027),(#12028,#12029,#12030,#12031,#12032,#12033,#12034,#12035,#12036,#12037),(#12038,#12039,#12040,#12041,#12042,#12043,#12044,#12045,#12046,#12047),(#12048,#12049,#12050,#12051,#12052,#12053,#12054,#12055,#12056,#12057),(#12058,#12059,#12060,#12061,#12062,#12063,#12064,#12065,#12066,#12067),(#12068,#12069,#12070,#12071,#12072,#12073,#12074,#12075,#12076,#12077),(#12078,#12079,#12080,#12081,#12082,#12083,#12084,#12085,#12086,#12087),(#12088,#12089,#12090,#12091,#12092,#12093,#12094,#12095,#12096,#12097),(#12098,#12099,#12100,#12101,#12102,#12103,#12104,#12105,#12106,#12107),(#12108,#12109,#12110,#12111,#12112,#12113,#12114,#12115,#12116,#12117),(#12118,#12119,#12120,#12121,#12122,#12123,#12124,#12125,#12126,#12127),(#12128,#12129,#12130,#12131,#12132,#12133,#12134,#12135,#12136,#12137),(#12138,#12139,#12140,#12141,#12142,#12143,#12144,#12145,#12146,#12147),(#12148,#12149,#12150,#12151,#12152,#12153,#12154,#12155,#12156,#12157)),.UNSPECIFIED.,.F.,.F.,.U.,(4,2,2,2,2,2,2,2,2,2,2,2,2,2,2,2,2,2,2,2,2,4),(4,2,2,2,4),(0.024705162,0.024723059,0.024911315,0.025664339,0.026417363,0.027170387,0.028676436,0.02942946,0.030182484,0.030935508,0.031688532,0.03319458,0.034700629,0.036206677,0.037712725,0.038465749,0.039218774,0.039595286,0.039783542,0.03987767,0.039924734,0.039950788),(0.,0.25,0.5,0.75,1.),.UNSPECIFIED.);
#12159=ORIENTED_EDGE('',*,*,#11694,.T.);
#12160=ORIENTED_EDGE('',*,*,#5096,.F.);
#12161=CARTESIAN_POINT('',(63.,40.,-1.));
#12162=CARTESIAN_POINT('',(63.,40.,-1.06603583));
#12163=CARTESIAN_POINT('',(63.006335834,39.998638896,-1.130967914));
#12164=CARTESIAN_POINT('',(63.018747983,39.99597246,-1.194841463));
#12165=CARTESIAN_POINT('',(63.031160132,39.993306023,-1.258715013));
#12166=CARTESIAN_POINT('',(63.049949637,39.989269583,-1.322191272));
#12167=CARTESIAN_POINT('',(63.074476458,39.984000694,-1.382715803));
#12168=CARTESIAN_POINT('',(63.099003278,39.978731804,-1.443240333));
#12169=CARTESIAN_POINT('',(63.12902057,39.972283492,-1.500652727));
#12170=CARTESIAN_POINT('',(63.164477748,39.96466671,-1.554981667));
#12171=CARTESIAN_POINT('',(63.199934926,39.957049928,-1.609310607));
#12172=CARTESIAN_POINT('',(63.241209142,39.948183662,-1.660757945));
#12173=CARTESIAN_POINT('',(63.286287767,39.938500357,-1.706869659));
#12174=CARTESIAN_POINT('',(63.376445016,39.919133748,-1.799093086));
#12175=CARTESIAN_POINT('',(63.485448597,39.895719529,-1.873592478));
#12176=CARTESIAN_POINT('',(63.603016643,39.870467077,-1.923508382));
#12177=CARTESIAN_POINT('',(63.72058469,39.845214625,-1.973424286));
#12178=CARTESIAN_POINT('',(63.849145413,39.817601159,-2.));
#12179=CARTESIAN_POINT('',(63.978270815,39.789870631,-2.));
#12180=B_SPLINE_CURVE_WITH_KNOTS('',3,(#12161,#12162,#12163,#12164,#12165,#12166,#12167,#12168,#12169,#12170,#12171,#12172,#12173,#12174,#12175,#12176,#12177,#12178,#12179),.UNSPECIFIED.,.F.,.F.,(4,3,3,3,3,3,4),(0.,0.000195295,0.00039059,0.000585885,0.00078118,0.00117177,0.00156236),.UNSPECIFIED.);
#12181=EDGE_CURVE('',#4078,#5015,#12180,.T.);
#12182=ORIENTED_EDGE('',*,*,#12181,.F.);
#12183=ORIENTED_EDGE('',*,*,#4200,.T.);
#12184=EDGE_LOOP('',(#12159,#12160,#12182,#12183));
#12185=FACE_BOUND('',#12184,.T.);
#12186=ADVANCED_FACE('',(#12185),#12158,.T.);
#12187=CARTESIAN_POINT('',(71.468250581,23.395371502,-1.));
#12188=CARTESIAN_POINT('',(71.468250581,23.395371502,-1.130899694));
#12189=CARTESIAN_POINT('',(71.483952651,23.416128826,-1.261747884));
#12190=CARTESIAN_POINT('',(71.544394217,23.496029449,-1.50361898));
#12191=CARTESIAN_POINT('',(71.589109931,23.555141309,-1.61454672));
#12192=CARTESIAN_POINT('',(71.700791383,23.702778409,-1.799666842));
#12193=CARTESIAN_POINT('',(71.767713178,23.791245559,-1.873786388));
#12194=CARTESIAN_POINT('',(71.913632026,23.984142725,-1.973972677));
#12195=CARTESIAN_POINT('',(71.992571666,24.088496845,-2.));
#12196=CARTESIAN_POINT('',(72.071542378,24.192892039,-2.));
#12197=CARTESIAN_POINT('',(71.024457636,23.731082785,-1.));
#12198=CARTESIAN_POINT('',(71.024457636,23.731082785,-1.130899694));
#12199=CARTESIAN_POINT('',(71.04045329,23.751618027,-1.261747884));
#12200=CARTESIAN_POINT('',(71.102024935,23.83066379,-1.50361898));
#12201=CARTESIAN_POINT('',(71.147576702,23.88914321,-1.61454672));
#12202=CARTESIAN_POINT('',(71.261346269,24.035200735,-1.799666842));
#12203=CARTESIAN_POINT('',(71.329519306,24.122721373,-1.873786388));
#12204=CARTESIAN_POINT('',(71.478166408,24.313554726,-1.973972677));
#12205=CARTESIAN_POINT('',(71.558581988,24.416792357,-2.));
#12206=CARTESIAN_POINT('',(71.63902922,24.520070623,-2.));
#12207=CARTESIAN_POINT('',(70.587277947,24.076546935,-1.));
#12208=CARTESIAN_POINT('',(70.587277946,24.076546935,-1.130899475));
#12209=CARTESIAN_POINT('',(70.603582275,24.096838936,-1.261747447));
#12210=CARTESIAN_POINT('',(70.666342105,24.174948406,-1.503618205));
#12211=CARTESIAN_POINT('',(70.712772913,24.232735143,-1.614545825));
#12212=CARTESIAN_POINT('',(70.828737989,24.377062663,-1.799665881));
#12213=CARTESIAN_POINT('',(70.89822663,24.463546659,-1.873785481));
#12214=CARTESIAN_POINT('',(71.049742379,24.652119745,-1.973972078));
#12215=CARTESIAN_POINT('',(71.131709872,24.754134639,-1.999999656));
#12216=CARTESIAN_POINT('',(71.213709672,24.856189741,-2.));
#12217=CARTESIAN_POINT('',(69.728154922,24.790157035,-1.));
#12218=CARTESIAN_POINT('',(69.72815493,24.790157028,-1.130899475));
#12219=CARTESIAN_POINT('',(69.745110945,24.809907724,-1.261747447));
#12220=CARTESIAN_POINT('',(69.810379278,24.885933577,-1.503618205));
#12221=CARTESIAN_POINT('',(69.858665915,24.942178822,-1.614545826));
#12222=CARTESIAN_POINT('',(69.979266083,25.082656334,-1.799665882));
#12223=CARTESIAN_POINT('',(70.051532164,25.166833329,-1.873785481));
#12224=CARTESIAN_POINT('',(70.209103947,25.350376142,-1.973972078));
#12225=CARTESIAN_POINT('',(70.294347652,25.449669745,-1.999999657));
#12226=CARTESIAN_POINT('',(70.379624952,25.549002483,-2.));
#12227=CARTESIAN_POINT('',(69.306233426,25.158352681,-1.));
#12228=CARTESIAN_POINT('',(69.306233426,25.158352681,-1.130899694));
#12229=CARTESIAN_POINT('',(69.323532544,25.177805221,-1.261747884));
#12230=CARTESIAN_POINT('',(69.390121583,25.252683368,-1.50361898));
#12231=CARTESIAN_POINT('',(69.439385304,25.308079515,-1.61454672));
#12232=CARTESIAN_POINT('',(69.562425805,25.446436291,-1.799666842));
#12233=CARTESIAN_POINT('',(69.636154173,25.529342483,-1.873786388));
#12234=CARTESIAN_POINT('',(69.796914335,25.710114322,-1.973972677));
#12235=CARTESIAN_POINT('',(69.883882875,25.807908843,-2.));
#12236=CARTESIAN_POINT('',(69.970885648,25.905741858,-2.));
#12237=CARTESIAN_POINT('',(68.074647116,26.295753878,-1.));
#12238=CARTESIAN_POINT('',(68.074647116,26.295753878,-1.130899694));
#12239=CARTESIAN_POINT('',(68.093024213,26.314210876,-1.261747884));
#12240=CARTESIAN_POINT('',(68.163762689,26.385256914,-1.50361898));
#12241=CARTESIAN_POINT('',(68.216096236,26.437817999,-1.61454672));
#12242=CARTESIAN_POINT('',(68.346803896,26.569093958,-1.799666842));
#12243=CARTESIAN_POINT('',(68.425126583,26.647757181,-1.873786388));
#12244=CARTESIAN_POINT('',(68.595904371,26.819277488,-1.973972677));
#12245=CARTESIAN_POINT('',(68.688292279,26.912067086,-2.));
#12246=CARTESIAN_POINT('',(68.780716552,27.004893207,-2.));
#12247=CARTESIAN_POINT('',(67.296113414,27.099174511,-1.));
#12248=CARTESIAN_POINT('',(67.296113414,27.099174511,-1.130899693));
#12249=CARTESIAN_POINT('',(67.315278491,27.116834741,-1.261747882));
#12250=CARTESIAN_POINT('',(67.389050115,27.184813799,-1.503618977));
#12251=CARTESIAN_POINT('',(67.443627636,27.23510588,-1.614546716));
#12252=CARTESIAN_POINT('',(67.579939822,27.360714802,-1.799666838));
#12253=CARTESIAN_POINT('',(67.661620855,27.43598222,-1.873786384));
#12254=CARTESIAN_POINT('',(67.83972131,27.600098185,-1.973972674));
#12255=CARTESIAN_POINT('',(67.936070658,27.688882159,-1.999999998));
#12256=CARTESIAN_POINT('',(68.03245793,27.777701079,-2.));
#12257=CARTESIAN_POINT('',(66.21614851,28.398149328,-1.));
#12258=CARTESIAN_POINT('',(66.21614851,28.398149328,-1.130899693));
#12259=CARTESIAN_POINT('',(66.236586642,28.414278335,-1.261747882));
#12260=CARTESIAN_POINT('',(66.315258605,28.476363297,-1.503618977));
#12261=CARTESIAN_POINT('',(66.373461482,28.522294823,-1.614546716));
#12262=CARTESIAN_POINT('',(66.518828316,28.637012874,-1.799666838));
#12263=CARTESIAN_POINT('',(66.605935077,28.705754261,-1.873786384));
#12264=CARTESIAN_POINT('',(66.795865999,28.855640618,-1.973972674));
#12265=CARTESIAN_POINT('',(66.898615429,28.936726613,-1.999999998));
#12266=CARTESIAN_POINT('',(67.001405304,29.017844525,-2.));
#12267=CARTESIAN_POINT('',(65.870922598,28.846905916,-1.));
#12268=CARTESIAN_POINT('',(65.870922598,28.846905916,-1.130899694));
#12269=CARTESIAN_POINT('',(65.891799868,28.862467757,-1.261747884));
#12270=CARTESIAN_POINT('',(65.972162193,28.922369539,-1.50361898));
#12271=CARTESIAN_POINT('',(66.031615629,28.966685912,-1.61454672));
#12272=CARTESIAN_POINT('',(66.180105844,29.077369974,-1.799666842));
#12273=CARTESIAN_POINT('',(66.269084198,29.143694114,-1.873786388));
#12274=CARTESIAN_POINT('',(66.463096014,29.28830981,-1.973972676));
#12275=CARTESIAN_POINT('',(66.568053139,29.366544466,-2.));
#12276=CARTESIAN_POINT('',(66.673051577,29.444809917,-2.));
#12277=CARTESIAN_POINT('',(65.37998513,29.548499513,-1.));
#12278=CARTESIAN_POINT('',(65.37998513,29.548499513,-1.130899694));
#12279=CARTESIAN_POINT('',(65.401533929,29.563101679,-1.261747884));
#12280=CARTESIAN_POINT('',(65.484481152,29.619309411,-1.50361898));
#12281=CARTESIAN_POINT('',(65.545846941,29.660892861,-1.61454672));
#12282=CARTESIAN_POINT('',(65.699113425,29.764751207,-1.799666842));
#12283=CARTESIAN_POINT('',(65.790953817,29.826985238,-1.873786388));
#12284=CARTESIAN_POINT('',(65.991206129,29.962682706,-1.973972676));
#12285=CARTESIAN_POINT('',(66.099539258,30.036092751,-2.));
#12286=CARTESIAN_POINT('',(66.207915028,30.109531692,-2.));
#12287=CARTESIAN_POINT('',(65.220842138,29.787114955,-1.));
#12288=CARTESIAN_POINT('',(65.220842225,29.787114822,-1.130899002));
#12289=CARTESIAN_POINT('',(65.24261669,29.801378749,-1.261746502));
#12290=CARTESIAN_POINT('',(65.326432421,29.856284794,-1.503616527));
#12291=CARTESIAN_POINT('',(65.388440711,29.896905309,-1.614543889));
#12292=CARTESIAN_POINT('',(65.543311947,29.998358803,-1.799663802));
#12293=CARTESIAN_POINT('',(65.636113959,30.059151866,-1.873783517));
#12294=CARTESIAN_POINT('',(65.838463204,30.191707597,-1.973970782));
#12295=CARTESIAN_POINT('',(65.947930823,30.263418111,-1.999998913));
#12296=CARTESIAN_POINT('',(66.057441691,30.335156996,-2.));
#12297=CARTESIAN_POINT('',(64.912574035,30.274853145,-1.));
#12298=CARTESIAN_POINT('',(64.912574136,30.274852979,-1.130899006));
#12299=CARTESIAN_POINT('',(64.934801775,30.288399901,-1.261746509));
#12300=CARTESIAN_POINT('',(65.020361868,30.340546062,-1.50361654));
#12301=CARTESIAN_POINT('',(65.083660659,30.379124784,-1.614543904));
#12302=CARTESIAN_POINT('',(65.24175503,30.475478739,-1.799663818));
#12303=CARTESIAN_POINT('',(65.336488407,30.533216062,-1.873783532));
#12304=CARTESIAN_POINT('',(65.54304887,30.659108948,-1.973970792));
#12305=CARTESIAN_POINT('',(65.654794685,30.727214978,-1.999998919));
#12306=CARTESIAN_POINT('',(65.766584647,30.795347961,-2.));
#12307=CARTESIAN_POINT('',(64.763964175,30.523234588,-1.));
#12308=CARTESIAN_POINT('',(64.763964175,30.523234588,-1.130899694));
#12309=CARTESIAN_POINT('',(64.786418571,30.536403796,-1.261747884));
#12310=CARTESIAN_POINT('',(64.872851686,30.58709568,-1.50361898));
#12311=CARTESIAN_POINT('',(64.936796397,30.624598411,-1.61454672));
#12312=CARTESIAN_POINT('',(65.096503968,30.7182648,-1.799666842));
#12313=CARTESIAN_POINT('',(65.192203991,30.774391604,-1.873786388));
#12314=CARTESIAN_POINT('',(65.400871989,30.896772638,-1.973972677));
#12315=CARTESIAN_POINT('',(65.513757863,30.962978717,-2.));
#12316=CARTESIAN_POINT('',(65.626688169,31.029210855,-2.));
#12317=CARTESIAN_POINT('',(64.055937164,31.780238089,-1.));
#12318=CARTESIAN_POINT('',(64.055937164,31.780238089,-1.130899694));
#12319=CARTESIAN_POINT('',(64.07950635,31.791428142,-1.261747884));
#12320=CARTESIAN_POINT('',(64.170230598,31.834501716,-1.50361898));
#12321=CARTESIAN_POINT('',(64.237349963,31.866368291,-1.61454672));
#12322=CARTESIAN_POINT('',(64.404986514,31.945957878,-1.799666842));
#12323=CARTESIAN_POINT('',(64.505437742,31.993649577,-1.873786388));
#12324=CARTESIAN_POINT('',(64.724465452,32.097638385,-1.973972677));
#12325=CARTESIAN_POINT('',(64.842955754,32.153894579,-2.));
#12326=CARTESIAN_POINT('',(64.961492696,32.210172916,-2.));
#12327=CARTESIAN_POINT('',(63.595523896,32.842423346,-1.));
#12328=CARTESIAN_POINT('',(63.595523896,32.842423346,-1.130899694));
#12329=CARTESIAN_POINT('',(63.619941072,32.851717104,-1.261747884));
#12330=CARTESIAN_POINT('',(63.713929462,32.887491319,-1.50361898));
#12331=CARTESIAN_POINT('',(63.783463695,32.913957702,-1.61454672));
#12332=CARTESIAN_POINT('',(63.957131594,32.980059833,-1.799666842));
#12333=CARTESIAN_POINT('',(64.061196929,33.019669573,-1.873786388));
#12334=CARTESIAN_POINT('',(64.288104974,33.10603617,-1.973972677));
#12335=CARTESIAN_POINT('',(64.410858405,33.152759044,-2.));
#12336=CARTESIAN_POINT('',(64.533660154,33.199500309,-2.));
#12337=CARTESIAN_POINT('',(63.194676536,34.253861312,-1.));
#12338=CARTESIAN_POINT('',(63.194676536,34.253861312,-1.130899694));
#12339=CARTESIAN_POINT('',(63.219868749,34.260426058,-1.261747884));
#12340=CARTESIAN_POINT('',(63.316840469,34.285695561,-1.50361898));
#12341=CARTESIAN_POINT('',(63.388581822,34.304390376,-1.61454672));
#12342=CARTESIAN_POINT('',(63.567762197,34.35108233,-1.799666842));
#12343=CARTESIAN_POINT('',(63.67513072,34.379061097,-1.873786388));
#12344=CARTESIAN_POINT('',(63.909241162,34.440067074,-1.973972677));
#12345=CARTESIAN_POINT('',(64.03589097,34.473070281,-2.));
#12346=CARTESIAN_POINT('',(64.162590628,34.506086478,-2.));
#12347=CARTESIAN_POINT('',(63.123091346,34.541450898,-1.));
#12348=CARTESIAN_POINT('',(63.123091344,34.541450909,-1.130899653));
#12349=CARTESIAN_POINT('',(63.148424429,34.547450666,-1.261747802));
#12350=CARTESIAN_POINT('',(63.245938412,34.570545351,-1.503618835));
#12351=CARTESIAN_POINT('',(63.318080942,34.587631191,-1.614546552));
#12352=CARTESIAN_POINT('',(63.498263303,34.630304583,-1.799666662));
#12353=CARTESIAN_POINT('',(63.606232239,34.655875344,-1.873786218));
#12354=CARTESIAN_POINT('',(63.841651863,34.71163081,-1.973972564));
#12355=CARTESIAN_POINT('',(63.969009923,34.741793578,-1.999999935));
#12356=CARTESIAN_POINT('',(64.096418127,34.771968219,-2.));
#12357=CARTESIAN_POINT('',(63.000242452,35.117543799,-1.));
#12358=CARTESIAN_POINT('',(63.00024245,35.117543808,-1.130899652));
#12359=CARTESIAN_POINT('',(63.025819318,35.122400361,-1.261747802));
#12360=CARTESIAN_POINT('',(63.124271686,35.141094544,-1.503618834));
#12361=CARTESIAN_POINT('',(63.197108449,35.154924819,-1.614546551));
#12362=CARTESIAN_POINT('',(63.379024717,35.18946715,-1.79966666));
#12363=CARTESIAN_POINT('',(63.488032645,35.210165614,-1.873786216));
#12364=CARTESIAN_POINT('',(63.725717728,35.255297339,-1.973972563));
#12365=CARTESIAN_POINT('',(63.854301363,35.279712842,-1.999999935));
#12366=CARTESIAN_POINT('',(63.982935623,35.304137956,-2.));
#12367=CARTESIAN_POINT('',(62.948804039,35.406345609,-1.));
#12368=CARTESIAN_POINT('',(62.948804028,35.40634568,-1.130899293));
#12369=CARTESIAN_POINT('',(62.974483941,35.410623578,-1.261747083));
#12370=CARTESIAN_POINT('',(63.073332997,35.427090243,-1.503617558));
#12371=CARTESIAN_POINT('',(63.146463249,35.439272531,-1.614545078));
#12372=CARTESIAN_POINT('',(63.329112603,35.469698834,-1.799665079));
#12373=CARTESIAN_POINT('',(63.438559842,35.487930879,-1.873784723));
#12374=CARTESIAN_POINT('',(63.677202954,35.527684719,-1.973971578));
#12375=CARTESIAN_POINT('',(63.806304931,35.549190874,-1.99999937));
#12376=CARTESIAN_POINT('',(63.935457851,35.570705501,-2.));
#12377=CARTESIAN_POINT('',(62.824247773,36.274513964,-1.));
#12378=CARTESIAN_POINT('',(62.824247771,36.274513993,-1.13089929));
#12379=CARTESIAN_POINT('',(62.850178002,36.277047168,-1.261747078));
#12380=CARTESIAN_POINT('',(62.949990583,36.286797996,-1.503617549));
#12381=CARTESIAN_POINT('',(63.023833661,36.294011813,-1.614545068));
#12382=CARTESIAN_POINT('',(63.208263357,36.312028945,-1.799665068));
#12383=CARTESIAN_POINT('',(63.318777411,36.322825172,-1.873784713));
#12384=CARTESIAN_POINT('',(63.559746645,36.34636568,-1.973971571));
#12385=CARTESIAN_POINT('',(63.690107014,36.359100699,-1.999999366));
#12386=CARTESIAN_POINT('',(63.820518821,36.371840738,-2.));
#12387=CARTESIAN_POINT('',(62.780930747,36.855635034,-1.));
#12388=CARTESIAN_POINT('',(62.78093075,36.855635034,-1.130898871));
#12389=CARTESIAN_POINT('',(62.806947751,36.856993793,-1.261746241));
#12390=CARTESIAN_POINT('',(62.907094349,36.862224028,-1.503616065));
#12391=CARTESIAN_POINT('',(62.981184544,36.866093446,-1.614543356));
#12392=CARTESIAN_POINT('',(63.166231514,36.875757669,-1.799663228));
#12393=CARTESIAN_POINT('',(63.277115482,36.881548672,-1.873782975));
#12394=CARTESIAN_POINT('',(63.518891448,36.894175611,-1.973970425));
#12395=CARTESIAN_POINT('',(63.64968832,36.90100658,-1.999998708));
#12396=CARTESIAN_POINT('',(63.78053693,36.907840252,-2.));
#12397=CARTESIAN_POINT('',(62.771660238,38.019841971,-1.));
#12398=CARTESIAN_POINT('',(62.771660236,38.019841857,-1.130898875));
#12399=CARTESIAN_POINT('',(62.797695572,38.018897433,-1.261746248));
#12400=CARTESIAN_POINT('',(62.897912753,38.015262311,-1.503616076));
#12401=CARTESIAN_POINT('',(62.972055168,38.012573044,-1.614543369));
#12402=CARTESIAN_POINT('',(63.157232565,38.005856435,-1.799663242));
#12403=CARTESIAN_POINT('',(63.268194689,38.001831737,-1.873782989));
#12404=CARTESIAN_POINT('',(63.510141069,37.993056172,-1.973970433));
#12405=CARTESIAN_POINT('',(63.641030133,37.988308759,-1.999998713));
#12406=CARTESIAN_POINT('',(63.771970971,37.98355949,-2.));
#12407=CARTESIAN_POINT('',(62.805689821,38.602906704,-1.));
#12408=CARTESIAN_POINT('',(62.805689821,38.602906702,-1.130899688));
#12409=CARTESIAN_POINT('',(62.831657236,38.600834213,-1.261747873));
#12410=CARTESIAN_POINT('',(62.931612922,38.592856635,-1.50361896));
#12411=CARTESIAN_POINT('',(63.005561864,38.586954686,-1.614546697));
#12412=CARTESIAN_POINT('',(63.190255889,38.572214047,-1.799666817));
#12413=CARTESIAN_POINT('',(63.300928304,38.563381157,-1.873786365));
#12414=CARTESIAN_POINT('',(63.54224268,38.544121585,-1.973972661));
#12415=CARTESIAN_POINT('',(63.672789696,38.533702481,-1.999999991));
#12416=CARTESIAN_POINT('',(63.803388099,38.523279276,-2.));
#12417=CARTESIAN_POINT('',(62.894562816,39.331607344,-1.));
#12418=CARTESIAN_POINT('',(62.894562816,39.331607342,-1.130899688));
#12419=CARTESIAN_POINT('',(62.920365815,39.328186753,-1.261747873));
#12420=CARTESIAN_POINT('',(63.01968862,39.315019971,-1.50361896));
#12421=CARTESIAN_POINT('',(63.093169347,39.305278959,-1.614546697));
#12422=CARTESIAN_POINT('',(63.276693963,39.280949922,-1.799666817));
#12423=CARTESIAN_POINT('',(63.386665643,39.266371469,-1.873786365));
#12424=CARTESIAN_POINT('',(63.626452112,39.234584051,-1.973972661));
#12425=CARTESIAN_POINT('',(63.756172556,39.217387594,-1.999999991));
#12426=CARTESIAN_POINT('',(63.885944061,39.200184368,-2.));
#12427=CARTESIAN_POINT('',(62.914636618,39.477173079,-1.));
#12428=CARTESIAN_POINT('',(62.914636618,39.47717308,-1.130899686));
#12429=CARTESIAN_POINT('',(62.940402851,39.473486244,-1.261747869));
#12430=CARTESIAN_POINT('',(63.039584132,39.459294605,-1.503618954));
#12431=CARTESIAN_POINT('',(63.112960156,39.448795384,-1.614546689));
#12432=CARTESIAN_POINT('',(63.296223269,39.422572653,-1.799666809));
#12433=CARTESIAN_POINT('',(63.406038251,39.406859459,-1.873786357));
#12434=CARTESIAN_POINT('',(63.645483051,39.372597808,-1.973972656));
#12435=CARTESIAN_POINT('',(63.775018657,39.354062831,-1.999999988));
#12436=CARTESIAN_POINT('',(63.904605253,39.335520558,-2.));
#12437=CARTESIAN_POINT('',(62.947994561,39.694509002,-1.));
#12438=CARTESIAN_POINT('',(62.947994561,39.694509003,-1.130899686));
#12439=CARTESIAN_POINT('',(62.973700533,39.690429549,-1.261747869));
#12440=CARTESIAN_POINT('',(63.072649852,39.674726614,-1.503618954));
#12441=CARTESIAN_POINT('',(63.145854266,39.663109312,-1.614546689));
#12442=CARTESIAN_POINT('',(63.328688769,39.634094071,-1.799666809));
#12443=CARTESIAN_POINT('',(63.438246919,39.616707549,-1.873786357));
#12444=CARTESIAN_POINT('',(63.677131713,39.57879731,-1.973972656));
#12445=CARTESIAN_POINT('',(63.806364366,39.558288508,-1.999999988));
#12446=CARTESIAN_POINT('',(63.935647888,39.537771634,-2.));
#12447=CARTESIAN_POINT('',(62.959659438,39.766822316,-1.));
#12448=CARTESIAN_POINT('',(62.959659438,39.766822317,-1.13089969));
#12449=CARTESIAN_POINT('',(62.985344464,39.762613046,-1.261747877));
#12450=CARTESIAN_POINT('',(63.084213157,39.746410413,-1.503618968));
#12451=CARTESIAN_POINT('',(63.157357924,39.734423426,-1.614546705));
#12452=CARTESIAN_POINT('',(63.34004345,39.704484864,-1.799666827));
#12453=CARTESIAN_POINT('',(63.44951233,39.686545069,-1.873786373));
#12454=CARTESIAN_POINT('',(63.688202474,39.647428452,-1.973972667));
#12455=CARTESIAN_POINT('',(63.817329823,39.626267021,-1.999999994));
#12456=CARTESIAN_POINT('',(63.946508,39.60509726,-2.));
#12457=CARTESIAN_POINT('',(62.98100641,39.893108998,-1.));
#12458=CARTESIAN_POINT('',(62.98100641,39.893108998,-1.13089969));
#12459=CARTESIAN_POINT('',(63.006653363,39.888674487,-1.261747877));
#12460=CARTESIAN_POINT('',(63.105375501,39.871604843,-1.503618968));
#12461=CARTESIAN_POINT('',(63.178411843,39.858976425,-1.614546705));
#12462=CARTESIAN_POINT('',(63.360826568,39.827435835,-1.799666827));
#12463=CARTESIAN_POINT('',(63.470133179,39.808536072,-1.873786373));
#12464=CARTESIAN_POINT('',(63.708469505,39.767326304,-1.973972667));
#12465=CARTESIAN_POINT('',(63.837405446,39.745032513,-1.999999994));
#12466=CARTESIAN_POINT('',(63.966392138,39.722729947,-2.));
#12467=CARTESIAN_POINT('',(62.990662668,39.947757386,-1.));
#12468=CARTESIAN_POINT('',(62.990662668,39.947757386,-1.130899692));
#12469=CARTESIAN_POINT('',(63.016289705,39.943210499,-1.261747881));
#12470=CARTESIAN_POINT('',(63.114935181,39.925708288,-1.503618975));
#12471=CARTESIAN_POINT('',(63.187914808,39.91275985,-1.614546714));
#12472=CARTESIAN_POINT('',(63.370187881,39.880419982,-1.799666835));
#12473=CARTESIAN_POINT('',(63.47940961,39.861041275,-1.873786382));
#12474=CARTESIAN_POINT('',(63.717560858,39.8187872,-1.973972672));
#12475=CARTESIAN_POINT('',(63.846396673,39.795928457,-1.999999998));
#12476=CARTESIAN_POINT('',(63.9752832,39.773060716,-2.));
#12477=CARTESIAN_POINT('',(63.000027022,39.999995156,-1.));
#12478=CARTESIAN_POINT('',(63.000027022,39.999995156,-1.130899693));
#12479=CARTESIAN_POINT('',(63.025645106,39.995398035,-1.261747883));
#12480=CARTESIAN_POINT('',(63.124256122,39.977702458,-1.503618978));
#12481=CARTESIAN_POINT('',(63.197210254,39.964610965,-1.614546718));
#12482=CARTESIAN_POINT('',(63.379419653,39.931913803,-1.79966684));
#12483=CARTESIAN_POINT('',(63.488603228,39.912320999,-1.873786386));
#12484=CARTESIAN_POINT('',(63.726671281,39.869600097,-1.973972675));
#12485=CARTESIAN_POINT('',(63.855462089,39.846488809,-1.999999999));
#12486=CARTESIAN_POINT('',(63.984303591,39.823368424,-2.));
#12487=B_SPLINE_SURFACE_WITH_KNOTS('',3,3,((#12187,#12188,#12189,#12190,#12191,#12192,#12193,#12194,#12195,#12196),(#12197,#12198,#12199,#12200,#12201,#12202,#12203,#12204,#12205,#12206),(#12207,#12208,#12209,#12210,#12211,#12212,#12213,#12214,#12215,#12216),(#12217,#12218,#12219,#12220,#12221,#12222,#12223,#12224,#12225,#12226),(#12227,#12228,#12229,#12230,#12231,#12232,#12233,#12234,#12235,#12236),(#12237,#12238,#12239,#12240,#12241,#12242,#12243,#12244,#12245,#12246),(#12247,#12248,#12249,#12250,#12251,#12252,#12253,#12254,#12255,#12256),(#12257,#12258,#12259,#12260,#12261,#12262,#12263,#12264,#12265,#12266),(#12267,#12268,#12269,#12270,#12271,#12272,#12273,#12274,#12275,#12276),(#12277,#12278,#12279,#12280,#12281,#12282,#12283,#12284,#12285,#12286),(#12287,#12288,#12289,#12290,#12291,#12292,#12293,#12294,#12295,#12296),(#12297,#12298,#12299,#12300,#12301,#12302,#12303,#12304,#12305,#12306),(#12307,#12308,#12309,#12310,#12311,#12312,#12313,#12314,#12315,#12316),(#12317,#12318,#12319,#12320,#12321,#12322,#12323,#12324,#12325,#12326),(#12327,#12328,#12329,#12330,#12331,#12332,#12333,#12334,#12335,#12336),(#12337,#12338,#12339,#12340,#12341,#12342,#12343,#12344,#12345,#12346),(#12347,#12348,#12349,#12350,#12351,#12352,#12353,#12354,#12355,#12356),(#12357,#12358,#12359,#12360,#12361,#12362,#12363,#12364,#12365,#12366),(#12367,#12368,#12369,#12370,#12371,#12372,#12373,#12374,#12375,#12376),(#12377,#12378,#12379,#12380,#12381,#12382,#12383,#12384,#12385,#12386),(#12387,#12388,#12389,#12390,#12391,#12392,#12393,#12394,#12395,#12396),(#12397,#12398,#12399,#12400,#12401,#12402,#12403,#12404,#12405,#12406),(#12407,#12408,#12409,#12410,#12411,#12412,#12413,#12414,#12415,#12416),(#12417,#12418,#12419,#12420,#12421,#12422,#12423,#12424,#12425,#12426),(#12427,#12428,#12429,#12430,#12431,#12432,#12433,#12434,#12435,#12436),(#12437,#12438,#12439,#12440,#12441,#12442,#12443,#12444,#12445,#12446),
(#12447,#12448,#12449,#12450,#12451,#12452,#12453,#12454,#12455,#12456),(#12457,#12458,#12459,#12460,#12461,#12462,#12463,#12464,#12465,#12466),(#12467,#12468,#12469,#12470,#12471,#12472,#12473,#12474,#12475,#12476),(#12477,#12478,#12479,#12480,#12481,#12482,#12483,#12484,#12485,#12486)),.UNSPECIFIED.,.F.,.F.,.U.,(4,2,2,2,2,2,2,2,2,2,2,2,2,2,4),(4,2,2,2,4),(-0.,0.001626239,0.003252477,0.006504954,0.008131193,0.008944312,0.009757432,0.013009909,0.013823028,0.014636148,0.016262386,0.017888625,0.018295184,0.018498464,0.018650835),(0.,0.25,0.5,0.75,1.),.UNSPECIFIED.);
#12488=ORIENTED_EDGE('',*,*,#11712,.T.);
#12489=ORIENTED_EDGE('',*,*,#4117,.T.);
#12490=ORIENTED_EDGE('',*,*,#12181,.T.);
#12491=ORIENTED_EDGE('',*,*,#5048,.F.);
#12492=EDGE_LOOP('',(#12488,#12489,#12490,#12491));
#12493=FACE_BOUND('',#12492,.T.);
#12494=ADVANCED_FACE('',(#12493),#12487,.T.);
#12495=CLOSED_SHELL('',(#144,#184,#215,#246,#285,#307,#338,#377,#408,#448,#488,#528,#568,#608,#648,#757,#788,#828,#868,#890,#908,#1032,#1082,#1106,#1130,#1154,
#1178,#1277,#1953,#1971,#1995,#2019,#2118,#2794,#2812,#2834,#2851,#2868,#2885,#2902,#2919,#2936,#2953,#2965,#3078,#3096,#3114,#3132,#3150,#3168,#3186,
#3204,#3222,#3240,#3258,#3276,#3383,#3418,#3458,#3489,#3520,#3550,#3574,#3606,#3637,#3668,#3699,#3721,#3791,#4061,#4143,#4219,#4286,#4368,#4444,#4529,
#4599,#4687,#4751,#4821,#4894,#4941,#4959,#4977,#5707,#5731,#6281,#6770,#7299,#7808,#8257,#8611,#9160,#9178,#9507,#9996,#11250,#11699,#11717,#12186,#12494));
#12496=MANIFOLD_SOLID_BREP('bottom (1)',#12495);
#12497=DRAUGHTING_PRE_DEFINED_COLOUR('white');
#12498=FILL_AREA_STYLE_COLOUR('',#12497);
#12499=FILL_AREA_STYLE('',(#12498));
#12500=SURFACE_STYLE_FILL_AREA(#12499);
#12501=SURFACE_SIDE_STYLE('',(#12500));
#12502=SURFACE_STYLE_USAGE(.BOTH.,#12501);
#12503=PRESENTATION_STYLE_ASSIGNMENT((#12502));
#26=STYLED_ITEM('',(#12503),#12496);
#16=SHAPE_REPRESENTATION('bottom (1)',(#15),#10);
#17=ADVANCED_BREP_SHAPE_REPRESENTATION('bottom (1)',(#12496),#10);
#12511=SHAPE_REPRESENTATION_RELATIONSHIP('','',#16,#17);
#12512=CARTESIAN_POINT('',(0.,0.,0.));
#12513=DIRECTION('',(0.,0.,1.));
#12514=DIRECTION('',(1.,0.,0.));
#12515=AXIS2_PLACEMENT_3D('',#12512,#12513,#12514);
#12517=MAPPED_ITEM('',#12516,#12515);
#12516=REPRESENTATION_MAP(#12515,#16);
#12518=APPLICATION_CONTEXT('Managed model based 3d engineering');
#12519=APPLICATION_PROTOCOL_DEFINITION('international standard','ap242_managed_model_based_3d_engineering',2014,#12518);
#12520=PRODUCT_CONTEXT('',#12518,'mechanical');
#12521=PRODUCT_DEFINITION_CONTEXT('part definition',#12518,'design');
#24=PRODUCT('bottom (1)','bottom (1)','',(#12520));
#12522=PRODUCT_RELATED_PRODUCT_CATEGORY('part','',(#24));
#12523=PRODUCT_DEFINITION_FORMATION_WITH_SPECIFIED_SOURCE('','',#24,.NOT_KNOWN.);
#25=PRODUCT_DEFINITION('design','',#12523,#12521);
#23=PRODUCT_DEFINITION_SHAPE('','',#25);
#12524=SHAPE_DEFINITION_REPRESENTATION(#23,#16);
#11=DRAUGHTING_MODEL('',(#12517),#10);
#12525=DESCRIPTIVE_REPRESENTATION_ITEM('KEY','C:\\Users\\Alvin Nguyen\\AppData\\Local\\Packages\\Shapr3D.Shapr3D_dvv5p1vgwv6mp\\TempState\\16350a2a-17fc-47f7-bedd-e0403db53499.tmp');
#12526=PROPERTY_DEFINITION('KEY','',#25);
#12527=REPRESENTATION('',(#12525),#10);
#12528=PROPERTY_DEFINITION_REPRESENTATION(#12526,#12527);
#12529=GENERAL_PROPERTY('','KEY','');
#12530=GENERAL_PROPERTY_ASSOCIATION('','',#12529,#12526);
#1=MECHANICAL_DESIGN_GEOMETRIC_PRESENTATION_REPRESENTATION('',(#26),#10);
ENDSEC;
END-ISO-10303-21;
