ISO-10303-21;
HEADER;

/* File generated by Shapr3D Version 26.113.11178.0 */

FILE_DESCRIPTION(('HOOPS Exchange Step'),'2;1');

FILE_NAME('C:\\Users\\Alvin Nguyen\\AppData\\Local\\Packages\\Shapr3D.Shapr3D_dvv5p1vgwv6mp\\TempState\\export\\temp_export',
'2026-07-04T23:52:00+19:00',
('Alvin Nguyen'),
('Shapr3D Limited'),
'HOOPS Exchange 2026.3',
'Shapr3D',
'Authorized');

FILE_SCHEMA( ('AP242_MANAGED_MODEL_BASED_3D_ENGINEERING_MIM_LF {1 0 10303 442 1 1 4}') );

ENDSEC;

DATA;
#3=(NAMED_UNIT(*)PLANE_ANGLE_UNIT()SI_UNIT($,.RADIAN.));
#4=PLANE_ANGLE_MEASURE_WITH_UNIT(PLANE_ANGLE_MEASURE(0.0174532925),#3);
#5=(CONVERSION_BASED_UNIT('DEGREE',#4)NAMED_UNIT(#6)PLANE_ANGLE_UNIT());
#6=DIMENSIONAL_EXPONENTS(0.,0.,0.,0.,0.,0.,0.);
#7=(NAMED_UNIT(*)SI_UNIT($,.STERADIAN.)SOLID_ANGLE_UNIT());
#8=(LENGTH_UNIT()NAMED_UNIT(*)SI_UNIT(.MILLI.,.METRE.));
#9=UNCERTAINTY_MEASURE_WITH_UNIT(LENGTH_MEASURE(1.000000E-05),#8,'DISTANCE_ACCURACY_VALUE','Maximum Tolerance applied to model');
#10=(GEOMETRIC_REPRESENTATION_CONTEXT(3)GLOBAL_UNCERTAINTY_ASSIGNED_CONTEXT((#9))GLOBAL_UNIT_ASSIGNED_CONTEXT((#8,#5,#7))REPRESENTATION_CONTEXT('','bottom (1)'));
#12=CARTESIAN_POINT('',(0.,0.,0.));
#13=DIRECTION('',(0.,0.,1.));
#14=DIRECTION('',(1.,0.,0.));
#15=AXIS2_PLACEMENT_3D('',#12,#13,#14);
#27=CARTESIAN_POINT('',(90.843436729,-12.23286373,-8.7));
#28=DIRECTION('',(0.012071236,0.99992714,0.));
#29=DIRECTION('',(-0.99992714,0.012071236,0.));
#30=AXIS2_PLACEMENT_3D('',#27,#28,#29);
#31=PLANE('',#30);
#32=CARTESIAN_POINT('',(85.43071608,-12.167520742,-8.3));
#33=VERTEX_POINT('',#32);
#34=CARTESIAN_POINT('',(85.43071608,-12.167520742,-1.));
#35=VERTEX_POINT('',#34);
#36=CARTESIAN_POINT('',(85.43071608,-12.167520742,-8.3));
#37=DIRECTION('',(0.,0.,1.));
#38=VECTOR('',#37,7.3);
#39=LINE('',#36,#38);
#40=EDGE_CURVE('',#33,#35,#39,.T.);
#41=ORIENTED_EDGE('',*,*,#40,.T.);
#42=CARTESIAN_POINT('',(96.256157379,-12.298206719,-1.));
#43=VERTEX_POINT('',#42);
#44=CARTESIAN_POINT('',(96.256157379,-12.298206719,-1.));
#45=DIRECTION('',(-0.99992714,0.012071236,0.));
#46=VECTOR('',#45,10.826230098);
#47=LINE('',#44,#46);
#48=EDGE_CURVE('',#43,#35,#47,.T.);
#49=ORIENTED_EDGE('',*,*,#48,.F.);
#50=CARTESIAN_POINT('',(96.256157379,-12.298206719,-8.3));
#51=VERTEX_POINT('',#50);
#52=CARTESIAN_POINT('',(96.256157379,-12.298206719,-8.3));
#53=DIRECTION('',(0.,0.,1.));
#54=VECTOR('',#53,7.3);
#55=LINE('',#52,#54);
#56=EDGE_CURVE('',#51,#43,#55,.T.);
#57=ORIENTED_EDGE('',*,*,#56,.F.);
#58=CARTESIAN_POINT('',(96.256157379,-12.298206719,-8.3));
#59=DIRECTION('',(-0.99992714,0.012071236,0.));
#60=VECTOR('',#59,10.826230098);
#61=LINE('',#58,#60);
#62=EDGE_CURVE('',#51,#33,#61,.T.);
#63=ORIENTED_EDGE('',*,*,#62,.T.);
#64=EDGE_LOOP('',(#41,#49,#57,#63));
#65=FACE_BOUND('',#64,.T.);
#66=CARTESIAN_POINT('',(96.160778613,-12.297055296,-5.891354415));
#67=VERTEX_POINT('',#66);
#68=CARTESIAN_POINT('',(94.410860581,-12.275930083,-7.641399955));
#69=VERTEX_POINT('',#68);
#70=CARTESIAN_POINT('',(94.410860581,-12.275930083,-5.891354415));
#71=DIRECTION('',(0.012071236,0.99992714,0.));
#72=DIRECTION('',(-0.99992714,0.012071236,0.));
#73=AXIS2_PLACEMENT_3D('',#70,#71,#72);
#74=CIRCLE('',#73,1.750045541);
#75=EDGE_CURVE('',#67,#69,#74,.T.);
#76=ORIENTED_EDGE('',*,*,#75,.F.);
#77=CARTESIAN_POINT('',(96.160778613,-12.297055296,-5.181445496));
#78=VERTEX_POINT('',#77);
#79=CARTESIAN_POINT('',(96.160778613,-12.297055296,-5.891354415));
#80=DIRECTION('',(0.,0.,1.));
#81=VECTOR('',#80,0.709908918);
#82=LINE('',#79,#81);
#83=EDGE_CURVE('',#67,#78,#82,.T.);
#84=ORIENTED_EDGE('',*,*,#83,.T.);
#85=CARTESIAN_POINT('',(94.410860581,-12.275930083,-3.431399955));
#86=VERTEX_POINT('',#85);
#87=CARTESIAN_POINT('',(94.410860581,-12.275930083,-5.181445496));
#88=DIRECTION('',(0.012071236,0.99992714,0.));
#89=DIRECTION('',(-0.99992714,0.012071236,0.));
#90=AXIS2_PLACEMENT_3D('',#87,#88,#89);
#91=CIRCLE('',#90,1.750045541);
#92=EDGE_CURVE('',#86,#78,#91,.T.);
#93=ORIENTED_EDGE('',*,*,#92,.F.);
#94=CARTESIAN_POINT('',(91.190815043,-12.237057322,-2.965090822));
#95=VERTEX_POINT('',#94);
#96=CARTESIAN_POINT('',(91.190815043,-12.237057322,-2.965090822));
#97=DIRECTION('',(0.989605852,-0.011946636,-0.14330923));
#98=VECTOR('',#97,3.253866709);
#99=LINE('',#96,#98);
#100=EDGE_CURVE('',#95,#86,#99,.T.);
#101=ORIENTED_EDGE('',*,*,#100,.F.);
#102=CARTESIAN_POINT('',(87.970769505,-12.19818456,-3.431399955));
#103=VERTEX_POINT('',#102);
#104=CARTESIAN_POINT('',(87.970769505,-12.19818456,-3.431399955));
#105=DIRECTION('',(0.989605852,-0.011946636,0.14330923));
#106=VECTOR('',#105,3.25386671);
#107=LINE('',#104,#106);
#108=EDGE_CURVE('',#103,#95,#107,.T.);
#109=ORIENTED_EDGE('',*,*,#108,.F.);
#110=CARTESIAN_POINT('',(86.220851473,-12.177059347,-5.181445496));
#111=VERTEX_POINT('',#110);
#112=CARTESIAN_POINT('',(87.970769505,-12.19818456,-5.181445496));
#113=DIRECTION('',(0.012071236,0.99992714,0.));
#114=DIRECTION('',(-0.99992714,0.012071236,0.));
#115=AXIS2_PLACEMENT_3D('',#112,#113,#114);
#116=CIRCLE('',#115,1.750045541);
#117=EDGE_CURVE('',#111,#103,#116,.T.);
#118=ORIENTED_EDGE('',*,*,#117,.F.);
#119=CARTESIAN_POINT('',(86.220851473,-12.177059347,-5.891354415));
#120=VERTEX_POINT('',#119);
#121=CARTESIAN_POINT('',(86.220851473,-12.177059347,-5.181445496));
#122=DIRECTION('',(-0.,0.,-1.));
#123=VECTOR('',#122,0.709908918);
#124=LINE('',#121,#123);
#125=EDGE_CURVE('',#111,#120,#124,.T.);
#126=ORIENTED_EDGE('',*,*,#125,.T.);
#127=CARTESIAN_POINT('',(87.970769505,-12.19818456,-7.641399955));
#128=VERTEX_POINT('',#127);
#129=CARTESIAN_POINT('',(87.970769505,-12.19818456,-5.891354415));
#130=DIRECTION('',(0.012071236,0.99992714,0.));
#131=DIRECTION('',(-0.99992714,0.012071236,0.));
#132=AXIS2_PLACEMENT_3D('',#129,#130,#131);
#133=CIRCLE('',#132,1.750045541);
#134=EDGE_CURVE('',#128,#120,#133,.T.);
#135=ORIENTED_EDGE('',*,*,#134,.F.);
#136=CARTESIAN_POINT('',(87.970769505,-12.19818456,-7.641399955));
#137=DIRECTION('',(0.99992714,-0.012071236,-0.));
#138=VECTOR('',#137,6.440560334);
#139=LINE('',#136,#138);
#140=EDGE_CURVE('',#128,#69,#139,.T.);
#141=ORIENTED_EDGE('',*,*,#140,.T.);
#142=EDGE_LOOP('',(#76,#84,#93,#101,#109,#118,#126,#135,#141));
#143=FACE_BOUND('',#142,.T.);
#144=ADVANCED_FACE('',(#65,#143),#31,.T.);
#145=CARTESIAN_POINT('',(91.330986818,31.007210106,-8.7));
#146=DIRECTION('',(0.,-1.,0.));
#147=DIRECTION('',(0.,0.,-1.));
#148=AXIS2_PLACEMENT_3D('',#145,#146,#147);
#149=PLANE('',#148);
#150=CARTESIAN_POINT('',(110.237340358,31.007210106,-8.3));
#151=VERTEX_POINT('',#150);
#152=CARTESIAN_POINT('',(110.237340358,31.007210106,-1.));
#153=VERTEX_POINT('',#152);
#154=CARTESIAN_POINT('',(110.237340358,31.007210106,-8.3));
#155=DIRECTION('',(0.,0.,1.));
#156=VECTOR('',#155,7.3);
#157=LINE('',#154,#156);
#158=EDGE_CURVE('',#151,#153,#157,.T.);
#159=ORIENTED_EDGE('',*,*,#158,.T.);
#160=CARTESIAN_POINT('',(72.424633278,31.007210106,-1.));
#161=VERTEX_POINT('',#160);
#162=CARTESIAN_POINT('',(110.237340358,31.007210106,-1.));
#163=DIRECTION('',(-1.,0.,0.));
#164=VECTOR('',#163,37.81270708);
#165=LINE('',#162,#164);
#166=EDGE_CURVE('',#153,#161,#165,.T.);
#167=ORIENTED_EDGE('',*,*,#166,.T.);
#168=CARTESIAN_POINT('',(72.424633278,31.007210106,-8.3));
#169=VERTEX_POINT('',#168);
#170=CARTESIAN_POINT('',(72.424633278,31.007210106,-8.3));
#171=DIRECTION('',(0.,0.,1.));
#172=VECTOR('',#171,7.3);
#173=LINE('',#170,#172);
#174=EDGE_CURVE('',#169,#161,#173,.T.);
#175=ORIENTED_EDGE('',*,*,#174,.F.);
#176=CARTESIAN_POINT('',(72.424633278,31.007210106,-8.3));
#177=DIRECTION('',(1.,0.,-0.));
#178=VECTOR('',#177,37.81270708);
#179=LINE('',#176,#178);
#180=EDGE_CURVE('',#169,#151,#179,.T.);
#181=ORIENTED_EDGE('',*,*,#180,.T.);
#182=EDGE_LOOP('',(#159,#167,#175,#181));
#183=FACE_BOUND('',#182,.T.);
#184=ADVANCED_FACE('',(#183),#149,.T.);
#185=CARTESIAN_POINT('',(72.424633278,19.946618551,-8.7));
#186=DIRECTION('',(-1.,0.,0.));
#187=DIRECTION('',(0.,0.,1.));
#188=AXIS2_PLACEMENT_3D('',#185,#186,#187);
#189=PLANE('',#188);
#190=ORIENTED_EDGE('',*,*,#174,.T.);
#191=CARTESIAN_POINT('',(72.424633278,8.886026996,-1.));
#192=VERTEX_POINT('',#191);
#193=CARTESIAN_POINT('',(72.424633278,31.007210106,-1.));
#194=DIRECTION('',(0.,-1.,0.));
#195=VECTOR('',#194,22.12118311);
#196=LINE('',#193,#195);
#197=EDGE_CURVE('',#161,#192,#196,.T.);
#198=ORIENTED_EDGE('',*,*,#197,.T.);
#199=CARTESIAN_POINT('',(72.424633278,8.886026996,-8.3));
#200=VERTEX_POINT('',#199);
#201=CARTESIAN_POINT('',(72.424633278,8.886026996,-8.3));
#202=DIRECTION('',(0.,0.,1.));
#203=VECTOR('',#202,7.3);
#204=LINE('',#201,#203);
#205=EDGE_CURVE('',#200,#192,#204,.T.);
#206=ORIENTED_EDGE('',*,*,#205,.F.);
#207=CARTESIAN_POINT('',(72.424633278,31.007210106,-8.3));
#208=DIRECTION('',(0.,-1.,0.));
#209=VECTOR('',#208,22.12118311);
#210=LINE('',#207,#209);
#211=EDGE_CURVE('',#169,#200,#210,.T.);
#212=ORIENTED_EDGE('',*,*,#211,.F.);
#213=EDGE_LOOP('',(#190,#198,#206,#212));
#214=FACE_BOUND('',#213,.T.);
#215=ADVANCED_FACE('',(#214),#189,.F.);
#216=CARTESIAN_POINT('',(76.389559893,8.886026996,-8.7));
#217=DIRECTION('',(0.,-1.,0.));
#218=DIRECTION('',(0.,0.,-1.));
#219=AXIS2_PLACEMENT_3D('',#216,#217,#218);
#220=PLANE('',#219);
#221=ORIENTED_EDGE('',*,*,#205,.T.);
#222=CARTESIAN_POINT('',(80.354486507,8.886026996,-1.));
#223=VERTEX_POINT('',#222);
#224=CARTESIAN_POINT('',(72.424633278,8.886026996,-1.));
#225=DIRECTION('',(1.,0.,-0.));
#226=VECTOR('',#225,7.929853229);
#227=LINE('',#224,#226);
#228=EDGE_CURVE('',#192,#223,#227,.T.);
#229=ORIENTED_EDGE('',*,*,#228,.T.);
#230=CARTESIAN_POINT('',(80.354486507,8.886026996,-8.3));
#231=VERTEX_POINT('',#230);
#232=CARTESIAN_POINT('',(80.354486507,8.886026996,-8.3));
#233=DIRECTION('',(0.,0.,1.));
#234=VECTOR('',#233,7.3);
#235=LINE('',#232,#234);
#236=EDGE_CURVE('',#231,#223,#235,.T.);
#237=ORIENTED_EDGE('',*,*,#236,.F.);
#238=CARTESIAN_POINT('',(72.424633278,8.886026996,-8.3));
#239=DIRECTION('',(1.,0.,-0.));
#240=VECTOR('',#239,7.929853229);
#241=LINE('',#238,#240);
#242=EDGE_CURVE('',#200,#231,#241,.T.);
#243=ORIENTED_EDGE('',*,*,#242,.F.);
#244=EDGE_LOOP('',(#221,#229,#237,#243));
#245=FACE_BOUND('',#244,.T.);
#246=ADVANCED_FACE('',(#245),#220,.F.);
#247=CARTESIAN_POINT('',(80.354486507,-1.640746873,-8.7));
#248=DIRECTION('',(-1.,0.,0.));
#249=DIRECTION('',(0.,0.,1.));
#250=AXIS2_PLACEMENT_3D('',#247,#248,#249);
#251=PLANE('',#250);
#252=ORIENTED_EDGE('',*,*,#236,.T.);
#253=CARTESIAN_POINT('',(80.354486507,-9.690916651,-1.));
#254=VERTEX_POINT('',#253);
#255=CARTESIAN_POINT('',(80.354486507,8.886026996,-1.));
#256=DIRECTION('',(0.,-1.,0.));
#257=VECTOR('',#256,18.576943647);
#258=LINE('',#255,#257);
#259=EDGE_CURVE('',#223,#254,#258,.T.);
#260=ORIENTED_EDGE('',*,*,#259,.T.);
#261=CARTESIAN_POINT('',(80.354486507,-12.167520742,-1.));
#262=VERTEX_POINT('',#261);
#263=CARTESIAN_POINT('',(80.354486507,-9.690916651,-1.));
#264=DIRECTION('',(0.,-1.,0.));
#265=VECTOR('',#264,2.476604091);
#266=LINE('',#263,#265);
#267=EDGE_CURVE('',#254,#262,#266,.T.);
#268=ORIENTED_EDGE('',*,*,#267,.T.);
#269=CARTESIAN_POINT('',(80.354486507,-12.167520742,-8.3));
#270=VERTEX_POINT('',#269);
#271=CARTESIAN_POINT('',(80.354486507,-12.167520742,-8.3));
#272=DIRECTION('',(0.,0.,1.));
#273=VECTOR('',#272,7.3);
#274=LINE('',#271,#273);
#275=EDGE_CURVE('',#270,#262,#274,.T.);
#276=ORIENTED_EDGE('',*,*,#275,.F.);
#277=CARTESIAN_POINT('',(80.354486507,8.886026996,-8.3));
#278=DIRECTION('',(0.,-1.,0.));
#279=VECTOR('',#278,21.053547738);
#280=LINE('',#277,#279);
#281=EDGE_CURVE('',#231,#270,#280,.T.);
#282=ORIENTED_EDGE('',*,*,#281,.F.);
#283=EDGE_LOOP('',(#252,#260,#268,#276,#282));
#284=FACE_BOUND('',#283,.T.);
#285=ADVANCED_FACE('',(#284),#251,.F.);
#286=CARTESIAN_POINT('',(82.892601294,-12.167520742,-8.7));
#287=DIRECTION('',(0.,-1.,0.));
#288=DIRECTION('',(0.,0.,-1.));
#289=AXIS2_PLACEMENT_3D('',#286,#287,#288);
#290=PLANE('',#289);
#291=ORIENTED_EDGE('',*,*,#275,.T.);
#292=CARTESIAN_POINT('',(80.354486507,-12.167520742,-1.));
#293=DIRECTION('',(1.,0.,-0.));
#294=VECTOR('',#293,5.076229572);
#295=LINE('',#292,#294);
#296=EDGE_CURVE('',#262,#35,#295,.T.);
#297=ORIENTED_EDGE('',*,*,#296,.T.);
#298=ORIENTED_EDGE('',*,*,#40,.F.);
#299=CARTESIAN_POINT('',(80.354486507,-12.167520742,-8.3));
#300=DIRECTION('',(1.,0.,-0.));
#301=VECTOR('',#300,5.076229572);
#302=LINE('',#299,#301);
#303=EDGE_CURVE('',#270,#33,#302,.T.);
#304=ORIENTED_EDGE('',*,*,#303,.F.);
#305=EDGE_LOOP('',(#291,#297,#298,#304));
#306=FACE_BOUND('',#305,.T.);
#307=ADVANCED_FACE('',(#306),#290,.F.);
#308=CARTESIAN_POINT('',(98.625641737,-12.298206719,-8.7));
#309=DIRECTION('',(0.,-1.,0.));
#310=DIRECTION('',(0.,0.,-1.));
#311=AXIS2_PLACEMENT_3D('',#308,#309,#310);
#312=PLANE('',#311);
#313=ORIENTED_EDGE('',*,*,#56,.T.);
#314=CARTESIAN_POINT('',(100.995126096,-12.298206719,-1.));
#315=VERTEX_POINT('',#314);
#316=CARTESIAN_POINT('',(96.256157379,-12.298206719,-1.));
#317=DIRECTION('',(1.,0.,-0.));
#318=VECTOR('',#317,4.738968717);
#319=LINE('',#316,#318);
#320=EDGE_CURVE('',#43,#315,#319,.T.);
#321=ORIENTED_EDGE('',*,*,#320,.T.);
#322=CARTESIAN_POINT('',(100.995126096,-12.298206719,-8.3));
#323=VERTEX_POINT('',#322);
#324=CARTESIAN_POINT('',(100.995126096,-12.298206719,-8.3));
#325=DIRECTION('',(0.,0.,1.));
#326=VECTOR('',#325,7.3);
#327=LINE('',#324,#326);
#328=EDGE_CURVE('',#323,#315,#327,.T.);
#329=ORIENTED_EDGE('',*,*,#328,.F.);
#330=CARTESIAN_POINT('',(96.256157379,-12.298206719,-8.3));
#331=DIRECTION('',(1.,0.,-0.));
#332=VECTOR('',#331,4.738968717);
#333=LINE('',#330,#332);
#334=EDGE_CURVE('',#51,#323,#333,.T.);
#335=ORIENTED_EDGE('',*,*,#334,.F.);
#336=EDGE_LOOP('',(#313,#321,#329,#335));
#337=FACE_BOUND('',#336,.T.);
#338=ADVANCED_FACE('',(#337),#312,.F.);
#339=CARTESIAN_POINT('',(100.995126096,-1.689860634,-8.7));
#340=DIRECTION('',(1.,0.,0.));
#341=DIRECTION('',(0.,0.,-1.));
#342=AXIS2_PLACEMENT_3D('',#339,#340,#341);
#343=PLANE('',#342);
#344=ORIENTED_EDGE('',*,*,#328,.T.);
#345=CARTESIAN_POINT('',(100.995126096,-10.991917359,-1.));
#346=VERTEX_POINT('',#345);
#347=CARTESIAN_POINT('',(100.995126096,-12.298206719,-1.));
#348=DIRECTION('',(0.,1.,0.));
#349=VECTOR('',#348,1.30628936);
#350=LINE('',#347,#349);
#351=EDGE_CURVE('',#315,#346,#350,.T.);
#352=ORIENTED_EDGE('',*,*,#351,.T.);
#353=CARTESIAN_POINT('',(100.995126096,8.918485451,-1.));
#354=VERTEX_POINT('',#353);
#355=CARTESIAN_POINT('',(100.995126096,-10.991917359,-1.));
#356=DIRECTION('',(0.,1.,0.));
#357=VECTOR('',#356,19.91040281);
#358=LINE('',#355,#357);
#359=EDGE_CURVE('',#346,#354,#358,.T.);
#360=ORIENTED_EDGE('',*,*,#359,.T.);
#361=CARTESIAN_POINT('',(100.995126096,8.918485451,-8.3));
#362=VERTEX_POINT('',#361);
#363=CARTESIAN_POINT('',(100.995126096,8.918485451,-8.3));
#364=DIRECTION('',(0.,0.,1.));
#365=VECTOR('',#364,7.3);
#366=LINE('',#363,#365);
#367=EDGE_CURVE('',#362,#354,#366,.T.);
#368=ORIENTED_EDGE('',*,*,#367,.F.);
#369=CARTESIAN_POINT('',(100.995126096,-12.298206719,-8.3));
#370=DIRECTION('',(0.,1.,0.));
#371=VECTOR('',#370,21.21669217);
#372=LINE('',#369,#371);
#373=EDGE_CURVE('',#323,#362,#372,.T.);
#374=ORIENTED_EDGE('',*,*,#373,.F.);
#375=EDGE_LOOP('',(#344,#352,#360,#368,#374));
#376=FACE_BOUND('',#375,.T.);
#377=ADVANCED_FACE('',(#376),#343,.F.);
#378=CARTESIAN_POINT('',(105.616233227,8.918485451,-8.7));
#379=DIRECTION('',(0.,-1.,0.));
#380=DIRECTION('',(0.,0.,-1.));
#381=AXIS2_PLACEMENT_3D('',#378,#379,#380);
#382=PLANE('',#381);
#383=ORIENTED_EDGE('',*,*,#367,.T.);
#384=CARTESIAN_POINT('',(110.237340358,8.918485451,-1.));
#385=VERTEX_POINT('',#384);
#386=CARTESIAN_POINT('',(100.995126096,8.918485451,-1.));
#387=DIRECTION('',(1.,0.,-0.));
#388=VECTOR('',#387,9.242214262);
#389=LINE('',#386,#388);
#390=EDGE_CURVE('',#354,#385,#389,.T.);
#391=ORIENTED_EDGE('',*,*,#390,.T.);
#392=CARTESIAN_POINT('',(110.237340358,8.918485451,-8.3));
#393=VERTEX_POINT('',#392);
#394=CARTESIAN_POINT('',(110.237340358,8.918485451,-8.3));
#395=DIRECTION('',(0.,0.,1.));
#396=VECTOR('',#395,7.3);
#397=LINE('',#394,#396);
#398=EDGE_CURVE('',#393,#385,#397,.T.);
#399=ORIENTED_EDGE('',*,*,#398,.F.);
#400=CARTESIAN_POINT('',(100.995126096,8.918485451,-8.3));
#401=DIRECTION('',(1.,0.,-0.));
#402=VECTOR('',#401,9.242214262);
#403=LINE('',#400,#402);
#404=EDGE_CURVE('',#362,#393,#403,.T.);
#405=ORIENTED_EDGE('',*,*,#404,.F.);
#406=EDGE_LOOP('',(#383,#391,#399,#405));
#407=FACE_BOUND('',#406,.T.);
#408=ADVANCED_FACE('',(#407),#382,.F.);
#409=CARTESIAN_POINT('',(71.424633278,19.946618551,-8.7));
#410=DIRECTION('',(-1.,0.,0.));
#411=DIRECTION('',(0.,0.,1.));
#412=AXIS2_PLACEMENT_3D('',#409,#410,#411);
#413=PLANE('',#412);
#414=CARTESIAN_POINT('',(71.424633278,29.507210106,-2.));
#415=VERTEX_POINT('',#414);
#416=CARTESIAN_POINT('',(71.424633278,10.386026996,-2.));
#417=VERTEX_POINT('',#416);
#418=CARTESIAN_POINT('',(71.424633278,29.507210106,-2.));
#419=DIRECTION('',(0.,-1.,0.));
#420=VECTOR('',#419,19.12118311);
#421=LINE('',#418,#420);
#422=EDGE_CURVE('',#415,#417,#421,.T.);
#423=ORIENTED_EDGE('',*,*,#422,.F.);
#424=CARTESIAN_POINT('',(71.424633278,29.507210106,-6.8));
#425=VERTEX_POINT('',#424);
#426=CARTESIAN_POINT('',(71.424633278,29.507210106,-2.));
#427=DIRECTION('',(-0.,-0.,-1.));
#428=VECTOR('',#427,4.8);
#429=LINE('',#426,#428);
#430=EDGE_CURVE('',#415,#425,#429,.T.);
#431=ORIENTED_EDGE('',*,*,#430,.T.);
#432=CARTESIAN_POINT('',(71.424633278,10.386026996,-6.8));
#433=VERTEX_POINT('',#432);
#434=CARTESIAN_POINT('',(71.424633278,29.507210106,-6.8));
#435=DIRECTION('',(0.,-1.,0.));
#436=VECTOR('',#435,19.12118311);
#437=LINE('',#434,#436);
#438=EDGE_CURVE('',#425,#433,#437,.T.);
#439=ORIENTED_EDGE('',*,*,#438,.T.);
#440=CARTESIAN_POINT('',(71.424633278,10.386026996,-6.8));
#441=DIRECTION('',(0.,0.,1.));
#442=VECTOR('',#441,4.8);
#443=LINE('',#440,#442);
#444=EDGE_CURVE('',#433,#417,#443,.T.);
#445=ORIENTED_EDGE('',*,*,#444,.T.);
#446=EDGE_LOOP('',(#423,#431,#439,#445));
#447=FACE_BOUND('',#446,.T.);
#448=ADVANCED_FACE('',(#447),#413,.T.);
#449=CARTESIAN_POINT('',(91.330986818,32.007210106,-8.7));
#450=DIRECTION('',(0.,1.,0.));
#451=DIRECTION('',(0.,0.,1.));
#452=AXIS2_PLACEMENT_3D('',#449,#450,#451);
#453=PLANE('',#452);
#454=CARTESIAN_POINT('',(108.737340358,32.007210106,-2.));
#455=VERTEX_POINT('',#454);
#456=CARTESIAN_POINT('',(73.924633278,32.007210106,-2.));
#457=VERTEX_POINT('',#456);
#458=CARTESIAN_POINT('',(108.737340358,32.007210106,-2.));
#459=DIRECTION('',(-1.,0.,0.));
#460=VECTOR('',#459,34.81270708);
#461=LINE('',#458,#460);
#462=EDGE_CURVE('',#455,#457,#461,.T.);
#463=ORIENTED_EDGE('',*,*,#462,.F.);
#464=CARTESIAN_POINT('',(108.737340358,32.007210106,-7.6));
#465=VERTEX_POINT('',#464);
#466=CARTESIAN_POINT('',(108.737340358,32.007210106,-2.));
#467=DIRECTION('',(-0.,-0.,-1.));
#468=VECTOR('',#467,5.6);
#469=LINE('',#466,#468);
#470=EDGE_CURVE('',#455,#465,#469,.T.);
#471=ORIENTED_EDGE('',*,*,#470,.T.);
#472=CARTESIAN_POINT('',(73.924633278,32.007210106,-7.6));
#473=VERTEX_POINT('',#472);
#474=CARTESIAN_POINT('',(108.737340358,32.007210106,-7.6));
#475=DIRECTION('',(-1.,-0.,-0.));
#476=VECTOR('',#475,34.81270708);
#477=LINE('',#474,#476);
#478=EDGE_CURVE('',#465,#473,#477,.T.);
#479=ORIENTED_EDGE('',*,*,#478,.T.);
#480=CARTESIAN_POINT('',(73.924633278,32.007210106,-7.6));
#481=DIRECTION('',(0.,0.,1.));
#482=VECTOR('',#481,5.6);
#483=LINE('',#480,#482);
#484=EDGE_CURVE('',#473,#457,#483,.T.);
#485=ORIENTED_EDGE('',*,*,#484,.T.);
#486=EDGE_LOOP('',(#463,#471,#479,#485));
#487=FACE_BOUND('',#486,.T.);
#488=ADVANCED_FACE('',(#487),#453,.T.);
#489=CARTESIAN_POINT('',(111.237340358,19.962847778,-8.7));
#490=DIRECTION('',(1.,0.,0.));
#491=DIRECTION('',(0.,0.,-1.));
#492=AXIS2_PLACEMENT_3D('',#489,#490,#491);
#493=PLANE('',#492);
#494=CARTESIAN_POINT('',(111.237340358,10.418485451,-2.));
#495=VERTEX_POINT('',#494);
#496=CARTESIAN_POINT('',(111.237340358,29.507210106,-2.));
#497=VERTEX_POINT('',#496);
#498=CARTESIAN_POINT('',(111.237340358,10.418485451,-2.));
#499=DIRECTION('',(0.,1.,0.));
#500=VECTOR('',#499,19.088724655);
#501=LINE('',#498,#500);
#502=EDGE_CURVE('',#495,#497,#501,.T.);
#503=ORIENTED_EDGE('',*,*,#502,.F.);
#504=CARTESIAN_POINT('',(111.237340358,10.418485451,-6.8));
#505=VERTEX_POINT('',#504);
#506=CARTESIAN_POINT('',(111.237340358,10.418485451,-2.));
#507=DIRECTION('',(-0.,-0.,-1.));
#508=VECTOR('',#507,4.8);
#509=LINE('',#506,#508);
#510=EDGE_CURVE('',#495,#505,#509,.T.);
#511=ORIENTED_EDGE('',*,*,#510,.T.);
#512=CARTESIAN_POINT('',(111.237340358,29.507210106,-6.8));
#513=VERTEX_POINT('',#512);
#514=CARTESIAN_POINT('',(111.237340358,10.418485451,-6.8));
#515=DIRECTION('',(0.,1.,0.));
#516=VECTOR('',#515,19.088724655);
#517=LINE('',#514,#516);
#518=EDGE_CURVE('',#505,#513,#517,.T.);
#519=ORIENTED_EDGE('',*,*,#518,.T.);
#520=CARTESIAN_POINT('',(111.237340358,29.507210106,-6.8));
#521=DIRECTION('',(0.,0.,1.));
#522=VECTOR('',#521,4.8);
#523=LINE('',#520,#522);
#524=EDGE_CURVE('',#513,#497,#523,.T.);
#525=ORIENTED_EDGE('',*,*,#524,.T.);
#526=EDGE_LOOP('',(#503,#511,#519,#525));
#527=FACE_BOUND('',#526,.T.);
#528=ADVANCED_FACE('',(#527),#493,.T.);
#529=CARTESIAN_POINT('',(106.616233227,7.918485451,-8.7));
#530=DIRECTION('',(0.,-1.,0.));
#531=DIRECTION('',(0.,0.,-1.));
#532=AXIS2_PLACEMENT_3D('',#529,#530,#531);
#533=PLANE('',#532);
#534=CARTESIAN_POINT('',(104.495126096,7.918485451,-2.));
#535=VERTEX_POINT('',#534);
#536=CARTESIAN_POINT('',(108.737340358,7.918485451,-2.));
#537=VERTEX_POINT('',#536);
#538=CARTESIAN_POINT('',(104.495126096,7.918485451,-2.));
#539=DIRECTION('',(1.,0.,-0.));
#540=VECTOR('',#539,4.242214262);
#541=LINE('',#538,#540);
#542=EDGE_CURVE('',#535,#537,#541,.T.);
#543=ORIENTED_EDGE('',*,*,#542,.F.);
#544=CARTESIAN_POINT('',(104.495126096,7.918485451,-9.3));
#545=VERTEX_POINT('',#544);
#546=CARTESIAN_POINT('',(104.495126096,7.918485451,-2.));
#547=DIRECTION('',(-0.,-0.,-1.));
#548=VECTOR('',#547,7.3);
#549=LINE('',#546,#548);
#550=EDGE_CURVE('',#535,#545,#549,.T.);
#551=ORIENTED_EDGE('',*,*,#550,.T.);
#552=CARTESIAN_POINT('',(108.737340358,7.918485451,-9.3));
#553=VERTEX_POINT('',#552);
#554=CARTESIAN_POINT('',(104.495126096,7.918485451,-9.3));
#555=DIRECTION('',(1.,0.,-0.));
#556=VECTOR('',#555,4.242214262);
#557=LINE('',#554,#556);
#558=EDGE_CURVE('',#545,#553,#557,.T.);
#559=ORIENTED_EDGE('',*,*,#558,.T.);
#560=CARTESIAN_POINT('',(108.737340358,7.918485451,-9.3));
#561=DIRECTION('',(0.,0.,1.));
#562=VECTOR('',#561,7.3);
#563=LINE('',#560,#562);
#564=EDGE_CURVE('',#553,#537,#563,.T.);
#565=ORIENTED_EDGE('',*,*,#564,.T.);
#566=EDGE_LOOP('',(#543,#551,#559,#565));
#567=FACE_BOUND('',#566,.T.);
#568=ADVANCED_FACE('',(#567),#533,.T.);
#569=CARTESIAN_POINT('',(101.995126096,-2.689860634,-8.7));
#570=DIRECTION('',(1.,0.,0.));
#571=DIRECTION('',(0.,0.,-1.));
#572=AXIS2_PLACEMENT_3D('',#569,#570,#571);
#573=PLANE('',#572);
#574=CARTESIAN_POINT('',(101.995126096,-10.798206719,-2.));
#575=VERTEX_POINT('',#574);
#576=CARTESIAN_POINT('',(101.995126096,5.418485451,-2.));
#577=VERTEX_POINT('',#576);
#578=CARTESIAN_POINT('',(101.995126096,-10.798206719,-2.));
#579=DIRECTION('',(0.,1.,0.));
#580=VECTOR('',#579,16.21669217);
#581=LINE('',#578,#580);
#582=EDGE_CURVE('',#575,#577,#581,.T.);
#583=ORIENTED_EDGE('',*,*,#582,.F.);
#584=CARTESIAN_POINT('',(101.995126096,-10.798206719,-9.3));
#585=VERTEX_POINT('',#584);
#586=CARTESIAN_POINT('',(101.995126096,-10.798206719,-2.));
#587=DIRECTION('',(-0.,-0.,-1.));
#588=VECTOR('',#587,7.3);
#589=LINE('',#586,#588);
#590=EDGE_CURVE('',#575,#585,#589,.T.);
#591=ORIENTED_EDGE('',*,*,#590,.T.);
#592=CARTESIAN_POINT('',(101.995126096,5.418485451,-9.3));
#593=VERTEX_POINT('',#592);
#594=CARTESIAN_POINT('',(101.995126096,-10.798206719,-9.3));
#595=DIRECTION('',(0.,1.,0.));
#596=VECTOR('',#595,16.21669217);
#597=LINE('',#594,#596);
#598=EDGE_CURVE('',#585,#593,#597,.T.);
#599=ORIENTED_EDGE('',*,*,#598,.T.);
#600=CARTESIAN_POINT('',(101.995126096,5.418485451,-9.3));
#601=DIRECTION('',(0.,0.,1.));
#602=VECTOR('',#601,7.3);
#603=LINE('',#600,#602);
#604=EDGE_CURVE('',#593,#577,#603,.T.);
#605=ORIENTED_EDGE('',*,*,#604,.T.);
#606=EDGE_LOOP('',(#583,#591,#599,#605));
#607=FACE_BOUND('',#606,.T.);
#608=ADVANCED_FACE('',(#607),#573,.T.);
#609=CARTESIAN_POINT('',(99.122623818,-13.298206719,-8.7));
#610=DIRECTION('',(0.,-1.,0.));
#611=DIRECTION('',(0.,0.,-1.));
#612=AXIS2_PLACEMENT_3D('',#609,#610,#611);
#613=PLANE('',#612);
#614=CARTESIAN_POINT('',(96.250121541,-13.298206719,-9.3));
#615=VERTEX_POINT('',#614);
#616=CARTESIAN_POINT('',(99.495126096,-13.298206719,-9.3));
#617=VERTEX_POINT('',#616);
#618=CARTESIAN_POINT('',(96.250121541,-13.298206719,-9.3));
#619=DIRECTION('',(1.,0.,-0.));
#620=VECTOR('',#619,3.245004555);
#621=LINE('',#618,#620);
#622=EDGE_CURVE('',#615,#617,#621,.T.);
#623=ORIENTED_EDGE('',*,*,#622,.T.);
#624=CARTESIAN_POINT('',(99.495126096,-13.298206719,-2.));
#625=VERTEX_POINT('',#624);
#626=CARTESIAN_POINT('',(99.495126096,-13.298206719,-9.3));
#627=DIRECTION('',(0.,0.,1.));
#628=VECTOR('',#627,7.3);
#629=LINE('',#626,#628);
#630=EDGE_CURVE('',#617,#625,#629,.T.);
#631=ORIENTED_EDGE('',*,*,#630,.T.);
#632=CARTESIAN_POINT('',(96.250121541,-13.298206719,-2.));
#633=VERTEX_POINT('',#632);
#634=CARTESIAN_POINT('',(96.250121541,-13.298206719,-2.));
#635=DIRECTION('',(1.,0.,-0.));
#636=VECTOR('',#635,3.245004555);
#637=LINE('',#634,#636);
#638=EDGE_CURVE('',#633,#625,#637,.T.);
#639=ORIENTED_EDGE('',*,*,#638,.F.);
#640=CARTESIAN_POINT('',(96.250121541,-13.298206719,-9.3));
#641=DIRECTION('',(0.,0.,1.));
#642=VECTOR('',#641,7.3);
#643=LINE('',#640,#642);
#644=EDGE_CURVE('',#615,#633,#643,.T.);
#645=ORIENTED_EDGE('',*,*,#644,.F.);
#646=EDGE_LOOP('',(#623,#631,#639,#645));
#647=FACE_BOUND('',#646,.T.);
#648=ADVANCED_FACE('',(#647),#613,.T.);
#649=CARTESIAN_POINT('',(90.837400891,-13.23286373,-8.7));
#650=DIRECTION('',(-0.012071236,-0.99992714,0.));
#651=DIRECTION('',(0.99992714,-0.012071236,0.));
#652=AXIS2_PLACEMENT_3D('',#649,#650,#651);
#653=PLANE('',#652);
#654=CARTESIAN_POINT('',(96.148707377,-13.296982436,-5.181445496));
#655=VERTEX_POINT('',#654);
#656=CARTESIAN_POINT('',(94.398789345,-13.275857223,-3.431399955));
#657=VERTEX_POINT('',#656);
#658=CARTESIAN_POINT('',(94.398789345,-13.275857223,-5.181445496));
#659=DIRECTION('',(-0.012071236,-0.99992714,0.));
#660=DIRECTION('',(0.99992714,-0.012071236,0.));
#661=AXIS2_PLACEMENT_3D('',#658,#659,#660);
#662=CIRCLE('',#661,1.750045541);
#663=EDGE_CURVE('',#655,#657,#662,.T.);
#664=ORIENTED_EDGE('',*,*,#663,.F.);
#665=CARTESIAN_POINT('',(96.148707377,-13.296982436,-5.891354415));
#666=VERTEX_POINT('',#665);
#667=CARTESIAN_POINT('',(96.148707377,-13.296982436,-5.181445496));
#668=DIRECTION('',(0.,0.,-1.));
#669=VECTOR('',#668,0.709908918);
#670=LINE('',#667,#669);
#671=EDGE_CURVE('',#655,#666,#670,.T.);
#672=ORIENTED_EDGE('',*,*,#671,.T.);
#673=CARTESIAN_POINT('',(94.398789345,-13.275857223,-7.641399955));
#674=VERTEX_POINT('',#673);
#675=CARTESIAN_POINT('',(94.398789345,-13.275857223,-5.891354415));
#676=DIRECTION('',(-0.012071236,-0.99992714,-0.));
#677=DIRECTION('',(0.,0.,-1.));
#678=AXIS2_PLACEMENT_3D('',#675,#676,#677);
#679=CIRCLE('',#678,1.750045541);
#680=EDGE_CURVE('',#674,#666,#679,.T.);
#681=ORIENTED_EDGE('',*,*,#680,.F.);
#682=CARTESIAN_POINT('',(87.95869827,-13.1981117,-7.641399955));
#683=VERTEX_POINT('',#682);
#684=CARTESIAN_POINT('',(94.398789345,-13.275857223,-7.641399955));
#685=DIRECTION('',(-0.99992714,0.012071236,0.));
#686=VECTOR('',#685,6.440560334);
#687=LINE('',#684,#686);
#688=EDGE_CURVE('',#674,#683,#687,.T.);
#689=ORIENTED_EDGE('',*,*,#688,.T.);
#690=CARTESIAN_POINT('',(86.208780237,-13.176986487,-5.891354415));
#691=VERTEX_POINT('',#690);
#692=CARTESIAN_POINT('',(87.95869827,-13.1981117,-5.891354415));
#693=DIRECTION('',(-0.012071236,-0.99992714,0.));
#694=DIRECTION('',(-0.99992714,0.012071236,0.));
#695=AXIS2_PLACEMENT_3D('',#692,#693,#694);
#696=CIRCLE('',#695,1.750045541);
#697=EDGE_CURVE('',#691,#683,#696,.T.);
#698=ORIENTED_EDGE('',*,*,#697,.F.);
#699=CARTESIAN_POINT('',(86.208780237,-13.176986487,-5.181445496));
#700=VERTEX_POINT('',#699);
#701=CARTESIAN_POINT('',(86.208780237,-13.176986487,-5.891354415));
#702=DIRECTION('',(0.,-0.,1.));
#703=VECTOR('',#702,0.709908918);
#704=LINE('',#701,#703);
#705=EDGE_CURVE('',#691,#700,#704,.T.);
#706=ORIENTED_EDGE('',*,*,#705,.T.);
#707=CARTESIAN_POINT('',(87.95869827,-13.1981117,-3.431399955));
#708=VERTEX_POINT('',#707);
#709=CARTESIAN_POINT('',(87.95869827,-13.1981117,-5.181445496));
#710=DIRECTION('',(-0.012071236,-0.99992714,-0.));
#711=DIRECTION('',(0.,-0.,1.));
#712=AXIS2_PLACEMENT_3D('',#709,#710,#711);
#713=CIRCLE('',#712,1.750045541);
#714=EDGE_CURVE('',#708,#700,#713,.T.);
#715=ORIENTED_EDGE('',*,*,#714,.F.);
#716=CARTESIAN_POINT('',(91.178743807,-13.236984462,-2.965090822));
#717=VERTEX_POINT('',#716);
#718=CARTESIAN_POINT('',(91.178743807,-13.236984462,-2.965090822));
#719=DIRECTION('',(-0.989605852,0.011946636,-0.14330923));
#720=VECTOR('',#719,3.25386671);
#721=LINE('',#718,#720);
#722=EDGE_CURVE('',#717,#708,#721,.T.);
#723=ORIENTED_EDGE('',*,*,#722,.F.);
#724=CARTESIAN_POINT('',(94.398789345,-13.275857223,-3.431399955));
#725=DIRECTION('',(-0.989605852,0.011946636,0.14330923));
#726=VECTOR('',#725,3.253866709);
#727=LINE('',#724,#726);
#728=EDGE_CURVE('',#657,#717,#727,.T.);
#729=ORIENTED_EDGE('',*,*,#728,.F.);
#730=EDGE_LOOP('',(#664,#672,#681,#689,#698,#706,#715,#723,#729));
#731=FACE_BOUND('',#730,.T.);
#732=CARTESIAN_POINT('',(85.424680242,-13.167520742,-2.));
#733=VERTEX_POINT('',#732);
#734=CARTESIAN_POINT('',(85.424680242,-13.167520742,-2.));
#735=DIRECTION('',(0.99992714,-0.012071236,0.));
#736=VECTOR('',#735,10.826230098);
#737=LINE('',#734,#736);
#738=EDGE_CURVE('',#733,#633,#737,.T.);
#739=ORIENTED_EDGE('',*,*,#738,.F.);
#740=CARTESIAN_POINT('',(85.424680242,-13.167520742,-9.3));
#741=VERTEX_POINT('',#740);
#742=CARTESIAN_POINT('',(85.424680242,-13.167520742,-9.3));
#743=DIRECTION('',(0.,0.,1.));
#744=VECTOR('',#743,7.3);
#745=LINE('',#742,#744);
#746=EDGE_CURVE('',#741,#733,#745,.T.);
#747=ORIENTED_EDGE('',*,*,#746,.F.);
#748=CARTESIAN_POINT('',(85.424680242,-13.167520742,-9.3));
#749=DIRECTION('',(0.99992714,-0.012071236,0.));
#750=VECTOR('',#749,10.826230098);
#751=LINE('',#748,#750);
#752=EDGE_CURVE('',#741,#615,#751,.T.);
#753=ORIENTED_EDGE('',*,*,#752,.T.);
#754=ORIENTED_EDGE('',*,*,#644,.T.);
#755=EDGE_LOOP('',(#739,#747,#753,#754));
#756=FACE_BOUND('',#755,.T.);
#757=ADVANCED_FACE('',(#731,#756),#653,.T.);
#758=CARTESIAN_POINT('',(82.389583375,-13.167520742,-8.7));
#759=DIRECTION('',(0.,-1.,0.));
#760=DIRECTION('',(0.,0.,-1.));
#761=AXIS2_PLACEMENT_3D('',#758,#759,#760);
#762=PLANE('',#761);
#763=CARTESIAN_POINT('',(81.854486507,-13.167520742,-2.));
#764=VERTEX_POINT('',#763);
#765=CARTESIAN_POINT('',(81.854486507,-13.167520742,-2.));
#766=DIRECTION('',(1.,0.,-0.));
#767=VECTOR('',#766,3.570193734);
#768=LINE('',#765,#767);
#769=EDGE_CURVE('',#764,#733,#768,.T.);
#770=ORIENTED_EDGE('',*,*,#769,.F.);
#771=CARTESIAN_POINT('',(81.854486507,-13.167520742,-9.3));
#772=VERTEX_POINT('',#771);
#773=CARTESIAN_POINT('',(81.854486507,-13.167520742,-2.));
#774=DIRECTION('',(-0.,-0.,-1.));
#775=VECTOR('',#774,7.3);
#776=LINE('',#773,#775);
#777=EDGE_CURVE('',#764,#772,#776,.T.);
#778=ORIENTED_EDGE('',*,*,#777,.T.);
#779=CARTESIAN_POINT('',(81.854486507,-13.167520742,-9.3));
#780=DIRECTION('',(1.,0.,-0.));
#781=VECTOR('',#780,3.570193734);
#782=LINE('',#779,#781);
#783=EDGE_CURVE('',#772,#741,#782,.T.);
#784=ORIENTED_EDGE('',*,*,#783,.T.);
#785=ORIENTED_EDGE('',*,*,#746,.T.);
#786=EDGE_LOOP('',(#770,#778,#784,#785));
#787=FACE_BOUND('',#786,.T.);
#788=ADVANCED_FACE('',(#787),#762,.T.);
#789=CARTESIAN_POINT('',(79.354486507,-2.640746873,-8.7));
#790=DIRECTION('',(-1.,0.,0.));
#791=DIRECTION('',(0.,0.,1.));
#792=AXIS2_PLACEMENT_3D('',#789,#790,#791);
#793=PLANE('',#792);
#794=CARTESIAN_POINT('',(79.354486507,5.386026996,-2.));
#795=VERTEX_POINT('',#794);
#796=CARTESIAN_POINT('',(79.354486507,-10.667520742,-2.));
#797=VERTEX_POINT('',#796);
#798=CARTESIAN_POINT('',(79.354486507,5.386026996,-2.));
#799=DIRECTION('',(0.,-1.,0.));
#800=VECTOR('',#799,16.053547738);
#801=LINE('',#798,#800);
#802=EDGE_CURVE('',#795,#797,#801,.T.);
#803=ORIENTED_EDGE('',*,*,#802,.F.);
#804=CARTESIAN_POINT('',(79.354486507,5.386026996,-9.3));
#805=VERTEX_POINT('',#804);
#806=CARTESIAN_POINT('',(79.354486507,5.386026996,-2.));
#807=DIRECTION('',(-0.,-0.,-1.));
#808=VECTOR('',#807,7.3);
#809=LINE('',#806,#808);
#810=EDGE_CURVE('',#795,#805,#809,.T.);
#811=ORIENTED_EDGE('',*,*,#810,.T.);
#812=CARTESIAN_POINT('',(79.354486507,-10.667520742,-9.3));
#813=VERTEX_POINT('',#812);
#814=CARTESIAN_POINT('',(79.354486507,5.386026996,-9.3));
#815=DIRECTION('',(0.,-1.,0.));
#816=VECTOR('',#815,16.053547738);
#817=LINE('',#814,#816);
#818=EDGE_CURVE('',#805,#813,#817,.T.);
#819=ORIENTED_EDGE('',*,*,#818,.T.);
#820=CARTESIAN_POINT('',(79.354486507,-10.667520742,-9.3));
#821=DIRECTION('',(0.,0.,1.));
#822=VECTOR('',#821,7.3);
#823=LINE('',#820,#822);
#824=EDGE_CURVE('',#813,#797,#823,.T.);
#825=ORIENTED_EDGE('',*,*,#824,.T.);
#826=EDGE_LOOP('',(#803,#811,#819,#825));
#827=FACE_BOUND('',#826,.T.);
#828=ADVANCED_FACE('',(#827),#793,.T.);
#829=CARTESIAN_POINT('',(75.389559893,7.886026996,-8.7));
#830=DIRECTION('',(0.,-1.,0.));
#831=DIRECTION('',(0.,0.,-1.));
#832=AXIS2_PLACEMENT_3D('',#829,#830,#831);
#833=PLANE('',#832);
#834=CARTESIAN_POINT('',(73.924633278,7.886026996,-9.3));
#835=VERTEX_POINT('',#834);
#836=CARTESIAN_POINT('',(76.854486507,7.886026996,-9.3));
#837=VERTEX_POINT('',#836);
#838=CARTESIAN_POINT('',(73.924633278,7.886026996,-9.3));
#839=DIRECTION('',(1.,0.,-0.));
#840=VECTOR('',#839,2.929853229);
#841=LINE('',#838,#840);
#842=EDGE_CURVE('',#835,#837,#841,.T.);
#843=ORIENTED_EDGE('',*,*,#842,.T.);
#844=CARTESIAN_POINT('',(76.854486507,7.886026996,-2.));
#845=VERTEX_POINT('',#844);
#846=CARTESIAN_POINT('',(76.854486507,7.886026996,-9.3));
#847=DIRECTION('',(0.,0.,1.));
#848=VECTOR('',#847,7.3);
#849=LINE('',#846,#848);
#850=EDGE_CURVE('',#837,#845,#849,.T.);
#851=ORIENTED_EDGE('',*,*,#850,.T.);
#852=CARTESIAN_POINT('',(73.924633278,7.886026996,-2.));
#853=VERTEX_POINT('',#852);
#854=CARTESIAN_POINT('',(73.924633278,7.886026996,-2.));
#855=DIRECTION('',(1.,0.,-0.));
#856=VECTOR('',#855,2.929853229);
#857=LINE('',#854,#856);
#858=EDGE_CURVE('',#853,#845,#857,.T.);
#859=ORIENTED_EDGE('',*,*,#858,.F.);
#860=CARTESIAN_POINT('',(73.924633278,7.886026996,-2.));
#861=DIRECTION('',(-0.,-0.,-1.));
#862=VECTOR('',#861,7.3);
#863=LINE('',#860,#862);
#864=EDGE_CURVE('',#853,#835,#863,.T.);
#865=ORIENTED_EDGE('',*,*,#864,.T.);
#866=EDGE_LOOP('',(#843,#851,#859,#865));
#867=FACE_BOUND('',#866,.T.);
#868=ADVANCED_FACE('',(#867),#833,.T.);
#869=CARTESIAN_POINT('',(110.237340358,19.962847778,-8.7));
#870=DIRECTION('',(1.,0.,0.));
#871=DIRECTION('',(0.,0.,-1.));
#872=AXIS2_PLACEMENT_3D('',#869,#870,#871);
#873=PLANE('',#872);
#874=ORIENTED_EDGE('',*,*,#398,.T.);
#875=CARTESIAN_POINT('',(110.237340358,8.918485451,-1.));
#876=DIRECTION('',(0.,1.,0.));
#877=VECTOR('',#876,22.088724655);
#878=LINE('',#875,#877);
#879=EDGE_CURVE('',#385,#153,#878,.T.);
#880=ORIENTED_EDGE('',*,*,#879,.T.);
#881=ORIENTED_EDGE('',*,*,#158,.F.);
#882=CARTESIAN_POINT('',(110.237340358,8.918485451,-8.3));
#883=DIRECTION('',(0.,1.,0.));
#884=VECTOR('',#883,22.088724655);
#885=LINE('',#882,#884);
#886=EDGE_CURVE('',#393,#151,#885,.T.);
#887=ORIENTED_EDGE('',*,*,#886,.F.);
#888=EDGE_LOOP('',(#874,#880,#881,#887));
#889=FACE_BOUND('',#888,.T.);
#890=ADVANCED_FACE('',(#889),#873,.F.);
#891=CARTESIAN_POINT('',(69.325706837,-14.000318167,-8.3));
#892=DIRECTION('',(0.,0.,-1.));
#893=DIRECTION('',(-1.,0.,0.));
#894=AXIS2_PLACEMENT_3D('',#891,#892,#893);
#895=PLANE('',#894);
#896=ORIENTED_EDGE('',*,*,#180,.F.);
#897=ORIENTED_EDGE('',*,*,#211,.T.);
#898=ORIENTED_EDGE('',*,*,#242,.T.);
#899=ORIENTED_EDGE('',*,*,#281,.T.);
#900=ORIENTED_EDGE('',*,*,#303,.T.);
#901=ORIENTED_EDGE('',*,*,#62,.F.);
#902=ORIENTED_EDGE('',*,*,#334,.T.);
#903=ORIENTED_EDGE('',*,*,#373,.T.);
#904=ORIENTED_EDGE('',*,*,#404,.T.);
#905=ORIENTED_EDGE('',*,*,#886,.T.);
#906=EDGE_LOOP('',(#896,#897,#898,#899,#900,#901,#902,#903,#904,#905));
#907=FACE_BOUND('',#906,.T.);
#908=ADVANCED_FACE('',(#907),#895,.F.);
#909=CARTESIAN_POINT('',(69.325706837,-14.000318167,-9.3));
#910=DIRECTION('',(0.,0.,-1.));
#911=DIRECTION('',(-1.,0.,0.));
#912=AXIS2_PLACEMENT_3D('',#909,#910,#911);
#913=PLANE('',#912);
#914=ORIENTED_EDGE('',*,*,#598,.F.);
#915=CARTESIAN_POINT('',(99.495126096,-10.798206719,-9.3));
#916=DIRECTION('',(0.,0.,-1.));
#917=DIRECTION('',(-1.,0.,0.));
#918=AXIS2_PLACEMENT_3D('',#915,#916,#917);
#919=CIRCLE('',#918,2.5);
#920=EDGE_CURVE('',#585,#617,#919,.T.);
#921=ORIENTED_EDGE('',*,*,#920,.T.);
#922=ORIENTED_EDGE('',*,*,#622,.F.);
#923=ORIENTED_EDGE('',*,*,#752,.F.);
#924=ORIENTED_EDGE('',*,*,#783,.F.);
#925=CARTESIAN_POINT('',(81.854486507,-10.667520742,-9.3));
#926=DIRECTION('',(0.,0.,-1.));
#927=DIRECTION('',(-1.,0.,0.));
#928=AXIS2_PLACEMENT_3D('',#925,#926,#927);
#929=CIRCLE('',#928,2.5);
#930=EDGE_CURVE('',#772,#813,#929,.T.);
#931=ORIENTED_EDGE('',*,*,#930,.T.);
#932=ORIENTED_EDGE('',*,*,#818,.F.);
#933=CARTESIAN_POINT('',(76.854486507,5.386026996,-9.3));
#934=DIRECTION('',(-0.,-0.,1.));
#935=DIRECTION('',(-1.,0.,0.));
#936=AXIS2_PLACEMENT_3D('',#933,#934,#935);
#937=CIRCLE('',#936,2.5);
#938=EDGE_CURVE('',#805,#837,#937,.T.);
#939=ORIENTED_EDGE('',*,*,#938,.T.);
#940=ORIENTED_EDGE('',*,*,#842,.F.);
#941=CARTESIAN_POINT('',(73.924633278,30.307210106,-9.3));
#942=VERTEX_POINT('',#941);
#943=CARTESIAN_POINT('',(73.924633278,7.886026996,-9.3));
#944=DIRECTION('',(-0.,1.,-0.));
#945=VECTOR('',#944,22.42118311);
#946=LINE('',#943,#945);
#947=EDGE_CURVE('',#835,#942,#946,.T.);
#948=ORIENTED_EDGE('',*,*,#947,.T.);
#949=CARTESIAN_POINT('',(108.737340358,30.307210106,-9.3));
#950=VERTEX_POINT('',#949);
#951=CARTESIAN_POINT('',(73.924633278,30.307210106,-9.3));
#952=DIRECTION('',(1.,-0.,-0.));
#953=VECTOR('',#952,34.81270708);
#954=LINE('',#951,#953);
#955=EDGE_CURVE('',#942,#950,#954,.T.);
#956=ORIENTED_EDGE('',*,*,#955,.T.);
#957=CARTESIAN_POINT('',(108.737340358,30.307210106,-9.3));
#958=DIRECTION('',(-0.,-1.,-0.));
#959=VECTOR('',#958,22.388724655);
#960=LINE('',#957,#959);
#961=EDGE_CURVE('',#950,#553,#960,.T.);
#962=ORIENTED_EDGE('',*,*,#961,.T.);
#963=ORIENTED_EDGE('',*,*,#558,.F.);
#964=CARTESIAN_POINT('',(104.495126096,5.418485451,-9.3));
#965=DIRECTION('',(-0.,-0.,1.));
#966=DIRECTION('',(-1.,0.,0.));
#967=AXIS2_PLACEMENT_3D('',#964,#965,#966);
#968=CIRCLE('',#967,2.5);
#969=EDGE_CURVE('',#545,#593,#968,.T.);
#970=ORIENTED_EDGE('',*,*,#969,.T.);
#971=EDGE_LOOP('',(#914,#921,#922,#923,#924,#931,#932,#939,#940,#948,#956,#962,#963,#970));
#972=FACE_BOUND('',#971,.T.);
#973=ADVANCED_FACE('',(#972),#913,.T.);
#974=CARTESIAN_POINT('',(108.737340358,32.007210106,-7.6));
#975=CARTESIAN_POINT('',(97.133104665,32.007210106,-7.6));
#976=CARTESIAN_POINT('',(85.528868972,32.007210106,-7.6));
#977=CARTESIAN_POINT('',(73.924633278,32.007210106,-7.6));
#978=CARTESIAN_POINT('',(108.737340358,32.007210106,-9.3));
#979=CARTESIAN_POINT('',(97.133104665,32.007210106,-9.3));
#980=CARTESIAN_POINT('',(85.528868972,32.007210106,-9.3));
#981=CARTESIAN_POINT('',(73.924633278,32.007210106,-9.3));
#982=CARTESIAN_POINT('',(108.737340358,30.307210106,-9.3));
#983=CARTESIAN_POINT('',(97.133104665,30.307210106,-9.3));
#984=CARTESIAN_POINT('',(85.528868972,30.307210106,-9.3));
#985=CARTESIAN_POINT('',(73.924633278,30.307210106,-9.3));
#986=(BOUNDED_SURFACE()
B_SPLINE_SURFACE(2,3,((#974,#975,#976,#977),(#978,#979,#980,#981),(#982,#983,#984,#985)),.UNSPECIFIED.,.F.,.F.,.U.)
B_SPLINE_SURFACE_WITH_KNOTS((3,3),(4,4),(0.,1.),(-0.017406354,0.017406354),.UNSPECIFIED.)
GEOMETRIC_REPRESENTATION_ITEM()
RATIONAL_B_SPLINE_SURFACE(((1.,1.,1.,1.),(0.784679677,0.784679677,0.784679677,0.784679677),(1.,1.,1.,1.)))
REPRESENTATION_ITEM('')
SURFACE()
);
#987=ORIENTED_EDGE('',*,*,#478,.F.);
#988=CARTESIAN_POINT('',(108.737340358,32.007210106,-7.6));
#989=CARTESIAN_POINT('',(108.737340358,32.007210106,-7.822325908));
#990=CARTESIAN_POINT('',(108.737340358,31.970938638,-8.048894848));
#991=CARTESIAN_POINT('',(108.737340358,31.891627363,-8.259755317));
#992=CARTESIAN_POINT('',(108.737340358,31.812316089,-8.470615786));
#993=CARTESIAN_POINT('',(108.737340358,31.689692809,-8.664965406));
#994=CARTESIAN_POINT('',(108.737340358,31.530934161,-8.823724055));
#995=CARTESIAN_POINT('',(108.737340358,31.372175512,-8.982482703));
#996=CARTESIAN_POINT('',(108.737340358,31.177825892,-9.105105983));
#997=CARTESIAN_POINT('',(108.737340358,30.966965423,-9.184417257));
#998=CARTESIAN_POINT('',(108.737340358,30.756104954,-9.263728532));
#999=CARTESIAN_POINT('',(108.737340358,30.529536015,-9.3));
#1000=CARTESIAN_POINT('',(108.737340358,30.307210106,-9.3));
#1001=B_SPLINE_CURVE_WITH_KNOTS('',3,(#988,#989,#990,#991,#992,#993,#994,#995,#996,#997,#998,#999,#1000),.UNSPECIFIED.,.F.,.F.,(4,3,3,3,4),(0.,0.25,0.5,0.75,1.),.UNSPECIFIED.);
#1002=EDGE_CURVE('',#465,#950,#1001,.T.);
#1003=ORIENTED_EDGE('',*,*,#1002,.T.);
#1004=ORIENTED_EDGE('',*,*,#955,.F.);
#1005=CARTESIAN_POINT('',(73.924633278,30.307210106,-9.3));
#1006=CARTESIAN_POINT('',(73.924633278,30.529536015,-9.3));
#1007=CARTESIAN_POINT('',(73.924633278,30.756104954,-9.263728532));
#1008=CARTESIAN_POINT('',(73.924633278,30.966965423,-9.184417257));
#1009=CARTESIAN_POINT('',(73.924633278,31.177825892,-9.105105983));
#1010=CARTESIAN_POINT('',(73.924633278,31.372175512,-8.982482703));
#1011=CARTESIAN_POINT('',(73.924633278,31.530934161,-8.823724055));
#1012=CARTESIAN_POINT('',(73.924633278,31.689692809,-8.664965406));
#1013=CARTESIAN_POINT('',(73.924633278,31.812316089,-8.470615786));
#1014=CARTESIAN_POINT('',(73.924633278,31.891627363,-8.259755317));
#1015=CARTESIAN_POINT('',(73.924633278,31.970938638,-8.048894848));
#1016=CARTESIAN_POINT('',(73.924633278,32.007210106,-7.822325908));
#1017=CARTESIAN_POINT('',(73.924633278,32.007210106,-7.6));
#1018=B_SPLINE_CURVE_WITH_KNOTS('',3,(#1005,#1006,#1007,#1008,#1009,#1010,#1011,#1012,#1013,#1014,#1015,#1016,#1017),.UNSPECIFIED.,.F.,.F.,(4,3,3,3,4),(0.,0.25,0.5,0.75,1.),.UNSPECIFIED.);
#1019=EDGE_CURVE('',#942,#473,#1018,.T.);
#1020=ORIENTED_EDGE('',*,*,#1019,.T.);
#1021=EDGE_LOOP('',(#987,#1003,#1004,#1020));
#1022=FACE_BOUND('',#1021,.T.);
#1023=ADVANCED_FACE('',(#1022),#986,.T.);
#1024=CARTESIAN_POINT('',(99.495126096,-10.798206719,-8.7));
#1025=DIRECTION('',(0.,0.,1.));
#1026=DIRECTION('',(1.,0.,-0.));
#1027=AXIS2_PLACEMENT_3D('',#1024,#1025,#1026);
#1028=CYLINDRICAL_SURFACE('',#1027,2.5);
#1029=ORIENTED_EDGE('',*,*,#920,.F.);
#1030=ORIENTED_EDGE('',*,*,#590,.F.);
#1031=CARTESIAN_POINT('',(99.495126096,-10.798206719,-2.));
#1032=DIRECTION('',(-0.,-0.,1.));
#1033=DIRECTION('',(-1.,0.,0.));
#1034=AXIS2_PLACEMENT_3D('',#1031,#1032,#1033);
#1035=CIRCLE('',#1034,2.5);
#1036=EDGE_CURVE('',#625,#575,#1035,.T.);
#1037=ORIENTED_EDGE('',*,*,#1036,.F.);
#1038=ORIENTED_EDGE('',*,*,#630,.F.);
#1039=EDGE_LOOP('',(#1029,#1030,#1037,#1038));
#1040=FACE_BOUND('',#1039,.T.);
#1041=ADVANCED_FACE('',(#1040),#1028,.T.);
#1042=CARTESIAN_POINT('',(76.854486507,5.386026996,-8.7));
#1043=DIRECTION('',(0.,0.,-1.));
#1044=DIRECTION('',(-1.,0.,0.));
#1045=AXIS2_PLACEMENT_3D('',#1042,#1043,#1044);
#1046=CYLINDRICAL_SURFACE('',#1045,2.5);
#1047=ORIENTED_EDGE('',*,*,#938,.F.);
#1048=ORIENTED_EDGE('',*,*,#810,.F.);
#1049=CARTESIAN_POINT('',(76.854486507,5.386026996,-2.));
#1050=DIRECTION('',(0.,0.,-1.));
#1051=DIRECTION('',(-1.,0.,0.));
#1052=AXIS2_PLACEMENT_3D('',#1049,#1050,#1051);
#1053=CIRCLE('',#1052,2.5);
#1054=EDGE_CURVE('',#845,#795,#1053,.T.);
#1055=ORIENTED_EDGE('',*,*,#1054,.F.);
#1056=ORIENTED_EDGE('',*,*,#850,.F.);
#1057=EDGE_LOOP('',(#1047,#1048,#1055,#1056));
#1058=FACE_BOUND('',#1057,.T.);
#1059=ADVANCED_FACE('',(#1058),#1046,.F.);
#1060=CARTESIAN_POINT('',(104.495126096,5.418485451,-8.7));
#1061=DIRECTION('',(0.,0.,-1.));
#1062=DIRECTION('',(-1.,0.,0.));
#1063=AXIS2_PLACEMENT_3D('',#1060,#1061,#1062);
#1064=CYLINDRICAL_SURFACE('',#1063,2.5);
#1065=ORIENTED_EDGE('',*,*,#969,.F.);
#1066=ORIENTED_EDGE('',*,*,#550,.F.);
#1067=CARTESIAN_POINT('',(104.495126096,5.418485451,-2.));
#1068=DIRECTION('',(0.,0.,-1.));
#1069=DIRECTION('',(-1.,0.,0.));
#1070=AXIS2_PLACEMENT_3D('',#1067,#1068,#1069);
#1071=CIRCLE('',#1070,2.5);
#1072=EDGE_CURVE('',#577,#535,#1071,.T.);
#1073=ORIENTED_EDGE('',*,*,#1072,.F.);
#1074=ORIENTED_EDGE('',*,*,#604,.F.);
#1075=EDGE_LOOP('',(#1065,#1066,#1073,#1074));
#1076=FACE_BOUND('',#1075,.T.);
#1077=ADVANCED_FACE('',(#1076),#1064,.F.);
#1078=CARTESIAN_POINT('',(81.854486507,-10.667520742,-8.7));
#1079=DIRECTION('',(0.,0.,1.));
#1080=DIRECTION('',(1.,0.,-0.));
#1081=AXIS2_PLACEMENT_3D('',#1078,#1079,#1080);
#1082=CYLINDRICAL_SURFACE('',#1081,2.5);
#1083=ORIENTED_EDGE('',*,*,#930,.F.);
#1084=ORIENTED_EDGE('',*,*,#777,.F.);
#1085=CARTESIAN_POINT('',(81.854486507,-10.667520742,-2.));
#1086=DIRECTION('',(-0.,-0.,1.));
#1087=DIRECTION('',(-1.,0.,0.));
#1088=AXIS2_PLACEMENT_3D('',#1085,#1086,#1087);
#1089=CIRCLE('',#1088,2.5);
#1090=EDGE_CURVE('',#797,#764,#1089,.T.);
#1091=ORIENTED_EDGE('',*,*,#1090,.F.);
#1092=ORIENTED_EDGE('',*,*,#824,.F.);
#1093=EDGE_LOOP('',(#1083,#1084,#1091,#1092));
#1094=FACE_BOUND('',#1093,.T.);
#1095=ADVANCED_FACE('',(#1094),#1082,.T.);
#1096=CARTESIAN_POINT('',(108.737340358,29.507210106,-8.7));
#1097=DIRECTION('',(0.,0.,1.));
#1098=DIRECTION('',(1.,0.,-0.));
#1099=AXIS2_PLACEMENT_3D('',#1096,#1097,#1098);
#1100=CYLINDRICAL_SURFACE('',#1099,2.5);
#1101=CARTESIAN_POINT('',(108.737340358,32.007210106,-7.6));
#1102=CARTESIAN_POINT('',(109.067438289,32.007210106,-7.600000068));
#1103=CARTESIAN_POINT('',(109.40241532,31.94090486,-7.578773114));
#1104=CARTESIAN_POINT('',(109.714801546,31.808203288,-7.536319138));
#1105=CARTESIAN_POINT('',(109.734325686,31.79990944,-7.533665764));
#1106=CARTESIAN_POINT('',(109.750996177,31.792575271,-7.531317793));
#1107=CARTESIAN_POINT('',(109.769031904,31.784404115,-7.528700951));
#1108=CARTESIAN_POINT('',(109.787067632,31.776232959,-7.526084109));
#1109=CARTESIAN_POINT('',(109.805060049,31.767823166,-7.523389821));
#1110=CARTESIAN_POINT('',(109.82300226,31.759173302,-7.520618085));
#1111=CARTESIAN_POINT('',(109.85888668,31.741873575,-7.515074615));
#1112=CARTESIAN_POINT('',(109.894570406,31.72361337,-7.509221358));
#1113=CARTESIAN_POINT('',(109.929996678,31.704383496,-7.503058315));
#1114=CARTESIAN_POINT('',(110.000849222,31.665923748,-7.490732229));
#1115=CARTESIAN_POINT('',(110.070673794,31.623581819,-7.477166997));
#1116=CARTESIAN_POINT('',(110.1389927,31.577323802,-7.462362619));
#1117=CARTESIAN_POINT('',(110.275630511,31.484807768,-7.432753864));
#1118=CARTESIAN_POINT('',(110.406265149,31.376560012,-7.398188527));
#1119=CARTESIAN_POINT('',(110.526773636,31.253041869,-7.358666608));
#1120=CARTESIAN_POINT('',(110.530539526,31.249181927,-7.357431548));
#1121=CARTESIAN_POINT('',(110.533135331,31.246503448,-7.356574363));
#1122=CARTESIAN_POINT('',(110.536310904,31.243212691,-7.355521125));
#1123=CARTESIAN_POINT('',(110.539486477,31.239921934,-7.354467887));
#1124=CARTESIAN_POINT('',(110.542658488,31.236616799,-7.353409906));
#1125=CARTESIAN_POINT('',(110.545826794,31.233297246,-7.352347181));
#1126=CARTESIAN_POINT('',(110.552163405,31.226658139,-7.350221731));
#1127=CARTESIAN_POINT('',(110.558485199,31.21996136,-7.348077308));
#1128=CARTESIAN_POINT('',(110.564791031,31.2132066,-7.34591391));
#1129=CARTESIAN_POINT('',(110.577402695,31.19969708,-7.341587114));
#1130=CARTESIAN_POINT('',(110.589950525,31.185955621,-7.337184422));
#1131=CARTESIAN_POINT('',(110.602425163,31.171979961,-7.332705834));
#1132=CARTESIAN_POINT('',(110.62737444,31.144028639,-7.323748658));
#1133=CARTESIAN_POINT('',(110.652031205,31.115140211,-7.314487897));
#1134=CARTESIAN_POINT('',(110.676317485,31.085299996,-7.304923551));
#1135=CARTESIAN_POINT('',(110.724890045,31.025619567,-7.28579486));
#1136=CARTESIAN_POINT('',(110.771984444,30.962126259,-7.265451829));
#1137=CARTESIAN_POINT('',(110.816929464,30.894765205,-7.243894459));
#1138=CARTESIAN_POINT('',(110.906819504,30.760043096,-7.200779719));
#1139=CARTESIAN_POINT('',(110.988155168,30.609727671,-7.152807622));
#1140=CARTESIAN_POINT('',(111.054930084,30.444641629,-7.099978169));
#1141=CARTESIAN_POINT('',(111.057016801,30.43948269,-7.098327248));
#1142=CARTESIAN_POINT('',(111.058330726,30.436201309,-7.097277085));
#1143=CARTESIAN_POINT('',(111.060023506,30.431949527,-7.095916314));
#1144=CARTESIAN_POINT('',(111.061716286,30.427697744,-7.094555543));
#1145=CARTESIAN_POINT('',(111.06340394,30.423424864,-7.093187952));
#1146=CARTESIAN_POINT('',(111.065086171,30.419130844,-7.091813542));
#1147=CARTESIAN_POINT('',(111.068450632,30.410542805,-7.089064721));
#1148=CARTESIAN_POINT('',(111.071793402,30.401870205,-7.086288621));
#1149=CARTESIAN_POINT('',(111.075112062,30.393112731,-7.083485242));
#1150=CARTESIAN_POINT('',(111.081749381,30.375597784,-7.077878486));
#1151=CARTESIAN_POINT('',(111.088290306,30.3577433,-7.072162614));
#1152=CARTESIAN_POINT('',(111.094714927,30.339547264,-7.066337627));
#1153=CARTESIAN_POINT('',(111.107564168,30.303155191,-7.054687654));
#1154=CARTESIAN_POINT('',(111.119948911,30.265396115,-7.042601222));
#1155=CARTESIAN_POINT('',(111.131701115,30.226262655,-7.03007833));
#1156=CARTESIAN_POINT('',(111.155205521,30.147995735,-7.005032547));
#1157=CARTESIAN_POINT('',(111.176190057,30.064214609,-6.978240927));
#1158=CARTESIAN_POINT('',(111.193178549,29.975033556,-6.949703469));
#1159=CARTESIAN_POINT('',(111.193709439,29.972246648,-6.948811674));
#1160=CARTESIAN_POINT('',(111.193791084,29.971809489,-6.948671737));
#1161=CARTESIAN_POINT('',(111.194098496,29.970178194,-6.948149638));
#1162=CARTESIAN_POINT('',(111.194405908,29.9685469,-6.947627539));
#1163=CARTESIAN_POINT('',(111.194714058,29.966902762,-6.947101285));
#1164=CARTESIAN_POINT('',(111.19502287,29.965245769,-6.946570877));
#1165=CARTESIAN_POINT('',(111.195640495,29.961931783,-6.945510059));
#1166=CARTESIAN_POINT('',(111.196260767,29.958566378,-6.944432622));
#1167=CARTESIAN_POINT('',(111.196883065,29.955149468,-6.943338565));
#1168=CARTESIAN_POINT('',(111.198127661,29.948315648,-6.941150451));
#1169=CARTESIAN_POINT('',(111.199380377,29.941275807,-6.938895858));
#1170=CARTESIAN_POINT('',(111.200635994,29.934029283,-6.936574786));
#1171=CARTESIAN_POINT('',(111.203147227,29.919536237,-6.931932641));
#1172=CARTESIAN_POINT('',(111.205670373,29.904216404,-6.92702458));
#1173=CARTESIAN_POINT('',(111.208159958,29.888065072,-6.921850602));
#1174=CARTESIAN_POINT('',(111.213139128,29.855762408,-6.911502646));
#1175=CARTESIAN_POINT('',(111.217989026,29.820132013,-6.900091024));
#1176=CARTESIAN_POINT('',(111.222286235,29.781151684,-6.887615735));
#1177=CARTESIAN_POINT('',(111.230880654,29.703191026,-6.862665157));
#1178=CARTESIAN_POINT('',(111.237340358,29.61177233,-6.833459912));
#1179=CARTESIAN_POINT('',(111.237340358,29.507210106,-6.8));
#1180=B_SPLINE_CURVE_WITH_KNOTS('',3,(#1101,#1102,#1103,#1104,#1105,#1106,#1107,#1108,#1109,#1110,#1111,#1112,#1113,#1114,#1115,#1116,#1117,#1118,#1119,#1120,#1121,#1122,#1123,#1124,#1125,#1126,
#1127,#1128,#1129,#1130,#1131,#1132,#1133,#1134,#1135,#1136,#1137,#1138,#1139,#1140,#1141,#1142,#1143,#1144,#1145,#1146,#1147,#1148,#1149,#1150,#1151,
#1152,#1153,#1154,#1155,#1156,#1157,#1158,#1159,#1160,#1161,#1162,#1163,#1164,#1165,#1166,#1167,#1168,#1169,#1170,#1171,#1172,#1173,#1174,#1175,#1176,
#1177,#1178,#1179),.UNSPECIFIED.,.F.,.F.,(4,3,3,3,3,3,3,3,3,3,3,3,3,3,3,3,3,3,3,3,3,3,3,3,3,3,
4),(0.,0.25,0.265625,0.28125,0.3125,0.375,0.5,0.50390625,0.5078125,0.515625,0.53125,0.5625,0.625,0.75,0.75390625,0.7578125,0.765625,0.78125,0.8125,0.875,0.876953125,0.87890625,0.8828125,0.890625,0.90625,0.9375,
1.),.UNSPECIFIED.);
#1181=EDGE_CURVE('',#465,#513,#1180,.T.);
#1182=ORIENTED_EDGE('',*,*,#1181,.F.);
#1183=ORIENTED_EDGE('',*,*,#470,.F.);
#1184=CARTESIAN_POINT('',(108.737340358,29.507210106,-2.));
#1185=DIRECTION('',(-0.,-0.,1.));
#1186=DIRECTION('',(-1.,0.,0.));
#1187=AXIS2_PLACEMENT_3D('',#1184,#1185,#1186);
#1188=CIRCLE('',#1187,2.5);
#1189=EDGE_CURVE('',#497,#455,#1188,.T.);
#1190=ORIENTED_EDGE('',*,*,#1189,.F.);
#1191=ORIENTED_EDGE('',*,*,#524,.F.);
#1192=EDGE_LOOP('',(#1182,#1183,#1190,#1191));
#1193=FACE_BOUND('',#1192,.T.);
#1194=ADVANCED_FACE('',(#1193),#1100,.T.);
#1195=CARTESIAN_POINT('',(108.737340358,32.007210106,-7.6));
#1196=CARTESIAN_POINT('',(108.737340358,32.007210106,-7.712191089));
#1197=CARTESIAN_POINT('',(108.737340358,31.998054564,-7.824702915));
#1198=CARTESIAN_POINT('',(108.737340358,31.959951898,-8.046194706));
#1199=CARTESIAN_POINT('',(108.737340358,31.931004775,-8.155174673));
#1200=CARTESIAN_POINT('',(108.737340358,31.812255292,-8.470556789));
#1201=CARTESIAN_POINT('',(108.737340358,31.689800755,-8.664855933));
#1202=CARTESIAN_POINT('',(108.737340358,31.372077988,-8.982581756));
#1203=CARTESIAN_POINT('',(108.737340358,31.177748982,-9.10505479));
#1204=CARTESIAN_POINT('',(108.737340358,30.862365451,-9.223800517));
#1205=CARTESIAN_POINT('',(108.737340358,30.753396675,-9.252745865));
#1206=CARTESIAN_POINT('',(108.737340358,30.531921024,-9.290845606));
#1207=CARTESIAN_POINT('',(108.737340358,30.419414149,-9.3));
#1208=CARTESIAN_POINT('',(108.737340358,30.307210106,-9.3));
#1209=CARTESIAN_POINT('',(108.810955203,32.007210106,-7.600000015));
#1210=CARTESIAN_POINT('',(108.814342284,32.007210106,-7.711728527));
#1211=CARTESIAN_POINT('',(108.810955203,31.998054562,-7.824702927));
#1212=CARTESIAN_POINT('',(108.810955203,31.959951896,-8.046194716));
#1213=CARTESIAN_POINT('',(108.810955203,31.931004773,-8.155174681));
#1214=CARTESIAN_POINT('',(108.810955203,31.81225529,-8.470556793));
#1215=CARTESIAN_POINT('',(108.810955203,31.689800754,-8.664855935));
#1216=CARTESIAN_POINT('',(108.810955203,31.37207799,-8.982581755));
#1217=CARTESIAN_POINT('',(108.810955203,31.177748986,-9.105054788));
#1218=CARTESIAN_POINT('',(108.810955203,30.86236546,-9.223800514));
#1219=CARTESIAN_POINT('',(108.810955203,30.753396685,-9.252745862));
#1220=CARTESIAN_POINT('',(108.810955203,30.531921037,-9.290845605));
#1221=CARTESIAN_POINT('',(108.814342619,30.418951423,-9.3));
#1222=CARTESIAN_POINT('',(108.810955203,30.307210121,-9.3));
#1223=CARTESIAN_POINT('',(108.886860884,32.003860745,-7.598928222));
#1224=CARTESIAN_POINT('',(108.89369894,32.003555011,-7.710278755));
#1225=CARTESIAN_POINT('',(108.890218839,31.994080145,-7.823242147));
#1226=CARTESIAN_POINT('',(108.893036621,31.955411949,-8.044135814));
#1227=CARTESIAN_POINT('',(108.894253882,31.926218618,-8.152759953));
#1228=CARTESIAN_POINT('',(108.897226635,31.806990617,-8.467020806));
#1229=CARTESIAN_POINT('',(108.898290297,31.684589519,-8.66052334));
#1230=CARTESIAN_POINT('',(108.898290347,31.367745918,-8.977370201));
#1231=CARTESIAN_POINT('',(108.897226545,31.174214263,-9.099789677));
#1232=CARTESIAN_POINT('',(108.894253723,30.859951928,-9.219014241));
#1233=CARTESIAN_POINT('',(108.893036592,30.751338663,-9.248205837));
#1234=CARTESIAN_POINT('',(108.890218987,30.530460527,-9.286871153));
#1235=CARTESIAN_POINT('',(108.893699636,30.417501546,-9.296344873));
#1236=CARTESIAN_POINT('',(108.886860884,30.306138328,-9.296650639));
#1237=CARTESIAN_POINT('',(109.041008993,31.989830949,-7.594438682));
#1238=CARTESIAN_POINT('',(109.054438927,31.988292114,-7.703219723));
#1239=CARTESIAN_POINT('',(109.054533463,31.977420076,-7.814080934));
#1240=CARTESIAN_POINT('',(109.065878687,31.936062939,-8.030764498));
#1241=CARTESIAN_POINT('',(109.070778599,31.905577839,-8.137454181));
#1242=CARTESIAN_POINT('',(109.082743678,31.78328294,-8.446574105));
#1243=CARTESIAN_POINT('',(109.087022985,31.659992054,-8.637600417));
#1244=CARTESIAN_POINT('',(109.087023121,31.344822031,-8.952773539));
#1245=CARTESIAN_POINT('',(109.082743187,31.153768614,-9.076081886));
#1246=CARTESIAN_POINT('',(109.070777812,30.844647398,-9.198373623));
#1247=CARTESIAN_POINT('',(109.065878425,30.737967888,-9.228856911));
#1248=CARTESIAN_POINT('',(109.054533948,30.521298828,-9.270211026));
#1249=CARTESIAN_POINT('',(109.054440263,30.41044164,-9.281081855));
#1250=CARTESIAN_POINT('',(109.041008993,30.301648788,-9.282620843));
#1251=CARTESIAN_POINT('',(109.119251422,31.979150515,-7.591020936));
#1252=CARTESIAN_POINT('',(109.135834919,31.976688484,-7.698205147));
#1253=CARTESIAN_POINT('',(109.139608191,31.964816086,-7.807421719));
#1254=CARTESIAN_POINT('',(109.156682073,31.921581769,-8.021145432));
#1255=CARTESIAN_POINT('',(109.164055291,31.890219849,-8.126462081));
#1256=CARTESIAN_POINT('',(109.182058943,31.765896612,-8.431900756));
#1257=CARTESIAN_POINT('',(109.188496572,31.642107614,-8.621101911));
#1258=CARTESIAN_POINT('',(109.188496755,31.32832271,-8.934889745));
#1259=CARTESIAN_POINT('',(109.182058163,31.139095773,-9.058695548));
#1260=CARTESIAN_POINT('',(109.164054058,30.833655957,-9.18301576));
#1261=CARTESIAN_POINT('',(109.156681629,30.72834903,-9.214375802));
#1262=CARTESIAN_POINT('',(109.139608884,30.514639192,-9.257606989));
#1263=CARTESIAN_POINT('',(109.135836545,30.405426487,-9.269478135));
#1264=CARTESIAN_POINT('',(109.119251422,30.298231042,-9.271940409));
#1265=CARTESIAN_POINT('',(109.275828104,31.949826222,-7.581637151));
#1266=CARTESIAN_POINT('',(109.298246116,31.944983944,-7.685947764));
#1267=CARTESIAN_POINT('',(109.31055102,31.930820602,-7.791761377));
#1268=CARTESIAN_POINT('',(109.339643456,31.883627221,-7.999275934));
#1269=CARTESIAN_POINT('',(109.352197137,31.850597182,-8.101555099));
#1270=CARTESIAN_POINT('',(109.382839178,31.722870157,-8.39848423));
#1271=CARTESIAN_POINT('',(109.393780533,31.599048632,-8.582906656));
#1272=CARTESIAN_POINT('',(109.393780813,31.290126064,-8.891831815));
#1273=CARTESIAN_POINT('',(109.382837829,31.105680485,-9.015668856));
#1274=CARTESIAN_POINT('',(109.352195024,30.808750453,-9.143393188));
#1275=CARTESIAN_POINT('',(109.339642661,30.706480084,-9.176421245));
#1276=CARTESIAN_POINT('',(109.310552135,30.498978087,-9.223611339));
#1277=CARTESIAN_POINT('',(109.298248242,30.393168033,-9.237773378));
#1278=CARTESIAN_POINT('',(109.275828104,30.288847258,-9.242616116));
#1279=CARTESIAN_POINT('',(109.354123096,31.931159221,-7.575663713));
#1280=CARTESIAN_POINT('',(109.379213591,31.924865325,-7.678629659));
#1281=CARTESIAN_POINT('',(109.396363981,31.909407229,-7.782634463));
#1282=CARTESIAN_POINT('',(109.43173361,31.860111172,-7.986826799));
#1283=CARTESIAN_POINT('',(109.446989154,31.826273211,-8.087419085));
#1284=CARTESIAN_POINT('',(109.484218305,31.697112322,-8.379484611));
#1285=CARTESIAN_POINT('',(109.497500829,31.573706045,-8.560972548));
#1286=CARTESIAN_POINT('',(109.497501158,31.268191265,-8.86648972));
#1287=CARTESIAN_POINT('',(109.484216673,31.086681474,-8.989910853));
#1288=CARTESIAN_POINT('',(109.446986601,30.794615157,-9.119069216));
#1289=CARTESIAN_POINT('',(109.431732639,30.694031202,-9.152905146));
#1290=CARTESIAN_POINT('',(109.396365307,30.489850772,-9.202197854));
#1291=CARTESIAN_POINT('',(109.379215925,30.3858494,-9.217654632));
#1292=CARTESIAN_POINT('',(109.354123096,30.282873819,-9.223949115));
#1293=CARTESIAN_POINT('',(109.50828326,31.886621416,-7.56141162));
#1294=CARTESIAN_POINT('',(109.538046983,31.877067678,-7.661728329));
#1295=CARTESIAN_POINT('',(109.563443971,31.858948706,-7.762184125));
#1296=CARTESIAN_POINT('',(109.609543706,31.805661133,-7.959615251));
#1297=CARTESIAN_POINT('',(109.629399681,31.770492532,-8.056706226));
#1298=CARTESIAN_POINT('',(109.677823842,31.639533543,-8.338508226));
#1299=CARTESIAN_POINT('',(109.695056257,31.517930553,-8.513542169));
#1300=CARTESIAN_POINT('',(109.695056713,31.220760065,-8.810714668));
#1301=CARTESIAN_POINT('',(109.677821891,31.045706152,-8.932331508));
#1302=CARTESIAN_POINT('',(109.629396597,30.763903447,-9.063288268));
#1303=CARTESIAN_POINT('',(109.609542596,30.666820083,-9.098454792));
#1304=CARTESIAN_POINT('',(109.563445701,30.469399847,-9.151739013));
#1305=CARTESIAN_POINT('',(109.538049662,30.368947291,-9.169856711));
#1306=CARTESIAN_POINT('',(109.50828326,30.268621726,-9.17941131));
#1307=CARTESIAN_POINT('',(109.584148432,31.860750612,-7.553132965));
#1308=CARTESIAN_POINT('',(109.615933104,31.8493765,-7.652274289));
#1309=CARTESIAN_POINT('',(109.644748888,31.829898459,-7.751085255));
#1310=CARTESIAN_POINT('',(109.695331852,31.774761297,-7.945213747));
#1311=CARTESIAN_POINT('',(109.717099032,31.739102176,-8.040531274));
#1312=CARTESIAN_POINT('',(109.770161424,31.60789336,-8.316994613));
#1313=CARTESIAN_POINT('',(109.789012684,31.487778441,-8.48846763));
#1314=CARTESIAN_POINT('',(109.789013244,31.195685934,-8.78056209));
#1315=CARTESIAN_POINT('',(109.770159491,31.024193554,-8.900690611));
#1316=CARTESIAN_POINT('',(109.717095918,30.74772939,-9.031897471));
#1317=CARTESIAN_POINT('',(109.69533084,30.652419164,-9.067554566));
#1318=CARTESIAN_POINT('',(109.644750854,30.45830104,-9.122688514));
#1319=CARTESIAN_POINT('',(109.615935947,30.35949314,-9.142165368));
#1320=CARTESIAN_POINT('',(109.584148432,30.260343071,-9.153540506));
#1321=CARTESIAN_POINT('',(109.738187053,31.799768126,-7.533618563));
#1322=CARTESIAN_POINT('',(109.773129477,31.784607335,-7.628829748));
#1323=CARTESIAN_POINT('',(109.804708317,31.762445907,-7.7235718));
#1324=CARTESIAN_POINT('',(109.860027982,31.703838073,-7.909595465));
#1325=CARTESIAN_POINT('',(109.883768808,31.667391666,-8.000877078));
#1326=CARTESIAN_POINT('',(109.941567998,31.536199422,-8.26574799));
#1327=CARTESIAN_POINT('',(109.961998269,31.419266786,-8.430179813));
#1328=CARTESIAN_POINT('',(109.961999011,31.13739745,-8.712050432));
#1329=CARTESIAN_POINT('',(109.941566427,30.972945957,-8.828996308));
#1330=CARTESIAN_POINT('',(109.883766125,30.708074177,-8.960186388));
#1331=CARTESIAN_POINT('',(109.860027389,30.616799922,-8.996630755));
#1332=CARTESIAN_POINT('',(109.804710578,30.430786938,-9.055235522));
#1333=CARTESIAN_POINT('',(109.773132501,30.336048209,-9.077395923));
#1334=CARTESIAN_POINT('',(109.738187053,30.240828669,-9.09255802));
#1335=CARTESIAN_POINT('',(109.816333388,31.764016888,-7.522178167));
#1336=CARTESIAN_POINT('',(109.85237819,31.746828969,-7.614702961));
#1337=CARTESIAN_POINT('',(109.884870986,31.723095701,-7.706746107));
#1338=CARTESIAN_POINT('',(109.941699015,31.662249028,-7.887515916));
#1339=CARTESIAN_POINT('',(109.966034249,31.625135623,-7.976242579));
#1340=CARTESIAN_POINT('',(110.025223278,31.493291038,-8.23391806));
#1341=CARTESIAN_POINT('',(110.046068397,31.377742576,-8.394190289));
#1342=CARTESIAN_POINT('',(110.046069251,31.10140833,-8.670525717));
#1343=CARTESIAN_POINT('',(110.025222217,30.941117763,-8.786086561));
#1344=CARTESIAN_POINT('',(109.966032275,30.683441383,-8.917929264));
#1345=CARTESIAN_POINT('',(109.941699003,30.594721549,-8.955040838));
#1346=CARTESIAN_POINT('',(109.884873504,30.413961469,-9.015884899));
#1347=CARTESIAN_POINT('',(109.852381278,30.321921224,-9.039617386));
#1348=CARTESIAN_POINT('',(109.816333388,30.229388273,-9.056806782));
#1349=CARTESIAN_POINT('',(109.967651191,31.68522332,-7.496964228));
#1350=CARTESIAN_POINT('',(110.004765239,31.66431549,-7.58292266));
#1351=CARTESIAN_POINT('',(110.038041722,31.637521972,-7.668586307));
#1352=CARTESIAN_POINT('',(110.096037907,31.572089577,-7.837245141));
#1353=CARTESIAN_POINT('',(110.12075761,31.533450699,-7.92024033));
#1354=CARTESIAN_POINT('',(110.180759078,31.399655049,-8.162104878));
#1355=CARTESIAN_POINT('',(110.201729596,31.286368929,-8.313715557));
#1356=CARTESIAN_POINT('',(110.20173052,31.020932652,-8.579152583));
#1357=CARTESIAN_POINT('',(110.180759011,30.869307744,-8.692448274));
#1358=CARTESIAN_POINT('',(110.120757129,30.627442705,-8.826242344));
#1359=CARTESIAN_POINT('',(110.096039018,30.544452984,-8.864879802));
#1360=CARTESIAN_POINT('',(110.038044579,30.37580159,-8.930310472));
#1361=CARTESIAN_POINT('',(110.004768251,30.290139917,-8.957103684));
#1362=CARTESIAN_POINT('',(109.967651191,30.204174334,-8.978013214));
#1363=CARTESIAN_POINT('',(110.04082266,31.64218099,-7.483190684));
#1364=CARTESIAN_POINT('',(110.077954615,31.619544108,-7.565527967));
#1365=CARTESIAN_POINT('',(110.111145491,31.591267349,-7.647700598));
#1366=CARTESIAN_POINT('',(110.16887804,31.52355361,-7.809770654));
#1367=CARTESIAN_POINT('',(110.193419713,31.484116629,-7.889668079));
#1368=CARTESIAN_POINT('',(110.252920368,31.349244648,-8.123028689));
#1369=CARTESIAN_POINT('',(110.273626981,31.237039999,-8.270045488));
#1370=CARTESIAN_POINT('',(110.273627893,30.977261855,-8.529824193));
#1371=CARTESIAN_POINT('',(110.252920848,30.830233627,-8.642036576));
#1372=CARTESIAN_POINT('',(110.193420089,30.596872855,-8.776907159));
#1373=CARTESIAN_POINT('',(110.168879765,30.516980001,-8.816342977));
#1374=CARTESIAN_POINT('',(110.11114848,30.354915863,-8.88405551));
#1375=CARTESIAN_POINT('',(110.077957519,30.272744578,-8.912332226));
#1376=CARTESIAN_POINT('',(110.04082266,30.19040079,-8.934970884));
#1377=CARTESIAN_POINT('',(110.182143033,31.549191156,-7.453433934));
#1378=CARTESIAN_POINT('',(110.218606911,31.523402508,-7.529137628));
#1379=CARTESIAN_POINT('',(110.251010658,31.49253849,-7.604749695));
#1380=CARTESIAN_POINT('',(110.307160068,31.421101232,-7.754175662));
#1381=CARTESIAN_POINT('',(110.330905731,31.380527992,-7.827989562));
#1382=CARTESIAN_POINT('',(110.388348863,31.244906718,-8.04431164));
#1383=CARTESIAN_POINT('',(110.408175673,31.135831966,-8.181631364));
#1384=CARTESIAN_POINT('',(110.408176502,30.888846426,-8.428617242));
#1385=CARTESIAN_POINT('',(110.388350316,30.751520944,-8.537696137));
#1386=CARTESIAN_POINT('',(110.330907678,30.535199368,-8.673316423));
#1387=CARTESIAN_POINT('',(110.307162882,30.461388236,-8.713889015));
#1388=CARTESIAN_POINT('',(110.251013811,30.31196507,-8.785326074));
#1389=CARTESIAN_POINT('',(110.218609536,30.236353036,-8.81619054));
#1390=CARTESIAN_POINT('',(110.182143033,30.160644041,-8.84198105));
#1391=CARTESIAN_POINT('',(110.250325126,31.499237925,-7.437448901));
#1392=CARTESIAN_POINT('',(110.286101361,31.472060218,-7.510115905));
#1393=CARTESIAN_POINT('',(110.317802135,31.440114445,-7.582644382));
#1394=CARTESIAN_POINT('',(110.372629554,31.367262169,-7.726001976));
#1395=CARTESIAN_POINT('',(110.3957562,31.326355664,-7.796831093));
#1396=CARTESIAN_POINT('',(110.451640132,31.191058145,-8.004635943));
#1397=CARTESIAN_POINT('',(110.470850213,31.084005683,-8.136883291));
#1398=CARTESIAN_POINT('',(110.470850966,30.844097655,-8.376791595));
#1399=CARTESIAN_POINT('',(110.451642004,30.711847416,-8.483846425));
#1400=CARTESIAN_POINT('',(110.395758853,30.504043427,-8.619143154));
#1401=CARTESIAN_POINT('',(110.372632835,30.433216182,-8.660049259));
#1402=CARTESIAN_POINT('',(110.317805316,30.289859832,-8.732901804));
#1403=CARTESIAN_POINT('',(110.286103813,30.217330726,-8.764848243));
#1404=CARTESIAN_POINT('',(110.250325126,30.144659007,-8.792027819));
#1405=CARTESIAN_POINT('',(110.348768713,31.419075656,-7.411796975));
#1406=CARTESIAN_POINT('',(110.383147772,31.390103107,-7.480445354));
#1407=CARTESIAN_POINT('',(110.413512067,31.356945589,-7.548769385));
#1408=CARTESIAN_POINT('',(110.465916862,31.282894014,-7.683655737));
#1409=CARTESIAN_POINT('',(110.487957364,31.241999956,-7.750218059));
#1410=CARTESIAN_POINT('',(110.541151785,31.108663064,-7.945592936));
#1411=CARTESIAN_POINT('',(110.559356221,31.005529004,-8.070073331));
#1412=CARTESIAN_POINT('',(110.55935684,30.777287057,-8.298315548));
#1413=CARTESIAN_POINT('',(110.54115403,30.652807018,-8.401450018));
#1414=CARTESIAN_POINT('',(110.487960694,30.45743339,-8.534786384));
#1415=CARTESIAN_POINT('',(110.465920555,30.390871918,-8.575680333));
#1416=CARTESIAN_POINT('',(110.413515199,30.255985005,-8.64973271));
#1417=CARTESIAN_POINT('',(110.383149982,30.187659564,-8.682891138));
#1418=CARTESIAN_POINT('',(110.348768713,30.119007081,-8.71186555));
#1419=CARTESIAN_POINT('',(110.380944984,31.391482829,-7.402967271));
#1420=CARTESIAN_POINT('',(110.414799047,31.361957777,-7.470377978));
#1421=CARTESIAN_POINT('',(110.444672316,31.328464626,-7.537379742));
#1422=CARTESIAN_POINT('',(110.496198821,31.254169661,-7.669560251));
#1423=CARTESIAN_POINT('',(110.517852056,31.213367847,-7.734738996));
#1424=CARTESIAN_POINT('',(110.570094046,31.080940714,-7.926033005));
#1425=CARTESIAN_POINT('',(110.587950684,30.979270234,-8.047893138));
#1426=CARTESIAN_POINT('',(110.587951259,30.755106781,-8.272056887));
#1427=CARTESIAN_POINT('',(110.570096379,30.633247913,-8.373727254));
#1428=CARTESIAN_POINT('',(110.517855555,30.441955245,-8.506153959));
#1429=CARTESIAN_POINT('',(110.496202609,30.376777057,-8.546955752));
#1430=CARTESIAN_POINT('',(110.444675421,30.244595457,-8.621251677));
#1431=CARTESIAN_POINT('',(110.414801181,30.177592046,-8.65474581));
#1432=CARTESIAN_POINT('',(110.380944984,30.110177377,-8.684272723));
#1433=CARTESIAN_POINT('',(110.444002271,31.334545542,-7.384747339));
#1434=CARTESIAN_POINT('',(110.476697268,31.304016379,-7.44981544));
#1435=CARTESIAN_POINT('',(110.505512034,31.269998673,-7.514285287));
#1436=CARTESIAN_POINT('',(110.55517281,31.195543803,-7.641236082));
#1437=CARTESIAN_POINT('',(110.57601882,31.155106637,-7.703717029));
#1438=CARTESIAN_POINT('',(110.626291271,31.025002386,-7.886987932));
#1439=CARTESIAN_POINT('',(110.643448935,30.926537331,-8.00360308));
#1440=CARTESIAN_POINT('',(110.643449417,30.710816808,-8.219323978));
#1441=CARTESIAN_POINT('',(110.626293669,30.594204204,-8.317788225));
#1442=CARTESIAN_POINT('',(110.576022487,30.410934736,-8.447892238));
#1443=CARTESIAN_POINT('',(110.555176666,30.348453915,-8.488329523));
#1444=CARTESIAN_POINT('',(110.505515056,30.221501226,-8.562785607));
#1445=CARTESIAN_POINT('',(110.476699267,30.157029359,-8.596804406));
#1446=CARTESIAN_POINT('',(110.444002271,30.091957445,-8.627335436));
#1447=CARTESIAN_POINT('',(110.474883288,31.305201082,-7.375357112));
#1448=CARTESIAN_POINT('',(110.506940148,31.274223279,-7.43929489));
#1449=CARTESIAN_POINT('',(110.535183879,31.240015704,-7.502536418));
#1450=CARTESIAN_POINT('',(110.583851118,31.165637244,-7.626936782));
#1451=CARTESIAN_POINT('',(110.604274626,31.125466358,-7.688095617));
#1452=CARTESIAN_POINT('',(110.653523868,30.996753083,-7.867412787));
#1453=CARTESIAN_POINT('',(110.670328319,30.900010077,-7.981411788));
#1454=CARTESIAN_POINT('',(110.670328752,30.688625617,-8.192796662));
#1455=CARTESIAN_POINT('',(110.653526237,30.574629528,-8.289538674));
#1456=CARTESIAN_POINT('',(110.604278286,30.395313805,-8.418251785));
#1457=CARTESIAN_POINT('',(110.58385494,30.334154965,-8.458422838));
#1458=CARTESIAN_POINT('',(110.535186839,30.209752456,-8.532802595));
#1459=CARTESIAN_POINT('',(110.506942085,30.146508786,-8.5670113));
#1460=CARTESIAN_POINT('',(110.474883288,30.082567218,-8.597990976));
#1461=CARTESIAN_POINT('',(110.535905393,31.244178977,-7.355830039));
#1462=CARTESIAN_POINT('',(110.56652177,31.212463048,-7.417242077));
#1463=CARTESIAN_POINT('',(110.593505061,31.178034508,-7.477848676));
#1464=CARTESIAN_POINT('',(110.640011519,31.104091857,-7.596917391));
#1465=CARTESIAN_POINT('',(110.659534686,31.064577747,-7.655379507));
#1466=CARTESIAN_POINT('',(110.706623074,30.938916536,-7.826748722));
#1467=CARTESIAN_POINT('',(110.722707182,30.845650558,-7.935638688));
#1468=CARTESIAN_POINT('',(110.722707479,30.642852139,-8.138437424));
#1469=CARTESIAN_POINT('',(110.706625172,30.533965063,-8.231702332));
#1470=CARTESIAN_POINT('',(110.659538023,30.362597358,-8.357363278));
#1471=CARTESIAN_POINT('',(110.640015025,30.304135275,-8.396877524));
#1472=CARTESIAN_POINT('',(110.593507799,30.185064531,-8.470821423));
#1473=CARTESIAN_POINT('',(110.566523571,30.124455869,-8.505251075));
#1474=CARTESIAN_POINT('',(110.535905393,30.063040145,-8.536968871));
#1475=CARTESIAN_POINT('',(110.565701576,31.212792113,-7.345786242));
#1476=CARTESIAN_POINT('',(110.595540168,31.180785653,-7.405929724));
#1477=CARTESIAN_POINT('',(110.621839205,31.146312036,-7.465213912));
#1478=CARTESIAN_POINT('',(110.667167907,31.072697407,-7.581606111));
#1479=CARTESIAN_POINT('',(110.686197572,31.033556396,-7.638714123));
#1480=CARTESIAN_POINT('',(110.732097119,30.909532652,-7.806087513));
#1481=CARTESIAN_POINT('',(110.747777553,30.818049212,-7.912402247));
#1482=CARTESIAN_POINT('',(110.747777807,30.619615817,-8.110835971));
#1483=CARTESIAN_POINT('',(110.732099111,30.513303935,-8.20231837));
#1484=CARTESIAN_POINT('',(110.686200773,30.345932003,-8.32634189));
#1485=CARTESIAN_POINT('',(110.667171277,30.288824008,-8.36548305));
#1486=CARTESIAN_POINT('',(110.621841844,30.17242976,-8.439098946));
#1487=CARTESIAN_POINT('',(110.595541906,30.113143507,-8.473573682));
#1488=CARTESIAN_POINT('',(110.565701576,30.052996348,-8.505582007));
#1489=CARTESIAN_POINT('',(110.62333631,31.14886526,-7.325329649));
#1490=CARTESIAN_POINT('',(110.651507591,31.11648238,-7.382719609));
#1491=CARTESIAN_POINT('',(110.676334816,31.082054137,-7.439208206));
#1492=CARTESIAN_POINT('',(110.719123805,31.009265228,-7.550045224));
#1493=CARTESIAN_POINT('',(110.73708557,30.970904561,-7.604393646));
#1494=CARTESIAN_POINT('',(110.780406651,30.850161375,-7.763722472));
#1495=CARTESIAN_POINT('',(110.795201754,30.762117671,-7.864986439));
#1496=CARTESIAN_POINT('',(110.795201939,30.572200172,-8.054904273));
#1497=CARTESIAN_POINT('',(110.780408437,30.470938923,-8.142947001));
#1498=CARTESIAN_POINT('',(110.737088488,30.311611423,-8.26369004));
#1499=CARTESIAN_POINT('',(110.719126889,30.257262986,-8.302050877));
#1500=CARTESIAN_POINT('',(110.676337241,30.146423923,-8.374841074));
#1501=CARTESIAN_POINT('',(110.651509192,30.089933297,-8.409270432));
#1502=CARTESIAN_POINT('',(110.62333631,30.032539755,-8.441655154));
#1503=CARTESIAN_POINT('',(110.651174862,31.116325272,-7.314916853));
#1504=CARTESIAN_POINT('',(110.678451579,31.083863084,-7.370789837));
#1505=CARTESIAN_POINT('',(110.702486838,31.049526227,-7.425782072));
#1506=CARTESIAN_POINT('',(110.743906315,30.977229205,-7.533708092));
#1507=CARTESIAN_POINT('',(110.761290532,30.93926904,-7.586641877));
#1508=CARTESIAN_POINT('',(110.803214429,30.820142625,-7.741910135));
#1509=CARTESIAN_POINT('',(110.817525355,30.733730454,-7.840711509));
#1510=CARTESIAN_POINT('',(110.817525512,30.547925216,-8.026517062));
#1511=CARTESIAN_POINT('',(110.80321611,30.449126462,-8.112928278));
#1512=CARTESIAN_POINT('',(110.761293297,30.293859464,-8.232054565));
#1513=CARTESIAN_POINT('',(110.743909241,30.240925654,-8.270014904));
#1514=CARTESIAN_POINT('',(110.702489144,30.132997634,-8.342313203));
#1515=CARTESIAN_POINT('',(110.678453103,30.078003424,-8.376651162));
#1516=CARTESIAN_POINT('',(110.651174862,30.022126959,-8.409115166));
#1517=CARTESIAN_POINT('',(110.731823326,31.01701228,-7.283136695));
#1518=CARTESIAN_POINT('',(110.756296,30.984622321,-7.334180325));
#1519=CARTESIAN_POINT('',(110.777844526,30.950772264,-7.384493649));
#1520=CARTESIAN_POINT('',(110.814958349,30.880230844,-7.483439491));
#1521=CARTESIAN_POINT('',(110.830523646,30.843539482,-7.532072011));
#1522=CARTESIAN_POINT('',(110.86804229,30.729321778,-7.675118077));
#1523=CARTESIAN_POINT('',(110.880818393,30.647651819,-7.766680132));
#1524=CARTESIAN_POINT('',(110.880818477,30.473893401,-7.940438742));
#1525=CARTESIAN_POINT('',(110.868043649,30.382333615,-8.022107775));
#1526=CARTESIAN_POINT('',(110.830525929,30.23928864,-8.136325323));
#1527=CARTESIAN_POINT('',(110.814960776,30.190656099,-8.173016839));
#1528=CARTESIAN_POINT('',(110.777846449,30.091708512,-8.243559439));
#1529=CARTESIAN_POINT('',(110.756297274,30.041393467,-8.277410523));
#1530=CARTESIAN_POINT('',(110.731823326,29.990346801,-8.309802174));
#1531=CARTESIAN_POINT('',(110.781766046,30.94854625,-7.261227565));
#1532=CARTESIAN_POINT('',(110.804231992,30.916596835,-7.308813204));
#1533=CARTESIAN_POINT('',(110.82399513,30.883355582,-7.35585112));
#1534=CARTESIAN_POINT('',(110.858010354,30.81438867,-7.448617271));
#1535=CARTESIAN_POINT('',(110.872262441,30.778663011,-7.494345506));
#1536=CARTESIAN_POINT('',(110.906593977,30.667908336,-7.629244335));
#1537=CARTESIAN_POINT('',(110.918248703,30.589301618,-7.716129053));
#1538=CARTESIAN_POINT('',(110.918248765,30.423341822,-7.882088931));
#1539=CARTESIAN_POINT('',(110.906595135,30.336459071,-7.960694739));
#1540=CARTESIAN_POINT('',(110.872264397,30.201561211,-8.071449209));
#1541=CARTESIAN_POINT('',(110.858012435,30.155832969,-8.107174992));
#1542=CARTESIAN_POINT('',(110.82399678,30.06306533,-8.176142969));
#1543=CARTESIAN_POINT('',(110.804233087,30.016025933,-8.209385164));
#1544=CARTESIAN_POINT('',(110.781766046,29.968437671,-8.241336144));
#1545=CARTESIAN_POINT('',(110.874374993,30.80729497,-7.216027157));
#1546=CARTESIAN_POINT('',(110.892879347,30.776753992,-7.257180499));
#1547=CARTESIAN_POINT('',(110.909117091,30.745232216,-7.298050396));
#1548=CARTESIAN_POINT('',(110.937012926,30.68034824,-7.379039823));
#1549=CARTESIAN_POINT('',(110.948671017,30.64698604,-7.419159354));
#1550=CARTESIAN_POINT('',(110.976706161,30.544320565,-7.538117177));
#1551=CARTESIAN_POINT('',(110.986144086,30.472438415,-7.615554701));
#1552=CARTESIAN_POINT('',(110.986144137,30.322766499,-7.765226542));
#1553=CARTESIAN_POINT('',(110.97670698,30.24533037,-7.837107847));
#1554=CARTESIAN_POINT('',(110.948672393,30.126373284,-7.939773026));
#1555=CARTESIAN_POINT('',(110.937014389,30.086253773,-7.97313529));
#1556=CARTESIAN_POINT('',(110.90911825,30.005263347,-8.038020081));
#1557=CARTESIAN_POINT('',(110.892880116,29.964392433,-8.069542608));
#1558=CARTESIAN_POINT('',(110.874374993,29.923237263,-8.100084864));
#1559=CARTESIAN_POINT('',(110.917055389,30.734472228,-7.192723879));
#1560=CARTESIAN_POINT('',(110.933618695,30.704918508,-7.230891379));
#1561=CARTESIAN_POINT('',(110.948128523,30.67452088,-7.268862036));
#1562=CARTESIAN_POINT('',(110.97302429,30.612163208,-7.344248288));
#1563=CARTESIAN_POINT('',(110.983410229,30.580203164,-7.381663885));
#1564=CARTESIAN_POINT('',(111.008356812,30.4821675,-7.492836024));
#1565=CARTESIAN_POINT('',(111.016706221,30.41393635,-7.565517917));
#1566=CARTESIAN_POINT('',(111.016706279,30.27272914,-7.706724987));
#1567=CARTESIAN_POINT('',(111.008357489,30.200048371,-7.774955322));
#1568=CARTESIAN_POINT('',(110.983411349,30.088876879,-7.872990623));
#1569=CARTESIAN_POINT('',(110.973025476,30.051461325,-7.90495069));
#1570=CARTESIAN_POINT('',(110.948129459,29.976074339,-7.967309024));
#1571=CARTESIAN_POINT('',(110.933619314,29.938102906,-7.99770729));
#1572=CARTESIAN_POINT('',(110.917055389,29.899933985,-8.027262122));
#1573=CARTESIAN_POINT('',(110.97552787,30.621875963,-7.156693074));
#1574=CARTESIAN_POINT('',(110.98935298,30.594084234,-7.190852505));
#1575=CARTESIAN_POINT('',(111.001433701,30.565684526,-7.224830311));
#1576=CARTESIAN_POINT('',(111.022122616,30.507758262,-7.292327198));
#1577=CARTESIAN_POINT('',(111.030730811,30.478231707,-7.325846278));
#1578=CARTESIAN_POINT('',(111.051370983,30.388095436,-7.425572222));
#1579=CARTESIAN_POINT('',(111.058218551,30.325929118,-7.490947786));
#1580=CARTESIAN_POINT('',(111.058218614,30.198158431,-7.618718322));
#1581=CARTESIAN_POINT('',(111.051371493,30.132783713,-7.680883894));
#1582=CARTESIAN_POINT('',(111.030731631,30.033058318,-7.771019748));
#1583=CARTESIAN_POINT('',(111.022123481,29.9995393,-7.800546282));
#1584=CARTESIAN_POINT('',(111.001434379,29.932041946,-7.858473022));
#1585=CARTESIAN_POINT('',(110.989353427,29.898063611,-7.886873228));
#1586=CARTESIAN_POINT('',(110.97552787,29.86390318,-7.914665857));
#1587=CARTESIAN_POINT('',(110.994094012,30.583783515,-7.14450349));
#1588=CARTESIAN_POINT('',(111.007034363,30.556626611,-7.177402027));
#1589=CARTESIAN_POINT('',(111.018331701,30.528944894,-7.210105807));
#1590=CARTESIAN_POINT('',(111.037665822,30.472602116,-7.275055433));
#1591=CARTESIAN_POINT('',(111.045702605,30.443941056,-7.307301278));
#1592=CARTESIAN_POINT('',(111.06496033,30.356594286,-7.403249277));
#1593=CARTESIAN_POINT('',(111.071328645,30.296544989,-7.466161894));
#1594=CARTESIAN_POINT('',(111.071328709,30.173372432,-7.589334318));
#1595=CARTESIAN_POINT('',(111.064960792,30.110460591,-7.649382901));
#1596=CARTESIAN_POINT('',(111.045703343,30.014513106,-7.736729254));
#1597=CARTESIAN_POINT('',(111.037666598,29.982267323,-7.765390285));
#1598=CARTESIAN_POINT('',(111.018332307,29.917317288,-7.821733491));
#1599=CARTESIAN_POINT('',(111.007034761,29.884613034,-7.849415667));
#1600=CARTESIAN_POINT('',(110.994094012,29.851713597,-7.876573409));
#1601=CARTESIAN_POINT('',(111.029358256,30.50646682,-7.119762148));
#1602=CARTESIAN_POINT('',(111.040590821,30.480670396,-7.150234536));
#1603=CARTESIAN_POINT('',(111.050380938,30.454519918,-7.180463111));
#1604=CARTESIAN_POINT('',(111.067114659,30.401533525,-7.240423333));
#1605=CARTESIAN_POINT('',(111.074058261,30.37469761,-7.270154979));
#1606=CARTESIAN_POINT('',(111.090676862,30.293195719,-7.358590572));
#1607=CARTESIAN_POINT('',(111.096139655,30.237535596,-7.416535173));
#1608=CARTESIAN_POINT('',(111.096139711,30.123745675,-7.530325034));
#1609=CARTESIAN_POINT('',(111.090677241,30.065801769,-7.585984521));
#1610=CARTESIAN_POINT('',(111.074058861,29.977366628,-7.667486027));
#1611=CARTESIAN_POINT('',(111.067115288,29.947635034,-7.694321909));
#1612=CARTESIAN_POINT('',(111.050381429,29.887674442,-7.747308669));
#1613=CARTESIAN_POINT('',(111.040591143,29.857445443,-7.773459548));
#1614=CARTESIAN_POINT('',(111.029358256,29.826972254,-7.799256713));
#1615=CARTESIAN_POINT('',(111.04605636,30.467242571,-7.107210388));
#1616=CARTESIAN_POINT('',(111.056464476,30.442174247,-7.136507677));
#1617=CARTESIAN_POINT('',(111.065529514,30.416837617,-7.165527993));
#1618=CARTESIAN_POINT('',(111.081015496,30.36562279,-7.223036295));
#1619=CARTESIAN_POINT('',(111.087436441,30.339744592,-7.251524281));
#1620=CARTESIAN_POINT('',(111.102796236,30.26129021,-7.336222166));
#1621=CARTESIAN_POINT('',(111.107832048,30.207894236,-7.391665991));
#1622=CARTESIAN_POINT('',(111.107832094,30.098876521,-7.500683695));
#1623=CARTESIAN_POINT('',(111.102796575,30.043433378,-7.554079071));
#1624=CARTESIAN_POINT('',(111.087436982,29.958735927,-7.632533087));
#1625=CARTESIAN_POINT('',(111.081016064,29.930247988,-7.658411252));
#1626=CARTESIAN_POINT('',(111.065529958,29.87273931,-7.709626426));
#1627=CARTESIAN_POINT('',(111.056464769,29.843718573,-7.734963435));
#1628=CARTESIAN_POINT('',(111.04605636,29.814420494,-7.760032465));
#1629=CARTESIAN_POINT('',(111.076531995,30.390262683,-7.082576825));
#1630=CARTESIAN_POINT('',(111.085399695,30.36672148,-7.109527303));
#1631=CARTESIAN_POINT('',(111.093116861,30.343054748,-7.136160498));
#1632=CARTESIAN_POINT('',(111.106292196,30.295419496,-7.188859708));
#1633=CARTESIAN_POINT('',(111.111750366,30.271450975,-7.214925722));
#1634=CARTESIAN_POINT('',(111.124799486,30.199016636,-7.292374066));
#1635=CARTESIAN_POINT('',(111.129065049,30.150022041,-7.343006697));
#1636=CARTESIAN_POINT('',(111.129065042,30.050216942,-7.442811821));
#1637=CARTESIAN_POINT('',(111.124799718,29.999585039,-7.491805812));
#1638=CARTESIAN_POINT('',(111.11175078,29.922137212,-7.564239717));
#1639=CARTESIAN_POINT('',(111.106292642,29.896071274,-7.588208172));
#1640=CARTESIAN_POINT('',(111.093117219,29.843371752,-7.635843683));
#1641=CARTESIAN_POINT('',(111.085399934,29.816738167,-7.659510739));
#1642=CARTESIAN_POINT('',(111.076531995,29.789786931,-7.683052577));
#1643=CARTESIAN_POINT('',(111.090388099,30.352585479,-7.07052012));
#1644=CARTESIAN_POINT('',(111.098545943,30.329824431,-7.09635413));
#1645=CARTESIAN_POINT('',(111.10564264,30.307003536,-7.12184748));
#1646=CARTESIAN_POINT('',(111.117755156,30.261169102,-7.1722422));
#1647=CARTESIAN_POINT('',(111.122770976,30.238155562,-7.19714357));
#1648=CARTESIAN_POINT('',(111.134759241,30.168716542,-7.271093726));
#1649=CARTESIAN_POINT('',(111.138672494,30.121892663,-7.319388557));
#1650=CARTESIAN_POINT('',(111.138672471,30.026598877,-7.414682412));
#1651=CARTESIAN_POINT('',(111.134759439,29.978304779,-7.461505722));
#1652=CARTESIAN_POINT('',(111.122771347,29.904355126,-7.530944337));
#1653=CARTESIAN_POINT('',(111.117755559,29.879453824,-7.553957816));
#1654=CARTESIAN_POINT('',(111.105642967,29.829058768,-7.599792503));
#1655=CARTESIAN_POINT('',(111.098546163,29.803565014,-7.622613711));
#1656=CARTESIAN_POINT('',(111.090388099,29.777730226,-7.645375373));
#1657=CARTESIAN_POINT('',(111.116306106,30.276508158,-7.046175377));
#1658=CARTESIAN_POINT('',(111.123109948,30.255410054,-7.069709432));
#1659=CARTESIAN_POINT('',(111.129024192,30.23435705,-7.092878426));
#1660=CARTESIAN_POINT('',(111.139112599,30.192236098,-7.138606907));
#1661=CARTESIAN_POINT('',(111.143286763,30.17116815,-7.161166393));
#1662=CARTESIAN_POINT('',(111.153257808,30.10778418,-7.22811151));
#1663=CARTESIAN_POINT('',(111.156503245,30.065288031,-7.271763798));
#1664=CARTESIAN_POINT('',(111.156503198,29.978974269,-7.358077694));
#1665=CARTESIAN_POINT('',(111.153257944,29.935322697,-7.400573351));
#1666=CARTESIAN_POINT('',(111.143287053,29.868378036,-7.463956983));
#1667=CARTESIAN_POINT('',(111.139112921,29.845818599,-7.485024885));
#1668=CARTESIAN_POINT('',(111.12902446,29.800089744,-7.527146085));
#1669=CARTESIAN_POINT('',(111.123110131,29.776920328,-7.548199382));
#1670=CARTESIAN_POINT('',(111.116306106,29.753385483,-7.569298052));
#1671=CARTESIAN_POINT('',(111.128368009,30.238108041,-7.033887339));
#1672=CARTESIAN_POINT('',(111.134527437,30.21789684,-7.056225889));
#1673=CARTESIAN_POINT('',(111.139879461,30.197767468,-7.078201876));
#1674=CARTESIAN_POINT('',(111.149006174,30.157558792,-7.121557136));
#1675=CARTESIAN_POINT('',(111.152780863,30.137479487,-7.142936409));
#1676=CARTESIAN_POINT('',(111.16179514,30.077146286,-7.206371772));
#1677=CARTESIAN_POINT('',(111.164724936,30.036797103,-7.247725407));
#1678=CARTESIAN_POINT('',(111.164724881,29.954935914,-7.329586746));
#1679=CARTESIAN_POINT('',(111.161795248,29.913582973,-7.369935472));
#1680=CARTESIAN_POINT('',(111.152781115,29.85014804,-7.430268364));
#1681=CARTESIAN_POINT('',(111.149006457,29.828768809,-7.450347628));
#1682=CARTESIAN_POINT('',(111.1398797,29.785413174,-7.490556544));
#1683=CARTESIAN_POINT('',(111.134527601,29.76343677,-7.510686196));
#1684=CARTESIAN_POINT('',(111.128368009,29.741097446,-7.530897935));
#1685=CARTESIAN_POINT('',(111.161765453,30.122217974,-6.996802517));
#1686=CARTESIAN_POINT('',(111.16611156,30.104812218,-7.015450208));
#1687=CARTESIAN_POINT('',(111.169882841,30.087556511,-7.033780136));
#1688=CARTESIAN_POINT('',(111.176307312,30.053226143,-7.069935995));
#1689=CARTESIAN_POINT('',(111.178960502,30.036151481,-7.087761926));
#1690=CARTESIAN_POINT('',(111.185290275,29.985020481,-7.140681024));
#1691=CARTESIAN_POINT('',(111.187337061,29.951057129,-7.175215493));
#1692=CARTESIAN_POINT('',(111.187336985,29.882425956,-7.24384682));
#1693=CARTESIAN_POINT('',(111.185290309,29.847892084,-7.277809802));
#1694=CARTESIAN_POINT('',(111.178960646,29.794973353,-7.328940548));
#1695=CARTESIAN_POINT('',(111.176307484,29.777147455,-7.346015175));
#1696=CARTESIAN_POINT('',(111.169882995,29.740991269,-7.380345737));
#1697=CARTESIAN_POINT('',(111.166111669,29.722660981,-7.397601672));
#1698=CARTESIAN_POINT('',(111.161765453,29.704012623,-7.415007868));
#1699=CARTESIAN_POINT('',(111.180312731,30.044038307,-6.971785024));
#1700=CARTESIAN_POINT('',(111.183615738,30.028683783,-6.987877128));
#1701=CARTESIAN_POINT('',(111.186479565,30.01347736,-7.003718541));
#1702=CARTESIAN_POINT('',(111.191355163,29.983259265,-7.035011829));
#1703=CARTESIAN_POINT('',(111.193366933,29.968247593,-7.050463704));
#1704=CARTESIAN_POINT('',(111.198163608,29.923352535,-7.096402793));
#1705=CARTESIAN_POINT('',(111.199709879,29.893609102,-7.12647347));
#1706=CARTESIAN_POINT('',(111.199709804,29.833683865,-7.186398831));
#1707=CARTESIAN_POINT('',(111.198163612,29.803613684,-7.216141952));
#1708=CARTESIAN_POINT('',(111.193367023,29.757674901,-7.261036797));
#1709=CARTESIAN_POINT('',(111.191355277,29.742223055,-7.276048439));
#1710=CARTESIAN_POINT('',(111.186479674,29.710929498,-7.306266695));
#1711=CARTESIAN_POINT('',(111.183615816,29.695087787,-7.321473309));
#1712=CARTESIAN_POINT('',(111.180312731,29.67899513,-7.336828201));
#1713=CARTESIAN_POINT('',(111.209454791,29.887944543,-6.92183502));
#1714=CARTESIAN_POINT('',(111.211086694,29.87686549,-6.932937659));
#1715=CARTESIAN_POINT('',(111.212498825,29.86589978,-6.943917769));
#1716=CARTESIAN_POINT('',(111.214899325,29.844135029,-6.965699187));
#1717=CARTESIAN_POINT('',(111.215887695,29.833335987,-6.976500495));
#1718=CARTESIAN_POINT('',(111.218240835,29.801098837,-7.008735607));
#1719=CARTESIAN_POINT('',(111.218993637,29.779820704,-7.030000595));
#1720=CARTESIAN_POINT('',(111.218993578,29.737210897,-7.072610464));
#1721=CARTESIAN_POINT('',(111.21824081,29.715946196,-7.093888405));
#1722=CARTESIAN_POINT('',(111.215887717,29.683711259,-7.126125431));
#1723=CARTESIAN_POINT('',(111.214899362,29.672909965,-7.136924459));
#1724=CARTESIAN_POINT('',(111.212498868,29.651128383,-7.158689319));
#1725=CARTESIAN_POINT('',(111.211086727,29.640148095,-7.169655151));
#1726=CARTESIAN_POINT('',(111.209454791,29.629045126,-7.180734437));
#1727=CARTESIAN_POINT('',(111.220068941,29.810059459,-6.896911793));
#1728=CARTESIAN_POINT('',(111.221078027,29.801209618,-6.905566363));
#1729=CARTESIAN_POINT('',(111.221950454,29.792436984,-6.914163973));
#1730=CARTESIAN_POINT('',(111.223432512,29.775011892,-6.931283674));
#1731=CARTESIAN_POINT('',(111.224042144,29.766359433,-6.939805766));
#1732=CARTESIAN_POINT('',(111.225492627,29.740530957,-6.965316368));
#1733=CARTESIAN_POINT('',(111.225955067,29.72348384,-6.982249206));
#1734=CARTESIAN_POINT('',(111.225955023,29.689459418,-7.016273645));
#1735=CARTESIAN_POINT('',(111.225492602,29.672526761,-7.033320621));
#1736=CARTESIAN_POINT('',(111.224042149,29.647016274,-7.059149007));
#1737=CARTESIAN_POINT('',(111.223432528,29.638494194,-7.067801456));
#1738=CARTESIAN_POINT('',(111.221950476,29.621374395,-7.085226626));
#1739=CARTESIAN_POINT('',(111.221078045,29.612776675,-7.093999347));
#1740=CARTESIAN_POINT('',(111.220068941,29.604121899,-7.102849353));
#1741=CARTESIAN_POINT('',(111.234011724,29.656502486,-6.847773562));
#1742=CARTESIAN_POINT('',(111.234205345,29.652106113,-6.851858769));
#1743=CARTESIAN_POINT('',(111.234372132,29.647733425,-6.855958142));
#1744=CARTESIAN_POINT('',(111.23465467,29.639032865,-6.864188817));
#1745=CARTESIAN_POINT('',(111.234770421,29.634704994,-6.868320118));
#1746=CARTESIAN_POINT('',(111.235045063,29.621784778,-6.880767308));
#1747=CARTESIAN_POINT('',(111.235131346,29.61325583,-6.889136484));
#1748=CARTESIAN_POINT('',(111.235131332,29.596346572,-6.906045708));
#1749=CARTESIAN_POINT('',(111.235045051,29.587977424,-6.9145746));
#1750=CARTESIAN_POINT('',(111.234770415,29.575530262,-6.92749478));
#1751=CARTESIAN_POINT('',(111.234654667,29.571398968,-6.931822647));
#1752=CARTESIAN_POINT('',(111.234372133,29.563168289,-6.940523233));
#1753=CARTESIAN_POINT('',(111.234205347,29.559068904,-6.944895951));
#1754=CARTESIAN_POINT('',(111.234011724,29.554983668,-6.94929238));
#1755=CARTESIAN_POINT('',(111.237340358,29.580830598,-6.823558557));
#1756=CARTESIAN_POINT('',(111.237340358,29.578643049,-6.825612733));
#1757=CARTESIAN_POINT('',(111.237340358,29.576476943,-6.827662136));
#1758=CARTESIAN_POINT('',(111.237340358,29.572181065,-6.831757951));
#1759=CARTESIAN_POINT('',(111.237340358,29.570051292,-6.833804363));
#1760=CARTESIAN_POINT('',(111.237340358,29.56370664,-6.839948948));
#1761=CARTESIAN_POINT('',(111.237340358,29.559536429,-6.844052467));
#1762=CARTESIAN_POINT('',(111.237340358,29.551262686,-6.852326203));
#1763=CARTESIAN_POINT('',(111.237340358,29.547159154,-6.85649642));
#1764=CARTESIAN_POINT('',(111.237340358,29.541014539,-6.862841099));
#1765=CARTESIAN_POINT('',(111.237340358,29.538968115,-6.864970885));
#1766=CARTESIAN_POINT('',(111.237340358,29.534872272,-6.869266795));
#1767=CARTESIAN_POINT('',(111.237340358,29.532822855,-6.87143292));
#1768=CARTESIAN_POINT('',(111.237340358,29.530768663,-6.873620492));
#1769=CARTESIAN_POINT('',(111.237340358,29.507210106,-6.8));
#1770=CARTESIAN_POINT('',(111.237340358,29.507210106,-6.8));
#1771=CARTESIAN_POINT('',(111.237340358,29.507210106,-6.8));
#1772=CARTESIAN_POINT('',(111.237340358,29.507210106,-6.8));
#1773=CARTESIAN_POINT('',(111.237340358,29.507210106,-6.8));
#1774=CARTESIAN_POINT('',(111.237340358,29.507210106,-6.8));
#1775=CARTESIAN_POINT('',(111.237340358,29.507210106,-6.8));
#1776=CARTESIAN_POINT('',(111.237340358,29.507210106,-6.8));
#1777=CARTESIAN_POINT('',(111.237340358,29.507210106,-6.8));
#1778=CARTESIAN_POINT('',(111.237340358,29.507210106,-6.8));
#1779=CARTESIAN_POINT('',(111.237340358,29.507210106,-6.8));
#1780=CARTESIAN_POINT('',(111.237340358,29.507210106,-6.8));
#1781=CARTESIAN_POINT('',(111.237340358,29.507210106,-6.8));
#1782=CARTESIAN_POINT('',(111.237340358,29.507210106,-6.8));
#1783=B_SPLINE_SURFACE_WITH_KNOTS('',3,3,((#1195,#1196,#1197,#1198,#1199,#1200,#1201,#1202,#1203,#1204,#1205,#1206,#1207,#1208),(#1209,#1210,#1211,#1212,#1213,#1214,#1215,#1216,#1217,#1218,#1219,#1220,#1221,#1222),(#1223,#1224,#1225,#1226,#1227,#1228,#1229,#1230,#1231,#1232,#1233,#1234,#1235,#1236),(#1237,#1238,#1239,#1240,#1241,#1242,#1243,#1244,#1245,#1246,#1247,#1248,#1249,#1250),(#1251,#1252,#1253,#1254,#1255,#1256,#1257,#1258,#1259,#1260,#1261,#1262,#1263,#1264),(#1265,#1266,#1267,#1268,#1269,#1270,#1271,#1272,#1273,#1274,#1275,#1276,#1277,#1278),(#1279,#1280,#1281,#1282,#1283,#1284,#1285,#1286,#1287,#1288,#1289,#1290,#1291,#1292),(#1293,#1294,#1295,#1296,#1297,#1298,#1299,#1300,#1301,#1302,#1303,#1304,#1305,#1306),(#1307,#1308,#1309,#1310,#1311,#1312,#1313,#1314,#1315,#1316,#1317,#1318,#1319,#1320),(#1321,#1322,#1323,#1324,#1325,#1326,#1327,#1328,#1329,#1330,#1331,#1332,#1333,#1334),(#1335,#1336,#1337,#1338,#1339,#1340,#1341,#1342,#1343,#1344,#1345,#1346,#1347,#1348),(#1349,#1350,#1351,#1352,#1353,#1354,#1355,#1356,#1357,#1358,#1359,#1360,#1361,#1362),(#1363,#1364,#1365,#1366,#1367,#1368,#1369,#1370,#1371,#1372,#1373,#1374,#1375,#1376),(#1377,#1378,#1379,#1380,#1381,#1382,#1383,#1384,#1385,#1386,#1387,#1388,#1389,#1390),(#1391,#1392,#1393,#1394,#1395,#1396,#1397,#1398,#1399,#1400,#1401,#1402,#1403,#1404),(#1405,#1406,#1407,#1408,#1409,#1410,#1411,#1412,#1413,#1414,#1415,#1416,#1417,#1418),(#1419,#1420,#1421,#1422,#1423,#1424,#1425,#1426,#1427,#1428,#1429,#1430,#1431,#1432),(#1433,#1434,#1435,#1436,#1437,#1438,#1439,#1440,#1441,#1442,#1443,#1444,#1445,#1446),(#1447,#1448,#1449,#1450,#1451,#1452,#1453,#1454,#1455,#1456,#1457,#1458,#1459,#1460),(#1461,#1462,#1463,#1464,#1465,#1466,#1467,#1468,#1469,#1470,#1471,#1472,#1473,#1474),(#1475,#1476,#1477,#1478,#1479,#1480,#1481,#1482,#1483,#1484,#1485,#1486,#1487,#1488),(#1489,#1490,#1491,#1492,#1493,#1494,#1495,#1496,#1497,#1498,#1499,#1500,#1501,#1502),(#1503,#1504,#1505,#1506,#1507,#1508,#1509,#1510,#1511,#1512,#1513,#1514,#1515,#1516),(#1517,#1518,#1519,#1520,#1521,#1522,#1523,#1524,#1525,#1526,#1527,#1528,#1529,#1530),(#1531,#1532,#1533,#1534,#1535,#1536,#1537,#1538,#1539,#1540,#1541,#1542,#1543,#1544),(#1545,#1546,#1547,#1548,#1549,#1550,#1551,#1552,#1553,#1554,#1555,#1556,#1557,#1558),
(#1559,#1560,#1561,#1562,#1563,#1564,#1565,#1566,#1567,#1568,#1569,#1570,#1571,#1572),(#1573,#1574,#1575,#1576,#1577,#1578,#1579,#1580,#1581,#1582,#1583,#1584,#1585,#1586),(#1587,#1588,#1589,#1590,#1591,#1592,#1593,#1594,#1595,#1596,#1597,#1598,#1599,#1600),(#1601,#1602,#1603,#1604,#1605,#1606,#1607,#1608,#1609,#1610,#1611,#1612,#1613,#1614),(#1615,#1616,#1617,#1618,#1619,#1620,#1621,#1622,#1623,#1624,#1625,#1626,#1627,#1628),(#1629,#1630,#1631,#1632,#1633,#1634,#1635,#1636,#1637,#1638,#1639,#1640,#1641,#1642),(#1643,#1644,#1645,#1646,#1647,#1648,#1649,#1650,#1651,#1652,#1653,#1654,#1655,#1656),(#1657,#1658,#1659,#1660,#1661,#1662,#1663,#1664,#1665,#1666,#1667,#1668,#1669,#1670),(#1671,#1672,#1673,#1674,#1675,#1676,#1677,#1678,#1679,#1680,#1681,#1682,#1683,#1684),(#1685,#1686,#1687,#1688,#1689,#1690,#1691,#1692,#1693,#1694,#1695,#1696,#1697,#1698),(#1699,#1700,#1701,#1702,#1703,#1704,#1705,#1706,#1707,#1708,#1709,#1710,#1711,#1712),(#1713,#1714,#1715,#1716,#1717,#1718,#1719,#1720,#1721,#1722,#1723,#1724,#1725,#1726),(#1727,#1728,#1729,#1730,#1731,#1732,#1733,#1734,#1735,#1736,#1737,#1738,#1739,#1740),(#1741,#1742,#1743,#1744,#1745,#1746,#1747,#1748,#1749,#1750,#1751,#1752,#1753,#1754),(#1755,#1756,#1757,#1758,#1759,#1760,#1761,#1762,#1763,#1764,#1765,#1766,#1767,#1768),(#1769,#1770,#1771,#1772,#1773,#1774,#1775,#1776,#1777,#1778,#1779,#1780,#1781,#1782)),.UNSPECIFIED.,.F.,.F.,.U.,(4,2,2,2,2,2,2,2,2,2,2,2,2,2,2,2,2,2,2,2,4),(4,2,2,2,2,2,4),(0.,0.058662187,0.117324374,0.175986562,0.234648749,0.299048013,0.363447276,0.42784654,0.460046172,0.492245804,0.525057019,0.557868233,0.623490663,0.689113092,0.721924307,0.754735522,0.785393582,0.816051641,0.877367761,0.93868388,1.),(0.,0.125,0.25,0.5,0.75,0.875,1.),.UNSPECIFIED.);
#1784=ORIENTED_EDGE('',*,*,#1002,.F.);
#1785=ORIENTED_EDGE('',*,*,#1181,.T.);
#1786=CARTESIAN_POINT('',(108.737340358,30.307210106,-9.3));
#1787=CARTESIAN_POINT('',(109.067407235,30.307210174,-9.3));
#1788=CARTESIAN_POINT('',(109.402386738,30.28598322,-9.233706896));
#1789=CARTESIAN_POINT('',(109.714801546,30.243529244,-9.100993182));
#1790=CARTESIAN_POINT('',(109.734327472,30.24087587,-9.092698575));
#1791=CARTESIAN_POINT('',(109.750989191,30.23852929,-9.085368233));
#1792=CARTESIAN_POINT('',(109.769021817,30.235913076,-9.077198579));
#1793=CARTESIAN_POINT('',(109.787054443,30.233296862,-9.069028924));
#1794=CARTESIAN_POINT('',(109.805044017,30.230603156,-9.060620606));
#1795=CARTESIAN_POINT('',(109.822983638,30.227831959,-9.051972173));
#1796=CARTESIAN_POINT('',(109.858862882,30.222289566,-9.034675308));
#1797=CARTESIAN_POINT('',(109.894542448,30.216437206,-9.016417789));
#1798=CARTESIAN_POINT('',(109.929965532,30.21027488,-8.997190295));
#1799=CARTESIAN_POINT('',(110.000811701,30.19795023,-8.958735309));
#1800=CARTESIAN_POINT('',(110.070633793,30.184385715,-8.916396913));
#1801=CARTESIAN_POINT('',(110.138953574,30.169581338,-8.870140187));
#1802=CARTESIAN_POINT('',(110.275593134,30.139972583,-8.777626736));
#1803=CARTESIAN_POINT('',(110.406243151,30.105404375,-8.669372453));
#1804=CARTESIAN_POINT('',(110.526773636,30.065876714,-8.545831763));
#1805=CARTESIAN_POINT('',(110.530540213,30.064641475,-8.541971117));
#1806=CARTESIAN_POINT('',(110.533134024,30.063784976,-8.539294689));
#1807=CARTESIAN_POINT('',(110.536308965,30.062731985,-8.536004594));
#1808=CARTESIAN_POINT('',(110.539483906,30.061678995,-8.5327145));
#1809=CARTESIAN_POINT('',(110.542655298,30.060621257,-8.52941002));
#1810=CARTESIAN_POINT('',(110.545822999,30.059558772,-8.526091115));
#1811=CARTESIAN_POINT('',(110.552158401,30.057433801,-8.519453305));
#1812=CARTESIAN_POINT('',(110.558479041,30.05528984,-8.512757793));
#1813=CARTESIAN_POINT('',(110.564783772,30.053126889,-8.50600427));
#1814=CARTESIAN_POINT('',(110.577393235,30.048800988,-8.492497223));
#1815=CARTESIAN_POINT('',(110.589939081,30.044399126,-8.478758113));
#1816=CARTESIAN_POINT('',(110.602411941,30.039921304,-8.464784668));
#1817=CARTESIAN_POINT('',(110.627357662,30.03096566,-8.436837777));
#1818=CARTESIAN_POINT('',(110.652011699,30.021706177,-8.407953241));
#1819=CARTESIAN_POINT('',(110.676295998,30.012142853,-8.37811629));
#1820=CARTESIAN_POINT('',(110.724864596,29.993016205,-8.318442389));
#1821=CARTESIAN_POINT('',(110.771958031,29.972674195,-8.25495309));
#1822=CARTESIAN_POINT('',(110.816904274,29.951116826,-8.187592851));
#1823=CARTESIAN_POINT('',(110.90679676,29.908002086,-8.052872375));
#1824=CARTESIAN_POINT('',(110.988143823,29.860025902,-7.902545614));
#1825=CARTESIAN_POINT('',(111.054930084,29.807188275,-7.737431523));
#1826=CARTESIAN_POINT('',(111.057017155,29.805537099,-7.732271708));
#1827=CARTESIAN_POINT('',(111.058329334,29.804488341,-7.728994673));
#1828=CARTESIAN_POINT('',(111.060021464,29.803128117,-7.724744548));
#1829=CARTESIAN_POINT('',(111.061713595,29.801767893,-7.720494423));
#1830=CARTESIAN_POINT('',(111.063400631,29.800400831,-7.716223149));
#1831=CARTESIAN_POINT('',(111.065082274,29.799026932,-7.711930684));
#1832=CARTESIAN_POINT('',(111.06844556,29.796279132,-7.703345754));
#1833=CARTESIAN_POINT('',(111.071787276,29.793503981,-7.694676055));
#1834=CARTESIAN_POINT('',(111.075104996,29.790701479,-7.685921271));
#1835=CARTESIAN_POINT('',(111.081740436,29.785096473,-7.668411704));
#1836=CARTESIAN_POINT('',(111.088279941,29.779382061,-7.650561758));
#1837=CARTESIAN_POINT('',(111.094703546,29.773558242,-7.632369391));
#1838=CARTESIAN_POINT('',(111.107550755,29.761910605,-7.595984657));
#1839=CARTESIAN_POINT('',(111.119935089,29.74982534,-7.558229446));
#1840=CARTESIAN_POINT('',(111.131688005,29.737302448,-7.5190962));
#1841=CARTESIAN_POINT('',(111.155193839,29.712256665,-7.440829708));
#1842=CARTESIAN_POINT('',(111.176184371,29.685460374,-7.357034351));
#1843=CARTESIAN_POINT('',(111.193178549,29.656913575,-7.26782345));
#1844=CARTESIAN_POINT('',(111.193709617,29.656021488,-7.26503561));
#1845=CARTESIAN_POINT('',(111.193790837,29.655882267,-7.264600685));
#1846=CARTESIAN_POINT('',(111.194098131,29.655360375,-7.262970026));
#1847=CARTESIAN_POINT('',(111.194405425,29.654838483,-7.261339368));
#1848=CARTESIAN_POINT('',(111.194713459,29.654312433,-7.259695856));
#1849=CARTESIAN_POINT('',(111.195022159,29.653782225,-7.258039479));
#1850=CARTESIAN_POINT('',(111.195639559,29.652721808,-7.254726725));
#1851=CARTESIAN_POINT('',(111.19625962,29.651644758,-7.251362511));
#1852=CARTESIAN_POINT('',(111.196881719,29.650551075,-7.247946753));
#1853=CARTESIAN_POINT('',(111.198125917,29.648363709,-7.241115236));
#1854=CARTESIAN_POINT('',(111.199378285,29.64610981,-7.234077537));
#1855=CARTESIAN_POINT('',(111.2006336,29.643789379,-7.226832994));
#1856=CARTESIAN_POINT('',(111.203144231,29.639148517,-7.21234391));
#1857=CARTESIAN_POINT('',(111.205666962,29.634241524,-7.197027393));
#1858=CARTESIAN_POINT('',(111.208156296,29.629068401,-7.180878725));
#1859=CARTESIAN_POINT('',(111.213134962,29.618722154,-7.148581388));
#1860=CARTESIAN_POINT('',(111.217985014,29.607311387,-7.112953711));
#1861=CARTESIAN_POINT('',(111.222282723,29.594836098,-7.073973437));
#1862=CARTESIAN_POINT('',(111.230878141,29.569885519,-6.99601289));
#1863=CARTESIAN_POINT('',(111.237340358,29.540676855,-6.904583592));
#1864=CARTESIAN_POINT('',(111.237340358,29.507210106,-6.8));
#1865=B_SPLINE_CURVE_WITH_KNOTS('',3,(#1786,#1787,#1788,#1789,#1790,#1791,#1792,#1793,#1794,#1795,#1796,#1797,#1798,#1799,#1800,#1801,#1802,#1803,#1804,#1805,#1806,#1807,#1808,#1809,#1810,#1811,
#1812,#1813,#1814,#1815,#1816,#1817,#1818,#1819,#1820,#1821,#1822,#1823,#1824,#1825,#1826,#1827,#1828,#1829,#1830,#1831,#1832,#1833,#1834,#1835,#1836,
#1837,#1838,#1839,#1840,#1841,#1842,#1843,#1844,#1845,#1846,#1847,#1848,#1849,#1850,#1851,#1852,#1853,#1854,#1855,#1856,#1857,#1858,#1859,#1860,#1861,
#1862,#1863,#1864),.UNSPECIFIED.,.F.,.F.,(4,3,3,3,3,3,3,3,3,3,3,3,3,3,3,3,3,3,3,3,3,3,3,3,3,3,
4),(0.,0.25,0.265625,0.28125,0.3125,0.375,0.5,0.50390625,0.5078125,0.515625,0.53125,0.5625,0.625,0.75,0.75390625,0.7578125,0.765625,0.78125,0.8125,0.875,0.876953125,0.87890625,0.8828125,0.890625,0.90625,0.9375,
1.),.UNSPECIFIED.);
#1866=EDGE_CURVE('',#950,#513,#1865,.T.);
#1867=ORIENTED_EDGE('',*,*,#1866,.F.);
#1868=EDGE_LOOP('',(#1784,#1785,#1867));
#1869=FACE_BOUND('',#1868,.T.);
#1870=ADVANCED_FACE('',(#1869),#1783,.T.);
#1871=CARTESIAN_POINT('',(108.737340358,19.962847778,-6.8));
#1872=DIRECTION('',(0.,1.,0.));
#1873=DIRECTION('',(0.,-0.,1.));
#1874=AXIS2_PLACEMENT_3D('',#1871,#1872,#1873);
#1875=CYLINDRICAL_SURFACE('',#1874,2.5);
#1876=ORIENTED_EDGE('',*,*,#1866,.T.);
#1877=ORIENTED_EDGE('',*,*,#518,.F.);
#1878=CARTESIAN_POINT('',(108.737340358,10.418485451,-6.8));
#1879=DIRECTION('',(-0.,-0.707106781,0.707106781));
#1880=DIRECTION('',(0.,0.707106781,0.707106781));
#1881=AXIS2_PLACEMENT_3D('',#1878,#1879,#1880);
#1882=ELLIPSE('',#1881,3.535533906,2.5);
#1883=EDGE_CURVE('',#553,#505,#1882,.T.);
#1884=ORIENTED_EDGE('',*,*,#1883,.F.);
#1885=ORIENTED_EDGE('',*,*,#961,.F.);
#1886=EDGE_LOOP('',(#1876,#1877,#1884,#1885));
#1887=FACE_BOUND('',#1886,.T.);
#1888=ADVANCED_FACE('',(#1887),#1875,.T.);
#1889=CARTESIAN_POINT('',(108.737340358,10.418485451,-8.7));
#1890=DIRECTION('',(0.,0.,1.));
#1891=DIRECTION('',(1.,0.,-0.));
#1892=AXIS2_PLACEMENT_3D('',#1889,#1890,#1891);
#1893=CYLINDRICAL_SURFACE('',#1892,2.5);
#1894=ORIENTED_EDGE('',*,*,#1883,.T.);
#1895=ORIENTED_EDGE('',*,*,#510,.F.);
#1896=CARTESIAN_POINT('',(108.737340358,10.418485451,-2.));
#1897=DIRECTION('',(-0.,-0.,1.));
#1898=DIRECTION('',(-1.,0.,0.));
#1899=AXIS2_PLACEMENT_3D('',#1896,#1897,#1898);
#1900=CIRCLE('',#1899,2.5);
#1901=EDGE_CURVE('',#537,#495,#1900,.T.);
#1902=ORIENTED_EDGE('',*,*,#1901,.F.);
#1903=ORIENTED_EDGE('',*,*,#564,.F.);
#1904=EDGE_LOOP('',(#1894,#1895,#1902,#1903));
#1905=FACE_BOUND('',#1904,.T.);
#1906=ADVANCED_FACE('',(#1905),#1893,.T.);
#1907=CARTESIAN_POINT('',(73.924633278,10.386026996,-8.7));
#1908=DIRECTION('',(0.,0.,1.));
#1909=DIRECTION('',(1.,0.,-0.));
#1910=AXIS2_PLACEMENT_3D('',#1907,#1908,#1909);
#1911=CYLINDRICAL_SURFACE('',#1910,2.5);
#1912=CARTESIAN_POINT('',(73.924633278,10.386026996,-2.));
#1913=DIRECTION('',(-0.,-0.,1.));
#1914=DIRECTION('',(-1.,0.,0.));
#1915=AXIS2_PLACEMENT_3D('',#1912,#1913,#1914);
#1916=CIRCLE('',#1915,2.5);
#1917=EDGE_CURVE('',#417,#853,#1916,.T.);
#1918=ORIENTED_EDGE('',*,*,#1917,.F.);
#1919=ORIENTED_EDGE('',*,*,#444,.F.);
#1920=CARTESIAN_POINT('',(73.924633278,10.386026996,-6.8));
#1921=DIRECTION('',(-0.,0.707106781,-0.707106781));
#1922=DIRECTION('',(0.,0.707106781,0.707106781));
#1923=AXIS2_PLACEMENT_3D('',#1920,#1921,#1922);
#1924=ELLIPSE('',#1923,3.535533906,2.5);
#1925=EDGE_CURVE('',#835,#433,#1924,.T.);
#1926=ORIENTED_EDGE('',*,*,#1925,.F.);
#1927=ORIENTED_EDGE('',*,*,#864,.F.);
#1928=EDGE_LOOP('',(#1918,#1919,#1926,#1927));
#1929=FACE_BOUND('',#1928,.T.);
#1930=ADVANCED_FACE('',(#1929),#1911,.T.);
#1931=CARTESIAN_POINT('',(73.924633278,19.946618551,-6.8));
#1932=DIRECTION('',(0.,-1.,0.));
#1933=DIRECTION('',(0.,0.,-1.));
#1934=AXIS2_PLACEMENT_3D('',#1931,#1932,#1933);
#1935=CYLINDRICAL_SURFACE('',#1934,2.5);
#1936=CARTESIAN_POINT('',(73.924633278,30.307210106,-9.3));
#1937=CARTESIAN_POINT('',(73.594535348,30.307210174,-9.3));
#1938=CARTESIAN_POINT('',(73.259558317,30.28598322,-9.233694755));
#1939=CARTESIAN_POINT('',(72.94717209,30.243529244,-9.100993182));
#1940=CARTESIAN_POINT('',(72.927647951,30.24087587,-9.092699334));
#1941=CARTESIAN_POINT('',(72.91097746,30.238527899,-9.085365165));
#1942=CARTESIAN_POINT('',(72.892941732,30.235911057,-9.077194009));
#1943=CARTESIAN_POINT('',(72.874906004,30.233294215,-9.069022853));
#1944=CARTESIAN_POINT('',(72.856913588,30.230599927,-9.06061306));
#1945=CARTESIAN_POINT('',(72.838971377,30.227828192,-9.051963196));
#1946=CARTESIAN_POINT('',(72.803086956,30.222284721,-9.034663469));
#1947=CARTESIAN_POINT('',(72.767403231,30.216431464,-9.016403264));
#1948=CARTESIAN_POINT('',(72.731976959,30.210268421,-8.99717339));
#1949=CARTESIAN_POINT('',(72.661124415,30.197942335,-8.958713642));
#1950=CARTESIAN_POINT('',(72.591299844,30.184377103,-8.916371713));
#1951=CARTESIAN_POINT('',(72.522980938,30.169572725,-8.870113696));
#1952=CARTESIAN_POINT('',(72.386343126,30.139963971,-8.777597662));
#1953=CARTESIAN_POINT('',(72.255708488,30.105398633,-8.669349906));
#1954=CARTESIAN_POINT('',(72.135200001,30.065876714,-8.545831763));
#1955=CARTESIAN_POINT('',(72.131434111,30.064641654,-8.541971821));
#1956=CARTESIAN_POINT('',(72.128838306,30.063784469,-8.539293342));
#1957=CARTESIAN_POINT('',(72.125662733,30.062731231,-8.536002585));
#1958=CARTESIAN_POINT('',(72.122487159,30.061677993,-8.532711828));
#1959=CARTESIAN_POINT('',(72.119315149,30.060620012,-8.529406693));
#1960=CARTESIAN_POINT('',(72.116146843,30.059557287,-8.52608714));
#1961=CARTESIAN_POINT('',(72.109810232,30.057431837,-8.519448033));
#1962=CARTESIAN_POINT('',(72.103488437,30.055287414,-8.512751254));
#1963=CARTESIAN_POINT('',(72.097182605,30.053124016,-8.505996494));
#1964=CARTESIAN_POINT('',(72.084570942,30.04879722,-8.492486975));
#1965=CARTESIAN_POINT('',(72.072023112,30.044394528,-8.478745516));
#1966=CARTESIAN_POINT('',(72.059548473,30.03991594,-8.464769855));
#1967=CARTESIAN_POINT('',(72.034599197,30.030958764,-8.436818534));
#1968=CARTESIAN_POINT('',(72.009942432,30.021698003,-8.407930105));
#1969=CARTESIAN_POINT('',(71.985656152,30.012133657,-8.378089891));
#1970=CARTESIAN_POINT('',(71.937083592,29.993004966,-8.318409461));
#1971=CARTESIAN_POINT('',(71.889989193,29.972661935,-8.254916153));
#1972=CARTESIAN_POINT('',(71.845044173,29.951104565,-8.187555099));
#1973=CARTESIAN_POINT('',(71.755154133,29.907989825,-8.052832991));
#1974=CARTESIAN_POINT('',(71.673818468,29.860017728,-7.902517565));
#1975=CARTESIAN_POINT('',(71.607043552,29.807188275,-7.737431523));
#1976=CARTESIAN_POINT('',(71.604956836,29.805537354,-7.732272584));
#1977=CARTESIAN_POINT('',(71.603642911,29.804487191,-7.728991204));
#1978=CARTESIAN_POINT('',(71.601950131,29.80312642,-7.724739421));
#1979=CARTESIAN_POINT('',(71.600257351,29.801765649,-7.720487638));
#1980=CARTESIAN_POINT('',(71.598569697,29.800398058,-7.716214758));
#1981=CARTESIAN_POINT('',(71.596887466,29.799023648,-7.711920738));
#1982=CARTESIAN_POINT('',(71.593523005,29.796274827,-7.703332699));
#1983=CARTESIAN_POINT('',(71.590180235,29.793498727,-7.694660099));
#1984=CARTESIAN_POINT('',(71.586861575,29.790695349,-7.685902625));
#1985=CARTESIAN_POINT('',(71.580224255,29.785088592,-7.668387678));
#1986=CARTESIAN_POINT('',(71.573683331,29.77937272,-7.650533195));
#1987=CARTESIAN_POINT('',(71.56725871,29.773547734,-7.632337158));
#1988=CARTESIAN_POINT('',(71.554409469,29.761897761,-7.595945086));
#1989=CARTESIAN_POINT('',(71.542024725,29.749811328,-7.55818601));
#1990=CARTESIAN_POINT('',(71.530272522,29.737288437,-7.51905255));
#1991=CARTESIAN_POINT('',(71.506768116,29.712242654,-7.440785629));
#1992=CARTESIAN_POINT('',(71.48578358,29.685451033,-7.357004503));
#1993=CARTESIAN_POINT('',(71.468795088,29.656913575,-7.26782345));
#1994=CARTESIAN_POINT('',(71.468264197,29.65602178,-7.265036542));
#1995=CARTESIAN_POINT('',(71.468182552,29.655881843,-7.264599383));
#1996=CARTESIAN_POINT('',(71.46787514,29.655359744,-7.262968089));
#1997=CARTESIAN_POINT('',(71.467567728,29.654837645,-7.261336795));
#1998=CARTESIAN_POINT('',(71.467259578,29.654311391,-7.259692657));
#1999=CARTESIAN_POINT('',(71.466950766,29.653780983,-7.258035664));
#2000=CARTESIAN_POINT('',(71.466333142,29.652720166,-7.254721678));
#2001=CARTESIAN_POINT('',(71.46571287,29.651642728,-7.251356273));
#2002=CARTESIAN_POINT('',(71.465090572,29.650548672,-7.247939364));
#2003=CARTESIAN_POINT('',(71.463845976,29.648360558,-7.241105544));
#2004=CARTESIAN_POINT('',(71.46259326,29.646105965,-7.234065703));
#2005=CARTESIAN_POINT('',(71.461337643,29.643784893,-7.226819181));
#2006=CARTESIAN_POINT('',(71.45882641,29.639142748,-7.212326135));
#2007=CARTESIAN_POINT('',(71.456303264,29.634234688,-7.197006303));
#2008=CARTESIAN_POINT('',(71.453813679,29.62906071,-7.180854972));
#2009=CARTESIAN_POINT('',(71.44883451,29.618712754,-7.148552309));
#2010=CARTESIAN_POINT('',(71.443984612,29.607301132,-7.112921914));
#2011=CARTESIAN_POINT('',(71.439687402,29.594825843,-7.073941585));
#2012=CARTESIAN_POINT('',(71.431092983,29.569875265,-6.995980928));
#2013=CARTESIAN_POINT('',(71.424633278,29.540670019,-6.904562229));
#2014=CARTESIAN_POINT('',(71.424633278,29.507210106,-6.8));
#2015=B_SPLINE_CURVE_WITH_KNOTS('',3,(#1936,#1937,#1938,#1939,#1940,#1941,#1942,#1943,#1944,#1945,#1946,#1947,#1948,#1949,#1950,#1951,#1952,#1953,#1954,#1955,#1956,#1957,#1958,#1959,#1960,#1961,
#1962,#1963,#1964,#1965,#1966,#1967,#1968,#1969,#1970,#1971,#1972,#1973,#1974,#1975,#1976,#1977,#1978,#1979,#1980,#1981,#1982,#1983,#1984,#1985,#1986,
#1987,#1988,#1989,#1990,#1991,#1992,#1993,#1994,#1995,#1996,#1997,#1998,#1999,#2000,#2001,#2002,#2003,#2004,#2005,#2006,#2007,#2008,#2009,#2010,#2011,
#2012,#2013,#2014),.UNSPECIFIED.,.F.,.F.,(4,3,3,3,3,3,3,3,3,3,3,3,3,3,3,3,3,3,3,3,3,3,3,3,3,3,
4),(0.,0.25,0.265625,0.28125,0.3125,0.375,0.5,0.50390625,0.5078125,0.515625,0.53125,0.5625,0.625,0.75,0.75390625,0.7578125,0.765625,0.78125,0.8125,0.875,0.876953125,0.87890625,0.8828125,0.890625,0.90625,0.9375,
1.),.UNSPECIFIED.);
#2016=EDGE_CURVE('',#942,#425,#2015,.T.);
#2017=ORIENTED_EDGE('',*,*,#2016,.F.);
#2018=ORIENTED_EDGE('',*,*,#947,.F.);
#2019=ORIENTED_EDGE('',*,*,#1925,.T.);
#2020=ORIENTED_EDGE('',*,*,#438,.F.);
#2021=EDGE_LOOP('',(#2017,#2018,#2019,#2020));
#2022=FACE_BOUND('',#2021,.T.);
#2023=ADVANCED_FACE('',(#2022),#1935,.T.);
#2024=CARTESIAN_POINT('',(73.924633278,30.307210106,-9.3));
#2025=CARTESIAN_POINT('',(73.924633278,30.419401195,-9.3));
#2026=CARTESIAN_POINT('',(73.924633278,30.531913021,-9.290844458));
#2027=CARTESIAN_POINT('',(73.924633278,30.753404812,-9.252741792));
#2028=CARTESIAN_POINT('',(73.924633278,30.862384779,-9.223794669));
#2029=CARTESIAN_POINT('',(73.924633278,31.177766895,-9.105045186));
#2030=CARTESIAN_POINT('',(73.924633278,31.372066039,-8.982590649));
#2031=CARTESIAN_POINT('',(73.924633278,31.689791862,-8.664867882));
#2032=CARTESIAN_POINT('',(73.924633278,31.812264896,-8.470538876));
#2033=CARTESIAN_POINT('',(73.924633278,31.931010623,-8.155155345));
#2034=CARTESIAN_POINT('',(73.924633278,31.959955971,-8.046186569));
#2035=CARTESIAN_POINT('',(73.924633278,31.998055712,-7.824710918));
#2036=CARTESIAN_POINT('',(73.924633278,32.007210106,-7.712204043));
#2037=CARTESIAN_POINT('',(73.924633278,32.007210106,-7.6));
#2038=CARTESIAN_POINT('',(73.851018433,30.307210121,-9.3));
#2039=CARTESIAN_POINT('',(73.847631353,30.418938633,-9.3));
#2040=CARTESIAN_POINT('',(73.851018433,30.531913033,-9.290844456));
#2041=CARTESIAN_POINT('',(73.851018433,30.753404822,-9.25274179));
#2042=CARTESIAN_POINT('',(73.851018433,30.862384787,-9.223794667));
#2043=CARTESIAN_POINT('',(73.851018433,31.177766899,-9.105045184));
#2044=CARTESIAN_POINT('',(73.851018433,31.372066041,-8.982590648));
#2045=CARTESIAN_POINT('',(73.851018433,31.689791861,-8.664867884));
#2046=CARTESIAN_POINT('',(73.851018433,31.812264894,-8.47053888));
#2047=CARTESIAN_POINT('',(73.851018433,31.93101062,-8.155155354));
#2048=CARTESIAN_POINT('',(73.851018433,31.959955968,-8.046186579));
#2049=CARTESIAN_POINT('',(73.851018433,31.998055711,-7.824710931));
#2050=CARTESIAN_POINT('',(73.847631017,32.007210106,-7.711741317));
#2051=CARTESIAN_POINT('',(73.851018433,32.007210106,-7.600000015));
#2052=CARTESIAN_POINT('',(73.775112753,30.306138328,-9.296650639));
#2053=CARTESIAN_POINT('',(73.768274696,30.417488861,-9.296344905));
#2054=CARTESIAN_POINT('',(73.771754797,30.530452254,-9.286870039));
#2055=CARTESIAN_POINT('',(73.768937016,30.751345921,-9.248201843));
#2056=CARTESIAN_POINT('',(73.767719755,30.859970059,-9.219008512));
#2057=CARTESIAN_POINT('',(73.764747001,31.174230913,-9.099780511));
#2058=CARTESIAN_POINT('',(73.76368334,31.367733446,-8.977379414));
#2059=CARTESIAN_POINT('',(73.76368329,31.684580307,-8.660535813));
#2060=CARTESIAN_POINT('',(73.764747092,31.806999784,-8.467004157));
#2061=CARTESIAN_POINT('',(73.767719914,31.926224347,-8.152741822));
#2062=CARTESIAN_POINT('',(73.768937045,31.955415943,-8.044128558));
#2063=CARTESIAN_POINT('',(73.77175465,31.994081259,-7.823250421));
#2064=CARTESIAN_POINT('',(73.768274001,32.003554979,-7.71029144));
#2065=CARTESIAN_POINT('',(73.775112753,32.003860745,-7.598928222));
#2066=CARTESIAN_POINT('',(73.620964643,30.301648788,-9.282620843));
#2067=CARTESIAN_POINT('',(73.607534709,30.410429829,-9.281082008));
#2068=CARTESIAN_POINT('',(73.607440174,30.521291041,-9.27020997));
#2069=CARTESIAN_POINT('',(73.59609495,30.737974605,-9.228852833));
#2070=CARTESIAN_POINT('',(73.591195037,30.844664288,-9.198367733));
#2071=CARTESIAN_POINT('',(73.579229958,31.153784211,-9.076072834));
#2072=CARTESIAN_POINT('',(73.574950651,31.344810523,-8.952781948));
#2073=CARTESIAN_POINT('',(73.574950515,31.659983646,-8.637611925));
#2074=CARTESIAN_POINT('',(73.579230449,31.783291992,-8.446558508));
#2075=CARTESIAN_POINT('',(73.591195825,31.905583729,-8.137437292));
#2076=CARTESIAN_POINT('',(73.596095212,31.936067017,-8.030757783));
#2077=CARTESIAN_POINT('',(73.607439688,31.977421132,-7.814088722));
#2078=CARTESIAN_POINT('',(73.607533374,31.988291961,-7.703231534));
#2079=CARTESIAN_POINT('',(73.620964643,31.989830949,-7.594438682));
#2080=CARTESIAN_POINT('',(73.542722214,30.298231042,-9.271940409));
#2081=CARTESIAN_POINT('',(73.526138717,30.405415253,-9.269478378));
#2082=CARTESIAN_POINT('',(73.522365445,30.514631825,-9.25760598));
#2083=CARTESIAN_POINT('',(73.505291563,30.728355538,-9.214371663));
#2084=CARTESIAN_POINT('',(73.497918345,30.833672188,-9.183009743));
#2085=CARTESIAN_POINT('',(73.479914693,31.139110862,-9.058686506));
#2086=CARTESIAN_POINT('',(73.473477064,31.328312018,-8.934897508));
#2087=CARTESIAN_POINT('',(73.473476881,31.642099851,-8.621112604));
#2088=CARTESIAN_POINT('',(73.479915473,31.765905654,-8.431885667));
#2089=CARTESIAN_POINT('',(73.497919578,31.890225866,-8.126445851));
#2090=CARTESIAN_POINT('',(73.505292007,31.921585908,-8.021138924));
#2091=CARTESIAN_POINT('',(73.522364753,31.964817095,-7.807429086));
#2092=CARTESIAN_POINT('',(73.526137092,31.976688241,-7.698216381));
#2093=CARTESIAN_POINT('',(73.542722214,31.979150515,-7.591020936));
#2094=CARTESIAN_POINT('',(73.386145533,30.288847258,-9.242616116));
#2095=CARTESIAN_POINT('',(73.363727521,30.39315787,-9.237773838));
#2096=CARTESIAN_POINT('',(73.351422617,30.498971483,-9.223610496));
#2097=CARTESIAN_POINT('',(73.322330181,30.70648604,-9.176417115));
#2098=CARTESIAN_POINT('',(73.3097765,30.808765205,-9.143387076));
#2099=CARTESIAN_POINT('',(73.279134459,31.105694336,-9.015660051));
#2100=CARTESIAN_POINT('',(73.268193104,31.290116762,-8.891838526));
#2101=CARTESIAN_POINT('',(73.268192824,31.599041922,-8.582915958));
#2102=CARTESIAN_POINT('',(73.279135808,31.722878962,-8.398470379));
#2103=CARTESIAN_POINT('',(73.309778613,31.850603294,-8.101540347));
#2104=CARTESIAN_POINT('',(73.322330976,31.883631351,-7.999269979));
#2105=CARTESIAN_POINT('',(73.351421502,31.930821445,-7.791767981));
#2106=CARTESIAN_POINT('',(73.363725395,31.944983484,-7.685957927));
#2107=CARTESIAN_POINT('',(73.386145533,31.949826222,-7.581637151));
#2108=CARTESIAN_POINT('',(73.307850541,30.282873819,-9.223949115));
#2109=CARTESIAN_POINT('',(73.282760045,30.385839765,-9.217655219));
#2110=CARTESIAN_POINT('',(73.265609656,30.489844569,-9.202197123));
#2111=CARTESIAN_POINT('',(73.230240027,30.694036905,-9.152901066));
#2112=CARTESIAN_POINT('',(73.214984483,30.794629191,-9.119063105));
#2113=CARTESIAN_POINT('',(73.177755331,31.086694718,-8.989902216));
#2114=CARTESIAN_POINT('',(73.164472807,31.268182654,-8.866495939));
#2115=CARTESIAN_POINT('',(73.164472478,31.573699826,-8.560981159));
#2116=CARTESIAN_POINT('',(73.177756964,31.69712096,-8.379471368));
#2117=CARTESIAN_POINT('',(73.214987035,31.826279322,-8.087405051));
#2118=CARTESIAN_POINT('',(73.230240997,31.860115252,-7.986821096));
#2119=CARTESIAN_POINT('',(73.26560833,31.90940796,-7.782640666));
#2120=CARTESIAN_POINT('',(73.282757711,31.924864738,-7.678639294));
#2121=CARTESIAN_POINT('',(73.307850541,31.931159221,-7.575663713));
#2122=CARTESIAN_POINT('',(73.153690377,30.268621726,-9.17941131));
#2123=CARTESIAN_POINT('',(73.123926654,30.368938435,-9.169857572));
#2124=CARTESIAN_POINT('',(73.098529665,30.469394231,-9.1517386));
#2125=CARTESIAN_POINT('',(73.052429931,30.666825357,-9.098451027));
#2126=CARTESIAN_POINT('',(73.032573955,30.763916332,-9.063282426));
#2127=CARTESIAN_POINT('',(72.984149795,31.045718332,-8.932323437));
#2128=CARTESIAN_POINT('',(72.966917379,31.220752275,-8.810720447));
#2129=CARTESIAN_POINT('',(72.966916924,31.517924774,-8.51354996));
#2130=CARTESIAN_POINT('',(72.984151746,31.639541614,-8.338496046));
#2131=CARTESIAN_POINT('',(73.03257704,31.770498374,-8.056693341));
#2132=CARTESIAN_POINT('',(73.052431041,31.805664898,-7.959609977));
#2133=CARTESIAN_POINT('',(73.098527935,31.858949119,-7.762189741));
#2134=CARTESIAN_POINT('',(73.123923974,31.877066817,-7.661737185));
#2135=CARTESIAN_POINT('',(73.153690377,31.886621416,-7.56141162));
#2136=CARTESIAN_POINT('',(73.077825205,30.260343071,-9.153540506));
#2137=CARTESIAN_POINT('',(73.046040533,30.359484395,-9.142166394));
#2138=CARTESIAN_POINT('',(73.017224748,30.458295361,-9.122688353));
#2139=CARTESIAN_POINT('',(72.966641785,30.652423853,-9.067551191));
#2140=CARTESIAN_POINT('',(72.944874605,30.74774138,-9.031892069));
#2141=CARTESIAN_POINT('',(72.891812213,31.024204718,-8.900683254));
#2142=CARTESIAN_POINT('',(72.872960953,31.195677736,-8.780568335));
#2143=CARTESIAN_POINT('',(72.872960393,31.487772196,-8.488475828));
#2144=CARTESIAN_POINT('',(72.891814146,31.607900717,-8.316983447));
#2145=CARTESIAN_POINT('',(72.944877719,31.739107577,-8.040519283));
#2146=CARTESIAN_POINT('',(72.966642797,31.774764672,-7.945209058));
#2147=CARTESIAN_POINT('',(73.017222782,31.82989862,-7.751090933));
#2148=CARTESIAN_POINT('',(73.04603769,31.849375474,-7.652283034));
#2149=CARTESIAN_POINT('',(73.077825205,31.860750612,-7.553132965));
#2150=CARTESIAN_POINT('',(72.923786584,30.240828669,-9.09255802));
#2151=CARTESIAN_POINT('',(72.888844159,30.336039854,-9.077397229));
#2152=CARTESIAN_POINT('',(72.85726532,30.430781906,-9.055235801));
#2153=CARTESIAN_POINT('',(72.801945654,30.616805571,-8.996627967));
#2154=CARTESIAN_POINT('',(72.778204828,30.708087184,-8.96018156));
#2155=CARTESIAN_POINT('',(72.720405639,30.972958096,-8.828989316));
#2156=CARTESIAN_POINT('',(72.699975367,31.137389919,-8.71205668));
#2157=CARTESIAN_POINT('',(72.699974625,31.419260538,-8.430187344));
#2158=CARTESIAN_POINT('',(72.720407209,31.536206414,-8.265735852));
#2159=CARTESIAN_POINT('',(72.778207511,31.667396495,-8.000864071));
#2160=CARTESIAN_POINT('',(72.801946247,31.703840861,-7.909589816));
#2161=CARTESIAN_POINT('',(72.857263059,31.762445628,-7.723576832));
#2162=CARTESIAN_POINT('',(72.888841135,31.784606029,-7.628838103));
#2163=CARTESIAN_POINT('',(72.923786584,31.799768126,-7.533618563));
#2164=CARTESIAN_POINT('',(72.845640249,30.229388273,-9.056806782));
#2165=CARTESIAN_POINT('',(72.809595447,30.321913067,-9.039618863));
#2166=CARTESIAN_POINT('',(72.777102651,30.413956213,-9.015885595));
#2167=CARTESIAN_POINT('',(72.720274621,30.594726022,-8.955038922));
#2168=CARTESIAN_POINT('',(72.695939388,30.683452685,-8.917925517));
#2169=CARTESIAN_POINT('',(72.636750359,30.941128166,-8.786080932));
#2170=CARTESIAN_POINT('',(72.615905239,31.101400395,-8.67053247));
#2171=CARTESIAN_POINT('',(72.615904385,31.377735823,-8.394198224));
#2172=CARTESIAN_POINT('',(72.636751419,31.493296667,-8.233907657));
#2173=CARTESIAN_POINT('',(72.695941361,31.62513937,-7.976231277));
#2174=CARTESIAN_POINT('',(72.720274633,31.662250944,-7.887511443));
#2175=CARTESIAN_POINT('',(72.777100132,31.723095005,-7.706751363));
#2176=CARTESIAN_POINT('',(72.809592359,31.746827492,-7.614711117));
#2177=CARTESIAN_POINT('',(72.845640249,31.764016888,-7.522178167));
#2178=CARTESIAN_POINT('',(72.694322445,30.204174334,-8.978013214));
#2179=CARTESIAN_POINT('',(72.657208397,30.290132766,-8.957105384));
#2180=CARTESIAN_POINT('',(72.623931915,30.375796413,-8.930311866));
#2181=CARTESIAN_POINT('',(72.565935729,30.544455247,-8.864879471));
#2182=CARTESIAN_POINT('',(72.541216026,30.627450436,-8.826240593));
#2183=CARTESIAN_POINT('',(72.481214559,30.869314984,-8.692444943));
#2184=CARTESIAN_POINT('',(72.46024404,31.020925663,-8.579158823));
#2185=CARTESIAN_POINT('',(72.460243116,31.286362689,-8.313722546));
#2186=CARTESIAN_POINT('',(72.481214625,31.39965838,-8.162097638));
#2187=CARTESIAN_POINT('',(72.541216507,31.53345245,-7.920232599));
#2188=CARTESIAN_POINT('',(72.565934619,31.572089908,-7.837242878));
#2189=CARTESIAN_POINT('',(72.623929058,31.637520578,-7.668591484));
#2190=CARTESIAN_POINT('',(72.657205385,31.66431379,-7.582929811));
#2191=CARTESIAN_POINT('',(72.694322445,31.68522332,-7.496964228));
#2192=CARTESIAN_POINT('',(72.621150977,30.19040079,-8.934970884));
#2193=CARTESIAN_POINT('',(72.584019021,30.272738073,-8.912334002));
#2194=CARTESIAN_POINT('',(72.550828146,30.354910704,-8.884057243));
#2195=CARTESIAN_POINT('',(72.493095597,30.516980761,-8.816343504));
#2196=CARTESIAN_POINT('',(72.468553924,30.596878185,-8.776906523));
#2197=CARTESIAN_POINT('',(72.409053269,30.830238795,-8.642034542));
#2198=CARTESIAN_POINT('',(72.388346656,30.977255594,-8.529829893));
#2199=CARTESIAN_POINT('',(72.388345743,31.237034299,-8.270051749));
#2200=CARTESIAN_POINT('',(72.409052788,31.349246682,-8.123023521));
#2201=CARTESIAN_POINT('',(72.468553547,31.484117265,-7.889662749));
#2202=CARTESIAN_POINT('',(72.493093872,31.523553083,-7.809769896));
#2203=CARTESIAN_POINT('',(72.550825157,31.591265616,-7.647705757));
#2204=CARTESIAN_POINT('',(72.584016118,31.619542332,-7.565534472));
#2205=CARTESIAN_POINT('',(72.621150977,31.64218099,-7.483190684));
#2206=CARTESIAN_POINT('',(72.479830604,30.160644041,-8.84198105));
#2207=CARTESIAN_POINT('',(72.443366726,30.236347734,-8.816192402));
#2208=CARTESIAN_POINT('',(72.410962979,30.311959801,-8.785328384));
#2209=CARTESIAN_POINT('',(72.354813569,30.461385768,-8.713891126));
#2210=CARTESIAN_POINT('',(72.331067906,30.535199668,-8.673317886));
#2211=CARTESIAN_POINT('',(72.273624774,30.751521746,-8.537696612));
#2212=CARTESIAN_POINT('',(72.253797963,30.88884147,-8.42862186));
#2213=CARTESIAN_POINT('',(72.253797134,31.135827348,-8.18163632));
#2214=CARTESIAN_POINT('',(72.27362332,31.244906243,-8.044310838));
#2215=CARTESIAN_POINT('',(72.331065958,31.380526529,-7.827989261));
#2216=CARTESIAN_POINT('',(72.354810754,31.421099121,-7.75417813));
#2217=CARTESIAN_POINT('',(72.410959825,31.49253618,-7.604754964));
#2218=CARTESIAN_POINT('',(72.4433641,31.523400646,-7.52914293));
#2219=CARTESIAN_POINT('',(72.479830604,31.549191156,-7.453433934));
#2220=CARTESIAN_POINT('',(72.41164851,30.144659007,-8.792027819));
#2221=CARTESIAN_POINT('',(72.375872276,30.217326011,-8.764850112));
#2222=CARTESIAN_POINT('',(72.344171502,30.289854488,-8.732904339));
#2223=CARTESIAN_POINT('',(72.289344082,30.433212082,-8.660052063));
#2224=CARTESIAN_POINT('',(72.266217437,30.504041199,-8.619145558));
#2225=CARTESIAN_POINT('',(72.210333505,30.711846049,-8.483848039));
#2226=CARTESIAN_POINT('',(72.191123424,30.844093397,-8.376795577));
#2227=CARTESIAN_POINT('',(72.19112267,31.084001701,-8.136887549));
#2228=CARTESIAN_POINT('',(72.210331633,31.191056531,-8.00463731));
#2229=CARTESIAN_POINT('',(72.266214784,31.32635326,-7.796833321));
#2230=CARTESIAN_POINT('',(72.289340801,31.367259365,-7.726006076));
#2231=CARTESIAN_POINT('',(72.344168321,31.44011191,-7.582649726));
#2232=CARTESIAN_POINT('',(72.375869823,31.472058349,-7.51012062));
#2233=CARTESIAN_POINT('',(72.41164851,31.499237925,-7.437448901));
#2234=CARTESIAN_POINT('',(72.313204923,30.119007081,-8.71186555));
#2235=CARTESIAN_POINT('',(72.278825864,30.18765546,-8.682893001));
#2236=CARTESIAN_POINT('',(72.24846157,30.255979491,-8.649735483));
#2237=CARTESIAN_POINT('',(72.196056774,30.390865843,-8.575683908));
#2238=CARTESIAN_POINT('',(72.174016273,30.457428165,-8.53478985));
#2239=CARTESIAN_POINT('',(72.120821852,30.652803043,-8.401452958));
#2240=CARTESIAN_POINT('',(72.102617416,30.777283437,-8.298318898));
#2241=CARTESIAN_POINT('',(72.102616796,31.005525654,-8.070076951));
#2242=CARTESIAN_POINT('',(72.120819606,31.108660125,-7.945596913));
#2243=CARTESIAN_POINT('',(72.174012942,31.24199649,-7.750223284));
#2244=CARTESIAN_POINT('',(72.196053082,31.282890439,-7.683661812));
#2245=CARTESIAN_POINT('',(72.248458438,31.356942816,-7.548774899));
#2246=CARTESIAN_POINT('',(72.278823655,31.390101244,-7.480449458));
#2247=CARTESIAN_POINT('',(72.313204923,31.419075656,-7.411796975));
#2248=CARTESIAN_POINT('',(72.281028653,30.110177377,-8.684272723));
#2249=CARTESIAN_POINT('',(72.247174589,30.177588084,-8.654747671));
#2250=CARTESIAN_POINT('',(72.21730132,30.244589848,-8.62125452));
#2251=CARTESIAN_POINT('',(72.165774816,30.376770357,-8.546959555));
#2252=CARTESIAN_POINT('',(72.144121581,30.441949102,-8.506157741));
#2253=CARTESIAN_POINT('',(72.09187959,30.633243111,-8.373730608));
#2254=CARTESIAN_POINT('',(72.074022952,30.755103244,-8.272060128));
#2255=CARTESIAN_POINT('',(72.074022378,30.979266993,-8.047896675));
#2256=CARTESIAN_POINT('',(72.091877258,31.08093736,-7.926037807));
#2257=CARTESIAN_POINT('',(72.144118082,31.213364065,-7.734745139));
#2258=CARTESIAN_POINT('',(72.165771028,31.254165858,-7.669566951));
#2259=CARTESIAN_POINT('',(72.217298215,31.328461783,-7.537385351));
#2260=CARTESIAN_POINT('',(72.247172456,31.361955916,-7.47038194));
#2261=CARTESIAN_POINT('',(72.281028653,31.391482829,-7.402967271));
#2262=CARTESIAN_POINT('',(72.217971365,30.091957445,-8.627335436));
#2263=CARTESIAN_POINT('',(72.185276368,30.157025546,-8.596806273));
#2264=CARTESIAN_POINT('',(72.156461602,30.221495393,-8.562788567));
#2265=CARTESIAN_POINT('',(72.106800826,30.348446188,-8.488333696));
#2266=CARTESIAN_POINT('',(72.085954817,30.410927135,-8.447896531));
#2267=CARTESIAN_POINT('',(72.035682365,30.594198038,-8.31779228));
#2268=CARTESIAN_POINT('',(72.018524702,30.710813186,-8.219327225));
#2269=CARTESIAN_POINT('',(72.01852422,30.926534084,-8.003606702));
#2270=CARTESIAN_POINT('',(72.035679968,31.024998331,-7.886994098));
#2271=CARTESIAN_POINT('',(72.085951149,31.155102344,-7.70372463));
#2272=CARTESIAN_POINT('',(72.106796971,31.195539629,-7.641243808));
#2273=CARTESIAN_POINT('',(72.156458581,31.269995713,-7.51429112));
#2274=CARTESIAN_POINT('',(72.18527437,31.304014512,-7.449819253));
#2275=CARTESIAN_POINT('',(72.217971365,31.334545542,-7.384747339));
#2276=CARTESIAN_POINT('',(72.187090348,30.082567218,-8.597990976));
#2277=CARTESIAN_POINT('',(72.155033488,30.146504996,-8.567013173));
#2278=CARTESIAN_POINT('',(72.126789757,30.209746524,-8.532805598));
#2279=CARTESIAN_POINT('',(72.078122518,30.334146888,-8.458427138));
#2280=CARTESIAN_POINT('',(72.05769901,30.395305723,-8.418256252));
#2281=CARTESIAN_POINT('',(72.008449769,30.574622893,-8.289542977));
#2282=CARTESIAN_POINT('',(71.991645317,30.688621894,-8.192799971));
#2283=CARTESIAN_POINT('',(71.991644885,30.900006768,-7.981415511));
#2284=CARTESIAN_POINT('',(72.008447399,30.99674878,-7.867419422));
#2285=CARTESIAN_POINT('',(72.05769535,31.125461891,-7.688103699));
#2286=CARTESIAN_POINT('',(72.078118697,31.165632944,-7.626944859));
#2287=CARTESIAN_POINT('',(72.126786797,31.240012701,-7.50254235));
#2288=CARTESIAN_POINT('',(72.155031551,31.274221406,-7.43929868));
#2289=CARTESIAN_POINT('',(72.187090348,31.305201082,-7.375357112));
#2290=CARTESIAN_POINT('',(72.126068243,30.063040145,-8.536968871));
#2291=CARTESIAN_POINT('',(72.095451867,30.124452183,-8.505252942));
#2292=CARTESIAN_POINT('',(72.068468576,30.185058782,-8.470824402));
#2293=CARTESIAN_POINT('',(72.021962118,30.304127497,-8.396881751));
#2294=CARTESIAN_POINT('',(72.00243895,30.362589613,-8.357367641));
#2295=CARTESIAN_POINT('',(71.955350562,30.533958828,-8.23170643));
#2296=CARTESIAN_POINT('',(71.939266454,30.642848794,-8.138440452));
#2297=CARTESIAN_POINT('',(71.939266157,30.84564753,-7.935642033));
#2298=CARTESIAN_POINT('',(71.955348464,30.938912438,-7.826754957));
#2299=CARTESIAN_POINT('',(72.002435613,31.064573384,-7.655387252));
#2300=CARTESIAN_POINT('',(72.021958611,31.10408763,-7.596925169));
#2301=CARTESIAN_POINT('',(72.068465837,31.178031529,-7.477854425));
#2302=CARTESIAN_POINT('',(72.095450066,31.212461181,-7.417245763));
#2303=CARTESIAN_POINT('',(72.126068243,31.244178977,-7.355830039));
#2304=CARTESIAN_POINT('',(72.096272061,30.052996348,-8.505582007));
#2305=CARTESIAN_POINT('',(72.066433469,30.11313983,-8.473575547));
#2306=CARTESIAN_POINT('',(72.040134432,30.172424018,-8.43910193));
#2307=CARTESIAN_POINT('',(71.99480573,30.288816217,-8.365487301));
#2308=CARTESIAN_POINT('',(71.975776065,30.345924229,-8.326346289));
#2309=CARTESIAN_POINT('',(71.929876517,30.513297619,-8.202322546));
#2310=CARTESIAN_POINT('',(71.914196083,30.619612353,-8.110839106));
#2311=CARTESIAN_POINT('',(71.91419583,30.818046077,-7.912405711));
#2312=CARTESIAN_POINT('',(71.929874525,30.909528476,-7.806093829));
#2313=CARTESIAN_POINT('',(71.975772864,31.033551996,-7.638721897));
#2314=CARTESIAN_POINT('',(71.994802359,31.072693156,-7.581613902));
#2315=CARTESIAN_POINT('',(72.040131793,31.146309052,-7.465219654));
#2316=CARTESIAN_POINT('',(72.06643173,31.180783788,-7.405933401));
#2317=CARTESIAN_POINT('',(72.096272061,31.212792113,-7.345786242));
#2318=CARTESIAN_POINT('',(72.038637327,30.032539755,-8.441655154));
#2319=CARTESIAN_POINT('',(72.010466046,30.089929715,-8.409272274));
#2320=CARTESIAN_POINT('',(71.985638821,30.146418312,-8.374844031));
#2321=CARTESIAN_POINT('',(71.942849831,30.25725533,-8.302055122));
#2322=CARTESIAN_POINT('',(71.924888067,30.311603752,-8.263694455));
#2323=CARTESIAN_POINT('',(71.881566986,30.470932578,-8.142951269));
#2324=CARTESIAN_POINT('',(71.866771883,30.572196545,-8.054907565));
#2325=CARTESIAN_POINT('',(71.866771697,30.762114379,-7.864990066));
#2326=CARTESIAN_POINT('',(71.881565199,30.850157107,-7.763728817));
#2327=CARTESIAN_POINT('',(71.924885148,30.970900146,-7.604401317));
#2328=CARTESIAN_POINT('',(71.942846748,31.009260983,-7.55005288));
#2329=CARTESIAN_POINT('',(71.985636396,31.08205118,-7.439213817));
#2330=CARTESIAN_POINT('',(72.010464444,31.116480538,-7.382723191));
#2331=CARTESIAN_POINT('',(72.038637327,31.14886526,-7.325329649));
#2332=CARTESIAN_POINT('',(72.010798775,30.022126959,-8.409115166));
#2333=CARTESIAN_POINT('',(71.983522058,30.077999943,-8.376652978));
#2334=CARTESIAN_POINT('',(71.959486798,30.132992178,-8.342316121));
#2335=CARTESIAN_POINT('',(71.918067322,30.240918198,-8.270019099));
#2336=CARTESIAN_POINT('',(71.900683105,30.293851983,-8.232058934));
#2337=CARTESIAN_POINT('',(71.858759208,30.449120241,-8.112932519));
#2338=CARTESIAN_POINT('',(71.844448282,30.547921615,-8.026520348));
#2339=CARTESIAN_POINT('',(71.844448124,30.733727168,-7.84071511));
#2340=CARTESIAN_POINT('',(71.858757526,30.820138384,-7.741916356));
#2341=CARTESIAN_POINT('',(71.900680339,30.939264671,-7.586649358));
#2342=CARTESIAN_POINT('',(71.918064395,30.97722501,-7.533715548));
#2343=CARTESIAN_POINT('',(71.959484492,31.049523309,-7.425787528));
#2344=CARTESIAN_POINT('',(71.983520534,31.083861268,-7.370793318));
#2345=CARTESIAN_POINT('',(72.010798775,31.116325272,-7.314916853));
#2346=CARTESIAN_POINT('',(71.930150311,29.990346801,-8.309802174));
#2347=CARTESIAN_POINT('',(71.905677636,30.041390431,-8.277412215));
#2348=CARTESIAN_POINT('',(71.88412911,30.091703755,-8.243562158));
#2349=CARTESIAN_POINT('',(71.847015287,30.190649597,-8.173020738));
#2350=CARTESIAN_POINT('',(71.831449991,30.239282117,-8.136329376));
#2351=CARTESIAN_POINT('',(71.793931347,30.382328183,-8.022111672));
#2352=CARTESIAN_POINT('',(71.781155244,30.473890238,-7.940441713));
#2353=CARTESIAN_POINT('',(71.781155159,30.647648848,-7.766683294));
#2354=CARTESIAN_POINT('',(71.793929988,30.729317881,-7.675123509));
#2355=CARTESIAN_POINT('',(71.831447708,30.843535429,-7.532078534));
#2356=CARTESIAN_POINT('',(71.847012861,30.880226945,-7.483445993));
#2357=CARTESIAN_POINT('',(71.884127188,30.950769545,-7.384498406));
#2358=CARTESIAN_POINT('',(71.905676362,30.984620629,-7.334183361));
#2359=CARTESIAN_POINT('',(71.930150311,31.01701228,-7.283136695));
#2360=CARTESIAN_POINT('',(71.880207591,29.968437671,-8.241336144));
#2361=CARTESIAN_POINT('',(71.857741644,30.01602331,-8.209386729));
#2362=CARTESIAN_POINT('',(71.837978507,30.063061226,-8.176145476));
#2363=CARTESIAN_POINT('',(71.803963282,30.155827377,-8.107178564));
#2364=CARTESIAN_POINT('',(71.789711195,30.201555612,-8.071452905));
#2365=CARTESIAN_POINT('',(71.755379659,30.336454441,-7.96069823));
#2366=CARTESIAN_POINT('',(71.743724934,30.423339159,-7.882091512));
#2367=CARTESIAN_POINT('',(71.743724871,30.589299037,-7.716131716));
#2368=CARTESIAN_POINT('',(71.755378502,30.667904845,-7.629248965));
#2369=CARTESIAN_POINT('',(71.78970924,30.778659315,-7.494351105));
#2370=CARTESIAN_POINT('',(71.803961202,30.814385098,-7.448622863));
#2371=CARTESIAN_POINT('',(71.837976856,30.883353075,-7.355855224));
#2372=CARTESIAN_POINT('',(71.857740549,30.91659527,-7.308815827));
#2373=CARTESIAN_POINT('',(71.880207591,30.94854625,-7.261227565));
#2374=CARTESIAN_POINT('',(71.787598644,29.923237263,-8.100084864));
#2375=CARTESIAN_POINT('',(71.76909429,29.964390605,-8.069543886));
#2376=CARTESIAN_POINT('',(71.752856546,30.005260502,-8.03802211));
#2377=CARTESIAN_POINT('',(71.724960711,30.08624993,-7.973138134));
#2378=CARTESIAN_POINT('',(71.71330262,30.12636946,-7.939775934));
#2379=CARTESIAN_POINT('',(71.685267476,30.245327283,-7.837110459));
#2380=CARTESIAN_POINT('',(71.67582955,30.322764807,-7.765228309));
#2381=CARTESIAN_POINT('',(71.6758295,30.472436648,-7.615556393));
#2382=CARTESIAN_POINT('',(71.685266656,30.544317953,-7.538120264));
#2383=CARTESIAN_POINT('',(71.713301243,30.646983132,-7.419163178));
#2384=CARTESIAN_POINT('',(71.724959248,30.680345396,-7.379043667));
#2385=CARTESIAN_POINT('',(71.752855386,30.745230187,-7.298053241));
#2386=CARTESIAN_POINT('',(71.769093521,30.776752714,-7.257182327));
#2387=CARTESIAN_POINT('',(71.787598644,30.80729497,-7.216027157));
#2388=CARTESIAN_POINT('',(71.744918247,29.899933985,-8.027262122));
#2389=CARTESIAN_POINT('',(71.728354941,29.938101485,-7.997708402));
#2390=CARTESIAN_POINT('',(71.713845113,29.976072142,-7.967310774));
#2391=CARTESIAN_POINT('',(71.688949346,30.051458394,-7.904953102));
#2392=CARTESIAN_POINT('',(71.678563407,30.088873991,-7.872993058));
#2393=CARTESIAN_POINT('',(71.653616825,30.20004613,-7.774957394));
#2394=CARTESIAN_POINT('',(71.645267415,30.272728023,-7.706726244));
#2395=CARTESIAN_POINT('',(71.645267357,30.413935093,-7.565519034));
#2396=CARTESIAN_POINT('',(71.653616148,30.482165428,-7.492838265));
#2397=CARTESIAN_POINT('',(71.678562288,30.580200729,-7.381666773));
#2398=CARTESIAN_POINT('',(71.68894816,30.612160796,-7.344251219));
#2399=CARTESIAN_POINT('',(71.713844178,30.67451913,-7.268864233));
#2400=CARTESIAN_POINT('',(71.728354322,30.704917396,-7.2308928));
#2401=CARTESIAN_POINT('',(71.744918247,30.734472228,-7.192723879));
#2402=CARTESIAN_POINT('',(71.686445766,29.86390318,-7.914665857));
#2403=CARTESIAN_POINT('',(71.672620656,29.898062611,-7.886874128));
#2404=CARTESIAN_POINT('',(71.660539935,29.932040417,-7.85847442));
#2405=CARTESIAN_POINT('',(71.63985102,29.999537304,-7.800548156));
#2406=CARTESIAN_POINT('',(71.631242826,30.033056384,-7.771021601));
#2407=CARTESIAN_POINT('',(71.610602653,30.132782328,-7.68088533));
#2408=CARTESIAN_POINT('',(71.603755085,30.198157892,-7.618719012));
#2409=CARTESIAN_POINT('',(71.603755022,30.325928428,-7.490948324));
#2410=CARTESIAN_POINT('',(71.610602144,30.388094,-7.425573607));
#2411=CARTESIAN_POINT('',(71.631242005,30.478229854,-7.325848212));
#2412=CARTESIAN_POINT('',(71.639850156,30.507756388,-7.292329194));
#2413=CARTESIAN_POINT('',(71.660539258,30.565683128,-7.22483184));
#2414=CARTESIAN_POINT('',(71.67262021,30.594083334,-7.190853505));
#2415=CARTESIAN_POINT('',(71.686445766,30.621875963,-7.156693074));
#2416=CARTESIAN_POINT('',(71.667879625,29.851713597,-7.876573409));
#2417=CARTESIAN_POINT('',(71.654939274,29.884612133,-7.849416505));
#2418=CARTESIAN_POINT('',(71.643641936,29.917315913,-7.821734788));
#2419=CARTESIAN_POINT('',(71.624307814,29.982265539,-7.76539201));
#2420=CARTESIAN_POINT('',(71.616271031,30.014511384,-7.73673095));
#2421=CARTESIAN_POINT('',(71.597013307,30.110459383,-7.64938418));
#2422=CARTESIAN_POINT('',(71.590644992,30.173372,-7.589334883));
#2423=CARTESIAN_POINT('',(71.590644928,30.296544424,-7.466162326));
#2424=CARTESIAN_POINT('',(71.597012844,30.356593008,-7.403250485));
#2425=CARTESIAN_POINT('',(71.616270293,30.44393936,-7.307303));
#2426=CARTESIAN_POINT('',(71.624307039,30.472600391,-7.275057217));
#2427=CARTESIAN_POINT('',(71.64364133,30.528943597,-7.210107182));
#2428=CARTESIAN_POINT('',(71.654938875,30.556625773,-7.177402928));
#2429=CARTESIAN_POINT('',(71.667879625,30.583783515,-7.14450349));
#2430=CARTESIAN_POINT('',(71.63261538,29.826972254,-7.799256713));
#2431=CARTESIAN_POINT('',(71.621382816,29.857444642,-7.77346029));
#2432=CARTESIAN_POINT('',(71.611592698,29.887673217,-7.747309812));
#2433=CARTESIAN_POINT('',(71.594858978,29.947633439,-7.694323419));
#2434=CARTESIAN_POINT('',(71.587915375,29.977365085,-7.667487504));
#2435=CARTESIAN_POINT('',(71.571296774,30.065800678,-7.585985613));
#2436=CARTESIAN_POINT('',(71.565833982,30.123745279,-7.53032549));
#2437=CARTESIAN_POINT('',(71.565833925,30.23753514,-7.416535569));
#2438=CARTESIAN_POINT('',(71.571296395,30.293194627,-7.358591663));
#2439=CARTESIAN_POINT('',(71.587914776,30.374696133,-7.270156522));
#2440=CARTESIAN_POINT('',(71.594858349,30.401532015,-7.240424928));
#2441=CARTESIAN_POINT('',(71.611592207,30.454518775,-7.180464336));
#2442=CARTESIAN_POINT('',(71.621382493,30.480669654,-7.150235337));
#2443=CARTESIAN_POINT('',(71.63261538,30.50646682,-7.119762148));
#2444=CARTESIAN_POINT('',(71.615917277,29.814420494,-7.760032465));
#2445=CARTESIAN_POINT('',(71.60550916,29.843717783,-7.73496414));
#2446=CARTESIAN_POINT('',(71.596444123,29.872738099,-7.709627511));
#2447=CARTESIAN_POINT('',(71.580958141,29.930246401,-7.658412684));
#2448=CARTESIAN_POINT('',(71.574537196,29.958734387,-7.632534486));
#2449=CARTESIAN_POINT('',(71.5591774,30.043432272,-7.554080104));
#2450=CARTESIAN_POINT('',(71.554141589,30.098876098,-7.50068413));
#2451=CARTESIAN_POINT('',(71.554141543,30.207893801,-7.391666415));
#2452=CARTESIAN_POINT('',(71.559177062,30.261289177,-7.336223272));
#2453=CARTESIAN_POINT('',(71.574536655,30.339743193,-7.251525821));
#2454=CARTESIAN_POINT('',(71.580957572,30.365621358,-7.223037882));
#2455=CARTESIAN_POINT('',(71.596443678,30.416836532,-7.165529204));
#2456=CARTESIAN_POINT('',(71.605508868,30.442173541,-7.136508467));
#2457=CARTESIAN_POINT('',(71.615917277,30.467242571,-7.107210388));
#2458=CARTESIAN_POINT('',(71.585441641,29.789786931,-7.683052577));
#2459=CARTESIAN_POINT('',(71.576573941,29.816737409,-7.659511374));
#2460=CARTESIAN_POINT('',(71.568856776,29.843370604,-7.635844642));
#2461=CARTESIAN_POINT('',(71.55568144,29.896069814,-7.58820939));
#2462=CARTESIAN_POINT('',(71.550223271,29.922135828,-7.564240869));
#2463=CARTESIAN_POINT('',(71.53717415,29.999584172,-7.49180653));
#2464=CARTESIAN_POINT('',(71.532908588,30.050216803,-7.442811935));
#2465=CARTESIAN_POINT('',(71.532908595,30.150021927,-7.343006836));
#2466=CARTESIAN_POINT('',(71.537173918,30.199015918,-7.292374933));
#2467=CARTESIAN_POINT('',(71.550222857,30.271449823,-7.214927106));
#2468=CARTESIAN_POINT('',(71.555680995,30.295418278,-7.188861168));
#2469=CARTESIAN_POINT('',(71.568856418,30.343053789,-7.136161646));
#2470=CARTESIAN_POINT('',(71.576573702,30.366720845,-7.109528061));
#2471=CARTESIAN_POINT('',(71.585441641,30.390262683,-7.082576825));
#2472=CARTESIAN_POINT('',(71.571585537,29.777730226,-7.645375373));
#2473=CARTESIAN_POINT('',(71.563427694,29.803564236,-7.622614325));
#2474=CARTESIAN_POINT('',(71.556330997,29.829057586,-7.59979343));
#2475=CARTESIAN_POINT('',(71.54421848,29.879452306,-7.553958996));
#2476=CARTESIAN_POINT('',(71.53920266,29.904353676,-7.530945456));
#2477=CARTESIAN_POINT('',(71.527214395,29.978303832,-7.461506436));
#2478=CARTESIAN_POINT('',(71.523301143,30.026598663,-7.414682557));
#2479=CARTESIAN_POINT('',(71.523301165,30.121892518,-7.319388771));
#2480=CARTESIAN_POINT('',(71.527214198,30.168715828,-7.271094673));
#2481=CARTESIAN_POINT('',(71.53920229,30.238154443,-7.19714502));
#2482=CARTESIAN_POINT('',(71.544218078,30.261167922,-7.172243718));
#2483=CARTESIAN_POINT('',(71.55633067,30.307002609,-7.121848662));
#2484=CARTESIAN_POINT('',(71.563427474,30.329823817,-7.096354908));
#2485=CARTESIAN_POINT('',(71.571585537,30.352585479,-7.07052012));
#2486=CARTESIAN_POINT('',(71.545667531,29.753385483,-7.569298052));
#2487=CARTESIAN_POINT('',(71.538863688,29.776919538,-7.548199948));
#2488=CARTESIAN_POINT('',(71.532949445,29.800088532,-7.527146944));
#2489=CARTESIAN_POINT('',(71.522861037,29.845817013,-7.485025992));
#2490=CARTESIAN_POINT('',(71.518686874,29.868376499,-7.463958044));
#2491=CARTESIAN_POINT('',(71.508715828,29.935321616,-7.400574074));
#2492=CARTESIAN_POINT('',(71.505470391,29.978973904,-7.358077925));
#2493=CARTESIAN_POINT('',(71.505470438,30.0652878,-7.271764163));
#2494=CARTESIAN_POINT('',(71.508715692,30.107783457,-7.228112591));
#2495=CARTESIAN_POINT('',(71.518686583,30.171167089,-7.16116793));
#2496=CARTESIAN_POINT('',(71.522860716,30.192234991,-7.138608493));
#2497=CARTESIAN_POINT('',(71.532949177,30.234356191,-7.092879638));
#2498=CARTESIAN_POINT('',(71.538863506,30.255409488,-7.069710222));
#2499=CARTESIAN_POINT('',(71.545667531,30.276508158,-7.046175377));
#2500=CARTESIAN_POINT('',(71.533605628,29.741097446,-7.530897935));
#2501=CARTESIAN_POINT('',(71.5274462,29.763435995,-7.510686734));
#2502=CARTESIAN_POINT('',(71.522094176,29.785411982,-7.490557362));
#2503=CARTESIAN_POINT('',(71.512967463,29.828767242,-7.450348686));
#2504=CARTESIAN_POINT('',(71.509192773,29.850146515,-7.430269381));
#2505=CARTESIAN_POINT('',(71.500178497,29.913581878,-7.369936179));
#2506=CARTESIAN_POINT('',(71.4972487,29.954935513,-7.329586997));
#2507=CARTESIAN_POINT('',(71.497248756,30.036796852,-7.247725808));
#2508=CARTESIAN_POINT('',(71.500178388,30.077145578,-7.206372867));
#2509=CARTESIAN_POINT('',(71.509192521,30.13747847,-7.142937934));
#2510=CARTESIAN_POINT('',(71.51296718,30.157557734,-7.121558703));
#2511=CARTESIAN_POINT('',(71.522093937,30.19776665,-7.078203068));
#2512=CARTESIAN_POINT('',(71.527446036,30.217896302,-7.056226664));
#2513=CARTESIAN_POINT('',(71.533605628,30.238108041,-7.033887339));
#2514=CARTESIAN_POINT('',(71.500208184,29.704012623,-7.415007868));
#2515=CARTESIAN_POINT('',(71.495862077,29.722660314,-7.397602112));
#2516=CARTESIAN_POINT('',(71.492090796,29.740990242,-7.380346405));
#2517=CARTESIAN_POINT('',(71.485666324,29.777146101,-7.346016037));
#2518=CARTESIAN_POINT('',(71.483013134,29.794972032,-7.328941375));
#2519=CARTESIAN_POINT('',(71.476683361,29.84789113,-7.277810375));
#2520=CARTESIAN_POINT('',(71.474636576,29.882425599,-7.243847023));
#2521=CARTESIAN_POINT('',(71.474636651,29.951056926,-7.17521585));
#2522=CARTESIAN_POINT('',(71.476683328,29.985019908,-7.140681978));
#2523=CARTESIAN_POINT('',(71.48301299,30.036150654,-7.087763247));
#2524=CARTESIAN_POINT('',(71.485666152,30.053225281,-7.069937349));
#2525=CARTESIAN_POINT('',(71.492090641,30.087555843,-7.033781163));
#2526=CARTESIAN_POINT('',(71.495861968,30.104811778,-7.015450875));
#2527=CARTESIAN_POINT('',(71.500208184,30.122217974,-6.996802517));
#2528=CARTESIAN_POINT('',(71.481660906,29.67899513,-7.336828201));
#2529=CARTESIAN_POINT('',(71.478357899,29.695087234,-7.321473677));
#2530=CARTESIAN_POINT('',(71.475494071,29.710928647,-7.306267254));
#2531=CARTESIAN_POINT('',(71.470618474,29.742221935,-7.276049159));
#2532=CARTESIAN_POINT('',(71.468606704,29.75767381,-7.261037487));
#2533=CARTESIAN_POINT('',(71.463810028,29.803612899,-7.216142429));
#2534=CARTESIAN_POINT('',(71.462263757,29.833683576,-7.186398996));
#2535=CARTESIAN_POINT('',(71.462263833,29.893608937,-7.126473759));
#2536=CARTESIAN_POINT('',(71.463810025,29.923352058,-7.096403578));
#2537=CARTESIAN_POINT('',(71.468606613,29.968246903,-7.050464795));
#2538=CARTESIAN_POINT('',(71.470618359,29.983258545,-7.035012949));
#2539=CARTESIAN_POINT('',(71.475493963,30.013476801,-7.003719392));
#2540=CARTESIAN_POINT('',(71.47835782,30.028683415,-6.987877681));
#2541=CARTESIAN_POINT('',(71.481660906,30.044038307,-6.971785024));
#2542=CARTESIAN_POINT('',(71.452518845,29.629045126,-7.180734437));
#2543=CARTESIAN_POINT('',(71.450886943,29.640147765,-7.169655384));
#2544=CARTESIAN_POINT('',(71.449474812,29.651127875,-7.158689674));
#2545=CARTESIAN_POINT('',(71.447074311,29.672909293,-7.136924923));
#2546=CARTESIAN_POINT('',(71.446085941,29.683710601,-7.126125881));
#2547=CARTESIAN_POINT('',(71.443732801,29.715945713,-7.093888731));
#2548=CARTESIAN_POINT('',(71.44298,29.737210701,-7.072610598));
#2549=CARTESIAN_POINT('',(71.442980059,29.77982057,-7.03000079));
#2550=CARTESIAN_POINT('',(71.443732827,29.801098511,-7.00873609));
#2551=CARTESIAN_POINT('',(71.44608592,29.833335537,-6.976501153));
#2552=CARTESIAN_POINT('',(71.447074274,29.844134565,-6.965699859));
#2553=CARTESIAN_POINT('',(71.449474769,29.865899425,-6.943918277));
#2554=CARTESIAN_POINT('',(71.450886909,29.876865257,-6.932937989));
#2555=CARTESIAN_POINT('',(71.452518845,29.887944543,-6.92183502));
#2556=CARTESIAN_POINT('',(71.441904696,29.604121899,-7.102849353));
#2557=CARTESIAN_POINT('',(71.44089561,29.612776469,-7.093999512));
#2558=CARTESIAN_POINT('',(71.440023183,29.621374079,-7.085226878));
#2559=CARTESIAN_POINT('',(71.438541124,29.63849378,-7.067801786));
#2560=CARTESIAN_POINT('',(71.437931493,29.647015872,-7.059149327));
#2561=CARTESIAN_POINT('',(71.43648101,29.672526474,-7.03332085));
#2562=CARTESIAN_POINT('',(71.43601857,29.689459312,-7.016273734));
#2563=CARTESIAN_POINT('',(71.436018613,29.723483751,-6.982249312));
#2564=CARTESIAN_POINT('',(71.436481035,29.740530727,-6.965316655));
#2565=CARTESIAN_POINT('',(71.437931488,29.766359113,-6.939806168));
#2566=CARTESIAN_POINT('',(71.438541109,29.775011562,-6.931284088));
#2567=CARTESIAN_POINT('',(71.44002316,29.792436732,-6.914164289));
#2568=CARTESIAN_POINT('',(71.440895591,29.801209453,-6.905566569));
#2569=CARTESIAN_POINT('',(71.441904696,29.810059459,-6.896911793));
#2570=CARTESIAN_POINT('',(71.427961912,29.554983668,-6.94929238));
#2571=CARTESIAN_POINT('',(71.427768291,29.559068875,-6.944896007));
#2572=CARTESIAN_POINT('',(71.427601504,29.563168248,-6.940523319));
#2573=CARTESIAN_POINT('',(71.427318966,29.571398923,-6.931822759));
#2574=CARTESIAN_POINT('',(71.427203216,29.575530224,-6.927494888));
#2575=CARTESIAN_POINT('',(71.426928574,29.587977414,-6.914574672));
#2576=CARTESIAN_POINT('',(71.426842291,29.59634659,-6.906045724));
#2577=CARTESIAN_POINT('',(71.426842305,29.613255814,-6.889136466));
#2578=CARTESIAN_POINT('',(71.426928586,29.621784706,-6.880767318));
#2579=CARTESIAN_POINT('',(71.427203222,29.634704886,-6.868320156));
#2580=CARTESIAN_POINT('',(71.427318969,29.639032753,-6.864188862));
#2581=CARTESIAN_POINT('',(71.427601503,29.647733339,-6.855958183));
#2582=CARTESIAN_POINT('',(71.42776829,29.652106057,-6.851858798));
#2583=CARTESIAN_POINT('',(71.427961912,29.656502486,-6.847773562));
#2584=CARTESIAN_POINT('',(71.424633278,29.530768663,-6.873620492));
#2585=CARTESIAN_POINT('',(71.424633278,29.532822839,-6.871432943));
#2586=CARTESIAN_POINT('',(71.424633278,29.534872242,-6.869266837));
#2587=CARTESIAN_POINT('',(71.424633278,29.538968057,-6.864970959));
#2588=CARTESIAN_POINT('',(71.424633278,29.541014469,-6.862841186));
#2589=CARTESIAN_POINT('',(71.424633278,29.547159054,-6.856496534));
#2590=CARTESIAN_POINT('',(71.424633278,29.551262573,-6.852326323));
#2591=CARTESIAN_POINT('',(71.424633278,29.559536309,-6.84405258));
#2592=CARTESIAN_POINT('',(71.424633278,29.563706526,-6.839949048));
#2593=CARTESIAN_POINT('',(71.424633278,29.570051205,-6.833804433));
#2594=CARTESIAN_POINT('',(71.424633278,29.572180991,-6.831758009));
#2595=CARTESIAN_POINT('',(71.424633278,29.576476901,-6.827662166));
#2596=CARTESIAN_POINT('',(71.424633278,29.578643026,-6.825612749));
#2597=CARTESIAN_POINT('',(71.424633278,29.580830598,-6.823558557));
#2598=CARTESIAN_POINT('',(71.424633278,29.507210106,-6.8));
#2599=CARTESIAN_POINT('',(71.424633278,29.507210106,-6.8));
#2600=CARTESIAN_POINT('',(71.424633278,29.507210106,-6.8));
#2601=CARTESIAN_POINT('',(71.424633278,29.507210106,-6.8));
#2602=CARTESIAN_POINT('',(71.424633278,29.507210106,-6.8));
#2603=CARTESIAN_POINT('',(71.424633278,29.507210106,-6.8));
#2604=CARTESIAN_POINT('',(71.424633278,29.507210106,-6.8));
#2605=CARTESIAN_POINT('',(71.424633278,29.507210106,-6.8));
#2606=CARTESIAN_POINT('',(71.424633278,29.507210106,-6.8));
#2607=CARTESIAN_POINT('',(71.424633278,29.507210106,-6.8));
#2608=CARTESIAN_POINT('',(71.424633278,29.507210106,-6.8));
#2609=CARTESIAN_POINT('',(71.424633278,29.507210106,-6.8));
#2610=CARTESIAN_POINT('',(71.424633278,29.507210106,-6.8));
#2611=CARTESIAN_POINT('',(71.424633278,29.507210106,-6.8));
#2612=B_SPLINE_SURFACE_WITH_KNOTS('',3,3,((#2024,#2025,#2026,#2027,#2028,#2029,#2030,#2031,#2032,#2033,#2034,#2035,#2036,#2037),(#2038,#2039,#2040,#2041,#2042,#2043,#2044,#2045,#2046,#2047,#2048,#2049,#2050,#2051),(#2052,#2053,#2054,#2055,#2056,#2057,#2058,#2059,#2060,#2061,#2062,#2063,#2064,#2065),(#2066,#2067,#2068,#2069,#2070,#2071,#2072,#2073,#2074,#2075,#2076,#2077,#2078,#2079),(#2080,#2081,#2082,#2083,#2084,#2085,#2086,#2087,#2088,#2089,#2090,#2091,#2092,#2093),(#2094,#2095,#2096,#2097,#2098,#2099,#2100,#2101,#2102,#2103,#2104,#2105,#2106,#2107),(#2108,#2109,#2110,#2111,#2112,#2113,#2114,#2115,#2116,#2117,#2118,#2119,#2120,#2121),(#2122,#2123,#2124,#2125,#2126,#2127,#2128,#2129,#2130,#2131,#2132,#2133,#2134,#2135),(#2136,#2137,#2138,#2139,#2140,#2141,#2142,#2143,#2144,#2145,#2146,#2147,#2148,#2149),(#2150,#2151,#2152,#2153,#2154,#2155,#2156,#2157,#2158,#2159,#2160,#2161,#2162,#2163),(#2164,#2165,#2166,#2167,#2168,#2169,#2170,#2171,#2172,#2173,#2174,#2175,#2176,#2177),(#2178,#2179,#2180,#2181,#2182,#2183,#2184,#2185,#2186,#2187,#2188,#2189,#2190,#2191),(#2192,#2193,#2194,#2195,#2196,#2197,#2198,#2199,#2200,#2201,#2202,#2203,#2204,#2205),(#2206,#2207,#2208,#2209,#2210,#2211,#2212,#2213,#2214,#2215,#2216,#2217,#2218,#2219),(#2220,#2221,#2222,#2223,#2224,#2225,#2226,#2227,#2228,#2229,#2230,#2231,#2232,#2233),(#2234,#2235,#2236,#2237,#2238,#2239,#2240,#2241,#2242,#2243,#2244,#2245,#2246,#2247),(#2248,#2249,#2250,#2251,#2252,#2253,#2254,#2255,#2256,#2257,#2258,#2259,#2260,#2261),(#2262,#2263,#2264,#2265,#2266,#2267,#2268,#2269,#2270,#2271,#2272,#2273,#2274,#2275),(#2276,#2277,#2278,#2279,#2280,#2281,#2282,#2283,#2284,#2285,#2286,#2287,#2288,#2289),(#2290,#2291,#2292,#2293,#2294,#2295,#2296,#2297,#2298,#2299,#2300,#2301,#2302,#2303),(#2304,#2305,#2306,#2307,#2308,#2309,#2310,#2311,#2312,#2313,#2314,#2315,#2316,#2317),(#2318,#2319,#2320,#2321,#2322,#2323,#2324,#2325,#2326,#2327,#2328,#2329,#2330,#2331),(#2332,#2333,#2334,#2335,#2336,#2337,#2338,#2339,#2340,#2341,#2342,#2343,#2344,#2345),(#2346,#2347,#2348,#2349,#2350,#2351,#2352,#2353,#2354,#2355,#2356,#2357,#2358,#2359),(#2360,#2361,#2362,#2363,#2364,#2365,#2366,#2367,#2368,#2369,#2370,#2371,#2372,#2373),(#2374,#2375,#2376,#2377,#2378,#2379,#2380,#2381,#2382,#2383,#2384,#2385,#2386,#2387),
(#2388,#2389,#2390,#2391,#2392,#2393,#2394,#2395,#2396,#2397,#2398,#2399,#2400,#2401),(#2402,#2403,#2404,#2405,#2406,#2407,#2408,#2409,#2410,#2411,#2412,#2413,#2414,#2415),(#2416,#2417,#2418,#2419,#2420,#2421,#2422,#2423,#2424,#2425,#2426,#2427,#2428,#2429),(#2430,#2431,#2432,#2433,#2434,#2435,#2436,#2437,#2438,#2439,#2440,#2441,#2442,#2443),(#2444,#2445,#2446,#2447,#2448,#2449,#2450,#2451,#2452,#2453,#2454,#2455,#2456,#2457),(#2458,#2459,#2460,#2461,#2462,#2463,#2464,#2465,#2466,#2467,#2468,#2469,#2470,#2471),(#2472,#2473,#2474,#2475,#2476,#2477,#2478,#2479,#2480,#2481,#2482,#2483,#2484,#2485),(#2486,#2487,#2488,#2489,#2490,#2491,#2492,#2493,#2494,#2495,#2496,#2497,#2498,#2499),(#2500,#2501,#2502,#2503,#2504,#2505,#2506,#2507,#2508,#2509,#2510,#2511,#2512,#2513),(#2514,#2515,#2516,#2517,#2518,#2519,#2520,#2521,#2522,#2523,#2524,#2525,#2526,#2527),(#2528,#2529,#2530,#2531,#2532,#2533,#2534,#2535,#2536,#2537,#2538,#2539,#2540,#2541),(#2542,#2543,#2544,#2545,#2546,#2547,#2548,#2549,#2550,#2551,#2552,#2553,#2554,#2555),(#2556,#2557,#2558,#2559,#2560,#2561,#2562,#2563,#2564,#2565,#2566,#2567,#2568,#2569),(#2570,#2571,#2572,#2573,#2574,#2575,#2576,#2577,#2578,#2579,#2580,#2581,#2582,#2583),(#2584,#2585,#2586,#2587,#2588,#2589,#2590,#2591,#2592,#2593,#2594,#2595,#2596,#2597),(#2598,#2599,#2600,#2601,#2602,#2603,#2604,#2605,#2606,#2607,#2608,#2609,#2610,#2611)),.UNSPECIFIED.,.F.,.F.,.U.,(4,2,2,2,2,2,2,2,2,2,2,2,2,2,2,2,2,2,2,2,4),(4,2,2,2,2,2,4),(0.,0.058662187,0.117324374,0.175986562,0.234648749,0.299048013,0.363447276,0.42784654,0.460046172,0.492245804,0.525057019,0.557868233,0.623490663,0.689113092,0.721924307,0.754735522,0.785393582,0.816051641,0.877367761,0.93868388,1.),(0.,0.125,0.25,0.5,0.75,0.875,1.),.UNSPECIFIED.);
#2613=ORIENTED_EDGE('',*,*,#1019,.F.);
#2614=ORIENTED_EDGE('',*,*,#2016,.T.);
#2615=CARTESIAN_POINT('',(73.924633278,32.007210106,-7.6));
#2616=CARTESIAN_POINT('',(73.594566401,32.007210106,-7.600000068));
#2617=CARTESIAN_POINT('',(73.259586899,31.940917002,-7.578773114));
#2618=CARTESIAN_POINT('',(72.94717209,31.808203288,-7.536319138));
#2619=CARTESIAN_POINT('',(72.927646165,31.799908681,-7.533665764));
#2620=CARTESIAN_POINT('',(72.910984445,31.792578339,-7.531319184));
#2621=CARTESIAN_POINT('',(72.892951819,31.784408685,-7.52870297));
#2622=CARTESIAN_POINT('',(72.874919194,31.77623903,-7.526086756));
#2623=CARTESIAN_POINT('',(72.85692962,31.767830712,-7.52339305));
#2624=CARTESIAN_POINT('',(72.838989998,31.759182279,-7.520621853));
#2625=CARTESIAN_POINT('',(72.803110754,31.741885414,-7.51507946));
#2626=CARTESIAN_POINT('',(72.767431188,31.723627895,-7.5092271));
#2627=CARTESIAN_POINT('',(72.732008104,31.704400401,-7.503064774));
#2628=CARTESIAN_POINT('',(72.661161936,31.665945414,-7.490740124));
#2629=CARTESIAN_POINT('',(72.591339843,31.623607019,-7.477175609));
#2630=CARTESIAN_POINT('',(72.523020063,31.577350293,-7.462371232));
#2631=CARTESIAN_POINT('',(72.386380502,31.484836842,-7.432762477));
#2632=CARTESIAN_POINT('',(72.255730485,31.376582559,-7.398194269));
#2633=CARTESIAN_POINT('',(72.135200001,31.253041869,-7.358666608));
#2634=CARTESIAN_POINT('',(72.131433423,31.249181223,-7.357431369));
#2635=CARTESIAN_POINT('',(72.128839612,31.246504795,-7.35657487));
#2636=CARTESIAN_POINT('',(72.125664671,31.2432147,-7.355521879));
#2637=CARTESIAN_POINT('',(72.12248973,31.239924606,-7.354468889));
#2638=CARTESIAN_POINT('',(72.119318339,31.236620126,-7.353411151));
#2639=CARTESIAN_POINT('',(72.116150637,31.233301221,-7.352348666));
#2640=CARTESIAN_POINT('',(72.109815235,31.226663411,-7.350223695));
#2641=CARTESIAN_POINT('',(72.103494595,31.219967899,-7.348079734));
#2642=CARTESIAN_POINT('',(72.097189864,31.213214376,-7.345916783));
#2643=CARTESIAN_POINT('',(72.084580401,31.199707329,-7.341590882));
#2644=CARTESIAN_POINT('',(72.072034556,31.185968219,-7.33718902));
#2645=CARTESIAN_POINT('',(72.059561695,31.171994774,-7.332711198));
#2646=CARTESIAN_POINT('',(72.034615974,31.144047883,-7.323755554));
#2647=CARTESIAN_POINT('',(72.009961937,31.115163347,-7.31449607));
#2648=CARTESIAN_POINT('',(71.985677638,31.085326396,-7.304932746));
#2649=CARTESIAN_POINT('',(71.93710904,31.025652494,-7.285806098));
#2650=CARTESIAN_POINT('',(71.890015605,30.962163195,-7.265464089));
#2651=CARTESIAN_POINT('',(71.845069362,30.894802957,-7.243906719));
#2652=CARTESIAN_POINT('',(71.755176876,30.76008248,-7.200791979));
#2653=CARTESIAN_POINT('',(71.673829813,30.609755719,-7.152815796));
#2654=CARTESIAN_POINT('',(71.607043552,30.444641629,-7.099978169));
#2655=CARTESIAN_POINT('',(71.604956481,30.439481814,-7.098326993));
#2656=CARTESIAN_POINT('',(71.603644303,30.436204779,-7.097278235));
#2657=CARTESIAN_POINT('',(71.601952172,30.431954654,-7.095918011));
#2658=CARTESIAN_POINT('',(71.600260042,30.427704529,-7.094557787));
#2659=CARTESIAN_POINT('',(71.598573005,30.423433255,-7.093190725));
#2660=CARTESIAN_POINT('',(71.596891362,30.41914079,-7.091816826));
#2661=CARTESIAN_POINT('',(71.593528077,30.41055586,-7.089069026));
#2662=CARTESIAN_POINT('',(71.590186361,30.401886161,-7.086293875));
#2663=CARTESIAN_POINT('',(71.586868641,30.393131377,-7.083491373));
#2664=CARTESIAN_POINT('',(71.5802332,30.37562181,-7.077886367));
#2665=CARTESIAN_POINT('',(71.573693696,30.357771863,-7.072171955));
#2666=CARTESIAN_POINT('',(71.567270091,30.339579496,-7.066348136));
#2667=CARTESIAN_POINT('',(71.554422881,30.303194762,-7.054700498));
#2668=CARTESIAN_POINT('',(71.542038548,30.265439551,-7.042615234));
#2669=CARTESIAN_POINT('',(71.530285631,30.226306306,-7.030092342));
#2670=CARTESIAN_POINT('',(71.506779798,30.148039814,-7.005046559));
#2671=CARTESIAN_POINT('',(71.485789265,30.064244457,-6.978250268));
#2672=CARTESIAN_POINT('',(71.468795088,29.975033556,-6.949703469));
#2673=CARTESIAN_POINT('',(71.46826402,29.972245716,-6.948811382));
#2674=CARTESIAN_POINT('',(71.468182799,29.97181079,-6.94867216));
#2675=CARTESIAN_POINT('',(71.467875505,29.970180132,-6.948150269));
#2676=CARTESIAN_POINT('',(71.467568212,29.968549474,-6.947628377));
#2677=CARTESIAN_POINT('',(71.467260177,29.966905961,-6.947102327));
#2678=CARTESIAN_POINT('',(71.466951477,29.965249584,-6.946572118));
#2679=CARTESIAN_POINT('',(71.466334077,29.96193683,-6.945511701));
#2680=CARTESIAN_POINT('',(71.465714016,29.958572616,-6.944434652));
#2681=CARTESIAN_POINT('',(71.465091917,29.955156857,-6.943340968));
#2682=CARTESIAN_POINT('',(71.463847719,29.94832534,-6.941153602));
#2683=CARTESIAN_POINT('',(71.462595351,29.94128764,-6.938899703));
#2684=CARTESIAN_POINT('',(71.461340036,29.934043098,-6.936579272));
#2685=CARTESIAN_POINT('',(71.458829405,29.919554012,-6.931938409));
#2686=CARTESIAN_POINT('',(71.456306673,29.904237495,-6.927031416));
#2687=CARTESIAN_POINT('',(71.45381734,29.888088826,-6.921858293));
#2688=CARTESIAN_POINT('',(71.448838674,29.855791488,-6.911512046));
#2689=CARTESIAN_POINT('',(71.443988622,29.820163811,-6.900101279));
#2690=CARTESIAN_POINT('',(71.439690913,29.781183537,-6.88762599));
#2691=CARTESIAN_POINT('',(71.431095495,29.70322299,-6.862675411));
#2692=CARTESIAN_POINT('',(71.424633278,29.611793694,-6.833466748));
#2693=CARTESIAN_POINT('',(71.424633278,29.507210106,-6.8));
#2694=B_SPLINE_CURVE_WITH_KNOTS('',3,(#2615,#2616,#2617,#2618,#2619,#2620,#2621,#2622,#2623,#2624,#2625,#2626,#2627,#2628,#2629,#2630,#2631,#2632,#2633,#2634,#2635,#2636,#2637,#2638,#2639,#2640,
#2641,#2642,#2643,#2644,#2645,#2646,#2647,#2648,#2649,#2650,#2651,#2652,#2653,#2654,#2655,#2656,#2657,#2658,#2659,#2660,#2661,#2662,#2663,#2664,#2665,
#2666,#2667,#2668,#2669,#2670,#2671,#2672,#2673,#2674,#2675,#2676,#2677,#2678,#2679,#2680,#2681,#2682,#2683,#2684,#2685,#2686,#2687,#2688,#2689,#2690,
#2691,#2692,#2693),.UNSPECIFIED.,.F.,.F.,(4,3,3,3,3,3,3,3,3,3,3,3,3,3,3,3,3,3,3,3,3,3,3,3,3,3,
4),(0.,0.25,0.265625,0.28125,0.3125,0.375,0.5,0.50390625,0.5078125,0.515625,0.53125,0.5625,0.625,0.75,0.75390625,0.7578125,0.765625,0.78125,0.8125,0.875,0.876953125,0.87890625,0.8828125,0.890625,0.90625,0.9375,
1.),.UNSPECIFIED.);
#2695=EDGE_CURVE('',#473,#425,#2694,.T.);
#2696=ORIENTED_EDGE('',*,*,#2695,.F.);
#2697=EDGE_LOOP('',(#2613,#2614,#2696));
#2698=FACE_BOUND('',#2697,.T.);
#2699=ADVANCED_FACE('',(#2698),#2612,.T.);
#2700=CARTESIAN_POINT('',(73.924633278,29.507210106,-8.7));
#2701=DIRECTION('',(0.,0.,1.));
#2702=DIRECTION('',(1.,0.,-0.));
#2703=AXIS2_PLACEMENT_3D('',#2700,#2701,#2702);
#2704=CYLINDRICAL_SURFACE('',#2703,2.5);
#2705=ORIENTED_EDGE('',*,*,#2695,.T.);
#2706=ORIENTED_EDGE('',*,*,#430,.F.);
#2707=CARTESIAN_POINT('',(73.924633278,29.507210106,-2.));
#2708=DIRECTION('',(-0.,-0.,1.));
#2709=DIRECTION('',(-1.,0.,0.));
#2710=AXIS2_PLACEMENT_3D('',#2707,#2708,#2709);
#2711=CIRCLE('',#2710,2.5);
#2712=EDGE_CURVE('',#457,#415,#2711,.T.);
#2713=ORIENTED_EDGE('',*,*,#2712,.F.);
#2714=ORIENTED_EDGE('',*,*,#484,.F.);
#2715=EDGE_LOOP('',(#2705,#2706,#2713,#2714));
#2716=FACE_BOUND('',#2715,.T.);
#2717=ADVANCED_FACE('',(#2716),#2704,.T.);
#2718=CARTESIAN_POINT('',(96.16319286,-12.097069868,-5.536399955));
#2719=DIRECTION('',(-0.99992714,0.012071236,0.));
#2720=DIRECTION('',(-0.012071236,-0.99992714,0.));
#2721=AXIS2_PLACEMENT_3D('',#2718,#2719,#2720);
#2722=PLANE('',#2721);
#2723=CARTESIAN_POINT('',(96.160778613,-12.297055296,-5.891354415));
#2724=DIRECTION('',(-0.012071236,-0.99992714,0.));
#2725=VECTOR('',#2724,1.);
#2726=LINE('',#2723,#2725);
#2727=EDGE_CURVE('',#67,#666,#2726,.T.);
#2728=ORIENTED_EDGE('',*,*,#2727,.T.);
#2729=ORIENTED_EDGE('',*,*,#671,.F.);
#2730=CARTESIAN_POINT('',(96.160778613,-12.297055296,-5.181445496));
#2731=DIRECTION('',(-0.012071236,-0.99992714,0.));
#2732=VECTOR('',#2731,1.);
#2733=LINE('',#2730,#2732);
#2734=EDGE_CURVE('',#78,#655,#2733,.T.);
#2735=ORIENTED_EDGE('',*,*,#2734,.F.);
#2736=ORIENTED_EDGE('',*,*,#83,.F.);
#2737=EDGE_LOOP('',(#2728,#2729,#2735,#2736));
#2738=FACE_BOUND('',#2737,.T.);
#2739=ADVANCED_FACE('',(#2738),#2722,.T.);
#2740=CARTESIAN_POINT('',(94.413274828,-12.075944655,-5.181445496));
#2741=DIRECTION('',(-0.012071236,-0.99992714,0.));
#2742=DIRECTION('',(0.99992714,-0.012071236,0.));
#2743=AXIS2_PLACEMENT_3D('',#2740,#2741,#2742);
#2744=CYLINDRICAL_SURFACE('',#2743,1.750045541);
#2745=ORIENTED_EDGE('',*,*,#92,.T.);
#2746=ORIENTED_EDGE('',*,*,#2734,.T.);
#2747=ORIENTED_EDGE('',*,*,#663,.T.);
#2748=CARTESIAN_POINT('',(94.410860581,-12.275930083,-3.431399955));
#2749=DIRECTION('',(-0.012071236,-0.99992714,0.));
#2750=VECTOR('',#2749,1.);
#2751=LINE('',#2748,#2750);
#2752=EDGE_CURVE('',#86,#657,#2751,.T.);
#2753=ORIENTED_EDGE('',*,*,#2752,.F.);
#2754=EDGE_LOOP('',(#2745,#2746,#2747,#2753));
#2755=FACE_BOUND('',#2754,.T.);
#2756=ADVANCED_FACE('',(#2755),#2744,.F.);
#2757=CARTESIAN_POINT('',(92.803252059,-12.056508274,-3.198245388));
#2758=DIRECTION('',(0.143298789,-0.00172992,0.98967796));
#2759=DIRECTION('',(0.989679441,0.,-0.143299003));
#2760=AXIS2_PLACEMENT_3D('',#2757,#2758,#2759);
#2761=PLANE('',#2760);
#2762=ORIENTED_EDGE('',*,*,#100,.T.);
#2763=ORIENTED_EDGE('',*,*,#2752,.T.);
#2764=ORIENTED_EDGE('',*,*,#728,.T.);
#2765=CARTESIAN_POINT('',(91.190815043,-12.237057322,-2.965090822));
#2766=DIRECTION('',(-0.012071236,-0.99992714,0.));
#2767=VECTOR('',#2766,1.);
#2768=LINE('',#2765,#2767);
#2769=EDGE_CURVE('',#95,#717,#2768,.T.);
#2770=ORIENTED_EDGE('',*,*,#2769,.F.);
#2771=EDGE_LOOP('',(#2762,#2763,#2764,#2770));
#2772=FACE_BOUND('',#2771,.T.);
#2773=ADVANCED_FACE('',(#2772),#2761,.F.);
#2774=CARTESIAN_POINT('',(89.583206521,-12.017635513,-3.198245388));
#2775=DIRECTION('',(-0.143298789,0.00172992,0.98967796));
#2776=DIRECTION('',(0.989679441,0.,0.143299003));
#2777=AXIS2_PLACEMENT_3D('',#2774,#2775,#2776);
#2778=PLANE('',#2777);
#2779=ORIENTED_EDGE('',*,*,#108,.T.);
#2780=ORIENTED_EDGE('',*,*,#2769,.T.);
#2781=ORIENTED_EDGE('',*,*,#722,.T.);
#2782=CARTESIAN_POINT('',(87.970769505,-12.19818456,-3.431399955));
#2783=DIRECTION('',(-0.012071236,-0.99992714,0.));
#2784=VECTOR('',#2783,1.);
#2785=LINE('',#2782,#2784);
#2786=EDGE_CURVE('',#103,#708,#2785,.T.);
#2787=ORIENTED_EDGE('',*,*,#2786,.F.);
#2788=EDGE_LOOP('',(#2779,#2780,#2781,#2787));
#2789=FACE_BOUND('',#2788,.T.);
#2790=ADVANCED_FACE('',(#2789),#2778,.F.);
#2791=CARTESIAN_POINT('',(87.973183753,-11.998199132,-5.181445496));
#2792=DIRECTION('',(-0.012071236,-0.99992714,0.));
#2793=DIRECTION('',(0.99992714,-0.012071236,0.));
#2794=AXIS2_PLACEMENT_3D('',#2791,#2792,#2793);
#2795=CYLINDRICAL_SURFACE('',#2794,1.750045541);
#2796=ORIENTED_EDGE('',*,*,#117,.T.);
#2797=ORIENTED_EDGE('',*,*,#2786,.T.);
#2798=ORIENTED_EDGE('',*,*,#714,.T.);
#2799=CARTESIAN_POINT('',(86.220851473,-12.177059347,-5.181445496));
#2800=DIRECTION('',(-0.012071236,-0.99992714,0.));
#2801=VECTOR('',#2800,1.);
#2802=LINE('',#2799,#2801);
#2803=EDGE_CURVE('',#111,#700,#2802,.T.);
#2804=ORIENTED_EDGE('',*,*,#2803,.F.);
#2805=EDGE_LOOP('',(#2796,#2797,#2798,#2804));
#2806=FACE_BOUND('',#2805,.T.);
#2807=ADVANCED_FACE('',(#2806),#2795,.F.);
#2808=CARTESIAN_POINT('',(86.22326572,-11.977073919,-5.536399955));
#2809=DIRECTION('',(0.99992714,-0.012071236,-0.));
#2810=DIRECTION('',(0.012071236,0.99992714,-0.));
#2811=AXIS2_PLACEMENT_3D('',#2808,#2809,#2810);
#2812=PLANE('',#2811);
#2813=ORIENTED_EDGE('',*,*,#2803,.T.);
#2814=ORIENTED_EDGE('',*,*,#705,.F.);
#2815=CARTESIAN_POINT('',(86.220851473,-12.177059347,-5.891354415));
#2816=DIRECTION('',(-0.012071236,-0.99992714,0.));
#2817=VECTOR('',#2816,1.);
#2818=LINE('',#2815,#2817);
#2819=EDGE_CURVE('',#120,#691,#2818,.T.);
#2820=ORIENTED_EDGE('',*,*,#2819,.F.);
#2821=ORIENTED_EDGE('',*,*,#125,.F.);
#2822=EDGE_LOOP('',(#2813,#2814,#2820,#2821));
#2823=FACE_BOUND('',#2822,.T.);
#2824=ADVANCED_FACE('',(#2823),#2812,.T.);
#2825=CARTESIAN_POINT('',(87.973183753,-11.998199132,-5.891354415));
#2826=DIRECTION('',(-0.012071236,-0.99992714,0.));
#2827=DIRECTION('',(0.99992714,-0.012071236,0.));
#2828=AXIS2_PLACEMENT_3D('',#2825,#2826,#2827);
#2829=CYLINDRICAL_SURFACE('',#2828,1.750045541);
#2830=ORIENTED_EDGE('',*,*,#134,.T.);
#2831=ORIENTED_EDGE('',*,*,#2819,.T.);
#2832=ORIENTED_EDGE('',*,*,#697,.T.);
#2833=CARTESIAN_POINT('',(87.970769505,-12.19818456,-7.641399955));
#2834=DIRECTION('',(-0.012071236,-0.99992714,0.));
#2835=VECTOR('',#2834,1.);
#2836=LINE('',#2833,#2835);
#2837=EDGE_CURVE('',#128,#683,#2836,.T.);
#2838=ORIENTED_EDGE('',*,*,#2837,.F.);
#2839=EDGE_LOOP('',(#2830,#2831,#2832,#2838));
#2840=FACE_BOUND('',#2839,.T.);
#2841=ADVANCED_FACE('',(#2840),#2829,.F.);
#2842=CARTESIAN_POINT('',(91.19322929,-12.037071894,-7.641399955));
#2843=DIRECTION('',(0.,-0.,1.));
#2844=DIRECTION('',(1.,0.,-0.));
#2845=AXIS2_PLACEMENT_3D('',#2842,#2843,#2844);
#2846=PLANE('',#2845);
#2847=ORIENTED_EDGE('',*,*,#2837,.T.);
#2848=ORIENTED_EDGE('',*,*,#688,.F.);
#2849=CARTESIAN_POINT('',(94.410860581,-12.275930083,-7.641399955));
#2850=DIRECTION('',(-0.012071236,-0.99992714,0.));
#2851=VECTOR('',#2850,1.);
#2852=LINE('',#2849,#2851);
#2853=EDGE_CURVE('',#69,#674,#2852,.T.);
#2854=ORIENTED_EDGE('',*,*,#2853,.F.);
#2855=ORIENTED_EDGE('',*,*,#140,.F.);
#2856=EDGE_LOOP('',(#2847,#2848,#2854,#2855));
#2857=FACE_BOUND('',#2856,.T.);
#2858=ADVANCED_FACE('',(#2857),#2846,.T.);
#2859=CARTESIAN_POINT('',(94.413274828,-12.075944655,-5.891354415));
#2860=DIRECTION('',(-0.012071236,-0.99992714,0.));
#2861=DIRECTION('',(0.99992714,-0.012071236,0.));
#2862=AXIS2_PLACEMENT_3D('',#2859,#2860,#2861);
#2863=CYLINDRICAL_SURFACE('',#2862,1.750045541);
#2864=ORIENTED_EDGE('',*,*,#75,.T.);
#2865=ORIENTED_EDGE('',*,*,#2853,.T.);
#2866=ORIENTED_EDGE('',*,*,#680,.T.);
#2867=ORIENTED_EDGE('',*,*,#2727,.F.);
#2868=EDGE_LOOP('',(#2864,#2865,#2866,#2867));
#2869=FACE_BOUND('',#2868,.T.);
#2870=ADVANCED_FACE('',(#2869),#2863,.F.);
#2871=CARTESIAN_POINT('',(69.325706837,-14.000318167,-1.));
#2872=DIRECTION('',(0.,0.,1.));
#2873=DIRECTION('',(1.,0.,0.));
#2874=AXIS2_PLACEMENT_3D('',#2871,#2872,#2873);
#2875=PLANE('',#2874);
#2876=ORIENTED_EDGE('',*,*,#351,.F.);
#2877=ORIENTED_EDGE('',*,*,#320,.F.);
#2878=ORIENTED_EDGE('',*,*,#48,.T.);
#2879=ORIENTED_EDGE('',*,*,#296,.F.);
#2880=ORIENTED_EDGE('',*,*,#267,.F.);
#2881=CARTESIAN_POINT('',(82.400132244,-11.736562387,-1.));
#2882=VERTEX_POINT('',#2881);
#2883=CARTESIAN_POINT('',(82.400132244,-11.736562387,-1.));
#2884=DIRECTION('',(-0.707106781,0.707106781,0.));
#2885=VECTOR('',#2884,2.892979944);
#2886=LINE('',#2883,#2885);
#2887=EDGE_CURVE('',#2882,#254,#2886,.T.);
#2888=ORIENTED_EDGE('',*,*,#2887,.F.);
#2889=CARTESIAN_POINT('',(100.224134244,-11.736562387,-1.));
#2890=VERTEX_POINT('',#2889);
#2891=CARTESIAN_POINT('',(100.224134244,-11.736562387,-1.));
#2892=DIRECTION('',(-1.,-0.,0.));
#2893=VECTOR('',#2892,17.824002);
#2894=LINE('',#2891,#2893);
#2895=EDGE_CURVE('',#2890,#2882,#2894,.T.);
#2896=ORIENTED_EDGE('',*,*,#2895,.F.);
#2897=CARTESIAN_POINT('',(100.995126096,-10.991917359,-1.));
#2898=DIRECTION('',(-0.719289986,-0.694709951,0.));
#2899=VECTOR('',#2898,1.071879029);
#2900=LINE('',#2897,#2899);
#2901=EDGE_CURVE('',#346,#2890,#2900,.T.);
#2902=ORIENTED_EDGE('',*,*,#2901,.F.);
#2903=EDGE_LOOP('',(#2876,#2877,#2878,#2879,#2880,#2888,#2896,#2902));
#2904=FACE_BOUND('',#2903,.T.);
#2905=ADVANCED_FACE('',(#2904),#2875,.F.);
#2906=CARTESIAN_POINT('',(73.345132244,34.209437613,3.));
#2907=DIRECTION('',(-0.707106781,0.707106781,0.));
#2908=DIRECTION('',(-0.707106781,-0.707106781,0.));
#2909=AXIS2_PLACEMENT_3D('',#2906,#2907,#2908);
#2910=PLANE('',#2909);
#2911=CARTESIAN_POINT('',(69.345132244,30.209437613,-1.));
#2912=VERTEX_POINT('',#2911);
#2913=CARTESIAN_POINT('',(77.345132244,38.209437613,-1.));
#2914=VERTEX_POINT('',#2913);
#2915=CARTESIAN_POINT('',(69.345132244,30.209437613,-1.));
#2916=DIRECTION('',(0.707106781,0.707106781,0.));
#2917=VECTOR('',#2916,11.313708499);
#2918=LINE('',#2915,#2917);
#2919=EDGE_CURVE('',#2912,#2914,#2918,.T.);
#2920=ORIENTED_EDGE('',*,*,#2919,.T.);
#2921=CARTESIAN_POINT('',(77.345132244,38.209437613,5.5));
#2922=VERTEX_POINT('',#2921);
#2923=CARTESIAN_POINT('',(77.345132244,38.209437613,5.5));
#2924=DIRECTION('',(0.,0.,-1.));
#2925=VECTOR('',#2924,6.5);
#2926=LINE('',#2923,#2925);
#2927=EDGE_CURVE('',#2922,#2914,#2926,.T.);
#2928=ORIENTED_EDGE('',*,*,#2927,.F.);
#2929=CARTESIAN_POINT('',(69.345132244,30.209437613,5.5));
#2930=VERTEX_POINT('',#2929);
#2931=CARTESIAN_POINT('',(69.345132244,30.209437613,5.5));
#2932=DIRECTION('',(0.707106781,0.707106781,0.));
#2933=VECTOR('',#2932,11.313708499);
#2934=LINE('',#2931,#2933);
#2935=EDGE_CURVE('',#2930,#2922,#2934,.T.);
#2936=ORIENTED_EDGE('',*,*,#2935,.F.);
#2937=CARTESIAN_POINT('',(69.345132244,30.209437613,5.5));
#2938=DIRECTION('',(0.,0.,-1.));
#2939=VECTOR('',#2938,6.5);
#2940=LINE('',#2937,#2939);
#2941=EDGE_CURVE('',#2930,#2912,#2940,.T.);
#2942=ORIENTED_EDGE('',*,*,#2941,.T.);
#2943=EDGE_LOOP('',(#2920,#2928,#2936,#2942));
#2944=FACE_BOUND('',#2943,.T.);
#2945=ADVANCED_FACE('',(#2944),#2910,.F.);
#2946=CARTESIAN_POINT('',(69.345132244,18.209437613,3.));
#2947=DIRECTION('',(1.,0.,0.));
#2948=DIRECTION('',(0.,0.,-1.));
#2949=AXIS2_PLACEMENT_3D('',#2946,#2947,#2948);
#2950=PLANE('',#2949);
#2951=CARTESIAN_POINT('',(69.345132244,6.209437613,-1.));
#2952=VERTEX_POINT('',#2951);
#2953=CARTESIAN_POINT('',(69.345132244,30.209437613,-1.));
#2954=DIRECTION('',(0.,-1.,0.));
#2955=VECTOR('',#2954,24.);
#2956=LINE('',#2953,#2955);
#2957=EDGE_CURVE('',#2912,#2952,#2956,.T.);
#2958=ORIENTED_EDGE('',*,*,#2957,.F.);
#2959=ORIENTED_EDGE('',*,*,#2941,.F.);
#2960=CARTESIAN_POINT('',(69.345132244,6.209437613,5.5));
#2961=VERTEX_POINT('',#2960);
#2962=CARTESIAN_POINT('',(69.345132244,30.209437613,5.5));
#2963=DIRECTION('',(0.,-1.,0.));
#2964=VECTOR('',#2963,24.);
#2965=LINE('',#2962,#2964);
#2966=EDGE_CURVE('',#2930,#2961,#2965,.T.);
#2967=ORIENTED_EDGE('',*,*,#2966,.T.);
#2968=CARTESIAN_POINT('',(69.345132244,6.209437613,5.5));
#2969=DIRECTION('',(0.,0.,-1.));
#2970=VECTOR('',#2969,6.5);
#2971=LINE('',#2968,#2970);
#2972=EDGE_CURVE('',#2961,#2952,#2971,.T.);
#2973=ORIENTED_EDGE('',*,*,#2972,.T.);
#2974=EDGE_LOOP('',(#2958,#2959,#2967,#2973));
#2975=FACE_BOUND('',#2974,.T.);
#2976=ADVANCED_FACE('',(#2975),#2950,.T.);
#2977=CARTESIAN_POINT('',(73.345132244,-0.236062387,3.));
#2978=DIRECTION('',(-0.849678863,-0.527300512,0.));
#2979=DIRECTION('',(0.527300512,-0.849678863,0.));
#2980=AXIS2_PLACEMENT_3D('',#2977,#2978,#2979);
#2981=PLANE('',#2980);
#2982=CARTESIAN_POINT('',(77.345132244,-6.681562387,-1.));
#2983=VERTEX_POINT('',#2982);
#2984=CARTESIAN_POINT('',(77.345132244,-6.681562387,-1.));
#2985=DIRECTION('',(-0.527300512,0.849678863,0.));
#2986=VECTOR('',#2985,15.171614318);
#2987=LINE('',#2984,#2986);
#2988=EDGE_CURVE('',#2983,#2952,#2987,.T.);
#2989=ORIENTED_EDGE('',*,*,#2988,.T.);
#2990=ORIENTED_EDGE('',*,*,#2972,.F.);
#2991=CARTESIAN_POINT('',(77.345132244,-6.681562387,5.5));
#2992=VERTEX_POINT('',#2991);
#2993=CARTESIAN_POINT('',(77.345132244,-6.681562387,5.5));
#2994=DIRECTION('',(-0.527300512,0.849678863,0.));
#2995=VECTOR('',#2994,15.171614318);
#2996=LINE('',#2993,#2995);
#2997=EDGE_CURVE('',#2992,#2961,#2996,.T.);
#2998=ORIENTED_EDGE('',*,*,#2997,.F.);
#2999=CARTESIAN_POINT('',(77.345132244,-6.681562387,5.5));
#3000=DIRECTION('',(0.,0.,-1.));
#3001=VECTOR('',#3000,6.5);
#3002=LINE('',#2999,#3001);
#3003=EDGE_CURVE('',#2992,#2983,#3002,.T.);
#3004=ORIENTED_EDGE('',*,*,#3003,.T.);
#3005=EDGE_LOOP('',(#2989,#2990,#2998,#3004));
#3006=FACE_BOUND('',#3005,.T.);
#3007=ADVANCED_FACE('',(#3006),#2981,.F.);
#3008=CARTESIAN_POINT('',(79.872632244,-9.209062387,3.));
#3009=DIRECTION('',(-0.707106781,-0.707106781,0.));
#3010=DIRECTION('',(0.707106781,-0.707106781,0.));
#3011=AXIS2_PLACEMENT_3D('',#3008,#3009,#3010);
#3012=PLANE('',#3011);
#3013=ORIENTED_EDGE('',*,*,#2887,.T.);
#3014=CARTESIAN_POINT('',(80.354486507,-9.690916651,-1.));
#3015=DIRECTION('',(-0.707106781,0.707106781,0.));
#3016=VECTOR('',#3015,4.255869613);
#3017=LINE('',#3014,#3016);
#3018=EDGE_CURVE('',#254,#2983,#3017,.T.);
#3019=ORIENTED_EDGE('',*,*,#3018,.T.);
#3020=ORIENTED_EDGE('',*,*,#3003,.F.);
#3021=CARTESIAN_POINT('',(82.400132244,-11.736562387,5.5));
#3022=VERTEX_POINT('',#3021);
#3023=CARTESIAN_POINT('',(82.400132244,-11.736562387,5.5));
#3024=DIRECTION('',(-0.707106781,0.707106781,0.));
#3025=VECTOR('',#3024,7.148849558);
#3026=LINE('',#3023,#3025);
#3027=EDGE_CURVE('',#3022,#2992,#3026,.T.);
#3028=ORIENTED_EDGE('',*,*,#3027,.F.);
#3029=CARTESIAN_POINT('',(82.400132244,-11.736562387,5.5));
#3030=DIRECTION('',(0.,0.,-1.));
#3031=VECTOR('',#3030,6.5);
#3032=LINE('',#3029,#3031);
#3033=EDGE_CURVE('',#3022,#2882,#3032,.T.);
#3034=ORIENTED_EDGE('',*,*,#3033,.T.);
#3035=EDGE_LOOP('',(#3013,#3019,#3020,#3028,#3034));
#3036=FACE_BOUND('',#3035,.T.);
#3037=ADVANCED_FACE('',(#3036),#3012,.F.);
#3038=CARTESIAN_POINT('',(91.312133244,-11.736562387,3.));
#3039=DIRECTION('',(0.,-1.,0.));
#3040=DIRECTION('',(1.,0.,0.));
#3041=AXIS2_PLACEMENT_3D('',#3038,#3039,#3040);
#3042=PLANE('',#3041);
#3043=ORIENTED_EDGE('',*,*,#2895,.T.);
#3044=ORIENTED_EDGE('',*,*,#3033,.F.);
#3045=CARTESIAN_POINT('',(100.224134244,-11.736562387,5.5));
#3046=VERTEX_POINT('',#3045);
#3047=CARTESIAN_POINT('',(100.224134244,-11.736562387,5.5));
#3048=DIRECTION('',(-1.,-0.,0.));
#3049=VECTOR('',#3048,17.824002);
#3050=LINE('',#3047,#3049);
#3051=EDGE_CURVE('',#3046,#3022,#3050,.T.);
#3052=ORIENTED_EDGE('',*,*,#3051,.F.);
#3053=CARTESIAN_POINT('',(100.224134244,-11.736562387,5.5));
#3054=DIRECTION('',(0.,0.,-1.));
#3055=VECTOR('',#3054,6.5);
#3056=LINE('',#3053,#3055);
#3057=EDGE_CURVE('',#3046,#2890,#3056,.T.);
#3058=ORIENTED_EDGE('',*,*,#3057,.T.);
#3059=EDGE_LOOP('',(#3043,#3044,#3052,#3058));
#3060=FACE_BOUND('',#3059,.T.);
#3061=ADVANCED_FACE('',(#3060),#3042,.F.);
#3062=CARTESIAN_POINT('',(102.784633244,-9.263562387,3.));
#3063=DIRECTION('',(0.694709951,-0.719289986,0.));
#3064=DIRECTION('',(0.719289986,0.694709951,0.));
#3065=AXIS2_PLACEMENT_3D('',#3062,#3063,#3064);
#3066=PLANE('',#3065);
#3067=CARTESIAN_POINT('',(105.345132244,-6.790562387,-1.));
#3068=VERTEX_POINT('',#3067);
#3069=CARTESIAN_POINT('',(105.345132244,-6.790562387,-1.));
#3070=DIRECTION('',(-0.719289986,-0.694709951,0.));
#3071=VECTOR('',#3070,6.047638968);
#3072=LINE('',#3069,#3071);
#3073=EDGE_CURVE('',#3068,#346,#3072,.T.);
#3074=ORIENTED_EDGE('',*,*,#3073,.T.);
#3075=ORIENTED_EDGE('',*,*,#2901,.T.);
#3076=ORIENTED_EDGE('',*,*,#3057,.F.);
#3077=CARTESIAN_POINT('',(105.345132244,-6.790562387,5.5));
#3078=VERTEX_POINT('',#3077);
#3079=CARTESIAN_POINT('',(105.345132244,-6.790562387,5.5));
#3080=DIRECTION('',(-0.719289986,-0.694709951,0.));
#3081=VECTOR('',#3080,7.119517997);
#3082=LINE('',#3079,#3081);
#3083=EDGE_CURVE('',#3078,#3046,#3082,.T.);
#3084=ORIENTED_EDGE('',*,*,#3083,.F.);
#3085=CARTESIAN_POINT('',(105.345132244,-6.790562387,5.5));
#3086=DIRECTION('',(0.,0.,-1.));
#3087=VECTOR('',#3086,6.5);
#3088=LINE('',#3085,#3087);
#3089=EDGE_CURVE('',#3078,#3068,#3088,.T.);
#3090=ORIENTED_EDGE('',*,*,#3089,.T.);
#3091=EDGE_LOOP('',(#3074,#3075,#3076,#3084,#3090));
#3092=FACE_BOUND('',#3091,.T.);
#3093=ADVANCED_FACE('',(#3092),#3066,.F.);
#3094=CARTESIAN_POINT('',(109.345132244,-0.290562387,3.));
#3095=DIRECTION('',(0.851658317,-0.524097426,0.));
#3096=DIRECTION('',(0.524097426,0.851658317,0.));
#3097=AXIS2_PLACEMENT_3D('',#3094,#3095,#3096);
#3098=PLANE('',#3097);
#3099=CARTESIAN_POINT('',(113.345132244,6.209437613,-1.));
#3100=VERTEX_POINT('',#3099);
#3101=CARTESIAN_POINT('',(113.345132244,6.209437613,-1.));
#3102=DIRECTION('',(-0.524097426,-0.851658317,0.));
#3103=VECTOR('',#3102,15.264337522);
#3104=LINE('',#3101,#3103);
#3105=EDGE_CURVE('',#3100,#3068,#3104,.T.);
#3106=ORIENTED_EDGE('',*,*,#3105,.T.);
#3107=ORIENTED_EDGE('',*,*,#3089,.F.);
#3108=CARTESIAN_POINT('',(113.345132244,6.209437613,5.5));
#3109=VERTEX_POINT('',#3108);
#3110=CARTESIAN_POINT('',(113.345132244,6.209437613,5.5));
#3111=DIRECTION('',(-0.524097426,-0.851658317,0.));
#3112=VECTOR('',#3111,15.264337522);
#3113=LINE('',#3110,#3112);
#3114=EDGE_CURVE('',#3109,#3078,#3113,.T.);
#3115=ORIENTED_EDGE('',*,*,#3114,.F.);
#3116=CARTESIAN_POINT('',(113.345132244,6.209437613,5.5));
#3117=DIRECTION('',(0.,0.,-1.));
#3118=VECTOR('',#3117,6.5);
#3119=LINE('',#3116,#3118);
#3120=EDGE_CURVE('',#3109,#3100,#3119,.T.);
#3121=ORIENTED_EDGE('',*,*,#3120,.T.);
#3122=EDGE_LOOP('',(#3106,#3107,#3115,#3121));
#3123=FACE_BOUND('',#3122,.T.);
#3124=ADVANCED_FACE('',(#3123),#3098,.F.);
#3125=CARTESIAN_POINT('',(113.345132244,18.209437613,3.));
#3126=DIRECTION('',(1.,0.,0.));
#3127=DIRECTION('',(0.,0.,-1.));
#3128=AXIS2_PLACEMENT_3D('',#3125,#3126,#3127);
#3129=PLANE('',#3128);
#3130=CARTESIAN_POINT('',(113.345132244,30.209437613,-1.));
#3131=VERTEX_POINT('',#3130);
#3132=CARTESIAN_POINT('',(113.345132244,30.209437613,-1.));
#3133=DIRECTION('',(0.,-1.,0.));
#3134=VECTOR('',#3133,24.);
#3135=LINE('',#3132,#3134);
#3136=EDGE_CURVE('',#3131,#3100,#3135,.T.);
#3137=ORIENTED_EDGE('',*,*,#3136,.T.);
#3138=ORIENTED_EDGE('',*,*,#3120,.F.);
#3139=CARTESIAN_POINT('',(113.345132244,30.209437613,5.5));
#3140=VERTEX_POINT('',#3139);
#3141=CARTESIAN_POINT('',(113.345132244,30.209437613,5.5));
#3142=DIRECTION('',(0.,-1.,0.));
#3143=VECTOR('',#3142,24.);
#3144=LINE('',#3141,#3143);
#3145=EDGE_CURVE('',#3140,#3109,#3144,.T.);
#3146=ORIENTED_EDGE('',*,*,#3145,.F.);
#3147=CARTESIAN_POINT('',(113.345132244,30.209437613,5.5));
#3148=DIRECTION('',(0.,0.,-1.));
#3149=VECTOR('',#3148,6.5);
#3150=LINE('',#3147,#3149);
#3151=EDGE_CURVE('',#3140,#3131,#3150,.T.);
#3152=ORIENTED_EDGE('',*,*,#3151,.T.);
#3153=EDGE_LOOP('',(#3137,#3138,#3146,#3152));
#3154=FACE_BOUND('',#3153,.T.);
#3155=ADVANCED_FACE('',(#3154),#3129,.F.);
#3156=CARTESIAN_POINT('',(109.345132244,34.209437613,3.));
#3157=DIRECTION('',(0.707106781,0.707106781,0.));
#3158=DIRECTION('',(-0.707106781,0.707106781,0.));
#3159=AXIS2_PLACEMENT_3D('',#3156,#3157,#3158);
#3160=PLANE('',#3159);
#3161=CARTESIAN_POINT('',(105.345132244,38.209437613,-1.));
#3162=VERTEX_POINT('',#3161);
#3163=CARTESIAN_POINT('',(105.345132244,38.209437613,-1.));
#3164=DIRECTION('',(0.707106781,-0.707106781,0.));
#3165=VECTOR('',#3164,11.313708499);
#3166=LINE('',#3163,#3165);
#3167=EDGE_CURVE('',#3162,#3131,#3166,.T.);
#3168=ORIENTED_EDGE('',*,*,#3167,.T.);
#3169=ORIENTED_EDGE('',*,*,#3151,.F.);
#3170=CARTESIAN_POINT('',(105.345132244,38.209437613,5.5));
#3171=VERTEX_POINT('',#3170);
#3172=CARTESIAN_POINT('',(105.345132244,38.209437613,5.5));
#3173=DIRECTION('',(0.707106781,-0.707106781,0.));
#3174=VECTOR('',#3173,11.313708499);
#3175=LINE('',#3172,#3174);
#3176=EDGE_CURVE('',#3171,#3140,#3175,.T.);
#3177=ORIENTED_EDGE('',*,*,#3176,.F.);
#3178=CARTESIAN_POINT('',(105.345132244,38.209437613,5.5));
#3179=DIRECTION('',(0.,0.,-1.));
#3180=VECTOR('',#3179,6.5);
#3181=LINE('',#3178,#3180);
#3182=EDGE_CURVE('',#3171,#3162,#3181,.T.);
#3183=ORIENTED_EDGE('',*,*,#3182,.T.);
#3184=EDGE_LOOP('',(#3168,#3169,#3177,#3183));
#3185=FACE_BOUND('',#3184,.T.);
#3186=ADVANCED_FACE('',(#3185),#3160,.F.);
#3187=CARTESIAN_POINT('',(91.345132244,38.209437613,3.));
#3188=DIRECTION('',(0.,1.,0.));
#3189=DIRECTION('',(0.,0.,1.));
#3190=AXIS2_PLACEMENT_3D('',#3187,#3188,#3189);
#3191=PLANE('',#3190);
#3192=CARTESIAN_POINT('',(77.345132244,38.209437613,-1.));
#3193=DIRECTION('',(1.,0.,-0.));
#3194=VECTOR('',#3193,28.);
#3195=LINE('',#3192,#3194);
#3196=EDGE_CURVE('',#2914,#3162,#3195,.T.);
#3197=ORIENTED_EDGE('',*,*,#3196,.T.);
#3198=ORIENTED_EDGE('',*,*,#3182,.F.);
#3199=CARTESIAN_POINT('',(77.345132244,38.209437613,5.5));
#3200=DIRECTION('',(1.,0.,-0.));
#3201=VECTOR('',#3200,28.);
#3202=LINE('',#3199,#3201);
#3203=EDGE_CURVE('',#2922,#3171,#3202,.T.);
#3204=ORIENTED_EDGE('',*,*,#3203,.F.);
#3205=ORIENTED_EDGE('',*,*,#2927,.T.);
#3206=EDGE_LOOP('',(#3197,#3198,#3204,#3205));
#3207=FACE_BOUND('',#3206,.T.);
#3208=ADVANCED_FACE('',(#3207),#3191,.F.);
#3209=CARTESIAN_POINT('',(112.325706837,-21.000318167,5.5));
#3210=CARTESIAN_POINT('',(112.325706837,-21.000318167,3.));
#3211=CARTESIAN_POINT('',(112.325706837,-21.000318167,0.));
#3212=CARTESIAN_POINT('',(112.325706837,-21.000318167,-1.));
#3213=CARTESIAN_POINT('',(108.139596209,-22.026656476,5.5));
#3214=CARTESIAN_POINT('',(108.139596209,-22.026656476,3.));
#3215=CARTESIAN_POINT('',(108.139596209,-22.026656476,0.));
#3216=CARTESIAN_POINT('',(108.139596209,-22.026656476,-1.));
#3217=CARTESIAN_POINT('',(100.325706837,-18.000318167,5.5));
#3218=CARTESIAN_POINT('',(100.325706837,-18.000318167,3.));
#3219=CARTESIAN_POINT('',(100.325706837,-18.000318167,0.));
#3220=CARTESIAN_POINT('',(100.325706837,-18.000318167,-1.));
#3221=B_SPLINE_SURFACE_WITH_KNOTS('',2,1,((#3209,#3210,#3211,#3212),(#3213,#3214,#3215,#3216),(#3217,#3218,#3219,#3220)),.UNSPECIFIED.,.F.,.F.,.U.,(3,3),(2,1,1,2),(0.,1.),(-0.833333333,0.,1.,1.333333333),.UNSPECIFIED.);
#3222=CARTESIAN_POINT('',(112.325706837,-21.000318167,-1.));
#3223=VERTEX_POINT('',#3222);
#3224=CARTESIAN_POINT('',(100.325706837,-18.000318167,-1.));
#3225=VERTEX_POINT('',#3224);
#3226=CARTESIAN_POINT('',(112.325706837,-21.000318167,-1.));
#3227=CARTESIAN_POINT('',(111.808655019,-21.127087413,-1.));
#3228=CARTESIAN_POINT('',(111.289368631,-21.187754249,-1.));
#3229=CARTESIAN_POINT('',(110.768587852,-21.204214371,-1.));
#3230=CARTESIAN_POINT('',(110.247807072,-21.220674493,-1.));
#3231=CARTESIAN_POINT('',(109.725513855,-21.192394128,-1.));
#3232=CARTESIAN_POINT('',(109.202118262,-21.131503551,-1.));
#3233=CARTESIAN_POINT('',(108.940420465,-21.101058262,-1.));
#3234=CARTESIAN_POINT('',(108.679127133,-21.062409949,-1.));
#3235=CARTESIAN_POINT('',(108.420087272,-21.017125449,-1.));
#3236=CARTESIAN_POINT('',(108.16104741,-20.97184095,-1.));
#3237=CARTESIAN_POINT('',(107.903631512,-20.919852799,-1.));
#3238=CARTESIAN_POINT('',(107.647597482,-20.862160349,-1.));
#3239=CARTESIAN_POINT('',(107.135529422,-20.746775449,-1.));
#3240=CARTESIAN_POINT('',(106.628951587,-20.608727124,-1.));
#3241=CARTESIAN_POINT('',(106.126519465,-20.453565466,-1.));
#3242=CARTESIAN_POINT('',(105.624087342,-20.298403808,-1.));
#3243=CARTESIAN_POINT('',(105.125638199,-20.125937441,-1.));
#3244=CARTESIAN_POINT('',(104.633573174,-19.941175815,-1.));
#3245=CARTESIAN_POINT('',(104.141508149,-19.756414189,-1.));
#3246=CARTESIAN_POINT('',(103.654914269,-19.559053084,-1.));
#3247=CARTESIAN_POINT('',(103.17268079,-19.351650433,-1.));
#3248=CARTESIAN_POINT('',(102.208213832,-18.93684513,-1.));
#3249=CARTESIAN_POINT('',(101.261018438,-18.482265216,-1.));
#3250=CARTESIAN_POINT('',(100.325706837,-18.000318167,-1.));
#3251=B_SPLINE_CURVE_WITH_KNOTS('',3,(#3226,#3227,#3228,#3229,#3230,#3231,#3232,#3233,#3234,#3235,#3236,#3237,#3238,#3239,#3240,#3241,#3242,#3243,#3244,#3245,#3246,#3247,#3248,#3249,#3250),.UNSPECIFIED.,.F.,.F.,(4,3,3,3,3,3,3,3,4),(0.,0.001563119,0.003126238,0.003907797,0.004689356,0.006252475,0.007815594,0.009378713,0.01250495),.UNSPECIFIED.);
#3252=EDGE_CURVE('',#3223,#3225,#3251,.T.);
#3253=ORIENTED_EDGE('',*,*,#3252,.F.);
#3254=CARTESIAN_POINT('',(112.325706837,-21.000318167,5.5));
#3255=VERTEX_POINT('',#3254);
#3256=CARTESIAN_POINT('',(112.325706837,-21.000318167,5.5));
#3257=DIRECTION('',(0.,0.,-1.));
#3258=VECTOR('',#3257,6.5);
#3259=LINE('',#3256,#3258);
#3260=EDGE_CURVE('',#3255,#3223,#3259,.T.);
#3261=ORIENTED_EDGE('',*,*,#3260,.F.);
#3262=CARTESIAN_POINT('',(100.325706837,-18.000318167,5.5));
#3263=VERTEX_POINT('',#3262);
#3264=CARTESIAN_POINT('',(112.325706837,-21.000318167,5.5));
#3265=CARTESIAN_POINT('',(108.139596209,-22.026656476,5.5));
#3266=CARTESIAN_POINT('',(100.325706837,-18.000318167,5.5));
#3267=B_SPLINE_CURVE_WITH_KNOTS('',2,(#3264,#3265,#3266),.UNSPECIFIED.,.F.,.F.,(3,3),(0.,1.),.UNSPECIFIED.);
#3268=EDGE_CURVE('',#3255,#3263,#3267,.T.);
#3269=ORIENTED_EDGE('',*,*,#3268,.T.);
#3270=CARTESIAN_POINT('',(100.325706837,-18.000318167,5.5));
#3271=DIRECTION('',(0.,0.,-1.));
#3272=VECTOR('',#3271,6.5);
#3273=LINE('',#3270,#3272);
#3274=EDGE_CURVE('',#3263,#3225,#3273,.T.);
#3275=ORIENTED_EDGE('',*,*,#3274,.T.);
#3276=EDGE_LOOP('',(#3253,#3261,#3269,#3275));
#3277=FACE_BOUND('',#3276,.T.);
#3278=ADVANCED_FACE('',(#3277),#3221,.T.);
#3279=CARTESIAN_POINT('',(100.325706837,-18.000318167,5.5));
#3280=CARTESIAN_POINT('',(100.325706837,-18.000318167,3.));
#3281=CARTESIAN_POINT('',(100.325706837,-18.000318167,0.));
#3282=CARTESIAN_POINT('',(100.325706837,-18.000318167,-1.));
#3283=CARTESIAN_POINT('',(89.143554095,-12.640021002,5.5));
#3284=CARTESIAN_POINT('',(89.143554095,-12.640021002,3.));
#3285=CARTESIAN_POINT('',(89.143554095,-12.640021002,0.));
#3286=CARTESIAN_POINT('',(89.143554095,-12.640021002,-1.));
#3287=CARTESIAN_POINT('',(78.696289285,-24.077308952,5.5));
#3288=CARTESIAN_POINT('',(78.696289285,-24.077308952,3.));
#3289=CARTESIAN_POINT('',(78.696289285,-24.077308952,0.));
#3290=CARTESIAN_POINT('',(78.696289285,-24.077308952,-1.));
#3291=CARTESIAN_POINT('',(63.514233855,-21.872792559,5.5));
#3292=CARTESIAN_POINT('',(63.514233855,-21.872792559,3.));
#3293=CARTESIAN_POINT('',(63.514233855,-21.872792559,0.));
#3294=CARTESIAN_POINT('',(63.514233855,-21.872792559,-1.));
#3295=CARTESIAN_POINT('',(56.438723706,-8.589341091,5.5));
#3296=CARTESIAN_POINT('',(56.438723706,-8.589341091,3.));
#3297=CARTESIAN_POINT('',(56.438723706,-8.589341091,0.));
#3298=CARTESIAN_POINT('',(56.438723706,-8.589341091,-1.));
#3299=CARTESIAN_POINT('',(70.346911194,0.354738889,5.5));
#3300=CARTESIAN_POINT('',(70.346911194,0.354738889,3.));
#3301=CARTESIAN_POINT('',(70.346911194,0.354738889,0.));
#3302=CARTESIAN_POINT('',(70.346911194,0.354738889,-1.));
#3303=CARTESIAN_POINT('',(63.909281751,8.315288218,5.5));
#3304=CARTESIAN_POINT('',(63.909281751,8.315288218,3.));
#3305=CARTESIAN_POINT('',(63.909281751,8.315288218,0.));
#3306=CARTESIAN_POINT('',(63.909281751,8.315288218,-1.));
#3307=B_SPLINE_SURFACE_WITH_KNOTS('',3,1,((#3279,#3280,#3281,#3282),(#3283,#3284,#3285,#3286),(#3287,#3288,#3289,#3290),(#3291,#3292,#3293,#3294),(#3295,#3296,#3297,#3298),(#3299,#3300,#3301,#3302),(#3303,#3304,#3305,#3306)),.UNSPECIFIED.,.F.,.F.,.U.,(4,1,1,1,4),(2,1,1,2),(0.,0.309938095,0.51590938,0.715292341,0.992144135),(-0.833333333,0.,1.,1.333333333),.UNSPECIFIED.);
#3308=CARTESIAN_POINT('',(63.909272178,8.315280477,5.5));
#3309=VERTEX_POINT('',#3308);
#3310=CARTESIAN_POINT('',(100.325706837,-18.000318167,5.5));
#3311=CARTESIAN_POINT('',(98.678879804,-17.210892152,5.5));
#3312=CARTESIAN_POINT('',(97.08773594,-16.734612652,5.5));
#3313=CARTESIAN_POINT('',(95.585674175,-16.284998231,5.5));
#3314=CARTESIAN_POINT('',(94.117714777,-16.110832957,5.5));
#3315=CARTESIAN_POINT('',(92.745948768,-15.948080498,5.5));
#3316=CARTESIAN_POINT('',(91.384356063,-16.024840188,5.5));
#3317=CARTESIAN_POINT('',(90.130071793,-16.095550373,5.5));
#3318=CARTESIAN_POINT('',(88.856372516,-16.372495449,5.5));
#3319=CARTESIAN_POINT('',(87.709625724,-16.621836784,5.5));
#3320=CARTESIAN_POINT('',(86.502476855,-17.049659846,5.5));
#3321=CARTESIAN_POINT('',(85.461939532,-17.418434464,5.5));
#3322=CARTESIAN_POINT('',(84.291381795,-17.952194484,5.5));
#3323=CARTESIAN_POINT('',(83.791442185,-18.180160835,5.5));
#3324=CARTESIAN_POINT('',(83.229607214,-18.455432239,5.5));
#3325=CARTESIAN_POINT('',(82.765549024,-18.682797847,5.5));
#3326=CARTESIAN_POINT('',(82.191800054,-18.975960468,5.5));
#3327=CARTESIAN_POINT('',(81.859318989,-19.145844905,5.5));
#3328=CARTESIAN_POINT('',(81.174049402,-19.50076181,5.5));
#3329=CARTESIAN_POINT('',(80.512875389,-19.843199063,5.5));
#3330=CARTESIAN_POINT('',(80.172444349,-20.016818904,5.5));
#3331=CARTESIAN_POINT('',(79.622918673,-20.297077015,5.5));
#3332=CARTESIAN_POINT('',(79.183073985,-20.511114386,5.5));
#3333=CARTESIAN_POINT('',(78.660214155,-20.765548613,5.5));
#3334=CARTESIAN_POINT('',(78.202027398,-20.970630895,5.5));
#3335=CARTESIAN_POINT('',(77.149530008,-21.44172388,5.5));
#3336=CARTESIAN_POINT('',(76.249267131,-21.733267806,5.5));
#3337=CARTESIAN_POINT('',(75.280213944,-22.047089001,5.5));
#3338=CARTESIAN_POINT('',(74.294845252,-22.224142296,5.5));
#3339=CARTESIAN_POINT('',(73.325737862,-22.398273724,5.5));
#3340=CARTESIAN_POINT('',(72.356924054,-22.436418138,5.5));
#3341=CARTESIAN_POINT('',(71.400255347,-22.474084372,5.5));
#3342=CARTESIAN_POINT('',(70.460985992,-22.377663098,5.5));
#3343=CARTESIAN_POINT('',(69.529389582,-22.282029495,5.5));
#3344=CARTESIAN_POINT('',(68.632513522,-22.055444942,5.5));
#3345=CARTESIAN_POINT('',(67.738808411,-21.829661489,5.5));
#3346=CARTESIAN_POINT('',(66.896989098,-21.477331435,5.5));
#3347=CARTESIAN_POINT('',(66.054168689,-21.124582388,5.5));
#3348=CARTESIAN_POINT('',(65.279895176,-20.650890344,5.5));
#3349=CARTESIAN_POINT('',(64.502566601,-20.175329247,5.5));
#3350=CARTESIAN_POINT('',(63.807231682,-19.584298574,5.5));
#3351=CARTESIAN_POINT('',(63.107426708,-18.98946838,5.5));
#3352=CARTESIAN_POINT('',(62.517424802,-18.300360566,5.5));
#3353=CARTESIAN_POINT('',(61.919365085,-17.601841425,5.5));
#3354=CARTESIAN_POINT('',(61.461625514,-16.836859713,5.5));
#3355=CARTESIAN_POINT('',(60.993185106,-16.053994588,5.5));
#3356=CARTESIAN_POINT('',(60.691561983,-15.232258841,5.5));
#3357=CARTESIAN_POINT('',(60.380568406,-14.384994423,5.5));
#3358=CARTESIAN_POINT('',(60.258962374,-13.525020777,5.5));
#3359=CARTESIAN_POINT('',(60.132905912,-12.633574581,5.5));
#3360=CARTESIAN_POINT('',(60.215554851,-11.753608349,5.5));
#3361=CARTESIAN_POINT('',(60.30127108,-10.840984564,5.5));
#3362=CARTESIAN_POINT('',(60.613015201,-9.956470103,5.5));
#3363=CARTESIAN_POINT('',(60.765058946,-9.525074988,5.5));
#3364=CARTESIAN_POINT('',(60.984529292,-9.05789997,5.5));
#3365=CARTESIAN_POINT('',(61.184719166,-8.631766281,5.5));
#3366=CARTESIAN_POINT('',(61.450252785,-8.15767018,5.5));
#3367=CARTESIAN_POINT('',(61.684148107,-7.740062571,5.5));
#3368=CARTESIAN_POINT('',(61.987650631,-7.25268274,5.5));
#3369=CARTESIAN_POINT('',(62.233409201,-6.858031098,5.5));
#3370=CARTESIAN_POINT('',(62.574187781,-6.339839659,5.5));
#3371=CARTESIAN_POINT('',(62.699492405,-6.149300148,5.5));
#3372=CARTESIAN_POINT('',(63.187329183,-5.416042943,5.5));
#3373=CARTESIAN_POINT('',(63.569552676,-4.841530845,5.5));
#3374=CARTESIAN_POINT('',(63.804539789,-4.478194599,5.5));
#3375=CARTESIAN_POINT('',(64.140180195,-3.959228585,5.5));
#3376=CARTESIAN_POINT('',(64.403284549,-3.523196634,5.5));
#3377=CARTESIAN_POINT('',(64.712121294,-3.011374286,5.5));
#3378=CARTESIAN_POINT('',(64.961028413,-2.547951057,5.5));
#3379=CARTESIAN_POINT('',(65.534118939,-1.480952802,5.5));
#3380=CARTESIAN_POINT('',(65.863373255,-0.524325092,5.5));
#3381=CARTESIAN_POINT('',(66.241029275,0.572930726,5.5));
#3382=CARTESIAN_POINT('',(66.331293916,1.617467237,5.5));
#3383=CARTESIAN_POINT('',(66.430805555,2.76900941,5.5));
#3384=CARTESIAN_POINT('',(66.184509998,3.902209873,5.5));
#3385=CARTESIAN_POINT('',(65.918684126,5.125268892,5.5));
#3386=CARTESIAN_POINT('',(65.242741105,6.354686758,5.5));
#3387=CARTESIAN_POINT('',(64.70760742,7.327997957,5.5));
#3388=CARTESIAN_POINT('',(63.909262605,8.315272736,5.5));
#3389=B_SPLINE_CURVE_WITH_KNOTS('',2,(#3310,#3311,#3312,#3313,#3314,#3315,#3316,#3317,#3318,#3319,#3320,#3321,#3322,#3323,#3324,#3325,#3326,#3327,#3328,#3329,#3330,#3331,#3332,#3333,#3334,#3335,
#3336,#3337,#3338,#3339,#3340,#3341,#3342,#3343,#3344,#3345,#3346,#3347,#3348,#3349,#3350,#3351,#3352,#3353,#3354,#3355,#3356,#3357,#3358,#3359,#3360,
#3361,#3362,#3363,#3364,#3365,#3366,#3367,#3368,#3369,#3370,#3371,#3372,#3373,#3374,#3375,#3376,#3377,#3378,#3379,#3380,#3381,#3382,#3383,#3384,#3385,
#3386,#3387,#3388),.UNSPECIFIED.,.F.,.F.,(3,2,2,2,2,2,2,2,2,2,2,2,2,2,2,2,2,2,2,2,2,2,2,2,2,2,
2,2,2,2,2,2,2,2,2,2,2,2,2,3),(0.,0.03125,0.0625,0.09375,0.125,0.15625,0.1875,0.203125,0.21875,0.234375,0.25,0.265625,0.28125,0.3125,0.34375,0.375,0.40625,0.4375,0.46875,0.5,0.53125,0.5625,0.59375,0.625,0.65625,0.6875,
0.71875,0.734375,0.75,0.765625,0.78125,0.796875,0.8125,0.828125,0.84375,0.875,0.90625,0.9375,0.96875,0.99197091),.UNSPECIFIED.);
#3390=EDGE_CURVE('',#3263,#3309,#3389,.T.);
#3391=ORIENTED_EDGE('',*,*,#3390,.T.);
#3392=CARTESIAN_POINT('',(63.909281753,8.315288216,-1.));
#3393=VERTEX_POINT('',#3392);
#3394=CARTESIAN_POINT('',(63.909281753,8.315288216,5.5));
#3395=DIRECTION('',(0.,0.,-1.));
#3396=VECTOR('',#3395,6.5);
#3397=LINE('',#3394,#3396);
#3398=EDGE_CURVE('',#3309,#3393,#3397,.T.);
#3399=ORIENTED_EDGE('',*,*,#3398,.T.);
#3400=CARTESIAN_POINT('',(100.325706837,-18.000318167,-1.));
#3401=CARTESIAN_POINT('',(99.666144345,-17.684149086,-1.));
#3402=CARTESIAN_POINT('',(98.994810865,-17.396791696,-1.));
#3403=CARTESIAN_POINT('',(98.315210747,-17.145498947,-1.));
#3404=CARTESIAN_POINT('',(97.635610629,-16.894206198,-1.));
#3405=CARTESIAN_POINT('',(96.946345961,-16.678279733,-1.));
#3406=CARTESIAN_POINT('',(96.24582334,-16.503550421,-1.));
#3407=CARTESIAN_POINT('',(95.54530072,-16.328821109,-1.));
#3408=CARTESIAN_POINT('',(94.833517288,-16.195299412,-1.));
#3409=CARTESIAN_POINT('',(94.108622439,-16.109757405,-1.));
#3410=CARTESIAN_POINT('',(93.746175014,-16.066986402,-1.));
#3411=CARTESIAN_POINT('',(93.378944729,-16.036211203,-1.));
#3412=CARTESIAN_POINT('',(93.013692904,-16.018499398,-1.));
#3413=CARTESIAN_POINT('',(92.648441079,-16.000787593,-1.));
#3414=CARTESIAN_POINT('',(92.284499328,-15.995954472,-1.));
#3415=CARTESIAN_POINT('',(91.921850649,-16.003832904,-1.));
#3416=CARTESIAN_POINT('',(91.196553293,-16.01958977,-1.));
#3417=CARTESIAN_POINT('',(90.476445472,-16.086362381,-1.));
#3418=CARTESIAN_POINT('',(89.761235691,-16.201285184,-1.));
#3419=CARTESIAN_POINT('',(89.4036308,-16.258746586,-1.));
#3420=CARTESIAN_POINT('',(89.04724696,-16.328211523,-1.));
#3421=CARTESIAN_POINT('',(88.692022717,-16.409075882,-1.));
#3422=CARTESIAN_POINT('',(88.336798473,-16.48994024,-1.));
#3423=CARTESIAN_POINT('',(87.981776259,-16.582496867,-1.));
#3424=CARTESIAN_POINT('',(87.630234268,-16.684935165,-1.));
#3425=CARTESIAN_POINT('',(86.224066303,-17.09468836,-1.));
#3426=CARTESIAN_POINT('',(84.886317012,-17.658239174,-1.));
#3427=CARTESIAN_POINT('',(83.577434191,-18.286678624,-1.));
#3428=CARTESIAN_POINT('',(82.922992781,-18.600898349,-1.));
#3429=CARTESIAN_POINT('',(82.275718764,-18.931229585,-1.));
#3430=CARTESIAN_POINT('',(81.629908572,-19.264851334,-1.));
#3431=CARTESIAN_POINT('',(80.984098379,-19.598473083,-1.));
#3432=CARTESIAN_POINT('',(80.339716884,-19.935509878,-1.));
#3433=CARTESIAN_POINT('',(79.690219223,-20.260622472,-1.));
#3434=CARTESIAN_POINT('',(78.391223901,-20.910847659,-1.));
#3435=CARTESIAN_POINT('',(77.07474372,-21.513224772,-1.));
#3436=CARTESIAN_POINT('',(75.681311722,-21.905019903,-1.));
#3437=CARTESIAN_POINT('',(75.332953723,-22.002968685,-1.));
#3438=CARTESIAN_POINT('',(74.98011666,-22.088660318,-1.));
#3439=CARTESIAN_POINT('',(74.622542879,-22.161389716,-1.));
#3440=CARTESIAN_POINT('',(74.264969098,-22.234119114,-1.));
#3441=CARTESIAN_POINT('',(73.902622501,-22.293727739,-1.));
#3442=CARTESIAN_POINT('',(73.541617396,-22.338911341,-1.));
#3443=CARTESIAN_POINT('',(72.819607187,-22.429278544,-1.));
#3444=CARTESIAN_POINT('',(72.096845646,-22.463606921,-1.));
#3445=CARTESIAN_POINT('',(71.373300885,-22.439518237,-1.));
#3446=CARTESIAN_POINT('',(71.011528505,-22.427473895,-1.));
#3447=CARTESIAN_POINT('',(70.6495595,-22.400764115,-1.));
#3448=CARTESIAN_POINT('',(70.287384035,-22.358655353,-1.));
#3449=CARTESIAN_POINT('',(69.92520857,-22.316546591,-1.));
#3450=CARTESIAN_POINT('',(69.56166505,-22.258668228,-1.));
#3451=CARTESIAN_POINT('',(69.204888317,-22.185975957,-1.));
#3452=CARTESIAN_POINT('',(68.491334851,-22.040591413,-1.));
#3453=CARTESIAN_POINT('',(67.798548592,-21.835943591,-1.));
#3454=CARTESIAN_POINT('',(67.126947861,-21.570838726,-1.));
#3455=CARTESIAN_POINT('',(66.791147496,-21.438286294,-1.));
#3456=CARTESIAN_POINT('',(66.460669331,-21.290545922,-1.));
#3457=CARTESIAN_POINT('',(66.135736881,-21.12697977,-1.));
#3458=CARTESIAN_POINT('',(65.810804432,-20.963413619,-1.));
#3459=CARTESIAN_POINT('',(65.490274706,-20.78324853,-1.));
#3460=CARTESIAN_POINT('',(65.179415392,-20.588709818,-1.));
#3461=CARTESIAN_POINT('',(64.868556077,-20.394171105,-1.));
#3462=CARTESIAN_POINT('',(64.56610071,-20.184490993,-1.));
#3463=CARTESIAN_POINT('',(64.275643565,-19.962220493,-1.));
#3464=CARTESIAN_POINT('',(63.985186421,-19.739949993,-1.));
#3465=CARTESIAN_POINT('',(63.707017803,-19.505587877,-1.));
#3466=CARTESIAN_POINT('',(63.440881808,-19.25938595,-1.));
#3467=CARTESIAN_POINT('',(62.908609817,-18.766982096,-1.));
#3468=CARTESIAN_POINT('',(62.423811995,-18.227864798,-1.));
#3469=CARTESIAN_POINT('',(61.991926961,-17.636682587,-1.));
#3470=CARTESIAN_POINT('',(61.883955702,-17.488887035,-1.));
#3471=CARTESIAN_POINT('',(61.779165778,-17.337468504,-1.));
#3472=CARTESIAN_POINT('',(61.679021162,-17.1842756,-1.));
#3473=CARTESIAN_POINT('',(61.578876546,-17.031082696,-1.));
#3474=CARTESIAN_POINT('',(61.483110638,-16.875781558,-1.));
#3475=CARTESIAN_POINT('',(61.391808318,-16.71833132,-1.));
#3476=CARTESIAN_POINT('',(61.209203677,-16.403430843,-1.));
#3477=CARTESIAN_POINT('',(61.044394847,-16.079962148,-1.));
#3478=CARTESIAN_POINT('',(60.89871654,-15.747282606,-1.));
#3479=CARTESIAN_POINT('',(60.753038234,-15.414603063,-1.));
#3480=CARTESIAN_POINT('',(60.626468853,-15.072723072,-1.));
#3481=CARTESIAN_POINT('',(60.521415754,-14.720483553,-1.));
#3482=CARTESIAN_POINT('',(60.416362655,-14.368244034,-1.));
#3483=CARTESIAN_POINT('',(60.334563906,-14.010738854,-1.));
#3484=CARTESIAN_POINT('',(60.277878691,-13.651519766,-1.));
#3485=CARTESIAN_POINT('',(60.221193477,-13.292300679,-1.));
#3486=CARTESIAN_POINT('',(60.189264933,-12.930212821,-1.));
#3487=CARTESIAN_POINT('',(60.183746729,-12.565064568,-1.));
#3488=CARTESIAN_POINT('',(60.178228525,-12.199916315,-1.));
#3489=CARTESIAN_POINT('',(60.199793413,-11.829521436,-1.));
#3490=CARTESIAN_POINT('',(60.248036588,-11.467893358,-1.));
#3491=CARTESIAN_POINT('',(60.296279762,-11.106265281,-1.));
#3492=CARTESIAN_POINT('',(60.370852438,-10.750818236,-1.));
#3493=CARTESIAN_POINT('',(60.470875374,-10.401345816,-1.));
#3494=CARTESIAN_POINT('',(60.57089831,-10.051873397,-1.));
#3495=CARTESIAN_POINT('',(60.697831753,-9.707505559,-1.));
#3496=CARTESIAN_POINT('',(60.843572121,-9.370247773,-1.));
#3497=CARTESIAN_POINT('',(60.989312488,-9.032989986,-1.));
#3498=CARTESIAN_POINT('',(61.15200926,-8.705645539,-1.));
#3499=CARTESIAN_POINT('',(61.32540891,-8.384558389,-1.));
#3500=CARTESIAN_POINT('',(61.49880856,-8.063471239,-1.));
#3501=CARTESIAN_POINT('',(61.682976273,-7.748679496,-1.));
#3502=CARTESIAN_POINT('',(61.873456042,-7.437578013,-1.));
#3503=CARTESIAN_POINT('',(62.25441558,-6.815375047,-1.));
#3504=CARTESIAN_POINT('',(62.660206872,-6.20768964,-1.));
#3505=CARTESIAN_POINT('',(63.065184855,-5.599528743,-1.));
#3506=CARTESIAN_POINT('',(63.470162839,-4.991367847,-1.));
#3507=CARTESIAN_POINT('',(63.874859322,-4.383041028,-1.));
#3508=CARTESIAN_POINT('',(64.257724916,-3.761836492,-1.));
#3509=CARTESIAN_POINT('',(64.64059051,-3.140631957,-1.));
#3510=CARTESIAN_POINT('',(65.002077125,-2.506816343,-1.));
#3511=CARTESIAN_POINT('',(65.317679988,-1.845934722,-1.));
#3512=CARTESIAN_POINT('',(65.47548142,-1.515493911,-1.));
#3513=CARTESIAN_POINT('',(65.621485342,-1.178353897,-1.));
#3514=CARTESIAN_POINT('',(65.750346838,-0.837347404,-1.));
#3515=CARTESIAN_POINT('',(65.879208334,-0.49634091,-1.));
#3516=CARTESIAN_POINT('',(65.991443612,-0.150454659,-1.));
#3517=CARTESIAN_POINT('',(66.083388711,0.201386714,-1.));
#3518=CARTESIAN_POINT('',(66.175333811,0.553228086,-1.));
#3519=CARTESIAN_POINT('',(66.24699724,0.911022084,-1.));
#3520=CARTESIAN_POINT('',(66.294371481,1.275944903,-1.));
#3521=CARTESIAN_POINT('',(66.341745722,1.640867722,-1.));
#3522=CARTESIAN_POINT('',(66.363684954,2.005934313,-1.));
#3523=CARTESIAN_POINT('',(66.359502609,2.367908913,-1.));
#3524=CARTESIAN_POINT('',(66.355320265,2.729883513,-1.));
#3525=CARTESIAN_POINT('',(66.325177004,3.089804173,-1.));
#3526=CARTESIAN_POINT('',(66.269363637,3.4476939,-1.));
#3527=CARTESIAN_POINT('',(66.241456954,3.626638764,-1.));
#3528=CARTESIAN_POINT('',(66.207143113,3.805076715,-1.));
#3529=CARTESIAN_POINT('',(66.166493748,3.983013421,-1.));
#3530=CARTESIAN_POINT('',(66.125844383,4.160950127,-1.));
#3531=CARTESIAN_POINT('',(66.078653267,4.339050248,-1.));
#3532=CARTESIAN_POINT('',(66.025745782,4.514969082,-1.));
#3533=CARTESIAN_POINT('',(65.81411584,5.21864442,-1.));
#3534=CARTESIAN_POINT('',(65.515333185,5.880198021,-1.));
#3535=CARTESIAN_POINT('',(65.154661091,6.511839867,-1.));
#3536=CARTESIAN_POINT('',(64.974325044,6.82766079,-1.));
#3537=CARTESIAN_POINT('',(64.777972965,7.136409265,-1.));
#3538=CARTESIAN_POINT('',(64.568951117,7.437562062,-1.));
#3539=CARTESIAN_POINT('',(64.359929268,7.738714859,-1.));
#3540=CARTESIAN_POINT('',(64.139374543,8.030765449,-1.));
#3541=CARTESIAN_POINT('',(63.909281753,8.315288216,-1.));
#3542=B_SPLINE_CURVE_WITH_KNOTS('',3,(#3400,#3401,#3402,#3403,#3404,#3405,#3406,#3407,#3408,#3409,#3410,#3411,#3412,#3413,#3414,#3415,#3416,#3417,#3418,#3419,#3420,#3421,#3422,#3423,#3424,#3425,
#3426,#3427,#3428,#3429,#3430,#3431,#3432,#3433,#3434,#3435,#3436,#3437,#3438,#3439,#3440,#3441,#3442,#3443,#3444,#3445,#3446,#3447,#3448,#3449,#3450,
#3451,#3452,#3453,#3454,#3455,#3456,#3457,#3458,#3459,#3460,#3461,#3462,#3463,#3464,#3465,#3466,#3467,#3468,#3469,#3470,#3471,#3472,#3473,#3474,#3475,
#3476,#3477,#3478,#3479,#3480,#3481,#3482,#3483,#3484,#3485,#3486,#3487,#3488,#3489,#3490,#3491,#3492,#3493,#3494,#3495,#3496,#3497,#3498,#3499,#3500,
#3501,#3502,#3503,#3504,#3505,#3506,#3507,#3508,#3509,#3510,#3511,#3512,#3513,#3514,#3515,#3516,#3517,#3518,#3519,#3520,#3521,#3522,#3523,#3524,#3525,
#3526,#3527,#3528,#3529,#3530,#3531,#3532,#3533,#3534,#3535,#3536,#3537,#3538,#3539,#3540,#3541),.UNSPECIFIED.,.F.,.F.,(4,3,3,3,3,3,3,3,3,3,3,3,3,3,3,3,3,3,3,3,3,3,3,3,3,3,
3,3,3,3,3,3,3,3,3,3,3,3,3,3,3,3,3,3,3,3,3,4),(0.407726528,0.409920467,0.412114405,0.414308344,0.415405314,0.416502283,0.418696222,0.419793191,0.420890161,0.425278038,0.427471977,0.429665916,0.434053794,0.435150763,0.436247732,0.438441671,0.439538641,0.44063561,0.442829549,0.443926518,0.445023488,0.446120457,0.447217427,0.449411365,0.44995985,0.450508335,
0.451605304,0.452702274,0.453799243,0.454896212,0.455993182,0.457090151,0.458187121,0.45928409,0.46038106,0.462574998,0.464768937,0.466962876,0.468059845,0.469156815,0.470253784,0.471350754,0.472447723,0.472996208,0.473544692,0.475738631,0.476835601,0.47793257),.UNSPECIFIED.);
#3543=EDGE_CURVE('',#3225,#3393,#3542,.T.);
#3544=ORIENTED_EDGE('',*,*,#3543,.F.);
#3545=ORIENTED_EDGE('',*,*,#3274,.F.);
#3546=EDGE_LOOP('',(#3391,#3399,#3544,#3545));
#3547=FACE_BOUND('',#3546,.T.);
#3548=ADVANCED_FACE('',(#3547),#3307,.T.);
#3549=CARTESIAN_POINT('',(62.793957418,9.395053335,5.5));
#3550=CARTESIAN_POINT('',(62.793957418,9.395053335,3.));
#3551=CARTESIAN_POINT('',(62.793957418,9.395053335,0.));
#3552=CARTESIAN_POINT('',(62.793957418,9.395053335,-1.));
#3553=CARTESIAN_POINT('',(52.705822796,17.026316209,5.5));
#3554=CARTESIAN_POINT('',(52.705822796,17.026316209,3.));
#3555=CARTESIAN_POINT('',(52.705822796,17.026316209,0.));
#3556=CARTESIAN_POINT('',(52.705822796,17.026316209,-1.));
#3557=CARTESIAN_POINT('',(54.325706837,25.999681833,5.5));
#3558=CARTESIAN_POINT('',(54.325706837,25.999681833,3.));
#3559=CARTESIAN_POINT('',(54.325706837,25.999681833,0.));
#3560=CARTESIAN_POINT('',(54.325706837,25.999681833,-1.));
#3561=B_SPLINE_SURFACE_WITH_KNOTS('',2,1,((#3549,#3550,#3551,#3552),(#3553,#3554,#3555,#3556),(#3557,#3558,#3559,#3560)),.UNSPECIFIED.,.F.,.F.,.U.,(3,3),(2,1,1,2),(0.025306933,1.),(-0.833333333,0.,1.,1.333333333),.UNSPECIFIED.);
#3562=CARTESIAN_POINT('',(62.793957418,9.395053335,-1.));
#3563=VERTEX_POINT('',#3562);
#3564=CARTESIAN_POINT('',(54.325706837,25.999681833,-1.));
#3565=VERTEX_POINT('',#3564);
#3566=CARTESIAN_POINT('',(62.793957418,9.395053335,-1.));
#3567=CARTESIAN_POINT('',(62.137571599,9.891582457,-1.));
#3568=CARTESIAN_POINT('',(61.497261018,10.408299237,-1.));
#3569=CARTESIAN_POINT('',(60.880393506,10.946068824,-1.));
#3570=CARTESIAN_POINT('',(60.263525993,11.483838412,-1.));
#3571=CARTESIAN_POINT('',(59.669039992,12.043372391,-1.));
#3572=CARTESIAN_POINT('',(59.102009318,12.629604675,-1.));
#3573=CARTESIAN_POINT('',(58.534978644,13.21583696,-1.));
#3574=CARTESIAN_POINT('',(57.995327077,13.828693433,-1.));
#3575=CARTESIAN_POINT('',(57.490368145,14.475285967,-1.));
#3576=CARTESIAN_POINT('',(56.985409213,15.121878502,-1.));
#3577=CARTESIAN_POINT('',(56.513569046,15.805428623,-1.));
#3578=CARTESIAN_POINT('',(56.095289115,16.518277966,-1.));
#3579=CARTESIAN_POINT('',(55.886149149,16.874702637,-1.));
#3580=CARTESIAN_POINT('',(55.689548242,17.239877529,-1.));
#3581=CARTESIAN_POINT('',(55.508812497,17.610445416,-1.));
#3582=CARTESIAN_POINT('',(55.328076751,17.981013303,-1.));
#3583=CARTESIAN_POINT('',(55.162917466,18.357315554,-1.));
#3584=CARTESIAN_POINT('',(55.014327671,18.739717745,-1.));
#3585=CARTESIAN_POINT('',(54.865737875,19.122119937,-1.));
#3586=CARTESIAN_POINT('',(54.733717693,19.510622114,-1.));
#3587=CARTESIAN_POINT('',(54.619370166,19.905630354,-1.));
#3588=CARTESIAN_POINT('',(54.562196403,20.103134474,-1.));
#3589=CARTESIAN_POINT('',(54.509442938,20.302265895,-1.));
#3590=CARTESIAN_POINT('',(54.461259267,20.503079654,-1.));
#3591=CARTESIAN_POINT('',(54.413075596,20.703893413,-1.));
#3592=CARTESIAN_POINT('',(54.36938642,20.906867108,-1.));
#3593=CARTESIAN_POINT('',(54.330756221,21.109681541,-1.));
#3594=CARTESIAN_POINT('',(54.176235424,21.920939276,-1.));
#3595=CARTESIAN_POINT('',(54.101149423,22.734210893,-1.));
#3596=CARTESIAN_POINT('',(54.101586756,23.549397225,-1.));
#3597=CARTESIAN_POINT('',(54.101805423,23.956990391,-1.));
#3598=CARTESIAN_POINT('',(54.120909991,24.365062365,-1.));
#3599=CARTESIAN_POINT('',(54.158441282,24.773601504,-1.));
#3600=CARTESIAN_POINT('',(54.195972572,25.182140644,-1.));
#3601=CARTESIAN_POINT('',(54.252157966,25.592257048,-1.));
#3602=CARTESIAN_POINT('',(54.325706837,25.999681833,-1.));
#3603=B_SPLINE_CURVE_WITH_KNOTS('',3,(#3566,#3567,#3568,#3569,#3570,#3571,#3572,#3573,#3574,#3575,#3576,#3577,#3578,#3579,#3580,#3581,#3582,#3583,#3584,#3585,#3586,#3587,#3588,#3589,#3590,#3591,
#3592,#3593,#3594,#3595,#3596,#3597,#3598,#3599,#3600,#3601,#3602),.UNSPECIFIED.,.F.,.F.,(4,3,3,3,3,3,3,3,3,3,3,3,4),(0.106316614,0.108784913,0.111253213,0.113721513,0.116189812,0.117423962,0.118658112,0.119892262,0.120509337,0.121126412,0.123594711,0.124828861,0.126063011),.UNSPECIFIED.);
#3604=EDGE_CURVE('',#3563,#3565,#3603,.T.);
#3605=ORIENTED_EDGE('',*,*,#3604,.F.);
#3606=CARTESIAN_POINT('',(62.793957418,9.395053335,5.5));
#3607=VERTEX_POINT('',#3606);
#3608=CARTESIAN_POINT('',(62.793957418,9.395053335,-1.));
#3609=DIRECTION('',(-0.,-0.,1.));
#3610=VECTOR('',#3609,6.5);
#3611=LINE('',#3608,#3610);
#3612=EDGE_CURVE('',#3563,#3607,#3611,.T.);
#3613=ORIENTED_EDGE('',*,*,#3612,.T.);
#3614=CARTESIAN_POINT('',(54.325706837,25.999681833,5.5));
#3615=VERTEX_POINT('',#3614);
#3616=CARTESIAN_POINT('',(62.793957418,9.395053335,5.5));
#3617=CARTESIAN_POINT('',(52.705822796,17.026316209,5.5));
#3618=CARTESIAN_POINT('',(54.325706837,25.999681833,5.5));
#3619=B_SPLINE_CURVE_WITH_KNOTS('',2,(#3616,#3617,#3618),.UNSPECIFIED.,.F.,.F.,(3,3),(0.025306933,1.),.UNSPECIFIED.);
#3620=EDGE_CURVE('',#3607,#3615,#3619,.T.);
#3621=ORIENTED_EDGE('',*,*,#3620,.T.);
#3622=CARTESIAN_POINT('',(54.325706837,25.999681833,5.5));
#3623=DIRECTION('',(0.,0.,-1.));
#3624=VECTOR('',#3623,6.5);
#3625=LINE('',#3622,#3624);
#3626=EDGE_CURVE('',#3615,#3565,#3625,.T.);
#3627=ORIENTED_EDGE('',*,*,#3626,.T.);
#3628=EDGE_LOOP('',(#3605,#3613,#3621,#3627));
#3629=FACE_BOUND('',#3628,.T.);
#3630=ADVANCED_FACE('',(#3629),#3561,.T.);
#3631=CARTESIAN_POINT('',(54.325706837,25.999681833,5.5));
#3632=CARTESIAN_POINT('',(54.325706837,25.999681833,3.));
#3633=CARTESIAN_POINT('',(54.325706837,25.999681833,0.));
#3634=CARTESIAN_POINT('',(54.325706837,25.999681833,-1.));
#3635=CARTESIAN_POINT('',(56.55122991,34.915309908,5.5));
#3636=CARTESIAN_POINT('',(56.55122991,34.915309908,3.));
#3637=CARTESIAN_POINT('',(56.55122991,34.915309908,0.));
#3638=CARTESIAN_POINT('',(56.55122991,34.915309908,-1.));
#3639=CARTESIAN_POINT('',(67.325706837,32.999681833,5.5));
#3640=CARTESIAN_POINT('',(67.325706837,32.999681833,3.));
#3641=CARTESIAN_POINT('',(67.325706837,32.999681833,0.));
#3642=CARTESIAN_POINT('',(67.325706837,32.999681833,-1.));
#3643=B_SPLINE_SURFACE_WITH_KNOTS('',2,1,((#3631,#3632,#3633,#3634),(#3635,#3636,#3637,#3638),(#3639,#3640,#3641,#3642)),.UNSPECIFIED.,.F.,.F.,.U.,(3,3),(2,1,1,2),(0.,1.),(-0.833333333,0.,1.,1.333333333),.UNSPECIFIED.);
#3644=CARTESIAN_POINT('',(67.325706837,32.999681833,-1.));
#3645=VERTEX_POINT('',#3644);
#3646=CARTESIAN_POINT('',(54.325706837,25.999681833,-1.));
#3647=CARTESIAN_POINT('',(54.495037729,26.678035286,-1.));
#3648=CARTESIAN_POINT('',(54.710626959,27.345637986,-1.));
#3649=CARTESIAN_POINT('',(54.983005833,27.983622984,-1.));
#3650=CARTESIAN_POINT('',(55.11919527,28.302615482,-1.));
#3651=CARTESIAN_POINT('',(55.269739868,28.614743171,-1.));
#3652=CARTESIAN_POINT('',(55.436880582,28.918934398,-1.));
#3653=CARTESIAN_POINT('',(55.520450939,29.071030011,-1.));
#3654=CARTESIAN_POINT('',(55.608181337,29.221136243,-1.));
#3655=CARTESIAN_POINT('',(55.700407929,29.369092341,-1.));
#3656=CARTESIAN_POINT('',(55.79263452,29.51704844,-1.));
#3657=CARTESIAN_POINT('',(55.889711928,29.663336541,-1.));
#3658=CARTESIAN_POINT('',(55.990691892,29.805935682,-1.));
#3659=CARTESIAN_POINT('',(56.394611745,30.376332245,-1.));
#3660=CARTESIAN_POINT('',(56.858930354,30.886125723,-1.));
#3661=CARTESIAN_POINT('',(57.389410849,31.329533487,-1.));
#3662=CARTESIAN_POINT('',(57.522030973,31.440385428,-1.));
#3663=CARTESIAN_POINT('',(57.658790609,31.547083853,-1.));
#3664=CARTESIAN_POINT('',(57.799788795,31.64952939,-1.));
#3665=CARTESIAN_POINT('',(57.94078698,31.751974926,-1.));
#3666=CARTESIAN_POINT('',(58.086439317,31.850410733,-1.));
#3667=CARTESIAN_POINT('',(58.235044617,31.94365394,-1.));
#3668=CARTESIAN_POINT('',(58.532255219,32.130140352,-1.));
#3669=CARTESIAN_POINT('',(58.84287606,32.296696047,-1.));
#3670=CARTESIAN_POINT('',(59.158928051,32.441514776,-1.));
#3671=CARTESIAN_POINT('',(59.791032032,32.731152234,-1.));
#3672=CARTESIAN_POINT('',(60.449308893,32.938063989,-1.));
#3673=CARTESIAN_POINT('',(61.127896457,33.080778865,-1.));
#3674=CARTESIAN_POINT('',(61.467190238,33.152136304,-1.));
#3675=CARTESIAN_POINT('',(61.813260427,33.207477682,-1.));
#3676=CARTESIAN_POINT('',(62.159232637,33.247887745,-1.));
#3677=CARTESIAN_POINT('',(62.505204847,33.288297808,-1.));
#3678=CARTESIAN_POINT('',(62.850788145,33.313962372,-1.));
#3679=CARTESIAN_POINT('',(63.196046826,33.327319216,-1.));
#3680=CARTESIAN_POINT('',(63.88656419,33.354032904,-1.));
#3681=CARTESIAN_POINT('',(64.575792695,33.331879937,-1.));
#3682=CARTESIAN_POINT('',(65.264074706,33.273840924,-1.));
#3683=CARTESIAN_POINT('',(65.952356716,33.215801912,-1.));
#3684=CARTESIAN_POINT('',(66.640851851,33.121444351,-1.));
#3685=CARTESIAN_POINT('',(67.325706837,32.999681833,-1.));
#3686=B_SPLINE_CURVE_WITH_KNOTS('',3,(#3646,#3647,#3648,#3649,#3650,#3651,#3652,#3653,#3654,#3655,#3656,#3657,#3658,#3659,#3660,#3661,#3662,#3663,#3664,#3665,#3666,#3667,#3668,#3669,#3670,#3671,
#3672,#3673,#3674,#3675,#3676,#3677,#3678,#3679,#3680,#3681,#3682,#3683,#3684,#3685),.UNSPECIFIED.,.F.,.F.,(4,3,3,3,3,3,3,3,3,3,3,3,3,4),(0.020707301,0.022800749,0.023847472,0.024370834,0.024894196,0.026987644,0.027511005,0.028034367,0.029081091,0.031174538,0.032221262,0.033267986,0.035361433,0.03745488),.UNSPECIFIED.);
#3687=EDGE_CURVE('',#3565,#3645,#3686,.T.);
#3688=ORIENTED_EDGE('',*,*,#3687,.F.);
#3689=ORIENTED_EDGE('',*,*,#3626,.F.);
#3690=CARTESIAN_POINT('',(67.325706837,32.999681833,5.5));
#3691=VERTEX_POINT('',#3690);
#3692=CARTESIAN_POINT('',(54.325706837,25.999681833,5.5));
#3693=CARTESIAN_POINT('',(56.55122991,34.915309908,5.5));
#3694=CARTESIAN_POINT('',(67.325706837,32.999681833,5.5));
#3695=B_SPLINE_CURVE_WITH_KNOTS('',2,(#3692,#3693,#3694),.UNSPECIFIED.,.F.,.F.,(3,3),(0.,1.),.UNSPECIFIED.);
#3696=EDGE_CURVE('',#3615,#3691,#3695,.T.);
#3697=ORIENTED_EDGE('',*,*,#3696,.T.);
#3698=CARTESIAN_POINT('',(67.325706837,32.999681833,5.5));
#3699=DIRECTION('',(0.,0.,-1.));
#3700=VECTOR('',#3699,6.5);
#3701=LINE('',#3698,#3700);
#3702=EDGE_CURVE('',#3691,#3645,#3701,.T.);
#3703=ORIENTED_EDGE('',*,*,#3702,.T.);
#3704=EDGE_LOOP('',(#3688,#3689,#3697,#3703));
#3705=FACE_BOUND('',#3704,.T.);
#3706=ADVANCED_FACE('',(#3705),#3643,.T.);
#3707=CARTESIAN_POINT('',(67.325706837,32.999681833,5.5));
#3708=CARTESIAN_POINT('',(67.325706837,32.999681833,3.));
#3709=CARTESIAN_POINT('',(67.325706837,32.999681833,0.));
#3710=CARTESIAN_POINT('',(67.325706837,32.999681833,-1.));
#3711=CARTESIAN_POINT('',(72.240043093,32.744291703,5.5));
#3712=CARTESIAN_POINT('',(72.240043093,32.744291703,3.));
#3713=CARTESIAN_POINT('',(72.240043093,32.744291703,0.));
#3714=CARTESIAN_POINT('',(72.240043093,32.744291703,-1.));
#3715=CARTESIAN_POINT('',(73.522952301,37.529372457,5.5));
#3716=CARTESIAN_POINT('',(73.522952301,37.529372457,3.));
#3717=CARTESIAN_POINT('',(73.522952301,37.529372457,0.));
#3718=CARTESIAN_POINT('',(73.522952301,37.529372457,-1.));
#3719=B_SPLINE_SURFACE_WITH_KNOTS('',2,1,((#3707,#3708,#3709,#3710),(#3711,#3712,#3713,#3714),(#3715,#3716,#3717,#3718)),.UNSPECIFIED.,.F.,.F.,.U.,(3,3),(2,1,1,2),(0.,1.),(-0.833333333,0.,1.,1.333333333),.UNSPECIFIED.);
#3720=CARTESIAN_POINT('',(73.522952301,37.529372457,-1.));
#3721=VERTEX_POINT('',#3720);
#3722=CARTESIAN_POINT('',(67.325706837,32.999681833,-1.));
#3723=CARTESIAN_POINT('',(67.679173835,32.981312724,-1.));
#3724=CARTESIAN_POINT('',(68.031835189,32.981645066,-1.));
#3725=CARTESIAN_POINT('',(68.383467094,33.005874081,-1.));
#3726=CARTESIAN_POINT('',(68.735098998,33.030103095,-1.));
#3727=CARTESIAN_POINT('',(69.088011402,33.078903204,-1.));
#3728=CARTESIAN_POINT('',(69.430660422,33.157040242,-1.));
#3729=CARTESIAN_POINT('',(69.773309442,33.23517728,-1.));
#3730=CARTESIAN_POINT('',(70.106849787,33.342379121,-1.));
#3731=CARTESIAN_POINT('',(70.4293655,33.484759385,-1.));
#3732=CARTESIAN_POINT('',(70.590623356,33.555949517,-1.));
#3733=CARTESIAN_POINT('',(70.749698073,33.636367073,-1.));
#3734=CARTESIAN_POINT('',(70.903169829,33.7249897,-1.));
#3735=CARTESIAN_POINT('',(71.056641584,33.813612327,-1.));
#3736=CARTESIAN_POINT('',(71.205133216,33.910680951,-1.));
#3737=CARTESIAN_POINT('',(71.348063784,34.016065232,-1.));
#3738=CARTESIAN_POINT('',(71.633924921,34.226833795,-1.));
#3739=CARTESIAN_POINT('',(71.890361285,34.465366613,-1.));
#3740=CARTESIAN_POINT('',(72.120811124,34.728419467,-1.));
#3741=CARTESIAN_POINT('',(72.236036043,34.859945894,-1.));
#3742=CARTESIAN_POINT('',(72.344753296,34.997612744,-1.));
#3743=CARTESIAN_POINT('',(72.4473319,35.141071821,-1.));
#3744=CARTESIAN_POINT('',(72.549910505,35.284530898,-1.));
#3745=CARTESIAN_POINT('',(72.646384034,35.434018117,-1.));
#3746=CARTESIAN_POINT('',(72.735380287,35.58576805,-1.));
#3747=CARTESIAN_POINT('',(72.913372792,35.889267917,-1.));
#3748=CARTESIAN_POINT('',(73.063967666,36.20475177,-1.));
#3749=CARTESIAN_POINT('',(73.19350642,36.529445771,-1.));
#3750=CARTESIAN_POINT('',(73.323045175,36.854139773,-1.));
#3751=CARTESIAN_POINT('',(73.431531887,37.188386469,-1.));
#3752=CARTESIAN_POINT('',(73.522952301,37.529372457,-1.));
#3753=B_SPLINE_CURVE_WITH_KNOTS('',3,(#3722,#3723,#3724,#3725,#3726,#3727,#3728,#3729,#3730,#3731,#3732,#3733,#3734,#3735,#3736,#3737,#3738,#3739,#3740,#3741,#3742,#3743,#3744,#3745,#3746,#3747,
#3748,#3749,#3750,#3751,#3752),.UNSPECIFIED.,.F.,.F.,(4,3,3,3,3,3,3,3,3,3,4),(0.02398429,0.025040247,0.026096204,0.027152161,0.027680139,0.028208118,0.029264074,0.029792053,0.030320031,0.031375988,0.032431945),.UNSPECIFIED.);
#3754=EDGE_CURVE('',#3645,#3721,#3753,.T.);
#3755=ORIENTED_EDGE('',*,*,#3754,.F.);
#3756=ORIENTED_EDGE('',*,*,#3702,.F.);
#3757=CARTESIAN_POINT('',(73.522952301,37.529372457,5.5));
#3758=VERTEX_POINT('',#3757);
#3759=CARTESIAN_POINT('',(67.325706837,32.999681833,5.5));
#3760=CARTESIAN_POINT('',(72.240043093,32.744291703,5.5));
#3761=CARTESIAN_POINT('',(73.522952301,37.529372457,5.5));
#3762=B_SPLINE_CURVE_WITH_KNOTS('',2,(#3759,#3760,#3761),.UNSPECIFIED.,.F.,.F.,(3,3),(0.,1.),.UNSPECIFIED.);
#3763=EDGE_CURVE('',#3691,#3758,#3762,.T.);
#3764=ORIENTED_EDGE('',*,*,#3763,.T.);
#3765=CARTESIAN_POINT('',(73.522952301,37.529372457,5.5));
#3766=DIRECTION('',(0.,0.,-1.));
#3767=VECTOR('',#3766,6.5);
#3768=LINE('',#3765,#3767);
#3769=EDGE_CURVE('',#3758,#3721,#3768,.T.);
#3770=ORIENTED_EDGE('',*,*,#3769,.T.);
#3771=EDGE_LOOP('',(#3755,#3756,#3764,#3770));
#3772=FACE_BOUND('',#3771,.T.);
#3773=ADVANCED_FACE('',(#3772),#3719,.T.);
#3774=CARTESIAN_POINT('',(73.522952301,37.529372457,5.5));
#3775=CARTESIAN_POINT('',(73.522952301,37.529372457,3.));
#3776=CARTESIAN_POINT('',(73.522952301,37.529372457,0.));
#3777=CARTESIAN_POINT('',(73.522952301,37.529372457,-1.));
#3778=CARTESIAN_POINT('',(77.175409076,49.629995961,5.5));
#3779=CARTESIAN_POINT('',(77.175409076,49.629995961,3.));
#3780=CARTESIAN_POINT('',(77.175409076,49.629995961,0.));
#3781=CARTESIAN_POINT('',(77.175409076,49.629995961,-1.));
#3782=CARTESIAN_POINT('',(86.275128021,45.518647809,5.5));
#3783=CARTESIAN_POINT('',(86.275128021,45.518647809,3.));
#3784=CARTESIAN_POINT('',(86.275128021,45.518647809,0.));
#3785=CARTESIAN_POINT('',(86.275128021,45.518647809,-1.));
#3786=B_SPLINE_SURFACE_WITH_KNOTS('',2,1,((#3774,#3775,#3776,#3777),(#3778,#3779,#3780,#3781),(#3782,#3783,#3784,#3785)),.UNSPECIFIED.,.F.,.F.,.U.,(3,3),(2,1,1,2),(0.,0.946287262),(-0.833333333,0.,1.,1.333333333),.UNSPECIFIED.);
#3787=CARTESIAN_POINT('',(86.275128021,45.518647809,5.5));
#3788=VERTEX_POINT('',#3787);
#3789=CARTESIAN_POINT('',(73.522952301,37.529372457,5.5));
#3790=CARTESIAN_POINT('',(77.175409076,49.629995961,5.5));
#3791=CARTESIAN_POINT('',(86.275128021,45.518647809,5.5));
#3792=B_SPLINE_CURVE_WITH_KNOTS('',2,(#3789,#3790,#3791),.UNSPECIFIED.,.F.,.F.,(3,3),(0.,0.946287262),.UNSPECIFIED.);
#3793=EDGE_CURVE('',#3758,#3788,#3792,.T.);
#3794=ORIENTED_EDGE('',*,*,#3793,.T.);
#3795=CARTESIAN_POINT('',(86.275128021,45.518647809,-1.));
#3796=VERTEX_POINT('',#3795);
#3797=CARTESIAN_POINT('',(86.275128021,45.518647809,5.5));
#3798=DIRECTION('',(0.,0.,-1.));
#3799=VECTOR('',#3798,6.5);
#3800=LINE('',#3797,#3799);
#3801=EDGE_CURVE('',#3788,#3796,#3800,.T.);
#3802=ORIENTED_EDGE('',*,*,#3801,.T.);
#3803=CARTESIAN_POINT('',(73.522952301,37.529372457,-1.));
#3804=CARTESIAN_POINT('',(73.737241241,38.239313724,-1.));
#3805=CARTESIAN_POINT('',(73.974996268,38.939756422,-1.));
#3806=CARTESIAN_POINT('',(74.244508489,39.627344488,-1.));
#3807=CARTESIAN_POINT('',(74.514020709,40.314932553,-1.));
#3808=CARTESIAN_POINT('',(74.814965462,40.989797401,-1.));
#3809=CARTESIAN_POINT('',(75.161881378,41.646054106,-1.));
#3810=CARTESIAN_POINT('',(75.335339336,41.974182458,-1.));
#3811=CARTESIAN_POINT('',(75.520116218,42.296822923,-1.));
#3812=CARTESIAN_POINT('',(75.716772021,42.609807892,-1.));
#3813=CARTESIAN_POINT('',(75.913427825,42.92279286,-1.));
#3814=CARTESIAN_POINT('',(76.122350149,43.226929064,-1.));
#3815=CARTESIAN_POINT('',(76.346239194,43.520268646,-1.));
#3816=CARTESIAN_POINT('',(76.570128239,43.813608228,-1.));
#3817=CARTESIAN_POINT('',(76.808946026,44.096178584,-1.));
#3818=CARTESIAN_POINT('',(77.066544403,44.365201089,-1.));
#3819=CARTESIAN_POINT('',(77.324142779,44.634223593,-1.));
#3820=CARTESIAN_POINT('',(77.597685734,44.886394068,-1.));
#3821=CARTESIAN_POINT('',(77.88693015,45.116205949,-1.));
#3822=CARTESIAN_POINT('',(78.176174566,45.34601783,-1.));
#3823=CARTESIAN_POINT('',(78.481884455,45.554310693,-1.));
#3824=CARTESIAN_POINT('',(78.806920607,45.737345723,-1.));
#3825=CARTESIAN_POINT('',(78.969438683,45.828863238,-1.));
#3826=CARTESIAN_POINT('',(79.13608377,45.913556233,-1.));
#3827=CARTESIAN_POINT('',(79.304660054,45.9901635,-1.));
#3828=CARTESIAN_POINT('',(79.473236337,46.066770766,-1.));
#3829=CARTESIAN_POINT('',(79.644384859,46.135663395,-1.));
#3830=CARTESIAN_POINT('',(79.818104039,46.196846125,-1.));
#3831=CARTESIAN_POINT('',(80.1655424,46.319211585,-1.));
#3832=CARTESIAN_POINT('',(80.523263393,46.410737452,-1.));
#3833=CARTESIAN_POINT('',(80.8912544,46.47146157,-1.));
#3834=CARTESIAN_POINT('',(81.075249904,46.501823628,-1.));
#3835=CARTESIAN_POINT('',(81.260855658,46.524265157,-1.));
#3836=CARTESIAN_POINT('',(81.445705437,46.539034773,-1.));
#3837=CARTESIAN_POINT('',(81.630555216,46.55380439,-1.));
#3838=CARTESIAN_POINT('',(81.815349998,46.561025972,-1.));
#3839=CARTESIAN_POINT('',(82.000093991,46.561276909,-1.));
#3840=CARTESIAN_POINT('',(82.369581975,46.561778783,-1.));
#3841=CARTESIAN_POINT('',(82.738867257,46.534460765,-1.));
#3842=CARTESIAN_POINT('',(83.107977735,46.48315172,-1.));
#3843=CARTESIAN_POINT('',(83.477088213,46.431842675,-1.));
#3844=CARTESIAN_POINT('',(83.840694898,46.357260494,-1.));
#3845=CARTESIAN_POINT('',(84.197421574,46.264753588,-1.));
#3846=CARTESIAN_POINT('',(84.910874927,46.079739777,-1.));
#3847=CARTESIAN_POINT('',(85.600898066,45.823274724,-1.));
#3848=CARTESIAN_POINT('',(86.275128021,45.518647809,-1.));
#3849=B_SPLINE_CURVE_WITH_KNOTS('',3,(#3803,#3804,#3805,#3806,#3807,#3808,#3809,#3810,#3811,#3812,#3813,#3814,#3815,#3816,#3817,#3818,#3819,#3820,#3821,#3822,#3823,#3824,#3825,#3826,#3827,#3828,
#3829,#3830,#3831,#3832,#3833,#3834,#3835,#3836,#3837,#3838,#3839,#3840,#3841,#3842,#3843,#3844,#3845,#3846,#3847,#3848),.UNSPECIFIED.,.F.,.F.,(4,3,3,3,3,3,3,3,3,3,3,3,3,3,3,4),(0.042186614,0.044409804,0.046632995,0.04774459,0.048856186,0.049967781,0.051079377,0.052190972,0.05274677,0.053302567,0.054414163,0.05496996,0.055525758,0.056637353,0.057748949,0.05997214),.UNSPECIFIED.);
#3850=EDGE_CURVE('',#3721,#3796,#3849,.T.);
#3851=ORIENTED_EDGE('',*,*,#3850,.F.);
#3852=ORIENTED_EDGE('',*,*,#3769,.F.);
#3853=EDGE_LOOP('',(#3794,#3802,#3851,#3852));
#3854=FACE_BOUND('',#3853,.T.);
#3855=ADVANCED_FACE('',(#3854),#3786,.T.);
#3856=CARTESIAN_POINT('',(87.82934323,44.472551337,5.5));
#3857=CARTESIAN_POINT('',(87.82934323,44.472551337,3.));
#3858=CARTESIAN_POINT('',(87.82934323,44.472551337,0.));
#3859=CARTESIAN_POINT('',(87.82934323,44.472551337,-1.));
#3860=CARTESIAN_POINT('',(91.263479071,41.205384324,5.5));
#3861=CARTESIAN_POINT('',(91.263479071,41.205384324,3.));
#3862=CARTESIAN_POINT('',(91.263479071,41.205384324,0.));
#3863=CARTESIAN_POINT('',(91.263479071,41.205384324,-1.));
#3864=CARTESIAN_POINT('',(96.325706837,44.999681833,5.5));
#3865=CARTESIAN_POINT('',(96.325706837,44.999681833,3.));
#3866=CARTESIAN_POINT('',(96.325706837,44.999681833,0.));
#3867=CARTESIAN_POINT('',(96.325706837,44.999681833,-1.));
#3868=B_SPLINE_SURFACE_WITH_KNOTS('',2,1,((#3856,#3857,#3858,#3859),(#3860,#3861,#3862,#3863),(#3864,#3865,#3866,#3867)),.UNSPECIFIED.,.F.,.F.,.U.,(3,3),(2,1,1,2),(0.069463517,1.),(-0.833333333,0.,1.,1.333333333),.UNSPECIFIED.);
#3869=CARTESIAN_POINT('',(87.82934323,44.472551337,-1.));
#3870=VERTEX_POINT('',#3869);
#3871=CARTESIAN_POINT('',(96.325706837,44.999681833,-1.));
#3872=VERTEX_POINT('',#3871);
#3873=CARTESIAN_POINT('',(87.82934323,44.472551337,-1.));
#3874=CARTESIAN_POINT('',(87.971409785,44.337391413,-1.));
#3875=CARTESIAN_POINT('',(88.118968326,44.208022995,-1.));
#3876=CARTESIAN_POINT('',(88.272919969,44.085396343,-1.));
#3877=CARTESIAN_POINT('',(88.426871611,43.96276969,-1.));
#3878=CARTESIAN_POINT('',(88.586723842,43.847395207,-1.));
#3879=CARTESIAN_POINT('',(88.751083872,43.741556698,-1.));
#3880=CARTESIAN_POINT('',(89.079803933,43.529879679,-1.));
#3881=CARTESIAN_POINT('',(89.429392957,43.354156591,-1.));
#3882=CARTESIAN_POINT('',(89.801828364,43.223285391,-1.));
#3883=CARTESIAN_POINT('',(90.174263772,43.092414191,-1.));
#3884=CARTESIAN_POINT('',(90.555297362,43.01143378,-1.));
#3885=CARTESIAN_POINT('',(90.944569798,42.978259118,-1.));
#3886=CARTESIAN_POINT('',(91.139206017,42.961671788,-1.));
#3887=CARTESIAN_POINT('',(91.3368326,42.957101171,-1.));
#3888=CARTESIAN_POINT('',(91.53384668,42.964083914,-1.));
#3889=CARTESIAN_POINT('',(91.73086076,42.971066657,-1.));
#3890=CARTESIAN_POINT('',(91.92751324,42.989508905,-1.));
#3891=CARTESIAN_POINT('',(92.122532687,43.018105389,-1.));
#3892=CARTESIAN_POINT('',(92.51257158,43.075298358,-1.));
#3893=CARTESIAN_POINT('',(92.890348177,43.171632305,-1.));
#3894=CARTESIAN_POINT('',(93.259141649,43.296640189,-1.));
#3895=CARTESIAN_POINT('',(93.62793512,43.421648073,-1.));
#3896=CARTESIAN_POINT('',(93.988936323,43.57614016,-1.));
#3897=CARTESIAN_POINT('',(94.340088367,43.751467651,-1.));
#3898=CARTESIAN_POINT('',(94.691240411,43.926795143,-1.));
#3899=CARTESIAN_POINT('',(95.030338726,44.121625156,-1.));
#3900=CARTESIAN_POINT('',(95.36045775,44.330983359,-1.));
#3901=CARTESIAN_POINT('',(95.690576774,44.540341562,-1.));
#3902=CARTESIAN_POINT('',(96.011670745,44.764301994,-1.));
#3903=CARTESIAN_POINT('',(96.325706837,44.999681833,-1.));
#3904=B_SPLINE_CURVE_WITH_KNOTS('',3,(#3873,#3874,#3875,#3876,#3877,#3878,#3879,#3880,#3881,#3882,#3883,#3884,#3885,#3886,#3887,#3888,#3889,#3890,#3891,#3892,#3893,#3894,#3895,#3896,#3897,#3898,
#3899,#3900,#3901,#3902,#3903),.UNSPECIFIED.,.F.,.F.,(4,3,3,3,3,3,3,3,3,3,4),(0.015478168,0.016066183,0.016654198,0.017830229,0.01900626,0.019594275,0.02018229,0.021358321,0.022534352,0.023710382,0.024886413),.UNSPECIFIED.);
#3905=EDGE_CURVE('',#3870,#3872,#3904,.T.);
#3906=ORIENTED_EDGE('',*,*,#3905,.F.);
#3907=CARTESIAN_POINT('',(87.82934323,44.472551337,5.5));
#3908=VERTEX_POINT('',#3907);
#3909=CARTESIAN_POINT('',(87.82934323,44.472551337,-1.));
#3910=DIRECTION('',(-0.,-0.,1.));
#3911=VECTOR('',#3910,6.5);
#3912=LINE('',#3909,#3911);
#3913=EDGE_CURVE('',#3870,#3908,#3912,.T.);
#3914=ORIENTED_EDGE('',*,*,#3913,.T.);
#3915=CARTESIAN_POINT('',(96.325706837,44.999681833,5.5));
#3916=VERTEX_POINT('',#3915);
#3917=CARTESIAN_POINT('',(87.82934323,44.472551337,5.5));
#3918=CARTESIAN_POINT('',(91.263479071,41.205384324,5.5));
#3919=CARTESIAN_POINT('',(96.325706837,44.999681833,5.5));
#3920=B_SPLINE_CURVE_WITH_KNOTS('',2,(#3917,#3918,#3919),.UNSPECIFIED.,.F.,.F.,(3,3),(0.069463517,1.),.UNSPECIFIED.);
#3921=EDGE_CURVE('',#3908,#3916,#3920,.T.);
#3922=ORIENTED_EDGE('',*,*,#3921,.T.);
#3923=CARTESIAN_POINT('',(96.325706837,44.999681833,5.5));
#3924=DIRECTION('',(0.,0.,-1.));
#3925=VECTOR('',#3924,6.5);
#3926=LINE('',#3923,#3925);
#3927=EDGE_CURVE('',#3916,#3872,#3926,.T.);
#3928=ORIENTED_EDGE('',*,*,#3927,.T.);
#3929=EDGE_LOOP('',(#3906,#3914,#3922,#3928));
#3930=FACE_BOUND('',#3929,.T.);
#3931=ADVANCED_FACE('',(#3930),#3868,.T.);
#3932=CARTESIAN_POINT('',(96.325706837,44.999681833,5.5));
#3933=CARTESIAN_POINT('',(96.325706837,44.999681833,3.));
#3934=CARTESIAN_POINT('',(96.325706837,44.999681833,0.));
#3935=CARTESIAN_POINT('',(96.325706837,44.999681833,-1.));
#3936=CARTESIAN_POINT('',(105.228962145,50.25647236,5.5));
#3937=CARTESIAN_POINT('',(105.228962145,50.25647236,3.));
#3938=CARTESIAN_POINT('',(105.228962145,50.25647236,0.));
#3939=CARTESIAN_POINT('',(105.228962145,50.25647236,-1.));
#3940=CARTESIAN_POINT('',(109.325706837,36.999681833,5.5));
#3941=CARTESIAN_POINT('',(109.325706837,36.999681833,3.));
#3942=CARTESIAN_POINT('',(109.325706837,36.999681833,0.));
#3943=CARTESIAN_POINT('',(109.325706837,36.999681833,-1.));
#3944=B_SPLINE_SURFACE_WITH_KNOTS('',2,1,((#3932,#3933,#3934,#3935),(#3936,#3937,#3938,#3939),(#3940,#3941,#3942,#3943)),.UNSPECIFIED.,.F.,.F.,.U.,(3,3),(2,1,1,2),(0.,1.),(-0.833333333,0.,1.,1.333333333),.UNSPECIFIED.);
#3945=CARTESIAN_POINT('',(109.325706837,36.999681833,-1.));
#3946=VERTEX_POINT('',#3945);
#3947=CARTESIAN_POINT('',(96.325706837,44.999681833,-1.));
#3948=CARTESIAN_POINT('',(96.658614505,45.19624206,-1.));
#3949=CARTESIAN_POINT('',(96.998046997,45.38034022,-1.));
#3950=CARTESIAN_POINT('',(97.345661083,45.54881197,-1.));
#3951=CARTESIAN_POINT('',(97.693275168,45.71728372,-1.));
#3952=CARTESIAN_POINT('',(98.048738053,45.869807573,-1.));
#3953=CARTESIAN_POINT('',(98.409347874,46.000559476,-1.));
#3954=CARTESIAN_POINT('',(98.769957695,46.13131138,-1.));
#3955=CARTESIAN_POINT('',(99.136744223,46.240866463,-1.));
#3956=CARTESIAN_POINT('',(99.51133547,46.323637818,-1.));
#3957=CARTESIAN_POINT('',(99.698631094,46.365023496,-1.));
#3958=CARTESIAN_POINT('',(99.887887293,46.399680998,-1.));
#3959=CARTESIAN_POINT('',(100.079380693,46.42666102,-1.));
#3960=CARTESIAN_POINT('',(100.270874093,46.453641042,-1.));
#3961=CARTESIAN_POINT('',(100.464661451,46.472836975,-1.));
#3962=CARTESIAN_POINT('',(100.657171832,46.483185217,-1.));
#3963=CARTESIAN_POINT('',(101.042192593,46.503881702,-1.));
#3964=CARTESIAN_POINT('',(101.425643414,46.489843673,-1.));
#3965=CARTESIAN_POINT('',(101.807318861,46.436526003,-1.));
#3966=CARTESIAN_POINT('',(101.998156585,46.409867168,-1.));
#3967=CARTESIAN_POINT('',(102.189648151,46.373073486,-1.));
#3968=CARTESIAN_POINT('',(102.377687502,46.326575266,-1.));
#3969=CARTESIAN_POINT('',(102.565726854,46.280077047,-1.));
#3970=CARTESIAN_POINT('',(102.749918419,46.224120415,-1.));
#3971=CARTESIAN_POINT('',(102.930417403,46.159086888,-1.));
#3972=CARTESIAN_POINT('',(103.291415372,46.029019836,-1.));
#3973=CARTESIAN_POINT('',(103.637652281,45.862667971,-1.));
#3974=CARTESIAN_POINT('',(103.970251414,45.662792493,-1.));
#3975=CARTESIAN_POINT('',(104.302850548,45.462917015,-1.));
#3976=CARTESIAN_POINT('',(104.614685888,45.233793491,-1.));
#3977=CARTESIAN_POINT('',(104.907388855,44.982848198,-1.));
#3978=CARTESIAN_POINT('',(105.200091823,44.731902906,-1.));
#3979=CARTESIAN_POINT('',(105.475928331,44.456843632,-1.));
#3980=CARTESIAN_POINT('',(105.732328823,44.168662573,-1.));
#3981=CARTESIAN_POINT('',(105.988729315,43.880481514,-1.));
#3982=CARTESIAN_POINT('',(106.226448426,43.578971231,-1.));
#3983=CARTESIAN_POINT('',(106.449705282,43.267142083,-1.));
#3984=CARTESIAN_POINT('',(106.672962138,42.955312935,-1.));
#3985=CARTESIAN_POINT('',(106.881710902,42.633132218,-1.));
#3986=CARTESIAN_POINT('',(107.0787962,42.302629581,-1.));
#3987=CARTESIAN_POINT('',(107.275881497,41.972126943,-1.));
#3988=CARTESIAN_POINT('',(107.461636862,41.632532199,-1.));
#3989=CARTESIAN_POINT('',(107.636297549,41.289009479,-1.));
#3990=CARTESIAN_POINT('',(107.985618922,40.601964038,-1.));
#3991=CARTESIAN_POINT('',(108.292527391,39.897481508,-1.));
#3992=CARTESIAN_POINT('',(108.570692912,39.181181977,-1.));
#3993=CARTESIAN_POINT('',(108.848858432,38.464882445,-1.));
#3994=CARTESIAN_POINT('',(109.098074823,37.736283734,-1.));
#3995=CARTESIAN_POINT('',(109.325706837,36.999681833,-1.));
#3996=B_SPLINE_CURVE_WITH_KNOTS('',3,(#3947,#3948,#3949,#3950,#3951,#3952,#3953,#3954,#3955,#3956,#3957,#3958,#3959,#3960,#3961,#3962,#3963,#3964,#3965,#3966,#3967,#3968,#3969,#3970,#3971,#3972,
#3973,#3974,#3975,#3976,#3977,#3978,#3979,#3980,#3981,#3982,#3983,#3984,#3985,#3986,#3987,#3988,#3989,#3990,#3991,#3992,#3993,#3994,#3995),.UNSPECIFIED.,.F.,.F.,(4,3,3,3,3,3,3,3,3,3,3,3,3,3,3,3,4),(0.06028316,0.061439595,0.06259603,0.063752465,0.064330683,0.0649089,0.066065335,0.066643553,0.06722177,0.068378205,0.06953464,0.070691075,0.07184751,0.073003945,0.07416038,0.07647325,0.07878612),.UNSPECIFIED.);
#3997=EDGE_CURVE('',#3872,#3946,#3996,.T.);
#3998=ORIENTED_EDGE('',*,*,#3997,.F.);
#3999=ORIENTED_EDGE('',*,*,#3927,.F.);
#4000=CARTESIAN_POINT('',(109.325706837,36.999681833,5.5));
#4001=VERTEX_POINT('',#4000);
#4002=CARTESIAN_POINT('',(96.325706837,44.999681833,5.5));
#4003=CARTESIAN_POINT('',(105.228962145,50.25647236,5.5));
#4004=CARTESIAN_POINT('',(109.325706837,36.999681833,5.5));
#4005=B_SPLINE_CURVE_WITH_KNOTS('',2,(#4002,#4003,#4004),.UNSPECIFIED.,.F.,.F.,(3,3),(0.,1.),.UNSPECIFIED.);
#4006=EDGE_CURVE('',#3916,#4001,#4005,.T.);
#4007=ORIENTED_EDGE('',*,*,#4006,.T.);
#4008=CARTESIAN_POINT('',(109.325706837,36.999681833,5.5));
#4009=DIRECTION('',(0.,0.,-1.));
#4010=VECTOR('',#4009,6.5);
#4011=LINE('',#4008,#4010);
#4012=EDGE_CURVE('',#4001,#3946,#4011,.T.);
#4013=ORIENTED_EDGE('',*,*,#4012,.T.);
#4014=EDGE_LOOP('',(#3998,#3999,#4007,#4013));
#4015=FACE_BOUND('',#4014,.T.);
#4016=ADVANCED_FACE('',(#4015),#3944,.T.);
#4017=CARTESIAN_POINT('',(109.325706837,36.999681833,5.5));
#4018=CARTESIAN_POINT('',(109.325706837,36.999681833,3.));
#4019=CARTESIAN_POINT('',(109.325706837,36.999681833,0.));
#4020=CARTESIAN_POINT('',(109.325706837,36.999681833,-1.));
#4021=CARTESIAN_POINT('',(109.694379876,32.921278659,5.5));
#4022=CARTESIAN_POINT('',(109.694379876,32.921278659,3.));
#4023=CARTESIAN_POINT('',(109.694379876,32.921278659,0.));
#4024=CARTESIAN_POINT('',(109.694379876,32.921278659,-1.));
#4025=CARTESIAN_POINT('',(116.325706837,33.999681833,5.5));
#4026=CARTESIAN_POINT('',(116.325706837,33.999681833,3.));
#4027=CARTESIAN_POINT('',(116.325706837,33.999681833,0.));
#4028=CARTESIAN_POINT('',(116.325706837,33.999681833,-1.));
#4029=B_SPLINE_SURFACE_WITH_KNOTS('',2,1,((#4017,#4018,#4019,#4020),(#4021,#4022,#4023,#4024),(#4025,#4026,#4027,#4028)),.UNSPECIFIED.,.F.,.F.,.U.,(3,3),(2,1,1,2),(0.,1.),(-0.833333333,0.,1.,1.333333333),.UNSPECIFIED.);
#4030=CARTESIAN_POINT('',(116.325706837,33.999681833,-1.));
#4031=VERTEX_POINT('',#4030);
#4032=CARTESIAN_POINT('',(109.325706837,36.999681833,-1.));
#4033=CARTESIAN_POINT('',(109.342178684,36.817463916,-1.));
#4034=CARTESIAN_POINT('',(109.368710474,36.636026897,-1.));
#4035=CARTESIAN_POINT('',(109.40698836,36.458684292,-1.));
#4036=CARTESIAN_POINT('',(109.445266246,36.281341687,-1.));
#4037=CARTESIAN_POINT('',(109.495288147,36.107519852,-1.));
#4038=CARTESIAN_POINT('',(109.559499344,35.937951865,-1.));
#4039=CARTESIAN_POINT('',(109.62371054,35.768383878,-1.));
#4040=CARTESIAN_POINT('',(109.703288861,35.601421825,-1.));
#4041=CARTESIAN_POINT('',(109.796494514,35.445609947,-1.));
#4042=CARTESIAN_POINT('',(109.889700166,35.28979807,-1.));
#4043=CARTESIAN_POINT('',(109.996454657,35.14434415,-1.));
#4044=CARTESIAN_POINT('',(110.117041981,35.0094653,-1.));
#4045=CARTESIAN_POINT('',(110.237629306,34.874586451,-1.));
#4046=CARTESIAN_POINT('',(110.373738312,34.749223349,-1.));
#4047=CARTESIAN_POINT('',(110.518163501,34.638639626,-1.));
#4048=CARTESIAN_POINT('',(110.662588691,34.528055903,-1.));
#4049=CARTESIAN_POINT('',(110.815623507,34.431278178,-1.));
#4050=CARTESIAN_POINT('',(110.975944835,34.346184766,-1.));
#4051=CARTESIAN_POINT('',(111.136266164,34.261091355,-1.));
#4052=CARTESIAN_POINT('',(111.304900427,34.187404907,-1.));
#4053=CARTESIAN_POINT('',(111.475975875,34.125013359,-1.));
#4054=CARTESIAN_POINT('',(111.647051324,34.062621811,-1.));
#4055=CARTESIAN_POINT('',(111.821110025,34.011062739,-1.));
#4056=CARTESIAN_POINT('',(111.99753768,33.968105561,-1.));
#4057=CARTESIAN_POINT('',(112.350392989,33.882191206,-1.));
#4058=CARTESIAN_POINT('',(112.713967399,33.83047633,-1.));
#4059=CARTESIAN_POINT('',(113.075269703,33.802205378,-1.));
#4060=CARTESIAN_POINT('',(113.436572006,33.773934426,-1.));
#4061=CARTESIAN_POINT('',(113.798088066,33.768639144,-1.));
#4062=CARTESIAN_POINT('',(114.159750281,33.779053486,-1.));
#4063=CARTESIAN_POINT('',(114.883074712,33.799882169,-1.));
#4064=CARTESIAN_POINT('',(115.607875152,33.882946228,-1.));
#4065=CARTESIAN_POINT('',(116.325706837,33.999681833,-1.));
#4066=B_SPLINE_CURVE_WITH_KNOTS('',3,(#4032,#4033,#4034,#4035,#4036,#4037,#4038,#4039,#4040,#4041,#4042,#4043,#4044,#4045,#4046,#4047,#4048,#4049,#4050,#4051,#4052,#4053,#4054,#4055,#4056,#4057,
#4058,#4059,#4060,#4061,#4062,#4063,#4064,#4065),.UNSPECIFIED.,.F.,.F.,(4,3,3,3,3,3,3,3,3,3,3,4),(0.053748325,0.054293076,0.054837828,0.05538258,0.055927331,0.056472083,0.057016835,0.057561586,0.058106338,0.059195842,0.060285345,0.062464352),.UNSPECIFIED.);
#4067=EDGE_CURVE('',#3946,#4031,#4066,.T.);
#4068=ORIENTED_EDGE('',*,*,#4067,.F.);
#4069=ORIENTED_EDGE('',*,*,#4012,.F.);
#4070=CARTESIAN_POINT('',(116.325706837,33.999681833,5.5));
#4071=VERTEX_POINT('',#4070);
#4072=CARTESIAN_POINT('',(109.325706837,36.999681833,5.5));
#4073=CARTESIAN_POINT('',(109.694379876,32.921278659,5.5));
#4074=CARTESIAN_POINT('',(116.325706837,33.999681833,5.5));
#4075=B_SPLINE_CURVE_WITH_KNOTS('',2,(#4072,#4073,#4074),.UNSPECIFIED.,.F.,.F.,(3,3),(0.,1.),.UNSPECIFIED.);
#4076=EDGE_CURVE('',#4001,#4071,#4075,.T.);
#4077=ORIENTED_EDGE('',*,*,#4076,.T.);
#4078=CARTESIAN_POINT('',(116.325706837,33.999681833,5.5));
#4079=DIRECTION('',(0.,0.,-1.));
#4080=VECTOR('',#4079,6.5);
#4081=LINE('',#4078,#4080);
#4082=EDGE_CURVE('',#4071,#4031,#4081,.T.);
#4083=ORIENTED_EDGE('',*,*,#4082,.T.);
#4084=EDGE_LOOP('',(#4068,#4069,#4077,#4083));
#4085=FACE_BOUND('',#4084,.T.);
#4086=ADVANCED_FACE('',(#4085),#4029,.T.);
#4087=CARTESIAN_POINT('',(116.325706837,33.999681833,5.5));
#4088=CARTESIAN_POINT('',(116.325706837,33.999681833,3.));
#4089=CARTESIAN_POINT('',(116.325706837,33.999681833,0.));
#4090=CARTESIAN_POINT('',(116.325706837,33.999681833,-1.));
#4091=CARTESIAN_POINT('',(128.931724732,33.955909377,5.5));
#4092=CARTESIAN_POINT('',(128.931724732,33.955909377,3.));
#4093=CARTESIAN_POINT('',(128.931724732,33.955909377,0.));
#4094=CARTESIAN_POINT('',(128.931724732,33.955909377,-1.));
#4095=CARTESIAN_POINT('',(126.325706837,22.999681833,5.5));
#4096=CARTESIAN_POINT('',(126.325706837,22.999681833,3.));
#4097=CARTESIAN_POINT('',(126.325706837,22.999681833,0.));
#4098=CARTESIAN_POINT('',(126.325706837,22.999681833,-1.));
#4099=B_SPLINE_SURFACE_WITH_KNOTS('',2,1,((#4087,#4088,#4089,#4090),(#4091,#4092,#4093,#4094),(#4095,#4096,#4097,#4098)),.UNSPECIFIED.,.F.,.F.,.U.,(3,3),(2,1,1,2),(0.,1.),(-0.833333333,0.,1.,1.333333333),.UNSPECIFIED.);
#4100=CARTESIAN_POINT('',(126.325706837,22.999681833,-1.));
#4101=VERTEX_POINT('',#4100);
#4102=CARTESIAN_POINT('',(116.325706837,33.999681833,-1.));
#4103=CARTESIAN_POINT('',(117.083433056,33.997050746,-1.));
#4104=CARTESIAN_POINT('',(117.838224779,33.965232518,-1.));
#4105=CARTESIAN_POINT('',(118.588889244,33.8923637,-1.));
#4106=CARTESIAN_POINT('',(118.964221476,33.85592929,-1.));
#4107=CARTESIAN_POINT('',(119.338513024,33.809144004,-1.));
#4108=CARTESIAN_POINT('',(119.711529162,33.749673224,-1.));
#4109=CARTESIAN_POINT('',(120.084545301,33.690202444,-1.));
#4110=CARTESIAN_POINT('',(120.457028589,33.617900118,-1.));
#4111=CARTESIAN_POINT('',(120.826267172,33.529986726,-1.));
#4112=CARTESIAN_POINT('',(121.564744338,33.354159941,-1.));
#4113=CARTESIAN_POINT('',(122.281946718,33.119645069,-1.));
#4114=CARTESIAN_POINT('',(122.965935328,32.793507537,-1.));
#4115=CARTESIAN_POINT('',(123.13693248,32.711973154,-1.));
#4116=CARTESIAN_POINT('',(123.306384334,32.624248941,-1.));
#4117=CARTESIAN_POINT('',(123.471924016,32.530701573,-1.));
#4118=CARTESIAN_POINT('',(123.637463698,32.437154206,-1.));
#4119=CARTESIAN_POINT('',(123.798719716,32.338046301,-1.));
#4120=CARTESIAN_POINT('',(123.95537259,32.232963148,-1.));
#4121=CARTESIAN_POINT('',(124.268678338,32.022796843,-1.));
#4122=CARTESIAN_POINT('',(124.563619976,31.788792459,-1.));
#4123=CARTESIAN_POINT('',(124.837106128,31.526937145,-1.));
#4124=CARTESIAN_POINT('',(124.973849204,31.396009489,-1.));
#4125=CARTESIAN_POINT('',(125.105894073,31.257281712,-1.));
#4126=CARTESIAN_POINT('',(125.230269421,31.113143818,-1.));
#4127=CARTESIAN_POINT('',(125.35464477,30.969005924,-1.));
#4128=CARTESIAN_POINT('',(125.471116994,30.819909681,-1.));
#4129=CARTESIAN_POINT('',(125.579828398,30.665944369,-1.));
#4130=CARTESIAN_POINT('',(125.797251208,30.358013746,-1.));
#4131=CARTESIAN_POINT('',(125.9836348,30.030609397,-1.));
#4132=CARTESIAN_POINT('',(126.140067667,29.68441423,-1.));
#4133=CARTESIAN_POINT('',(126.2182841,29.511316647,-1.));
#4134=CARTESIAN_POINT('',(126.289058129,29.333134507,-1.));
#4135=CARTESIAN_POINT('',(126.351437311,29.153822802,-1.));
#4136=CARTESIAN_POINT('',(126.413816492,28.974511096,-1.));
#4137=CARTESIAN_POINT('',(126.468213032,28.793265564,-1.));
#4138=CARTESIAN_POINT('',(126.515373196,28.610266992,-1.));
#4139=CARTESIAN_POINT('',(126.609693523,28.244269847,-1.));
#4140=CARTESIAN_POINT('',(126.675159869,27.871282712,-1.));
#4141=CARTESIAN_POINT('',(126.716516401,27.492454879,-1.));
#4142=CARTESIAN_POINT('',(126.757872933,27.113627046,-1.));
#4143=CARTESIAN_POINT('',(126.774456988,26.735471983,-1.));
#4144=CARTESIAN_POINT('',(126.771898103,26.35898137,-1.));
#4145=CARTESIAN_POINT('',(126.769339219,25.982490757,-1.));
#4146=CARTESIAN_POINT('',(126.747614558,25.607223058,-1.));
#4147=CARTESIAN_POINT('',(126.710580002,25.232932239,-1.));
#4148=CARTESIAN_POINT('',(126.673545446,24.85864142,-1.));
#4149=CARTESIAN_POINT('',(126.621165422,24.485329752,-1.));
#4150=CARTESIAN_POINT('',(126.556158372,24.112823778,-1.));
#4151=CARTESIAN_POINT('',(126.491151322,23.740317804,-1.));
#4152=CARTESIAN_POINT('',(126.413452693,23.368583203,-1.));
#4153=CARTESIAN_POINT('',(126.325706837,22.999681833,-1.));
#4154=B_SPLINE_CURVE_WITH_KNOTS('',3,(#4102,#4103,#4104,#4105,#4106,#4107,#4108,#4109,#4110,#4111,#4112,#4113,#4114,#4115,#4116,#4117,#4118,#4119,#4120,#4121,#4122,#4123,#4124,#4125,#4126,#4127,
#4128,#4129,#4130,#4131,#4132,#4133,#4134,#4135,#4136,#4137,#4138,#4139,#4140,#4141,#4142,#4143,#4144,#4145,#4146,#4147,#4148,#4149,#4150,#4151,#4152,
#4153),.UNSPECIFIED.,.F.,.F.,(4,3,3,3,3,3,3,3,3,3,3,3,3,3,3,3,3,4),(0.032718066,0.034990513,0.036126736,0.03726296,0.039535407,0.040103519,0.040671631,0.041807854,0.042375966,0.042944078,0.044080301,0.044648413,0.045216525,0.046352748,0.047488972,0.048625195,0.049761419,0.050897642),.UNSPECIFIED.);
#4155=EDGE_CURVE('',#4031,#4101,#4154,.T.);
#4156=ORIENTED_EDGE('',*,*,#4155,.F.);
#4157=ORIENTED_EDGE('',*,*,#4082,.F.);
#4158=CARTESIAN_POINT('',(126.325706837,22.999681833,5.5));
#4159=VERTEX_POINT('',#4158);
#4160=CARTESIAN_POINT('',(116.325706837,33.999681833,5.5));
#4161=CARTESIAN_POINT('',(128.931724732,33.955909377,5.5));
#4162=CARTESIAN_POINT('',(126.325706837,22.999681833,5.5));
#4163=B_SPLINE_CURVE_WITH_KNOTS('',2,(#4160,#4161,#4162),.UNSPECIFIED.,.F.,.F.,(3,3),(0.,1.),.UNSPECIFIED.);
#4164=EDGE_CURVE('',#4071,#4159,#4163,.T.);
#4165=ORIENTED_EDGE('',*,*,#4164,.T.);
#4166=CARTESIAN_POINT('',(126.325706837,22.999681833,5.5));
#4167=DIRECTION('',(0.,0.,-1.));
#4168=VECTOR('',#4167,6.5);
#4169=LINE('',#4166,#4168);
#4170=EDGE_CURVE('',#4159,#4101,#4169,.T.);
#4171=ORIENTED_EDGE('',*,*,#4170,.T.);
#4172=EDGE_LOOP('',(#4156,#4157,#4165,#4171));
#4173=FACE_BOUND('',#4172,.T.);
#4174=ADVANCED_FACE('',(#4173),#4099,.T.);
#4175=CARTESIAN_POINT('',(126.325706837,22.999681833,5.5));
#4176=CARTESIAN_POINT('',(126.325706837,22.999681833,3.));
#4177=CARTESIAN_POINT('',(126.325706837,22.999681833,0.));
#4178=CARTESIAN_POINT('',(126.325706837,22.999681833,-1.));
#4179=CARTESIAN_POINT('',(126.790516245,17.490953085,5.5));
#4180=CARTESIAN_POINT('',(126.790516245,17.490953085,3.));
#4181=CARTESIAN_POINT('',(126.790516245,17.490953085,0.));
#4182=CARTESIAN_POINT('',(126.790516245,17.490953085,-1.));
#4183=CARTESIAN_POINT('',(118.325706837,10.999681833,5.5));
#4184=CARTESIAN_POINT('',(118.325706837,10.999681833,3.));
#4185=CARTESIAN_POINT('',(118.325706837,10.999681833,0.));
#4186=CARTESIAN_POINT('',(118.325706837,10.999681833,-1.));
#4187=B_SPLINE_SURFACE_WITH_KNOTS('',2,1,((#4175,#4176,#4177,#4178),(#4179,#4180,#4181,#4182),(#4183,#4184,#4185,#4186)),.UNSPECIFIED.,.F.,.F.,.U.,(3,3),(2,1,1,2),(0.,1.),(-0.833333333,0.,1.,1.333333333),.UNSPECIFIED.);
#4188=CARTESIAN_POINT('',(118.325706837,10.999681833,-1.));
#4189=VERTEX_POINT('',#4188);
#4190=CARTESIAN_POINT('',(126.325706837,22.999681833,-1.));
#4191=CARTESIAN_POINT('',(126.378901512,22.369240552,-1.));
#4192=CARTESIAN_POINT('',(126.343121825,21.748127726,-1.));
#4193=CARTESIAN_POINT('',(126.23236897,21.134875409,-1.));
#4194=CARTESIAN_POINT('',(126.176992542,20.82824925,-1.));
#4195=CARTESIAN_POINT('',(126.102427532,20.522370779,-1.));
#4196=CARTESIAN_POINT('',(126.011336377,20.221073176,-1.));
#4197=CARTESIAN_POINT('',(125.920245221,19.919775574,-1.));
#4198=CARTESIAN_POINT('',(125.813704673,19.625905098,-1.));
#4199=CARTESIAN_POINT('',(125.694236716,19.338249332,-1.));
#4200=CARTESIAN_POINT('',(125.455300801,18.7629378,-1.));
#4201=CARTESIAN_POINT('',(125.165027715,18.212306051,-1.));
#4202=CARTESIAN_POINT('',(124.83689921,17.679872879,-1.));
#4203=CARTESIAN_POINT('',(124.672834957,17.413656293,-1.));
#4204=CARTESIAN_POINT('',(124.498762423,17.1514725,-1.));
#4205=CARTESIAN_POINT('',(124.31806095,16.895725719,-1.));
#4206=CARTESIAN_POINT('',(124.137359477,16.639978939,-1.));
#4207=CARTESIAN_POINT('',(123.949776217,16.390165686,-1.));
#4208=CARTESIAN_POINT('',(123.756338545,16.145400151,-1.));
#4209=CARTESIAN_POINT('',(123.3694632,15.655869081,-1.));
#4210=CARTESIAN_POINT('',(122.959320558,15.186399246,-1.));
#4211=CARTESIAN_POINT('',(122.53160556,14.732080426,-1.));
#4212=CARTESIAN_POINT('',(122.103890562,14.277761605,-1.));
#4213=CARTESIAN_POINT('',(121.657905792,13.838096286,-1.));
#4214=CARTESIAN_POINT('',(121.199500433,13.411839573,-1.));
#4215=CARTESIAN_POINT('',(120.282689714,12.559326146,-1.));
#4216=CARTESIAN_POINT('',(119.319343154,11.761655618,-1.));
#4217=CARTESIAN_POINT('',(118.325706837,10.999681833,-1.));
#4218=B_SPLINE_CURVE_WITH_KNOTS('',3,(#4190,#4191,#4192,#4193,#4194,#4195,#4196,#4197,#4198,#4199,#4200,#4201,#4202,#4203,#4204,#4205,#4206,#4207,#4208,#4209,#4210,#4211,#4212,#4213,#4214,#4215,
#4216,#4217),.UNSPECIFIED.,.F.,.F.,(4,3,3,3,3,3,3,3,3,4),(0.041752651,0.043629872,0.044568482,0.045507093,0.047384314,0.048322925,0.049261535,0.051138756,0.053015977,0.05677042),.UNSPECIFIED.);
#4219=EDGE_CURVE('',#4101,#4189,#4218,.T.);
#4220=ORIENTED_EDGE('',*,*,#4219,.F.);
#4221=ORIENTED_EDGE('',*,*,#4170,.F.);
#4222=CARTESIAN_POINT('',(118.325706837,10.999681833,5.5));
#4223=VERTEX_POINT('',#4222);
#4224=CARTESIAN_POINT('',(126.325706837,22.999681833,5.5));
#4225=CARTESIAN_POINT('',(126.790516245,17.490953085,5.5));
#4226=CARTESIAN_POINT('',(118.325706837,10.999681833,5.5));
#4227=B_SPLINE_CURVE_WITH_KNOTS('',2,(#4224,#4225,#4226),.UNSPECIFIED.,.F.,.F.,(3,3),(0.,1.),.UNSPECIFIED.);
#4228=EDGE_CURVE('',#4159,#4223,#4227,.T.);
#4229=ORIENTED_EDGE('',*,*,#4228,.T.);
#4230=CARTESIAN_POINT('',(118.325706837,10.999681833,5.5));
#4231=DIRECTION('',(0.,0.,-1.));
#4232=VECTOR('',#4231,6.5);
#4233=LINE('',#4230,#4232);
#4234=EDGE_CURVE('',#4223,#4189,#4233,.T.);
#4235=ORIENTED_EDGE('',*,*,#4234,.T.);
#4236=EDGE_LOOP('',(#4220,#4221,#4229,#4235));
#4237=FACE_BOUND('',#4236,.T.);
#4238=ADVANCED_FACE('',(#4237),#4187,.T.);
#4239=CARTESIAN_POINT('',(118.325706837,10.999681833,5.5));
#4240=CARTESIAN_POINT('',(118.325706837,10.999681833,3.));
#4241=CARTESIAN_POINT('',(118.325706837,10.999681833,0.));
#4242=CARTESIAN_POINT('',(118.325706837,10.999681833,-1.));
#4243=CARTESIAN_POINT('',(115.28014331,6.860853998,5.5));
#4244=CARTESIAN_POINT('',(115.28014331,6.860853998,3.));
#4245=CARTESIAN_POINT('',(115.28014331,6.860853998,0.));
#4246=CARTESIAN_POINT('',(115.28014331,6.860853998,-1.));
#4247=CARTESIAN_POINT('',(121.325706837,-3.000318167,5.5));
#4248=CARTESIAN_POINT('',(121.325706837,-3.000318167,3.));
#4249=CARTESIAN_POINT('',(121.325706837,-3.000318167,0.));
#4250=CARTESIAN_POINT('',(121.325706837,-3.000318167,-1.));
#4251=B_SPLINE_SURFACE_WITH_KNOTS('',2,1,((#4239,#4240,#4241,#4242),(#4243,#4244,#4245,#4246),(#4247,#4248,#4249,#4250)),.UNSPECIFIED.,.F.,.F.,.U.,(3,3),(2,1,1,2),(0.,1.),(-0.833333333,0.,1.,1.333333333),.UNSPECIFIED.);
#4252=CARTESIAN_POINT('',(121.325706837,-3.000318167,-1.));
#4253=VERTEX_POINT('',#4252);
#4254=CARTESIAN_POINT('',(118.325706837,10.999681833,-1.));
#4255=CARTESIAN_POINT('',(118.23042684,10.870199228,-1.));
#4256=CARTESIAN_POINT('',(118.141802439,10.736491905,-1.));
#4257=CARTESIAN_POINT('',(118.059841101,10.598555125,-1.));
#4258=CARTESIAN_POINT('',(117.977879764,10.460618345,-1.));
#4259=CARTESIAN_POINT('',(117.902545737,10.318221928,-1.));
#4260=CARTESIAN_POINT('',(117.834819747,10.17389805,-1.));
#4261=CARTESIAN_POINT('',(117.699367767,9.885250295,-1.));
#4262=CARTESIAN_POINT('',(117.592924653,9.586833648,-1.));
#4263=CARTESIAN_POINT('',(117.51193325,9.279846002,-1.));
#4264=CARTESIAN_POINT('',(117.430941847,8.972858355,-1.));
#4265=CARTESIAN_POINT('',(117.375382299,8.654630905,-1.));
#4266=CARTESIAN_POINT('',(117.342980026,8.339179329,-1.));
#4267=CARTESIAN_POINT('',(117.310577753,8.023727753,-1.));
#4268=CARTESIAN_POINT('',(117.300428795,7.709314699,-1.));
#4269=CARTESIAN_POINT('',(117.30760629,7.395710239,-1.));
#4270=CARTESIAN_POINT('',(117.321961278,6.768501319,-1.));
#4271=CARTESIAN_POINT('',(117.404867477,6.14449156,-1.));
#4272=CARTESIAN_POINT('',(117.533480503,5.522614855,-1.));
#4273=CARTESIAN_POINT('',(117.597787016,5.211676503,-1.));
#4274=CARTESIAN_POINT('',(117.673217029,4.904004795,-1.));
#4275=CARTESIAN_POINT('',(117.757000822,4.60085128,-1.));
#4276=CARTESIAN_POINT('',(117.840784615,4.297697766,-1.));
#4277=CARTESIAN_POINT('',(117.933092302,3.9983541,-1.));
#4278=CARTESIAN_POINT('',(118.032330958,3.702108308,-1.));
#4279=CARTESIAN_POINT('',(118.23080827,3.109616722,-1.));
#4280=CARTESIAN_POINT('',(118.45676784,2.529408635,-1.));
#4281=CARTESIAN_POINT('',(118.702171353,1.957891233,-1.));
#4282=CARTESIAN_POINT('',(118.947574867,1.386373831,-1.));
#4283=CARTESIAN_POINT('',(119.212577656,0.823616542,-1.));
#4284=CARTESIAN_POINT('',(119.492384683,0.26747617,-1.));
#4285=CARTESIAN_POINT('',(120.051998735,-0.844804574,-1.));
#4286=CARTESIAN_POINT('',(120.670155703,-1.931021224,-1.));
#4287=CARTESIAN_POINT('',(121.325706837,-3.000318167,-1.));
#4288=B_SPLINE_CURVE_WITH_KNOTS('',3,(#4254,#4255,#4256,#4257,#4258,#4259,#4260,#4261,#4262,#4263,#4264,#4265,#4266,#4267,#4268,#4269,#4270,#4271,#4272,#4273,#4274,#4275,#4276,#4277,#4278,#4279,
#4280,#4281,#4282,#4283,#4284,#4285,#4286,#4287),.UNSPECIFIED.,.F.,.F.,(4,3,3,3,3,3,3,3,3,3,3,4),(0.037204982,0.037675326,0.038145669,0.039086357,0.040027044,0.040967731,0.042849106,0.043789794,0.044730481,0.046611856,0.048493231,0.05225598),.UNSPECIFIED.);
#4289=EDGE_CURVE('',#4189,#4253,#4288,.T.);
#4290=ORIENTED_EDGE('',*,*,#4289,.F.);
#4291=ORIENTED_EDGE('',*,*,#4234,.F.);
#4292=CARTESIAN_POINT('',(121.325706837,-3.000318167,5.5));
#4293=VERTEX_POINT('',#4292);
#4294=CARTESIAN_POINT('',(118.325706837,10.999681833,5.5));
#4295=CARTESIAN_POINT('',(115.28014331,6.860853998,5.5));
#4296=CARTESIAN_POINT('',(121.325706837,-3.000318167,5.5));
#4297=B_SPLINE_CURVE_WITH_KNOTS('',2,(#4294,#4295,#4296),.UNSPECIFIED.,.F.,.F.,(3,3),(0.,1.),.UNSPECIFIED.);
#4298=EDGE_CURVE('',#4223,#4293,#4297,.T.);
#4299=ORIENTED_EDGE('',*,*,#4298,.T.);
#4300=CARTESIAN_POINT('',(121.325706837,-3.000318167,5.5));
#4301=DIRECTION('',(0.,0.,-1.));
#4302=VECTOR('',#4301,6.5);
#4303=LINE('',#4300,#4302);
#4304=EDGE_CURVE('',#4293,#4253,#4303,.T.);
#4305=ORIENTED_EDGE('',*,*,#4304,.T.);
#4306=EDGE_LOOP('',(#4290,#4291,#4299,#4305));
#4307=FACE_BOUND('',#4306,.T.);
#4308=ADVANCED_FACE('',(#4307),#4251,.T.);
#4309=CARTESIAN_POINT('',(121.325706837,-3.000318167,5.5));
#4310=CARTESIAN_POINT('',(121.325706837,-3.000318167,3.));
#4311=CARTESIAN_POINT('',(121.325706837,-3.000318167,0.));
#4312=CARTESIAN_POINT('',(121.325706837,-3.000318167,-1.));
#4313=CARTESIAN_POINT('',(126.065470327,-17.536962606,5.5));
#4314=CARTESIAN_POINT('',(126.065470327,-17.536962606,3.));
#4315=CARTESIAN_POINT('',(126.065470327,-17.536962606,0.));
#4316=CARTESIAN_POINT('',(126.065470327,-17.536962606,-1.));
#4317=CARTESIAN_POINT('',(112.325706837,-21.000318167,5.5));
#4318=CARTESIAN_POINT('',(112.325706837,-21.000318167,3.));
#4319=CARTESIAN_POINT('',(112.325706837,-21.000318167,0.));
#4320=CARTESIAN_POINT('',(112.325706837,-21.000318167,-1.));
#4321=B_SPLINE_SURFACE_WITH_KNOTS('',2,1,((#4309,#4310,#4311,#4312),(#4313,#4314,#4315,#4316),(#4317,#4318,#4319,#4320)),.UNSPECIFIED.,.F.,.F.,.U.,(3,3),(2,1,1,2),(0.,1.),(-0.833333333,0.,1.,1.333333333),.UNSPECIFIED.);
#4322=CARTESIAN_POINT('',(121.325706837,-3.000318167,-1.));
#4323=CARTESIAN_POINT('',(121.629802796,-3.932966987,-1.));
#4324=CARTESIAN_POINT('',(121.891675429,-4.874861702,-1.));
#4325=CARTESIAN_POINT('',(122.095834821,-5.829394231,-1.));
#4326=CARTESIAN_POINT('',(122.197914517,-6.306660496,-1.));
#4327=CARTESIAN_POINT('',(122.285457641,-6.787109921,-1.));
#4328=CARTESIAN_POINT('',(122.355535709,-7.271383774,-1.));
#4329=CARTESIAN_POINT('',(122.425613777,-7.755657627,-1.));
#4330=CARTESIAN_POINT('',(122.478318416,-8.245586554,-1.));
#4331=CARTESIAN_POINT('',(122.509295536,-8.7345697,-1.));
#4332=CARTESIAN_POINT('',(122.571249777,-9.712535993,-1.));
#4333=CARTESIAN_POINT('',(122.548243842,-10.686871867,-1.));
#4334=CARTESIAN_POINT('',(122.405106403,-11.656074423,-1.));
#4335=CARTESIAN_POINT('',(122.333537683,-12.140675701,-1.));
#4336=CARTESIAN_POINT('',(122.230723598,-12.625597131,-1.));
#4337=CARTESIAN_POINT('',(122.095169173,-13.096506617,-1.));
#4338=CARTESIAN_POINT('',(121.959614747,-13.567416103,-1.));
#4339=CARTESIAN_POINT('',(121.791132263,-14.027081884,-1.));
#4340=CARTESIAN_POINT('',(121.586426886,-14.474378896,-1.));
#4341=CARTESIAN_POINT('',(121.484074197,-14.698027402,-1.));
#4342=CARTESIAN_POINT('',(121.372313066,-14.919041892,-1.));
#4343=CARTESIAN_POINT('',(121.253133413,-15.133326941,-1.));
#4344=CARTESIAN_POINT('',(121.133953761,-15.34761199,-1.));
#4345=CARTESIAN_POINT('',(121.007011898,-15.55603236,-1.));
#4346=CARTESIAN_POINT('',(120.872501441,-15.758734337,-1.));
#4347=CARTESIAN_POINT('',(120.603480526,-16.164138291,-1.));
#4348=CARTESIAN_POINT('',(120.304192993,-16.546674533,-1.));
#4349=CARTESIAN_POINT('',(119.976094799,-16.907443102,-1.));
#4350=CARTESIAN_POINT('',(119.812045702,-17.087827386,-1.));
#4351=CARTESIAN_POINT('',(119.640792118,-17.262768375,-1.));
#4352=CARTESIAN_POINT('',(119.462505238,-17.432395411,-1.));
#4353=CARTESIAN_POINT('',(119.284218359,-17.602022448,-1.));
#4354=CARTESIAN_POINT('',(119.099655426,-17.765538212,-1.));
#4355=CARTESIAN_POINT('',(118.911282252,-17.921670721,-1.));
#4356=CARTESIAN_POINT('',(118.534535903,-18.233935738,-1.));
#4357=CARTESIAN_POINT('',(118.140219878,-18.519059905,-1.));
#4358=CARTESIAN_POINT('',(117.731164129,-18.781414805,-1.));
#4359=CARTESIAN_POINT('',(117.32210838,-19.043769705,-1.));
#4360=CARTESIAN_POINT('',(116.898296628,-19.283330191,-1.));
#4361=CARTESIAN_POINT('',(116.461874947,-19.503411422,-1.));
#4362=CARTESIAN_POINT('',(116.025453266,-19.723492654,-1.));
#4363=CARTESIAN_POINT('',(115.575562495,-19.924285147,-1.));
#4364=CARTESIAN_POINT('',(115.120880855,-20.105980815,-1.));
#4365=CARTESIAN_POINT('',(114.211517574,-20.46937215,-1.));
#4366=CARTESIAN_POINT('',(113.277377181,-20.760432467,-1.));
#4367=CARTESIAN_POINT('',(112.325706837,-21.000318167,-1.));
#4368=B_SPLINE_CURVE_WITH_KNOTS('',3,(#4322,#4323,#4324,#4325,#4326,#4327,#4328,#4329,#4330,#4331,#4332,#4333,#4334,#4335,#4336,#4337,#4338,#4339,#4340,#4341,#4342,#4343,#4344,#4345,#4346,#4347,
#4348,#4349,#4350,#4351,#4352,#4353,#4354,#4355,#4356,#4357,#4358,#4359,#4360,#4361,#4362,#4363,#4364,#4365,#4366,#4367),.UNSPECIFIED.,.F.,.F.,(4,3,3,3,3,3,3,3,3,3,3,3,3,3,3,4),(0.049639229,0.052575673,0.054043895,0.055512116,0.05844856,0.059916782,0.061385004,0.062119115,0.062853226,0.064321448,0.065055559,0.065789669,0.067257891,0.068726113,0.070194335,0.073130779),.UNSPECIFIED.);
#4369=EDGE_CURVE('',#4253,#3223,#4368,.T.);
#4370=ORIENTED_EDGE('',*,*,#4369,.F.);
#4371=ORIENTED_EDGE('',*,*,#4304,.F.);
#4372=CARTESIAN_POINT('',(121.325706837,-3.000318167,5.5));
#4373=CARTESIAN_POINT('',(126.065470327,-17.536962606,5.5));
#4374=CARTESIAN_POINT('',(112.325706837,-21.000318167,5.5));
#4375=B_SPLINE_CURVE_WITH_KNOTS('',2,(#4372,#4373,#4374),.UNSPECIFIED.,.F.,.F.,(3,3),(0.,1.),.UNSPECIFIED.);
#4376=EDGE_CURVE('',#4293,#3255,#4375,.T.);
#4377=ORIENTED_EDGE('',*,*,#4376,.T.);
#4378=ORIENTED_EDGE('',*,*,#3260,.T.);
#4379=EDGE_LOOP('',(#4370,#4371,#4377,#4378));
#4380=FACE_BOUND('',#4379,.T.);
#4381=ADVANCED_FACE('',(#4380),#4321,.T.);
#4382=CARTESIAN_POINT('',(69.325706837,-14.000318167,5.5));
#4383=DIRECTION('',(0.,0.,1.));
#4384=DIRECTION('',(1.,0.,0.));
#4385=AXIS2_PLACEMENT_3D('',#4382,#4383,#4384);
#4386=PLANE('',#4385);
#4387=ORIENTED_EDGE('',*,*,#3921,.F.);
#4388=CARTESIAN_POINT('',(83.96940503,40.415350689,5.5));
#4389=DIRECTION('',(0.,0.,1.));
#4390=DIRECTION('',(1.,0.,-0.));
#4391=AXIS2_PLACEMENT_3D('',#4388,#4389,#4390);
#4392=CIRCLE('',#4391,5.6);
#4393=EDGE_CURVE('',#3908,#3788,#4392,.T.);
#4394=ORIENTED_EDGE('',*,*,#4393,.T.);
#4395=ORIENTED_EDGE('',*,*,#3793,.F.);
#4396=ORIENTED_EDGE('',*,*,#3763,.F.);
#4397=ORIENTED_EDGE('',*,*,#3696,.F.);
#4398=ORIENTED_EDGE('',*,*,#3620,.F.);
#4399=CARTESIAN_POINT('',(58.932889915,4.290921897,5.5));
#4400=DIRECTION('',(-0.,-0.,-1.));
#4401=DIRECTION('',(1.,0.,-0.));
#4402=AXIS2_PLACEMENT_3D('',#4399,#4400,#4401);
#4403=CIRCLE('',#4402,6.4);
#4404=EDGE_CURVE('',#3607,#3309,#4403,.T.);
#4405=ORIENTED_EDGE('',*,*,#4404,.T.);
#4406=ORIENTED_EDGE('',*,*,#3390,.F.);
#4407=ORIENTED_EDGE('',*,*,#3268,.F.);
#4408=ORIENTED_EDGE('',*,*,#4376,.F.);
#4409=ORIENTED_EDGE('',*,*,#4298,.F.);
#4410=ORIENTED_EDGE('',*,*,#4228,.F.);
#4411=ORIENTED_EDGE('',*,*,#4164,.F.);
#4412=ORIENTED_EDGE('',*,*,#4076,.F.);
#4413=ORIENTED_EDGE('',*,*,#4006,.F.);
#4414=EDGE_LOOP('',(#4387,#4394,#4395,#4396,#4397,#4398,#4405,#4406,#4407,#4408,#4409,#4410,#4411,#4412,#4413));
#4415=FACE_BOUND('',#4414,.T.);
#4416=ORIENTED_EDGE('',*,*,#2935,.T.);
#4417=ORIENTED_EDGE('',*,*,#3203,.T.);
#4418=ORIENTED_EDGE('',*,*,#3176,.T.);
#4419=ORIENTED_EDGE('',*,*,#3145,.T.);
#4420=ORIENTED_EDGE('',*,*,#3114,.T.);
#4421=ORIENTED_EDGE('',*,*,#3083,.T.);
#4422=ORIENTED_EDGE('',*,*,#3051,.T.);
#4423=ORIENTED_EDGE('',*,*,#3027,.T.);
#4424=ORIENTED_EDGE('',*,*,#2997,.T.);
#4425=ORIENTED_EDGE('',*,*,#2966,.F.);
#4426=EDGE_LOOP('',(#4416,#4417,#4418,#4419,#4420,#4421,#4422,#4423,#4424,#4425));
#4427=FACE_BOUND('',#4426,.T.);
#4428=ADVANCED_FACE('',(#4415,#4427),#4386,.T.);
#4429=CARTESIAN_POINT('',(83.96940503,40.415350689,2.25));
#4430=DIRECTION('',(0.,0.,-1.));
#4431=DIRECTION('',(-1.,0.,0.));
#4432=AXIS2_PLACEMENT_3D('',#4429,#4430,#4431);
#4433=CYLINDRICAL_SURFACE('',#4432,5.6);
#4434=ORIENTED_EDGE('',*,*,#4393,.F.);
#4435=ORIENTED_EDGE('',*,*,#3913,.F.);
#4436=CARTESIAN_POINT('',(87.82934323,44.472551337,-2.));
#4437=VERTEX_POINT('',#4436);
#4438=CARTESIAN_POINT('',(87.82934323,44.472551337,-2.));
#4439=DIRECTION('',(0.,0.,1.));
#4440=VECTOR('',#4439,1.);
#4441=LINE('',#4438,#4440);
#4442=EDGE_CURVE('',#4437,#3870,#4441,.T.);
#4443=ORIENTED_EDGE('',*,*,#4442,.F.);
#4444=CARTESIAN_POINT('',(86.275128021,45.518647809,-2.));
#4445=VERTEX_POINT('',#4444);
#4446=CARTESIAN_POINT('',(83.96940503,40.415350689,-2.));
#4447=DIRECTION('',(0.,0.,-1.));
#4448=DIRECTION('',(-1.,0.,0.));
#4449=AXIS2_PLACEMENT_3D('',#4446,#4447,#4448);
#4450=CIRCLE('',#4449,5.6);
#4451=EDGE_CURVE('',#4445,#4437,#4450,.T.);
#4452=ORIENTED_EDGE('',*,*,#4451,.F.);
#4453=CARTESIAN_POINT('',(86.275128021,45.518647809,-1.));
#4454=DIRECTION('',(-0.,-0.,-1.));
#4455=VECTOR('',#4454,1.);
#4456=LINE('',#4453,#4455);
#4457=EDGE_CURVE('',#3796,#4445,#4456,.T.);
#4458=ORIENTED_EDGE('',*,*,#4457,.F.);
#4459=ORIENTED_EDGE('',*,*,#3801,.F.);
#4460=EDGE_LOOP('',(#4434,#4435,#4443,#4452,#4458,#4459));
#4461=FACE_BOUND('',#4460,.T.);
#4462=ADVANCED_FACE('',(#4461),#4433,.T.);
#4463=CARTESIAN_POINT('',(58.932889915,4.290921897,2.25));
#4464=DIRECTION('',(0.,0.,-1.));
#4465=DIRECTION('',(-1.,0.,0.));
#4466=AXIS2_PLACEMENT_3D('',#4463,#4464,#4465);
#4467=CYLINDRICAL_SURFACE('',#4466,6.4);
#4468=ORIENTED_EDGE('',*,*,#4404,.F.);
#4469=ORIENTED_EDGE('',*,*,#3612,.F.);
#4470=CARTESIAN_POINT('',(62.793957418,9.395053335,-2.));
#4471=VERTEX_POINT('',#4470);
#4472=CARTESIAN_POINT('',(62.793957418,9.395053335,-2.));
#4473=DIRECTION('',(0.,0.,1.));
#4474=VECTOR('',#4473,1.);
#4475=LINE('',#4472,#4474);
#4476=EDGE_CURVE('',#4471,#3563,#4475,.T.);
#4477=ORIENTED_EDGE('',*,*,#4476,.F.);
#4478=CARTESIAN_POINT('',(63.909281753,8.315288216,-2.));
#4479=VERTEX_POINT('',#4478);
#4480=CARTESIAN_POINT('',(58.932889915,4.290921897,-2.));
#4481=DIRECTION('',(-0.,-0.,1.));
#4482=DIRECTION('',(-1.,0.,0.));
#4483=AXIS2_PLACEMENT_3D('',#4480,#4481,#4482);
#4484=CIRCLE('',#4483,6.4);
#4485=EDGE_CURVE('',#4479,#4471,#4484,.T.);
#4486=ORIENTED_EDGE('',*,*,#4485,.F.);
#4487=CARTESIAN_POINT('',(63.909281753,8.315288216,-1.));
#4488=DIRECTION('',(-0.,-0.,-1.));
#4489=VECTOR('',#4488,1.);
#4490=LINE('',#4487,#4489);
#4491=EDGE_CURVE('',#3393,#4479,#4490,.T.);
#4492=ORIENTED_EDGE('',*,*,#4491,.F.);
#4493=ORIENTED_EDGE('',*,*,#3398,.F.);
#4494=EDGE_LOOP('',(#4468,#4469,#4477,#4486,#4492,#4493));
#4495=FACE_BOUND('',#4494,.T.);
#4496=ADVANCED_FACE('',(#4495),#4467,.F.);
#4497=CARTESIAN_POINT('',(112.325706837,-21.000318167,-2.));
#4498=CARTESIAN_POINT('',(112.325706837,-21.000318167,-1.));
#4499=CARTESIAN_POINT('',(108.139596209,-22.026656476,-2.));
#4500=CARTESIAN_POINT('',(108.139596209,-22.026656476,-1.));
#4501=CARTESIAN_POINT('',(100.325706837,-18.000318167,-2.));
#4502=CARTESIAN_POINT('',(100.325706837,-18.000318167,-1.));
#4503=B_SPLINE_SURFACE_WITH_KNOTS('',2,1,((#4497,#4498),(#4499,#4500),(#4501,#4502)),.UNSPECIFIED.,.F.,.F.,.U.,(3,3),(2,2),(0.,1.),(0.,1.),.UNSPECIFIED.);
#4504=ORIENTED_EDGE('',*,*,#3252,.T.);
#4505=CARTESIAN_POINT('',(100.325706837,-18.000318167,-2.));
#4506=VERTEX_POINT('',#4505);
#4507=CARTESIAN_POINT('',(100.325706837,-18.000318167,-2.));
#4508=DIRECTION('',(0.,0.,1.));
#4509=VECTOR('',#4508,1.);
#4510=LINE('',#4507,#4509);
#4511=EDGE_CURVE('',#4506,#3225,#4510,.T.);
#4512=ORIENTED_EDGE('',*,*,#4511,.F.);
#4513=CARTESIAN_POINT('',(112.325706837,-21.000318167,-2.));
#4514=VERTEX_POINT('',#4513);
#4515=CARTESIAN_POINT('',(112.325706837,-21.000318167,-2.));
#4516=CARTESIAN_POINT('',(108.139596209,-22.026656476,-2.));
#4517=CARTESIAN_POINT('',(100.325706837,-18.000318167,-2.));
#4518=B_SPLINE_CURVE_WITH_KNOTS('',2,(#4515,#4516,#4517),.UNSPECIFIED.,.F.,.F.,(3,3),(0.,1.),.UNSPECIFIED.);
#4519=EDGE_CURVE('',#4514,#4506,#4518,.T.);
#4520=ORIENTED_EDGE('',*,*,#4519,.F.);
#4521=CARTESIAN_POINT('',(112.325706837,-21.000318167,-2.));
#4522=DIRECTION('',(0.,0.,1.));
#4523=VECTOR('',#4522,1.);
#4524=LINE('',#4521,#4523);
#4525=EDGE_CURVE('',#4514,#3223,#4524,.T.);
#4526=ORIENTED_EDGE('',*,*,#4525,.T.);
#4527=EDGE_LOOP('',(#4504,#4512,#4520,#4526));
#4528=FACE_BOUND('',#4527,.T.);
#4529=ADVANCED_FACE('',(#4528),#4503,.F.);
#4530=CARTESIAN_POINT('',(100.325706837,-18.000318167,-2.));
#4531=CARTESIAN_POINT('',(100.325706837,-18.000318167,-1.));
#4532=CARTESIAN_POINT('',(89.143554095,-12.640021002,-2.));
#4533=CARTESIAN_POINT('',(89.143554095,-12.640021002,-1.));
#4534=CARTESIAN_POINT('',(78.696289285,-24.077308952,-2.));
#4535=CARTESIAN_POINT('',(78.696289285,-24.077308952,-1.));
#4536=CARTESIAN_POINT('',(63.514233855,-21.872792559,-2.));
#4537=CARTESIAN_POINT('',(63.514233855,-21.872792559,-1.));
#4538=CARTESIAN_POINT('',(56.438723707,-8.589341092,-2.));
#4539=CARTESIAN_POINT('',(56.438723707,-8.589341092,-1.));
#4540=CARTESIAN_POINT('',(70.346911193,0.354738889,-2.));
#4541=CARTESIAN_POINT('',(70.346911193,0.354738889,-1.));
#4542=CARTESIAN_POINT('',(63.909281753,8.315288216,-2.));
#4543=CARTESIAN_POINT('',(63.909281753,8.315288216,-1.));
#4544=B_SPLINE_SURFACE_WITH_KNOTS('',3,1,((#4530,#4531),(#4532,#4533),(#4534,#4535),(#4536,#4537),(#4538,#4539),(#4540,#4541),(#4542,#4543)),.UNSPECIFIED.,.F.,.F.,.U.,(4,1,1,1,4),(2,2),(0.,0.309938095,0.51590938,0.715292341,0.992144135),(0.,1.),.UNSPECIFIED.);
#4545=ORIENTED_EDGE('',*,*,#3543,.T.);
#4546=ORIENTED_EDGE('',*,*,#4491,.T.);
#4547=CARTESIAN_POINT('',(100.325706837,-18.000318167,-2.));
#4548=CARTESIAN_POINT('',(89.143554095,-12.640021002,-2.));
#4549=CARTESIAN_POINT('',(78.696289285,-24.077308952,-2.));
#4550=CARTESIAN_POINT('',(63.514233855,-21.872792559,-2.));
#4551=CARTESIAN_POINT('',(56.438723673,-8.589341028,-2.));
#4552=CARTESIAN_POINT('',(70.346911382,0.354739011,-2.));
#4553=CARTESIAN_POINT('',(63.909281526,8.315288497,-2.));
#4554=B_SPLINE_CURVE_WITH_KNOTS('',3,(#4547,#4548,#4549,#4550,#4551,#4552,#4553),.UNSPECIFIED.,.F.,.F.,(4,1,1,1,4),(0.,0.309938095,0.51590938,0.715292341,0.992144139),.UNSPECIFIED.);
#4555=EDGE_CURVE('',#4506,#4479,#4554,.T.);
#4556=ORIENTED_EDGE('',*,*,#4555,.F.);
#4557=ORIENTED_EDGE('',*,*,#4511,.T.);
#4558=EDGE_LOOP('',(#4545,#4546,#4556,#4557));
#4559=FACE_BOUND('',#4558,.T.);
#4560=ADVANCED_FACE('',(#4559),#4544,.F.);
#4561=CARTESIAN_POINT('',(62.793957418,9.395053335,-2.));
#4562=CARTESIAN_POINT('',(62.793957418,9.395053335,-1.));
#4563=CARTESIAN_POINT('',(52.705822796,17.026316209,-2.));
#4564=CARTESIAN_POINT('',(52.705822796,17.026316209,-1.));
#4565=CARTESIAN_POINT('',(54.325706837,25.999681833,-2.));
#4566=CARTESIAN_POINT('',(54.325706837,25.999681833,-1.));
#4567=B_SPLINE_SURFACE_WITH_KNOTS('',2,1,((#4561,#4562),(#4563,#4564),(#4565,#4566)),.UNSPECIFIED.,.F.,.F.,.U.,(3,3),(2,2),(0.025306933,1.),(0.,1.),.UNSPECIFIED.);
#4568=CARTESIAN_POINT('',(54.325706837,25.999681833,-2.));
#4569=VERTEX_POINT('',#4568);
#4570=CARTESIAN_POINT('',(62.793957616,9.395053185,-2.));
#4571=CARTESIAN_POINT('',(52.70582278,17.026316121,-2.));
#4572=CARTESIAN_POINT('',(54.325706837,25.999681833,-2.));
#4573=B_SPLINE_CURVE_WITH_KNOTS('',2,(#4570,#4571,#4572),.UNSPECIFIED.,.F.,.F.,(3,3),(0.025306923,1.),.UNSPECIFIED.);
#4574=EDGE_CURVE('',#4471,#4569,#4573,.T.);
#4575=ORIENTED_EDGE('',*,*,#4574,.F.);
#4576=ORIENTED_EDGE('',*,*,#4476,.T.);
#4577=ORIENTED_EDGE('',*,*,#3604,.T.);
#4578=CARTESIAN_POINT('',(54.325706837,25.999681833,-2.));
#4579=DIRECTION('',(0.,0.,1.));
#4580=VECTOR('',#4579,1.);
#4581=LINE('',#4578,#4580);
#4582=EDGE_CURVE('',#4569,#3565,#4581,.T.);
#4583=ORIENTED_EDGE('',*,*,#4582,.F.);
#4584=EDGE_LOOP('',(#4575,#4576,#4577,#4583));
#4585=FACE_BOUND('',#4584,.T.);
#4586=ADVANCED_FACE('',(#4585),#4567,.F.);
#4587=CARTESIAN_POINT('',(54.325706837,25.999681833,-2.));
#4588=CARTESIAN_POINT('',(54.325706837,25.999681833,-1.));
#4589=CARTESIAN_POINT('',(56.55122991,34.915309908,-2.));
#4590=CARTESIAN_POINT('',(56.55122991,34.915309908,-1.));
#4591=CARTESIAN_POINT('',(67.325706837,32.999681833,-2.));
#4592=CARTESIAN_POINT('',(67.325706837,32.999681833,-1.));
#4593=B_SPLINE_SURFACE_WITH_KNOTS('',2,1,((#4587,#4588),(#4589,#4590),(#4591,#4592)),.UNSPECIFIED.,.F.,.F.,.U.,(3,3),(2,2),(0.,1.),(0.,1.),.UNSPECIFIED.);
#4594=ORIENTED_EDGE('',*,*,#3687,.T.);
#4595=CARTESIAN_POINT('',(67.325706837,32.999681833,-2.));
#4596=VERTEX_POINT('',#4595);
#4597=CARTESIAN_POINT('',(67.325706837,32.999681833,-2.));
#4598=DIRECTION('',(0.,0.,1.));
#4599=VECTOR('',#4598,1.);
#4600=LINE('',#4597,#4599);
#4601=EDGE_CURVE('',#4596,#3645,#4600,.T.);
#4602=ORIENTED_EDGE('',*,*,#4601,.F.);
#4603=CARTESIAN_POINT('',(54.325706837,25.999681833,-2.));
#4604=CARTESIAN_POINT('',(56.55122991,34.915309908,-2.));
#4605=CARTESIAN_POINT('',(67.325706837,32.999681833,-2.));
#4606=B_SPLINE_CURVE_WITH_KNOTS('',2,(#4603,#4604,#4605),.UNSPECIFIED.,.F.,.F.,(3,3),(0.,1.),.UNSPECIFIED.);
#4607=EDGE_CURVE('',#4569,#4596,#4606,.T.);
#4608=ORIENTED_EDGE('',*,*,#4607,.F.);
#4609=ORIENTED_EDGE('',*,*,#4582,.T.);
#4610=EDGE_LOOP('',(#4594,#4602,#4608,#4609));
#4611=FACE_BOUND('',#4610,.T.);
#4612=ADVANCED_FACE('',(#4611),#4593,.F.);
#4613=CARTESIAN_POINT('',(67.325706837,32.999681833,-2.));
#4614=CARTESIAN_POINT('',(67.325706837,32.999681833,-1.));
#4615=CARTESIAN_POINT('',(72.240043093,32.744291703,-2.));
#4616=CARTESIAN_POINT('',(72.240043093,32.744291703,-1.));
#4617=CARTESIAN_POINT('',(73.522952301,37.529372457,-2.));
#4618=CARTESIAN_POINT('',(73.522952301,37.529372457,-1.));
#4619=B_SPLINE_SURFACE_WITH_KNOTS('',2,1,((#4613,#4614),(#4615,#4616),(#4617,#4618)),.UNSPECIFIED.,.F.,.F.,.U.,(3,3),(2,2),(0.,1.),(0.,1.),.UNSPECIFIED.);
#4620=ORIENTED_EDGE('',*,*,#3754,.T.);
#4621=CARTESIAN_POINT('',(73.522952301,37.529372457,-2.));
#4622=VERTEX_POINT('',#4621);
#4623=CARTESIAN_POINT('',(73.522952301,37.529372457,-2.));
#4624=DIRECTION('',(0.,0.,1.));
#4625=VECTOR('',#4624,1.);
#4626=LINE('',#4623,#4625);
#4627=EDGE_CURVE('',#4622,#3721,#4626,.T.);
#4628=ORIENTED_EDGE('',*,*,#4627,.F.);
#4629=CARTESIAN_POINT('',(67.325706837,32.999681833,-2.));
#4630=CARTESIAN_POINT('',(72.240043093,32.744291703,-2.));
#4631=CARTESIAN_POINT('',(73.522952301,37.529372457,-2.));
#4632=B_SPLINE_CURVE_WITH_KNOTS('',2,(#4629,#4630,#4631),.UNSPECIFIED.,.F.,.F.,(3,3),(0.,1.),.UNSPECIFIED.);
#4633=EDGE_CURVE('',#4596,#4622,#4632,.T.);
#4634=ORIENTED_EDGE('',*,*,#4633,.F.);
#4635=ORIENTED_EDGE('',*,*,#4601,.T.);
#4636=EDGE_LOOP('',(#4620,#4628,#4634,#4635));
#4637=FACE_BOUND('',#4636,.T.);
#4638=ADVANCED_FACE('',(#4637),#4619,.F.);
#4639=CARTESIAN_POINT('',(73.522952301,37.529372457,-2.));
#4640=CARTESIAN_POINT('',(73.522952301,37.529372457,-1.));
#4641=CARTESIAN_POINT('',(77.175409076,49.629995961,-2.));
#4642=CARTESIAN_POINT('',(77.175409076,49.629995961,-1.));
#4643=CARTESIAN_POINT('',(86.275128021,45.518647809,-2.));
#4644=CARTESIAN_POINT('',(86.275128021,45.518647809,-1.));
#4645=B_SPLINE_SURFACE_WITH_KNOTS('',2,1,((#4639,#4640),(#4641,#4642),(#4643,#4644)),.UNSPECIFIED.,.F.,.F.,.U.,(3,3),(2,2),(0.,0.946287262),(0.,1.),.UNSPECIFIED.);
#4646=ORIENTED_EDGE('',*,*,#3850,.T.);
#4647=ORIENTED_EDGE('',*,*,#4457,.T.);
#4648=CARTESIAN_POINT('',(73.522952301,37.529372457,-2.));
#4649=CARTESIAN_POINT('',(77.175415865,49.630018453,-2.));
#4650=CARTESIAN_POINT('',(86.275161849,45.518632525,-2.));
#4651=B_SPLINE_CURVE_WITH_KNOTS('',2,(#4648,#4649,#4650),.UNSPECIFIED.,.F.,.F.,(3,3),(0.,0.946289021),.UNSPECIFIED.);
#4652=EDGE_CURVE('',#4622,#4445,#4651,.T.);
#4653=ORIENTED_EDGE('',*,*,#4652,.F.);
#4654=ORIENTED_EDGE('',*,*,#4627,.T.);
#4655=EDGE_LOOP('',(#4646,#4647,#4653,#4654));
#4656=FACE_BOUND('',#4655,.T.);
#4657=ADVANCED_FACE('',(#4656),#4645,.F.);
#4658=CARTESIAN_POINT('',(87.82934323,44.472551337,-2.));
#4659=CARTESIAN_POINT('',(87.82934323,44.472551337,-1.));
#4660=CARTESIAN_POINT('',(91.263479072,41.205384325,-2.));
#4661=CARTESIAN_POINT('',(91.263479072,41.205384325,-1.));
#4662=CARTESIAN_POINT('',(96.325706837,44.999681833,-2.));
#4663=CARTESIAN_POINT('',(96.325706837,44.999681833,-1.));
#4664=B_SPLINE_SURFACE_WITH_KNOTS('',2,1,((#4658,#4659),(#4660,#4661),(#4662,#4663)),.UNSPECIFIED.,.F.,.F.,.U.,(3,3),(2,2),(0.069463517,1.),(0.,1.),.UNSPECIFIED.);
#4665=CARTESIAN_POINT('',(96.325706837,44.999681833,-2.));
#4666=VERTEX_POINT('',#4665);
#4667=CARTESIAN_POINT('',(87.829336556,44.472557686,-2.));
#4668=CARTESIAN_POINT('',(91.263474153,41.205380638,-2.));
#4669=CARTESIAN_POINT('',(96.325706837,44.999681833,-2.));
#4670=B_SPLINE_CURVE_WITH_KNOTS('',2,(#4667,#4668,#4669),.UNSPECIFIED.,.F.,.F.,(3,3),(0.069462612,1.),.UNSPECIFIED.);
#4671=EDGE_CURVE('',#4437,#4666,#4670,.T.);
#4672=ORIENTED_EDGE('',*,*,#4671,.F.);
#4673=ORIENTED_EDGE('',*,*,#4442,.T.);
#4674=ORIENTED_EDGE('',*,*,#3905,.T.);
#4675=CARTESIAN_POINT('',(96.325706837,44.999681833,-2.));
#4676=DIRECTION('',(0.,0.,1.));
#4677=VECTOR('',#4676,1.);
#4678=LINE('',#4675,#4677);
#4679=EDGE_CURVE('',#4666,#3872,#4678,.T.);
#4680=ORIENTED_EDGE('',*,*,#4679,.F.);
#4681=EDGE_LOOP('',(#4672,#4673,#4674,#4680));
#4682=FACE_BOUND('',#4681,.T.);
#4683=ADVANCED_FACE('',(#4682),#4664,.F.);
#4684=CARTESIAN_POINT('',(96.325706837,44.999681833,-2.));
#4685=CARTESIAN_POINT('',(96.325706837,44.999681833,-1.));
#4686=CARTESIAN_POINT('',(105.228962145,50.25647236,-2.));
#4687=CARTESIAN_POINT('',(105.228962145,50.25647236,-1.));
#4688=CARTESIAN_POINT('',(109.325706837,36.999681833,-2.));
#4689=CARTESIAN_POINT('',(109.325706837,36.999681833,-1.));
#4690=B_SPLINE_SURFACE_WITH_KNOTS('',2,1,((#4684,#4685),(#4686,#4687),(#4688,#4689)),.UNSPECIFIED.,.F.,.F.,.U.,(3,3),(2,2),(0.,1.),(0.,1.),.UNSPECIFIED.);
#4691=ORIENTED_EDGE('',*,*,#3997,.T.);
#4692=CARTESIAN_POINT('',(109.325706837,36.999681833,-2.));
#4693=VERTEX_POINT('',#4692);
#4694=CARTESIAN_POINT('',(109.325706837,36.999681833,-2.));
#4695=DIRECTION('',(0.,0.,1.));
#4696=VECTOR('',#4695,1.);
#4697=LINE('',#4694,#4696);
#4698=EDGE_CURVE('',#4693,#3946,#4697,.T.);
#4699=ORIENTED_EDGE('',*,*,#4698,.F.);
#4700=CARTESIAN_POINT('',(96.325706837,44.999681833,-2.));
#4701=CARTESIAN_POINT('',(105.228962145,50.25647236,-2.));
#4702=CARTESIAN_POINT('',(109.325706837,36.999681833,-2.));
#4703=B_SPLINE_CURVE_WITH_KNOTS('',2,(#4700,#4701,#4702),.UNSPECIFIED.,.F.,.F.,(3,3),(0.,1.),.UNSPECIFIED.);
#4704=EDGE_CURVE('',#4666,#4693,#4703,.T.);
#4705=ORIENTED_EDGE('',*,*,#4704,.F.);
#4706=ORIENTED_EDGE('',*,*,#4679,.T.);
#4707=EDGE_LOOP('',(#4691,#4699,#4705,#4706));
#4708=FACE_BOUND('',#4707,.T.);
#4709=ADVANCED_FACE('',(#4708),#4690,.F.);
#4710=CARTESIAN_POINT('',(109.325706837,36.999681833,-2.));
#4711=CARTESIAN_POINT('',(109.325706837,36.999681833,-1.));
#4712=CARTESIAN_POINT('',(109.694379876,32.921278659,-2.));
#4713=CARTESIAN_POINT('',(109.694379876,32.921278659,-1.));
#4714=CARTESIAN_POINT('',(116.325706837,33.999681833,-2.));
#4715=CARTESIAN_POINT('',(116.325706837,33.999681833,-1.));
#4716=B_SPLINE_SURFACE_WITH_KNOTS('',2,1,((#4710,#4711),(#4712,#4713),(#4714,#4715)),.UNSPECIFIED.,.F.,.F.,.U.,(3,3),(2,2),(0.,1.),(0.,1.),.UNSPECIFIED.);
#4717=ORIENTED_EDGE('',*,*,#4067,.T.);
#4718=CARTESIAN_POINT('',(116.325706837,33.999681833,-2.));
#4719=VERTEX_POINT('',#4718);
#4720=CARTESIAN_POINT('',(116.325706837,33.999681833,-2.));
#4721=DIRECTION('',(0.,0.,1.));
#4722=VECTOR('',#4721,1.);
#4723=LINE('',#4720,#4722);
#4724=EDGE_CURVE('',#4719,#4031,#4723,.T.);
#4725=ORIENTED_EDGE('',*,*,#4724,.F.);
#4726=CARTESIAN_POINT('',(109.325706837,36.999681833,-2.));
#4727=CARTESIAN_POINT('',(109.694379876,32.921278659,-2.));
#4728=CARTESIAN_POINT('',(116.325706837,33.999681833,-2.));
#4729=B_SPLINE_CURVE_WITH_KNOTS('',2,(#4726,#4727,#4728),.UNSPECIFIED.,.F.,.F.,(3,3),(0.,1.),.UNSPECIFIED.);
#4730=EDGE_CURVE('',#4693,#4719,#4729,.T.);
#4731=ORIENTED_EDGE('',*,*,#4730,.F.);
#4732=ORIENTED_EDGE('',*,*,#4698,.T.);
#4733=EDGE_LOOP('',(#4717,#4725,#4731,#4732));
#4734=FACE_BOUND('',#4733,.T.);
#4735=ADVANCED_FACE('',(#4734),#4716,.F.);
#4736=CARTESIAN_POINT('',(116.325706837,33.999681833,-2.));
#4737=CARTESIAN_POINT('',(116.325706837,33.999681833,-1.));
#4738=CARTESIAN_POINT('',(128.931724732,33.955909377,-2.));
#4739=CARTESIAN_POINT('',(128.931724732,33.955909377,-1.));
#4740=CARTESIAN_POINT('',(126.325706837,22.999681833,-2.));
#4741=CARTESIAN_POINT('',(126.325706837,22.999681833,-1.));
#4742=B_SPLINE_SURFACE_WITH_KNOTS('',2,1,((#4736,#4737),(#4738,#4739),(#4740,#4741)),.UNSPECIFIED.,.F.,.F.,.U.,(3,3),(2,2),(0.,1.),(0.,1.),.UNSPECIFIED.);
#4743=ORIENTED_EDGE('',*,*,#4155,.T.);
#4744=CARTESIAN_POINT('',(126.325706837,22.999681833,-2.));
#4745=VERTEX_POINT('',#4744);
#4746=CARTESIAN_POINT('',(126.325706837,22.999681833,-2.));
#4747=DIRECTION('',(0.,0.,1.));
#4748=VECTOR('',#4747,1.);
#4749=LINE('',#4746,#4748);
#4750=EDGE_CURVE('',#4745,#4101,#4749,.T.);
#4751=ORIENTED_EDGE('',*,*,#4750,.F.);
#4752=CARTESIAN_POINT('',(116.325706837,33.999681833,-2.));
#4753=CARTESIAN_POINT('',(128.931724732,33.955909377,-2.));
#4754=CARTESIAN_POINT('',(126.325706837,22.999681833,-2.));
#4755=B_SPLINE_CURVE_WITH_KNOTS('',2,(#4752,#4753,#4754),.UNSPECIFIED.,.F.,.F.,(3,3),(0.,1.),.UNSPECIFIED.);
#4756=EDGE_CURVE('',#4719,#4745,#4755,.T.);
#4757=ORIENTED_EDGE('',*,*,#4756,.F.);
#4758=ORIENTED_EDGE('',*,*,#4724,.T.);
#4759=EDGE_LOOP('',(#4743,#4751,#4757,#4758));
#4760=FACE_BOUND('',#4759,.T.);
#4761=ADVANCED_FACE('',(#4760),#4742,.F.);
#4762=CARTESIAN_POINT('',(126.325706837,22.999681833,-2.));
#4763=CARTESIAN_POINT('',(126.325706837,22.999681833,-1.));
#4764=CARTESIAN_POINT('',(126.790516245,17.490953085,-2.));
#4765=CARTESIAN_POINT('',(126.790516245,17.490953085,-1.));
#4766=CARTESIAN_POINT('',(118.325706837,10.999681833,-2.));
#4767=CARTESIAN_POINT('',(118.325706837,10.999681833,-1.));
#4768=B_SPLINE_SURFACE_WITH_KNOTS('',2,1,((#4762,#4763),(#4764,#4765),(#4766,#4767)),.UNSPECIFIED.,.F.,.F.,.U.,(3,3),(2,2),(0.,1.),(0.,1.),.UNSPECIFIED.);
#4769=ORIENTED_EDGE('',*,*,#4219,.T.);
#4770=CARTESIAN_POINT('',(118.325706837,10.999681833,-2.));
#4771=VERTEX_POINT('',#4770);
#4772=CARTESIAN_POINT('',(118.325706837,10.999681833,-2.));
#4773=DIRECTION('',(0.,0.,1.));
#4774=VECTOR('',#4773,1.);
#4775=LINE('',#4772,#4774);
#4776=EDGE_CURVE('',#4771,#4189,#4775,.T.);
#4777=ORIENTED_EDGE('',*,*,#4776,.F.);
#4778=CARTESIAN_POINT('',(126.325706837,22.999681833,-2.));
#4779=CARTESIAN_POINT('',(126.790516245,17.490953085,-2.));
#4780=CARTESIAN_POINT('',(118.325706837,10.999681833,-2.));
#4781=B_SPLINE_CURVE_WITH_KNOTS('',2,(#4778,#4779,#4780),.UNSPECIFIED.,.F.,.F.,(3,3),(0.,1.),.UNSPECIFIED.);
#4782=EDGE_CURVE('',#4745,#4771,#4781,.T.);
#4783=ORIENTED_EDGE('',*,*,#4782,.F.);
#4784=ORIENTED_EDGE('',*,*,#4750,.T.);
#4785=EDGE_LOOP('',(#4769,#4777,#4783,#4784));
#4786=FACE_BOUND('',#4785,.T.);
#4787=ADVANCED_FACE('',(#4786),#4768,.F.);
#4788=CARTESIAN_POINT('',(118.325706837,10.999681833,-2.));
#4789=CARTESIAN_POINT('',(118.325706837,10.999681833,-1.));
#4790=CARTESIAN_POINT('',(115.28014331,6.860853998,-2.));
#4791=CARTESIAN_POINT('',(115.28014331,6.860853998,-1.));
#4792=CARTESIAN_POINT('',(121.325706837,-3.000318167,-2.));
#4793=CARTESIAN_POINT('',(121.325706837,-3.000318167,-1.));
#4794=B_SPLINE_SURFACE_WITH_KNOTS('',2,1,((#4788,#4789),(#4790,#4791),(#4792,#4793)),.UNSPECIFIED.,.F.,.F.,.U.,(3,3),(2,2),(0.,1.),(0.,1.),.UNSPECIFIED.);
#4795=ORIENTED_EDGE('',*,*,#4289,.T.);
#4796=CARTESIAN_POINT('',(121.325706837,-3.000318167,-2.));
#4797=VERTEX_POINT('',#4796);
#4798=CARTESIAN_POINT('',(121.325706837,-3.000318167,-2.));
#4799=DIRECTION('',(0.,0.,1.));
#4800=VECTOR('',#4799,1.);
#4801=LINE('',#4798,#4800);
#4802=EDGE_CURVE('',#4797,#4253,#4801,.T.);
#4803=ORIENTED_EDGE('',*,*,#4802,.F.);
#4804=CARTESIAN_POINT('',(118.325706837,10.999681833,-2.));
#4805=CARTESIAN_POINT('',(115.28014331,6.860853998,-2.));
#4806=CARTESIAN_POINT('',(121.325706837,-3.000318167,-2.));
#4807=B_SPLINE_CURVE_WITH_KNOTS('',2,(#4804,#4805,#4806),.UNSPECIFIED.,.F.,.F.,(3,3),(0.,1.),.UNSPECIFIED.);
#4808=EDGE_CURVE('',#4771,#4797,#4807,.T.);
#4809=ORIENTED_EDGE('',*,*,#4808,.F.);
#4810=ORIENTED_EDGE('',*,*,#4776,.T.);
#4811=EDGE_LOOP('',(#4795,#4803,#4809,#4810));
#4812=FACE_BOUND('',#4811,.T.);
#4813=ADVANCED_FACE('',(#4812),#4794,.F.);
#4814=CARTESIAN_POINT('',(121.325706837,-3.000318167,-2.));
#4815=CARTESIAN_POINT('',(121.325706837,-3.000318167,-1.));
#4816=CARTESIAN_POINT('',(126.065470327,-17.536962606,-2.));
#4817=CARTESIAN_POINT('',(126.065470327,-17.536962606,-1.));
#4818=CARTESIAN_POINT('',(112.325706837,-21.000318167,-2.));
#4819=CARTESIAN_POINT('',(112.325706837,-21.000318167,-1.));
#4820=B_SPLINE_SURFACE_WITH_KNOTS('',2,1,((#4814,#4815),(#4816,#4817),(#4818,#4819)),.UNSPECIFIED.,.F.,.F.,.U.,(3,3),(2,2),(0.,1.),(0.,1.),.UNSPECIFIED.);
#4821=ORIENTED_EDGE('',*,*,#4369,.T.);
#4822=ORIENTED_EDGE('',*,*,#4525,.F.);
#4823=CARTESIAN_POINT('',(121.325706837,-3.000318167,-2.));
#4824=CARTESIAN_POINT('',(126.065470327,-17.536962606,-2.));
#4825=CARTESIAN_POINT('',(112.325706837,-21.000318167,-2.));
#4826=B_SPLINE_CURVE_WITH_KNOTS('',2,(#4823,#4824,#4825),.UNSPECIFIED.,.F.,.F.,(3,3),(0.,1.),.UNSPECIFIED.);
#4827=EDGE_CURVE('',#4797,#4514,#4826,.T.);
#4828=ORIENTED_EDGE('',*,*,#4827,.F.);
#4829=ORIENTED_EDGE('',*,*,#4802,.T.);
#4830=EDGE_LOOP('',(#4821,#4822,#4828,#4829));
#4831=FACE_BOUND('',#4830,.T.);
#4832=ADVANCED_FACE('',(#4831),#4820,.F.);
#4833=CARTESIAN_POINT('',(69.325706837,-14.000318167,-2.));
#4834=DIRECTION('',(0.,0.,-1.));
#4835=DIRECTION('',(-1.,0.,0.));
#4836=AXIS2_PLACEMENT_3D('',#4833,#4834,#4835);
#4837=PLANE('',#4836);
#4838=ORIENTED_EDGE('',*,*,#738,.T.);
#4839=ORIENTED_EDGE('',*,*,#638,.T.);
#4840=ORIENTED_EDGE('',*,*,#1036,.T.);
#4841=ORIENTED_EDGE('',*,*,#582,.T.);
#4842=ORIENTED_EDGE('',*,*,#1072,.T.);
#4843=ORIENTED_EDGE('',*,*,#542,.T.);
#4844=ORIENTED_EDGE('',*,*,#1901,.T.);
#4845=ORIENTED_EDGE('',*,*,#502,.T.);
#4846=ORIENTED_EDGE('',*,*,#1189,.T.);
#4847=ORIENTED_EDGE('',*,*,#462,.T.);
#4848=ORIENTED_EDGE('',*,*,#2712,.T.);
#4849=ORIENTED_EDGE('',*,*,#422,.T.);
#4850=ORIENTED_EDGE('',*,*,#1917,.T.);
#4851=ORIENTED_EDGE('',*,*,#858,.T.);
#4852=ORIENTED_EDGE('',*,*,#1054,.T.);
#4853=ORIENTED_EDGE('',*,*,#802,.T.);
#4854=ORIENTED_EDGE('',*,*,#1090,.T.);
#4855=ORIENTED_EDGE('',*,*,#769,.T.);
#4856=EDGE_LOOP('',(#4838,#4839,#4840,#4841,#4842,#4843,#4844,#4845,#4846,#4847,#4848,#4849,#4850,#4851,#4852,#4853,#4854,#4855));
#4857=FACE_BOUND('',#4856,.T.);
#4858=ORIENTED_EDGE('',*,*,#4652,.T.);
#4859=ORIENTED_EDGE('',*,*,#4451,.T.);
#4860=ORIENTED_EDGE('',*,*,#4671,.T.);
#4861=ORIENTED_EDGE('',*,*,#4704,.T.);
#4862=ORIENTED_EDGE('',*,*,#4730,.T.);
#4863=ORIENTED_EDGE('',*,*,#4756,.T.);
#4864=ORIENTED_EDGE('',*,*,#4782,.T.);
#4865=ORIENTED_EDGE('',*,*,#4808,.T.);
#4866=ORIENTED_EDGE('',*,*,#4827,.T.);
#4867=ORIENTED_EDGE('',*,*,#4519,.T.);
#4868=ORIENTED_EDGE('',*,*,#4555,.T.);
#4869=ORIENTED_EDGE('',*,*,#4485,.T.);
#4870=ORIENTED_EDGE('',*,*,#4574,.T.);
#4871=ORIENTED_EDGE('',*,*,#4607,.T.);
#4872=ORIENTED_EDGE('',*,*,#4633,.T.);
#4873=EDGE_LOOP('',(#4858,#4859,#4860,#4861,#4862,#4863,#4864,#4865,#4866,#4867,#4868,#4869,#4870,#4871,#4872));
#4874=FACE_BOUND('',#4873,.T.);
#4875=ADVANCED_FACE('',(#4857,#4874),#4837,.T.);
#4876=CARTESIAN_POINT('',(69.325706837,-14.000318167,-1.));
#4877=DIRECTION('',(0.,0.,-1.));
#4878=DIRECTION('',(-1.,0.,0.));
#4879=AXIS2_PLACEMENT_3D('',#4876,#4877,#4878);
#4880=PLANE('',#4879);
#4881=ORIENTED_EDGE('',*,*,#3018,.F.);
#4882=ORIENTED_EDGE('',*,*,#259,.F.);
#4883=ORIENTED_EDGE('',*,*,#228,.F.);
#4884=ORIENTED_EDGE('',*,*,#197,.F.);
#4885=ORIENTED_EDGE('',*,*,#166,.F.);
#4886=ORIENTED_EDGE('',*,*,#879,.F.);
#4887=ORIENTED_EDGE('',*,*,#390,.F.);
#4888=ORIENTED_EDGE('',*,*,#359,.F.);
#4889=ORIENTED_EDGE('',*,*,#3073,.F.);
#4890=ORIENTED_EDGE('',*,*,#3105,.F.);
#4891=ORIENTED_EDGE('',*,*,#3136,.F.);
#4892=ORIENTED_EDGE('',*,*,#3167,.F.);
#4893=ORIENTED_EDGE('',*,*,#3196,.F.);
#4894=ORIENTED_EDGE('',*,*,#2919,.F.);
#4895=ORIENTED_EDGE('',*,*,#2957,.T.);
#4896=ORIENTED_EDGE('',*,*,#2988,.F.);
#4897=EDGE_LOOP('',(#4881,#4882,#4883,#4884,#4885,#4886,#4887,#4888,#4889,#4890,#4891,#4892,#4893,#4894,#4895,#4896));
#4898=FACE_BOUND('',#4897,.T.);
#4899=ADVANCED_FACE('',(#4898),#4880,.F.);
#4900=CLOSED_SHELL('',(#144,#184,#215,#246,#285,#307,#338,#377,#408,#448,#488,#528,#568,#608,#648,#757,#788,#828,#868,#890,#908,#973,#1023,#1041,#1059,#1077,
#1095,#1194,#1870,#1888,#1906,#1930,#2023,#2699,#2717,#2739,#2756,#2773,#2790,#2807,#2824,#2841,#2858,#2870,#2905,#2945,#2976,#3007,#3037,#3061,#3093,
#3124,#3155,#3186,#3208,#3278,#3548,#3630,#3706,#3773,#3855,#3931,#4016,#4086,#4174,#4238,#4308,#4381,#4428,#4462,#4496,#4529,#4560,#4586,#4612,#4638,
#4657,#4683,#4709,#4735,#4761,#4787,#4813,#4832,#4875,#4899));
#4901=MANIFOLD_SOLID_BREP('bottom (1)',#4900);
#4902=DRAUGHTING_PRE_DEFINED_COLOUR('white');
#4903=FILL_AREA_STYLE_COLOUR('',#4902);
#4904=FILL_AREA_STYLE('',(#4903));
#4905=SURFACE_STYLE_FILL_AREA(#4904);
#4906=SURFACE_SIDE_STYLE('',(#4905));
#4907=SURFACE_STYLE_USAGE(.BOTH.,#4906);
#4908=PRESENTATION_STYLE_ASSIGNMENT((#4907));
#26=STYLED_ITEM('',(#4908),#4901);
#16=SHAPE_REPRESENTATION('bottom (1)',(#15),#10);
#17=ADVANCED_BREP_SHAPE_REPRESENTATION('bottom (1)',(#4901),#10);
#4916=SHAPE_REPRESENTATION_RELATIONSHIP('','',#16,#17);
#4917=CARTESIAN_POINT('',(0.,0.,0.));
#4918=DIRECTION('',(0.,0.,1.));
#4919=DIRECTION('',(1.,0.,0.));
#4920=AXIS2_PLACEMENT_3D('',#4917,#4918,#4919);
#4922=MAPPED_ITEM('',#4921,#4920);
#4921=REPRESENTATION_MAP(#4920,#16);
#4923=APPLICATION_CONTEXT('Managed model based 3d engineering');
#4924=APPLICATION_PROTOCOL_DEFINITION('international standard','ap242_managed_model_based_3d_engineering',2014,#4923);
#4925=PRODUCT_CONTEXT('',#4923,'mechanical');
#4926=PRODUCT_DEFINITION_CONTEXT('part definition',#4923,'design');
#24=PRODUCT('bottom (1)','bottom (1)','',(#4925));
#4927=PRODUCT_RELATED_PRODUCT_CATEGORY('part','',(#24));
#4928=PRODUCT_DEFINITION_FORMATION_WITH_SPECIFIED_SOURCE('','',#24,.NOT_KNOWN.);
#25=PRODUCT_DEFINITION('design','',#4928,#4926);
#23=PRODUCT_DEFINITION_SHAPE('','',#25);
#4929=SHAPE_DEFINITION_REPRESENTATION(#23,#16);
#11=DRAUGHTING_MODEL('',(#4922),#10);
#4930=DESCRIPTIVE_REPRESENTATION_ITEM('KEY','C:\\Users\\Alvin Nguyen\\AppData\\Local\\Packages\\Shapr3D.Shapr3D_dvv5p1vgwv6mp\\TempState\\2bb74e0c-7356-43e5-8699-c070f7f0b24e.tmp');
#4931=PROPERTY_DEFINITION('KEY','',#25);
#4932=REPRESENTATION('',(#4930),#10);
#4933=PROPERTY_DEFINITION_REPRESENTATION(#4931,#4932);
#4934=GENERAL_PROPERTY('','KEY','');
#4935=GENERAL_PROPERTY_ASSOCIATION('','',#4934,#4931);
#1=MECHANICAL_DESIGN_GEOMETRIC_PRESENTATION_REPRESENTATION('',(#26),#10);
ENDSEC;
END-ISO-10303-21;
