ISO-10303-21;
HEADER;

/* File generated by Shapr3D Version 26.113.11178.0 */

FILE_DESCRIPTION(('HOOPS Exchange Step'),'2;1');

FILE_NAME('C:\\Users\\Alvin Nguyen\\AppData\\Local\\Packages\\Shapr3D.Shapr3D_dvv5p1vgwv6mp\\TempState\\export\\temp_export',
'2026-07-04T23:53:21+19:00',
('Alvin Nguyen'),
('Shapr3D Limited'),
'HOOPS Exchange 2026.3',
'Shapr3D',
'Authorized');

FILE_SCHEMA( ('AP242_MANAGED_MODEL_BASED_3D_ENGINEERING_MIM_LF {1 0 10303 442 1 1 4}') );

ENDSEC;

DATA;
#3=(NAMED_UNIT(*)PLANE_ANGLE_UNIT()SI_UNIT($,.RADIAN.));
#4=PLANE_ANGLE_MEASURE_WITH_UNIT(PLANE_ANGLE_MEASURE(0.0174532925),#3);
#5=(CONVERSION_BASED_UNIT('DEGREE',#4)NAMED_UNIT(#6)PLANE_ANGLE_UNIT());
#6=DIMENSIONAL_EXPONENTS(0.,0.,0.,0.,0.,0.,0.);
#7=(NAMED_UNIT(*)SI_UNIT($,.STERADIAN.)SOLID_ANGLE_UNIT());
#8=(LENGTH_UNIT()NAMED_UNIT(*)SI_UNIT(.MILLI.,.METRE.));
#9=UNCERTAINTY_MEASURE_WITH_UNIT(LENGTH_MEASURE(1.000000E-05),#8,'DISTANCE_ACCURACY_VALUE','Maximum Tolerance applied to model');
#10=(GEOMETRIC_REPRESENTATION_CONTEXT(3)GLOBAL_UNCERTAINTY_ASSIGNED_CONTEXT((#9))GLOBAL_UNIT_ASSIGNED_CONTEXT((#8,#5,#7))REPRESENTATION_CONTEXT('','top'));
#12=CARTESIAN_POINT('',(0.,0.,0.));
#13=DIRECTION('',(0.,0.,1.));
#14=DIRECTION('',(1.,0.,0.));
#15=AXIS2_PLACEMENT_3D('',#12,#13,#14);
#27=CARTESIAN_POINT('',(0.,0.,5.5));
#28=DIRECTION('',(0.,0.,1.));
#29=DIRECTION('',(1.,0.,0.));
#30=AXIS2_PLACEMENT_3D('',#27,#28,#29);
#31=PLANE('',#30);
#32=CARTESIAN_POINT('',(11.723379468,37.995865086,5.5));
#33=VERTEX_POINT('',#32);
#34=CARTESIAN_POINT('',(3.5876641,22.770302716,5.5));
#35=VERTEX_POINT('',#34);
#36=CARTESIAN_POINT('',(21.902440402,22.770302716,5.5));
#37=DIRECTION('',(0.,0.,1.));
#38=DIRECTION('',(-0.555784071,0.83132669,0.));
#39=AXIS2_PLACEMENT_3D('',#36,#37,#38);
#40=CIRCLE('',#39,18.314776302);
#41=EDGE_CURVE('',#33,#35,#40,.T.);
#42=ORIENTED_EDGE('',*,*,#41,.T.);
#43=CARTESIAN_POINT('',(31.925966042,38.098706571,5.5));
#44=VERTEX_POINT('',#43);
#45=CARTESIAN_POINT('',(21.902440402,22.770302716,5.5));
#46=DIRECTION('',(0.,0.,1.));
#47=DIRECTION('',(-0.555784071,0.83132669,0.));
#48=AXIS2_PLACEMENT_3D('',#45,#46,#47);
#49=CIRCLE('',#48,18.314776302);
#50=EDGE_CURVE('',#35,#44,#49,.T.);
#51=ORIENTED_EDGE('',*,*,#50,.T.);
#52=CARTESIAN_POINT('',(31.652320176,49.57339198,5.5));
#53=VERTEX_POINT('',#52);
#54=CARTESIAN_POINT('',(31.652320176,49.57339198,5.5));
#55=DIRECTION('',(0.02384101,-0.999715763,0.));
#56=VECTOR('',#55,11.47794787);
#57=LINE('',#54,#56);
#58=EDGE_CURVE('',#53,#44,#57,.T.);
#59=ORIENTED_EDGE('',*,*,#58,.F.);
#60=CARTESIAN_POINT('',(12.,49.6,5.5));
#61=VERTEX_POINT('',#60);
#62=CARTESIAN_POINT('',(12.,49.6,5.5));
#63=DIRECTION('',(0.999999083,-0.001353937,0.));
#64=VECTOR('',#63,19.652338189);
#65=LINE('',#62,#64);
#66=EDGE_CURVE('',#61,#53,#65,.T.);
#67=ORIENTED_EDGE('',*,*,#66,.F.);
#68=CARTESIAN_POINT('',(11.723379468,37.995865086,5.5));
#69=DIRECTION('',(0.02383133,0.999715994,0.));
#70=VECTOR('',#69,11.6074315);
#71=LINE('',#68,#70);
#72=EDGE_CURVE('',#33,#61,#71,.T.);
#73=ORIENTED_EDGE('',*,*,#72,.F.);
#74=EDGE_LOOP('',(#42,#51,#59,#67,#73));
#75=FACE_BOUND('',#74,.T.);
#76=CARTESIAN_POINT('',(8.019425407,52.209755779,5.5));
#77=VERTEX_POINT('',#76);
#78=CARTESIAN_POINT('',(36.019425407,52.209755779,5.5));
#79=VERTEX_POINT('',#78);
#80=CARTESIAN_POINT('',(8.019425407,52.209755779,5.5));
#81=DIRECTION('',(1.,0.,-0.));
#82=VECTOR('',#81,28.);
#83=LINE('',#80,#82);
#84=EDGE_CURVE('',#77,#79,#83,.T.);
#85=ORIENTED_EDGE('',*,*,#84,.T.);
#86=CARTESIAN_POINT('',(44.019425407,44.209755779,5.5));
#87=VERTEX_POINT('',#86);
#88=CARTESIAN_POINT('',(36.019425407,52.209755779,5.5));
#89=DIRECTION('',(0.707106781,-0.707106781,0.));
#90=VECTOR('',#89,11.313708499);
#91=LINE('',#88,#90);
#92=EDGE_CURVE('',#79,#87,#91,.T.);
#93=ORIENTED_EDGE('',*,*,#92,.T.);
#94=CARTESIAN_POINT('',(44.019425407,20.209755779,5.5));
#95=VERTEX_POINT('',#94);
#96=CARTESIAN_POINT('',(44.019425407,44.209755779,5.5));
#97=DIRECTION('',(0.,-1.,0.));
#98=VECTOR('',#97,24.);
#99=LINE('',#96,#98);
#100=EDGE_CURVE('',#87,#95,#99,.T.);
#101=ORIENTED_EDGE('',*,*,#100,.T.);
#102=CARTESIAN_POINT('',(36.019425407,7.209755779,5.5));
#103=VERTEX_POINT('',#102);
#104=CARTESIAN_POINT('',(44.019425407,20.209755779,5.5));
#105=DIRECTION('',(-0.524097426,-0.851658317,0.));
#106=VECTOR('',#105,15.264337522);
#107=LINE('',#104,#106);
#108=EDGE_CURVE('',#95,#103,#107,.T.);
#109=ORIENTED_EDGE('',*,*,#108,.T.);
#110=CARTESIAN_POINT('',(30.898427407,2.263755779,5.5));
#111=VERTEX_POINT('',#110);
#112=CARTESIAN_POINT('',(36.019425407,7.209755779,5.5));
#113=DIRECTION('',(-0.719289986,-0.694709951,0.));
#114=VECTOR('',#113,7.119517997);
#115=LINE('',#112,#114);
#116=EDGE_CURVE('',#103,#111,#115,.T.);
#117=ORIENTED_EDGE('',*,*,#116,.T.);
#118=CARTESIAN_POINT('',(13.074425407,2.263755779,5.5));
#119=VERTEX_POINT('',#118);
#120=CARTESIAN_POINT('',(30.898427407,2.263755779,5.5));
#121=DIRECTION('',(-1.,-0.,0.));
#122=VECTOR('',#121,17.824002);
#123=LINE('',#120,#122);
#124=EDGE_CURVE('',#111,#119,#123,.T.);
#125=ORIENTED_EDGE('',*,*,#124,.T.);
#126=CARTESIAN_POINT('',(8.019425407,7.318755779,5.5));
#127=VERTEX_POINT('',#126);
#128=CARTESIAN_POINT('',(13.074425407,2.263755779,5.5));
#129=DIRECTION('',(-0.707106781,0.707106781,0.));
#130=VECTOR('',#129,7.148849558);
#131=LINE('',#128,#130);
#132=EDGE_CURVE('',#119,#127,#131,.T.);
#133=ORIENTED_EDGE('',*,*,#132,.T.);
#134=CARTESIAN_POINT('',(0.019425407,20.209755779,5.5));
#135=VERTEX_POINT('',#134);
#136=CARTESIAN_POINT('',(8.019425407,7.318755779,5.5));
#137=DIRECTION('',(-0.527300512,0.849678863,0.));
#138=VECTOR('',#137,15.171614318);
#139=LINE('',#136,#138);
#140=EDGE_CURVE('',#127,#135,#139,.T.);
#141=ORIENTED_EDGE('',*,*,#140,.T.);
#142=CARTESIAN_POINT('',(0.019425407,44.209755779,5.5));
#143=VERTEX_POINT('',#142);
#144=CARTESIAN_POINT('',(0.019425407,44.209755779,5.5));
#145=DIRECTION('',(0.,-1.,0.));
#146=VECTOR('',#145,24.);
#147=LINE('',#144,#146);
#148=EDGE_CURVE('',#143,#135,#147,.T.);
#149=ORIENTED_EDGE('',*,*,#148,.F.);
#150=CARTESIAN_POINT('',(0.019425407,44.209755779,5.5));
#151=DIRECTION('',(0.707106781,0.707106781,0.));
#152=VECTOR('',#151,11.313708499);
#153=LINE('',#150,#152);
#154=EDGE_CURVE('',#143,#77,#153,.T.);
#155=ORIENTED_EDGE('',*,*,#154,.T.);
#156=EDGE_LOOP('',(#85,#93,#101,#109,#117,#125,#133,#141,#149,#155));
#157=FACE_BOUND('',#156,.T.);
#158=ADVANCED_FACE('',(#75,#157),#31,.F.);
#159=CARTESIAN_POINT('',(21.902440402,22.770302716,6.8));
#160=DIRECTION('',(0.,0.,-1.));
#161=DIRECTION('',(-1.,0.,0.));
#162=AXIS2_PLACEMENT_3D('',#159,#160,#161);
#163=CYLINDRICAL_SURFACE('',#162,18.314776302);
#164=CARTESIAN_POINT('',(3.5876641,22.770302716,6.8));
#165=VERTEX_POINT('',#164);
#166=CARTESIAN_POINT('',(3.5876641,22.770302716,5.5));
#167=DIRECTION('',(-0.,-0.,1.));
#168=VECTOR('',#167,1.3);
#169=LINE('',#166,#168);
#170=EDGE_CURVE('',#35,#165,#169,.T.);
#171=ORIENTED_EDGE('',*,*,#170,.F.);
#172=ORIENTED_EDGE('',*,*,#41,.F.);
#173=CARTESIAN_POINT('',(11.723379468,37.995865086,6.8));
#174=VERTEX_POINT('',#173);
#175=CARTESIAN_POINT('',(11.723379468,37.995865086,6.8));
#176=DIRECTION('',(0.,0.,-1.));
#177=VECTOR('',#176,1.3);
#178=LINE('',#175,#177);
#179=EDGE_CURVE('',#174,#33,#178,.T.);
#180=ORIENTED_EDGE('',*,*,#179,.F.);
#181=CARTESIAN_POINT('',(21.902440402,22.770302716,6.8));
#182=DIRECTION('',(0.,0.,1.));
#183=DIRECTION('',(-0.555784071,0.83132669,0.));
#184=AXIS2_PLACEMENT_3D('',#181,#182,#183);
#185=CIRCLE('',#184,18.314776302);
#186=EDGE_CURVE('',#174,#165,#185,.T.);
#187=ORIENTED_EDGE('',*,*,#186,.T.);
#188=EDGE_LOOP('',(#171,#172,#180,#187));
#189=FACE_BOUND('',#188,.T.);
#190=ADVANCED_FACE('',(#189),#163,.F.);
#191=CARTESIAN_POINT('',(11.861689734,43.797932543,6.8));
#192=DIRECTION('',(-0.999715994,0.02383133,0.));
#193=DIRECTION('',(-0.02383133,-0.999715994,0.));
#194=AXIS2_PLACEMENT_3D('',#191,#192,#193);
#195=PLANE('',#194);
#196=ORIENTED_EDGE('',*,*,#72,.T.);
#197=CARTESIAN_POINT('',(12.,49.6,6.8));
#198=VERTEX_POINT('',#197);
#199=CARTESIAN_POINT('',(12.,49.6,6.8));
#200=DIRECTION('',(0.,0.,-1.));
#201=VECTOR('',#200,1.3);
#202=LINE('',#199,#201);
#203=EDGE_CURVE('',#198,#61,#202,.T.);
#204=ORIENTED_EDGE('',*,*,#203,.F.);
#205=CARTESIAN_POINT('',(11.723379468,37.995865086,6.8));
#206=DIRECTION('',(0.02383133,0.999715994,0.));
#207=VECTOR('',#206,11.6074315);
#208=LINE('',#205,#207);
#209=EDGE_CURVE('',#174,#198,#208,.T.);
#210=ORIENTED_EDGE('',*,*,#209,.F.);
#211=ORIENTED_EDGE('',*,*,#179,.T.);
#212=EDGE_LOOP('',(#196,#204,#210,#211));
#213=FACE_BOUND('',#212,.T.);
#214=ADVANCED_FACE('',(#213),#195,.F.);
#215=CARTESIAN_POINT('',(21.826160088,49.58669599,6.8));
#216=DIRECTION('',(0.001353937,0.999999083,0.));
#217=DIRECTION('',(-0.999999083,0.001353937,0.));
#218=AXIS2_PLACEMENT_3D('',#215,#216,#217);
#219=PLANE('',#218);
#220=ORIENTED_EDGE('',*,*,#66,.T.);
#221=CARTESIAN_POINT('',(31.652320176,49.57339198,6.8));
#222=VERTEX_POINT('',#221);
#223=CARTESIAN_POINT('',(31.652320176,49.57339198,6.8));
#224=DIRECTION('',(0.,0.,-1.));
#225=VECTOR('',#224,1.3);
#226=LINE('',#223,#225);
#227=EDGE_CURVE('',#222,#53,#226,.T.);
#228=ORIENTED_EDGE('',*,*,#227,.F.);
#229=CARTESIAN_POINT('',(12.,49.6,6.8));
#230=DIRECTION('',(0.999999083,-0.001353937,0.));
#231=VECTOR('',#230,19.652338189);
#232=LINE('',#229,#231);
#233=EDGE_CURVE('',#198,#222,#232,.T.);
#234=ORIENTED_EDGE('',*,*,#233,.F.);
#235=ORIENTED_EDGE('',*,*,#203,.T.);
#236=EDGE_LOOP('',(#220,#228,#234,#235));
#237=FACE_BOUND('',#236,.T.);
#238=ADVANCED_FACE('',(#237),#219,.F.);
#239=CARTESIAN_POINT('',(52.,11.,6.8));
#240=CARTESIAN_POINT('',(52.,11.,5.5));
#241=CARTESIAN_POINT('',(56.739763491,-3.536644439,6.8));
#242=CARTESIAN_POINT('',(56.739763491,-3.536644439,5.5));
#243=CARTESIAN_POINT('',(43.,-7.,6.8));
#244=CARTESIAN_POINT('',(43.,-7.,5.5));
#245=B_SPLINE_SURFACE_WITH_KNOTS('',2,1,((#239,#240),(#241,#242),(#243,#244)),.UNSPECIFIED.,.F.,.F.,.U.,(3,3),(2,2),(0.,1.),(0.,1.),.UNSPECIFIED.);
#246=CARTESIAN_POINT('',(52.,11.,5.5));
#247=VERTEX_POINT('',#246);
#248=CARTESIAN_POINT('',(43.,-7.,5.5));
#249=VERTEX_POINT('',#248);
#250=CARTESIAN_POINT('',(52.,11.,5.5));
#251=CARTESIAN_POINT('',(56.739763491,-3.536644439,5.5));
#252=CARTESIAN_POINT('',(43.,-7.,5.5));
#253=B_SPLINE_CURVE_WITH_KNOTS('',2,(#250,#251,#252),.UNSPECIFIED.,.F.,.F.,(3,3),(0.,1.),.UNSPECIFIED.);
#254=EDGE_CURVE('',#247,#249,#253,.T.);
#255=ORIENTED_EDGE('',*,*,#254,.F.);
#256=CARTESIAN_POINT('',(52.,11.,6.8));
#257=VERTEX_POINT('',#256);
#258=CARTESIAN_POINT('',(52.,11.,6.8));
#259=CARTESIAN_POINT('',(52.,11.,6.366666667));
#260=CARTESIAN_POINT('',(52.,11.,5.933333333));
#261=CARTESIAN_POINT('',(52.,11.,5.5));
#262=B_SPLINE_CURVE_WITH_KNOTS('',3,(#258,#259,#260,#261),.UNSPECIFIED.,.F.,.F.,(4,4),(0.,1.),.UNSPECIFIED.);
#263=EDGE_CURVE('',#257,#247,#262,.T.);
#264=ORIENTED_EDGE('',*,*,#263,.F.);
#265=CARTESIAN_POINT('',(43.,-7.,6.8));
#266=VERTEX_POINT('',#265);
#267=CARTESIAN_POINT('',(52.,11.,6.8));
#268=CARTESIAN_POINT('',(55.159842327,1.308903707,6.8));
#269=CARTESIAN_POINT('',(52.159842327,-4.691096293,6.8));
#270=CARTESIAN_POINT('',(43.,-7.,6.8));
#271=B_SPLINE_CURVE_WITH_KNOTS('',3,(#267,#268,#269,#270),.UNSPECIFIED.,.F.,.F.,(4,4),(0.,1.),.UNSPECIFIED.);
#272=EDGE_CURVE('',#257,#266,#271,.T.);
#273=ORIENTED_EDGE('',*,*,#272,.T.);
#274=CARTESIAN_POINT('',(43.,-7.,6.8));
#275=CARTESIAN_POINT('',(43.,-7.,6.366666667));
#276=CARTESIAN_POINT('',(43.,-7.,5.933333333));
#277=CARTESIAN_POINT('',(43.,-7.,5.5));
#278=B_SPLINE_CURVE_WITH_KNOTS('',3,(#274,#275,#276,#277),.UNSPECIFIED.,.F.,.F.,(4,4),(0.,1.),.UNSPECIFIED.);
#279=EDGE_CURVE('',#266,#249,#278,.T.);
#280=ORIENTED_EDGE('',*,*,#279,.T.);
#281=EDGE_LOOP('',(#255,#264,#273,#280));
#282=FACE_BOUND('',#281,.T.);
#283=ADVANCED_FACE('',(#282),#245,.T.);
#284=CARTESIAN_POINT('',(49.,25.,6.8));
#285=CARTESIAN_POINT('',(49.,25.,5.5));
#286=CARTESIAN_POINT('',(45.954436473,20.861172164,6.8));
#287=CARTESIAN_POINT('',(45.954436473,20.861172164,5.5));
#288=CARTESIAN_POINT('',(52.,11.,6.8));
#289=CARTESIAN_POINT('',(52.,11.,5.5));
#290=B_SPLINE_SURFACE_WITH_KNOTS('',2,1,((#284,#285),(#286,#287),(#288,#289)),.UNSPECIFIED.,.F.,.F.,.U.,(3,3),(2,2),(0.,1.),(0.,1.),.UNSPECIFIED.);
#291=CARTESIAN_POINT('',(49.,25.,5.5));
#292=VERTEX_POINT('',#291);
#293=CARTESIAN_POINT('',(49.,25.,5.5));
#294=CARTESIAN_POINT('',(45.954436473,20.861172164,5.5));
#295=CARTESIAN_POINT('',(52.,11.,5.5));
#296=B_SPLINE_CURVE_WITH_KNOTS('',2,(#293,#294,#295),.UNSPECIFIED.,.F.,.F.,(3,3),(0.,1.),.UNSPECIFIED.);
#297=EDGE_CURVE('',#292,#247,#296,.T.);
#298=ORIENTED_EDGE('',*,*,#297,.F.);
#299=CARTESIAN_POINT('',(49.,25.,6.8));
#300=VERTEX_POINT('',#299);
#301=CARTESIAN_POINT('',(49.,25.,6.8));
#302=CARTESIAN_POINT('',(49.,25.,6.366666667));
#303=CARTESIAN_POINT('',(49.,25.,5.933333333));
#304=CARTESIAN_POINT('',(49.,25.,5.5));
#305=B_SPLINE_CURVE_WITH_KNOTS('',3,(#301,#302,#303,#304),.UNSPECIFIED.,.F.,.F.,(4,4),(0.,1.),.UNSPECIFIED.);
#306=EDGE_CURVE('',#300,#292,#305,.T.);
#307=ORIENTED_EDGE('',*,*,#306,.F.);
#308=CARTESIAN_POINT('',(49.,25.,6.8));
#309=CARTESIAN_POINT('',(46.969624315,22.240781443,6.8));
#310=CARTESIAN_POINT('',(47.969624315,17.574114776,6.8));
#311=CARTESIAN_POINT('',(52.,11.,6.8));
#312=B_SPLINE_CURVE_WITH_KNOTS('',3,(#308,#309,#310,#311),.UNSPECIFIED.,.F.,.F.,(4,4),(0.,1.),.UNSPECIFIED.);
#313=EDGE_CURVE('',#300,#257,#312,.T.);
#314=ORIENTED_EDGE('',*,*,#313,.T.);
#315=ORIENTED_EDGE('',*,*,#263,.T.);
#316=EDGE_LOOP('',(#298,#307,#314,#315));
#317=FACE_BOUND('',#316,.T.);
#318=ADVANCED_FACE('',(#317),#290,.T.);
#319=CARTESIAN_POINT('',(57.,37.,6.8));
#320=CARTESIAN_POINT('',(57.,37.,5.5));
#321=CARTESIAN_POINT('',(57.464809408,31.491271252,6.8));
#322=CARTESIAN_POINT('',(57.464809408,31.491271252,5.5));
#323=CARTESIAN_POINT('',(49.,25.,6.8));
#324=CARTESIAN_POINT('',(49.,25.,5.5));
#325=B_SPLINE_SURFACE_WITH_KNOTS('',2,1,((#319,#320),(#321,#322),(#323,#324)),.UNSPECIFIED.,.F.,.F.,.U.,(3,3),(2,2),(0.,1.),(0.,1.),.UNSPECIFIED.);
#326=CARTESIAN_POINT('',(57.,37.,5.5));
#327=VERTEX_POINT('',#326);
#328=CARTESIAN_POINT('',(57.,37.,5.5));
#329=CARTESIAN_POINT('',(57.464809408,31.491271252,5.5));
#330=CARTESIAN_POINT('',(49.,25.,5.5));
#331=B_SPLINE_CURVE_WITH_KNOTS('',2,(#328,#329,#330),.UNSPECIFIED.,.F.,.F.,(3,3),(0.,1.),.UNSPECIFIED.);
#332=EDGE_CURVE('',#327,#292,#331,.T.);
#333=ORIENTED_EDGE('',*,*,#332,.F.);
#334=CARTESIAN_POINT('',(57.,37.,6.8));
#335=VERTEX_POINT('',#334);
#336=CARTESIAN_POINT('',(57.,37.,6.8));
#337=CARTESIAN_POINT('',(57.,37.,6.366666667));
#338=CARTESIAN_POINT('',(57.,37.,5.933333333));
#339=CARTESIAN_POINT('',(57.,37.,5.5));
#340=B_SPLINE_CURVE_WITH_KNOTS('',3,(#336,#337,#338,#339),.UNSPECIFIED.,.F.,.F.,(4,4),(0.,1.),.UNSPECIFIED.);
#341=EDGE_CURVE('',#335,#327,#340,.T.);
#342=ORIENTED_EDGE('',*,*,#341,.F.);
#343=CARTESIAN_POINT('',(57.,37.,6.8));
#344=CARTESIAN_POINT('',(57.309872939,33.327514168,6.8));
#345=CARTESIAN_POINT('',(54.643206272,29.327514168,6.8));
#346=CARTESIAN_POINT('',(49.,25.,6.8));
#347=B_SPLINE_CURVE_WITH_KNOTS('',3,(#343,#344,#345,#346),.UNSPECIFIED.,.F.,.F.,(4,4),(0.,1.),.UNSPECIFIED.);
#348=EDGE_CURVE('',#335,#300,#347,.T.);
#349=ORIENTED_EDGE('',*,*,#348,.T.);
#350=ORIENTED_EDGE('',*,*,#306,.T.);
#351=EDGE_LOOP('',(#333,#342,#349,#350));
#352=FACE_BOUND('',#351,.T.);
#353=ADVANCED_FACE('',(#352),#325,.T.);
#354=CARTESIAN_POINT('',(47.,48.,6.8));
#355=CARTESIAN_POINT('',(47.,48.,5.5));
#356=CARTESIAN_POINT('',(59.606017895,47.956227544,6.8));
#357=CARTESIAN_POINT('',(59.606017895,47.956227544,5.5));
#358=CARTESIAN_POINT('',(57.,37.,6.8));
#359=CARTESIAN_POINT('',(57.,37.,5.5));
#360=B_SPLINE_SURFACE_WITH_KNOTS('',2,1,((#354,#355),(#356,#357),(#358,#359)),.UNSPECIFIED.,.F.,.F.,.U.,(3,3),(2,2),(0.,1.),(0.,1.),.UNSPECIFIED.);
#361=CARTESIAN_POINT('',(47.,48.,5.5));
#362=VERTEX_POINT('',#361);
#363=CARTESIAN_POINT('',(47.,48.,5.5));
#364=CARTESIAN_POINT('',(59.606017895,47.956227544,5.5));
#365=CARTESIAN_POINT('',(57.,37.,5.5));
#366=B_SPLINE_CURVE_WITH_KNOTS('',2,(#363,#364,#365),.UNSPECIFIED.,.F.,.F.,(3,3),(0.,1.),.UNSPECIFIED.);
#367=EDGE_CURVE('',#362,#327,#366,.T.);
#368=ORIENTED_EDGE('',*,*,#367,.F.);
#369=CARTESIAN_POINT('',(47.,48.,6.8));
#370=VERTEX_POINT('',#369);
#371=CARTESIAN_POINT('',(47.,48.,6.8));
#372=CARTESIAN_POINT('',(47.,48.,6.366666667));
#373=CARTESIAN_POINT('',(47.,48.,5.933333333));
#374=CARTESIAN_POINT('',(47.,48.,5.5));
#375=B_SPLINE_CURVE_WITH_KNOTS('',3,(#371,#372,#373,#374),.UNSPECIFIED.,.F.,.F.,(4,4),(0.,1.),.UNSPECIFIED.);
#376=EDGE_CURVE('',#370,#362,#375,.T.);
#377=ORIENTED_EDGE('',*,*,#376,.F.);
#378=CARTESIAN_POINT('',(47.,48.,6.8));
#379=CARTESIAN_POINT('',(55.40401193,47.970818363,6.8));
#380=CARTESIAN_POINT('',(58.737345264,44.304151696,6.8));
#381=CARTESIAN_POINT('',(57.,37.,6.8));
#382=B_SPLINE_CURVE_WITH_KNOTS('',3,(#378,#379,#380,#381),.UNSPECIFIED.,.F.,.F.,(4,4),(0.,1.),.UNSPECIFIED.);
#383=EDGE_CURVE('',#370,#335,#382,.T.);
#384=ORIENTED_EDGE('',*,*,#383,.T.);
#385=ORIENTED_EDGE('',*,*,#341,.T.);
#386=EDGE_LOOP('',(#368,#377,#384,#385));
#387=FACE_BOUND('',#386,.T.);
#388=ADVANCED_FACE('',(#387),#360,.T.);
#389=CARTESIAN_POINT('',(40.,51.,6.8));
#390=CARTESIAN_POINT('',(40.,51.,5.5));
#391=CARTESIAN_POINT('',(40.368673039,46.921596826,6.8));
#392=CARTESIAN_POINT('',(40.368673039,46.921596826,5.5));
#393=CARTESIAN_POINT('',(47.,48.,6.8));
#394=CARTESIAN_POINT('',(47.,48.,5.5));
#395=B_SPLINE_SURFACE_WITH_KNOTS('',2,1,((#389,#390),(#391,#392),(#393,#394)),.UNSPECIFIED.,.F.,.F.,.U.,(3,3),(2,2),(0.,1.),(0.,1.),.UNSPECIFIED.);
#396=CARTESIAN_POINT('',(40.,51.,5.5));
#397=VERTEX_POINT('',#396);
#398=CARTESIAN_POINT('',(40.,51.,5.5));
#399=CARTESIAN_POINT('',(40.368673039,46.921596826,5.5));
#400=CARTESIAN_POINT('',(47.,48.,5.5));
#401=B_SPLINE_CURVE_WITH_KNOTS('',2,(#398,#399,#400),.UNSPECIFIED.,.F.,.F.,(3,3),(0.,1.),.UNSPECIFIED.);
#402=EDGE_CURVE('',#397,#362,#401,.T.);
#403=ORIENTED_EDGE('',*,*,#402,.F.);
#404=CARTESIAN_POINT('',(40.,51.,6.8));
#405=VERTEX_POINT('',#404);
#406=CARTESIAN_POINT('',(40.,51.,6.8));
#407=CARTESIAN_POINT('',(40.,51.,6.366666667));
#408=CARTESIAN_POINT('',(40.,51.,5.933333333));
#409=CARTESIAN_POINT('',(40.,51.,5.5));
#410=B_SPLINE_CURVE_WITH_KNOTS('',3,(#406,#407,#408,#409),.UNSPECIFIED.,.F.,.F.,(4,4),(0.,1.),.UNSPECIFIED.);
#411=EDGE_CURVE('',#405,#397,#410,.T.);
#412=ORIENTED_EDGE('',*,*,#411,.F.);
#413=CARTESIAN_POINT('',(40.,51.,6.8));
#414=CARTESIAN_POINT('',(40.245782026,48.281064551,6.8));
#415=CARTESIAN_POINT('',(42.579115359,47.281064551,6.8));
#416=CARTESIAN_POINT('',(47.,48.,6.8));
#417=B_SPLINE_CURVE_WITH_KNOTS('',3,(#413,#414,#415,#416),.UNSPECIFIED.,.F.,.F.,(4,4),(0.,1.),.UNSPECIFIED.);
#418=EDGE_CURVE('',#405,#370,#417,.T.);
#419=ORIENTED_EDGE('',*,*,#418,.T.);
#420=ORIENTED_EDGE('',*,*,#376,.T.);
#421=EDGE_LOOP('',(#403,#412,#419,#420));
#422=FACE_BOUND('',#421,.T.);
#423=ADVANCED_FACE('',(#422),#395,.T.);
#424=CARTESIAN_POINT('',(27.,59.,6.8));
#425=CARTESIAN_POINT('',(27.,59.,5.5));
#426=CARTESIAN_POINT('',(35.903255308,64.256790526,6.8));
#427=CARTESIAN_POINT('',(35.903255308,64.256790526,5.5));
#428=CARTESIAN_POINT('',(40.,51.,6.8));
#429=CARTESIAN_POINT('',(40.,51.,5.5));
#430=B_SPLINE_SURFACE_WITH_KNOTS('',2,1,((#424,#425),(#426,#427),(#428,#429)),.UNSPECIFIED.,.F.,.F.,.U.,(3,3),(2,2),(0.,1.),(0.,1.),.UNSPECIFIED.);
#431=CARTESIAN_POINT('',(27.,59.,5.5));
#432=VERTEX_POINT('',#431);
#433=CARTESIAN_POINT('',(27.,59.,5.5));
#434=CARTESIAN_POINT('',(35.903255308,64.256790526,5.5));
#435=CARTESIAN_POINT('',(40.,51.,5.5));
#436=B_SPLINE_CURVE_WITH_KNOTS('',2,(#433,#434,#435),.UNSPECIFIED.,.F.,.F.,(3,3),(0.,1.),.UNSPECIFIED.);
#437=EDGE_CURVE('',#432,#397,#436,.T.);
#438=ORIENTED_EDGE('',*,*,#437,.F.);
#439=CARTESIAN_POINT('',(27.,59.,6.8));
#440=VERTEX_POINT('',#439);
#441=CARTESIAN_POINT('',(27.,59.,6.8));
#442=CARTESIAN_POINT('',(27.,59.,6.366666667));
#443=CARTESIAN_POINT('',(27.,59.,5.933333333));
#444=CARTESIAN_POINT('',(27.,59.,5.5));
#445=B_SPLINE_CURVE_WITH_KNOTS('',3,(#441,#442,#443,#444),.UNSPECIFIED.,.F.,.F.,(4,4),(0.,1.),.UNSPECIFIED.);
#446=EDGE_CURVE('',#440,#432,#445,.T.);
#447=ORIENTED_EDGE('',*,*,#446,.F.);
#448=CARTESIAN_POINT('',(27.,59.,6.8));
#449=CARTESIAN_POINT('',(32.935503539,62.504527018,6.8));
#450=CARTESIAN_POINT('',(37.268836872,59.837860351,6.8));
#451=CARTESIAN_POINT('',(40.,51.,6.8));
#452=B_SPLINE_CURVE_WITH_KNOTS('',3,(#448,#449,#450,#451),.UNSPECIFIED.,.F.,.F.,(4,4),(0.,1.),.UNSPECIFIED.);
#453=EDGE_CURVE('',#440,#405,#452,.T.);
#454=ORIENTED_EDGE('',*,*,#453,.T.);
#455=ORIENTED_EDGE('',*,*,#411,.T.);
#456=EDGE_LOOP('',(#438,#447,#454,#455));
#457=FACE_BOUND('',#456,.T.);
#458=ADVANCED_FACE('',(#457),#430,.T.);
#459=CARTESIAN_POINT('',(18.503636393,58.472869504,6.8));
#460=CARTESIAN_POINT('',(18.503636393,58.472869504,5.5));
#461=CARTESIAN_POINT('',(21.937772235,55.205702491,6.8));
#462=CARTESIAN_POINT('',(21.937772235,55.205702491,5.5));
#463=CARTESIAN_POINT('',(27.,59.,6.8));
#464=CARTESIAN_POINT('',(27.,59.,5.5));
#465=B_SPLINE_SURFACE_WITH_KNOTS('',2,1,((#459,#460),(#461,#462),(#463,#464)),.UNSPECIFIED.,.F.,.F.,.U.,(3,3),(2,2),(0.069463517,1.),(0.,1.),.UNSPECIFIED.);
#466=CARTESIAN_POINT('',(18.503636393,58.472869504,5.5));
#467=VERTEX_POINT('',#466);
#468=CARTESIAN_POINT('',(18.503636393,58.472869504,5.5));
#469=CARTESIAN_POINT('',(21.937772235,55.205702491,5.5));
#470=CARTESIAN_POINT('',(27.,59.,5.5));
#471=B_SPLINE_CURVE_WITH_KNOTS('',2,(#468,#469,#470),.UNSPECIFIED.,.F.,.F.,(3,3),(0.069463517,1.),.UNSPECIFIED.);
#472=EDGE_CURVE('',#467,#432,#471,.T.);
#473=ORIENTED_EDGE('',*,*,#472,.F.);
#474=CARTESIAN_POINT('',(18.503636393,58.472869503,6.8));
#475=VERTEX_POINT('',#474);
#476=CARTESIAN_POINT('',(18.503636393,58.472869503,5.5));
#477=DIRECTION('',(-0.,-0.,1.));
#478=VECTOR('',#477,1.3);
#479=LINE('',#476,#478);
#480=EDGE_CURVE('',#467,#475,#479,.T.);
#481=ORIENTED_EDGE('',*,*,#480,.T.);
#482=CARTESIAN_POINT('',(18.503636393,58.472869503,6.8));
#483=CARTESIAN_POINT('',(20.793060288,56.294758162,6.8));
#484=CARTESIAN_POINT('',(23.62518149,56.470468327,6.8));
#485=CARTESIAN_POINT('',(27.,59.,6.8));
#486=B_SPLINE_CURVE_WITH_KNOTS('',3,(#482,#483,#484,#485),.UNSPECIFIED.,.F.,.F.,(4,4),(0.069463517,1.),.UNSPECIFIED.);
#487=EDGE_CURVE('',#475,#440,#486,.T.);
#488=ORIENTED_EDGE('',*,*,#487,.T.);
#489=ORIENTED_EDGE('',*,*,#446,.T.);
#490=EDGE_LOOP('',(#473,#481,#488,#489));
#491=FACE_BOUND('',#490,.T.);
#492=ADVANCED_FACE('',(#491),#465,.T.);
#493=CARTESIAN_POINT('',(4.197245464,51.529690623,6.8));
#494=CARTESIAN_POINT('',(4.197245464,51.529690623,5.5));
#495=CARTESIAN_POINT('',(7.849702239,63.630314128,6.8));
#496=CARTESIAN_POINT('',(7.849702239,63.630314128,5.5));
#497=CARTESIAN_POINT('',(16.949421184,59.518965975,6.8));
#498=CARTESIAN_POINT('',(16.949421184,59.518965975,5.5));
#499=B_SPLINE_SURFACE_WITH_KNOTS('',2,1,((#493,#494),(#495,#496),(#497,#498)),.UNSPECIFIED.,.F.,.F.,.U.,(3,3),(2,2),(0.,0.946287262),(0.,1.),.UNSPECIFIED.);
#500=CARTESIAN_POINT('',(4.197245464,51.529690623,6.8));
#501=VERTEX_POINT('',#500);
#502=CARTESIAN_POINT('',(16.949421184,59.518965975,6.8));
#503=VERTEX_POINT('',#502);
#504=CARTESIAN_POINT('',(4.197245464,51.529690623,6.8));
#505=CARTESIAN_POINT('',(6.632216647,59.596772959,6.8));
#506=CARTESIAN_POINT('',(10.882941887,62.259864743,6.8));
#507=CARTESIAN_POINT('',(16.949421184,59.518965975,6.8));
#508=B_SPLINE_CURVE_WITH_KNOTS('',3,(#504,#505,#506,#507),.UNSPECIFIED.,.F.,.F.,(4,4),(0.,0.946287262),.UNSPECIFIED.);
#509=EDGE_CURVE('',#501,#503,#508,.T.);
#510=ORIENTED_EDGE('',*,*,#509,.T.);
#511=CARTESIAN_POINT('',(16.949421184,59.518965975,5.5));
#512=VERTEX_POINT('',#511);
#513=CARTESIAN_POINT('',(16.949421184,59.518965975,6.8));
#514=DIRECTION('',(0.,0.,-1.));
#515=VECTOR('',#514,1.3);
#516=LINE('',#513,#515);
#517=EDGE_CURVE('',#503,#512,#516,.T.);
#518=ORIENTED_EDGE('',*,*,#517,.T.);
#519=CARTESIAN_POINT('',(4.197245464,51.529690623,5.5));
#520=VERTEX_POINT('',#519);
#521=CARTESIAN_POINT('',(4.197245464,51.529690623,5.5));
#522=CARTESIAN_POINT('',(7.849702239,63.630314127,5.5));
#523=CARTESIAN_POINT('',(16.949421184,59.518965975,5.5));
#524=B_SPLINE_CURVE_WITH_KNOTS('',2,(#521,#522,#523),.UNSPECIFIED.,.F.,.F.,(3,3),(0.,0.946287262),.UNSPECIFIED.);
#525=EDGE_CURVE('',#520,#512,#524,.T.);
#526=ORIENTED_EDGE('',*,*,#525,.F.);
#527=CARTESIAN_POINT('',(4.197245464,51.529690623,6.8));
#528=CARTESIAN_POINT('',(4.197245464,51.529690623,6.366666667));
#529=CARTESIAN_POINT('',(4.197245464,51.529690623,5.933333333));
#530=CARTESIAN_POINT('',(4.197245464,51.529690623,5.5));
#531=B_SPLINE_CURVE_WITH_KNOTS('',3,(#527,#528,#529,#530),.UNSPECIFIED.,.F.,.F.,(4,4),(0.,1.),.UNSPECIFIED.);
#532=EDGE_CURVE('',#501,#520,#531,.T.);
#533=ORIENTED_EDGE('',*,*,#532,.F.);
#534=EDGE_LOOP('',(#510,#518,#526,#533));
#535=FACE_BOUND('',#534,.T.);
#536=ADVANCED_FACE('',(#535),#499,.T.);
#537=CARTESIAN_POINT('',(-2.,47.,6.8));
#538=CARTESIAN_POINT('',(-2.,47.,5.5));
#539=CARTESIAN_POINT('',(2.914336256,46.744609869,6.8));
#540=CARTESIAN_POINT('',(2.914336256,46.744609869,5.5));
#541=CARTESIAN_POINT('',(4.197245464,51.529690623,6.8));
#542=CARTESIAN_POINT('',(4.197245464,51.529690623,5.5));
#543=B_SPLINE_SURFACE_WITH_KNOTS('',2,1,((#537,#538),(#539,#540),(#541,#542)),.UNSPECIFIED.,.F.,.F.,.U.,(3,3),(2,2),(0.,1.),(0.,1.),.UNSPECIFIED.);
#544=CARTESIAN_POINT('',(-2.,47.,5.5));
#545=VERTEX_POINT('',#544);
#546=CARTESIAN_POINT('',(-2.,47.,5.5));
#547=CARTESIAN_POINT('',(2.914336256,46.744609869,5.5));
#548=CARTESIAN_POINT('',(4.197245464,51.529690623,5.5));
#549=B_SPLINE_CURVE_WITH_KNOTS('',2,(#546,#547,#548),.UNSPECIFIED.,.F.,.F.,(3,3),(0.,1.),.UNSPECIFIED.);
#550=EDGE_CURVE('',#545,#520,#549,.T.);
#551=ORIENTED_EDGE('',*,*,#550,.F.);
#552=CARTESIAN_POINT('',(-2.,47.,6.8));
#553=VERTEX_POINT('',#552);
#554=CARTESIAN_POINT('',(-2.,47.,6.8));
#555=CARTESIAN_POINT('',(-2.,47.,6.366666667));
#556=CARTESIAN_POINT('',(-2.,47.,5.933333333));
#557=CARTESIAN_POINT('',(-2.,47.,5.5));
#558=B_SPLINE_CURVE_WITH_KNOTS('',3,(#554,#555,#556,#557),.UNSPECIFIED.,.F.,.F.,(4,4),(0.,1.),.UNSPECIFIED.);
#559=EDGE_CURVE('',#553,#545,#558,.T.);
#560=ORIENTED_EDGE('',*,*,#559,.F.);
#561=CARTESIAN_POINT('',(-2.,47.,6.8));
#562=CARTESIAN_POINT('',(1.276224171,46.829739913,6.8));
#563=CARTESIAN_POINT('',(3.341972659,48.339636787,6.8));
#564=CARTESIAN_POINT('',(4.197245464,51.529690623,6.8));
#565=B_SPLINE_CURVE_WITH_KNOTS('',3,(#561,#562,#563,#564),.UNSPECIFIED.,.F.,.F.,(4,4),(0.,1.),.UNSPECIFIED.);
#566=EDGE_CURVE('',#553,#501,#565,.T.);
#567=ORIENTED_EDGE('',*,*,#566,.T.);
#568=ORIENTED_EDGE('',*,*,#532,.T.);
#569=EDGE_LOOP('',(#551,#560,#567,#568));
#570=FACE_BOUND('',#569,.T.);
#571=ADVANCED_FACE('',(#570),#543,.T.);
#572=CARTESIAN_POINT('',(-15.,40.,6.8));
#573=CARTESIAN_POINT('',(-15.,40.,5.5));
#574=CARTESIAN_POINT('',(-12.774476927,48.915628075,6.8));
#575=CARTESIAN_POINT('',(-12.774476927,48.915628075,5.5));
#576=CARTESIAN_POINT('',(-2.,47.,6.8));
#577=CARTESIAN_POINT('',(-2.,47.,5.5));
#578=B_SPLINE_SURFACE_WITH_KNOTS('',2,1,((#572,#573),(#574,#575),(#576,#577)),.UNSPECIFIED.,.F.,.F.,.U.,(3,3),(2,2),(0.,1.),(0.,1.),.UNSPECIFIED.);
#579=CARTESIAN_POINT('',(-15.,40.,5.5));
#580=VERTEX_POINT('',#579);
#581=CARTESIAN_POINT('',(-15.,40.,5.5));
#582=CARTESIAN_POINT('',(-12.774476927,48.915628075,5.5));
#583=CARTESIAN_POINT('',(-2.,47.,5.5));
#584=B_SPLINE_CURVE_WITH_KNOTS('',2,(#581,#582,#583),.UNSPECIFIED.,.F.,.F.,(3,3),(0.,1.),.UNSPECIFIED.);
#585=EDGE_CURVE('',#580,#545,#584,.T.);
#586=ORIENTED_EDGE('',*,*,#585,.F.);
#587=CARTESIAN_POINT('',(-15.,40.,6.8));
#588=VERTEX_POINT('',#587);
#589=CARTESIAN_POINT('',(-15.,40.,6.8));
#590=CARTESIAN_POINT('',(-15.,40.,6.366666667));
#591=CARTESIAN_POINT('',(-15.,40.,5.933333333));
#592=CARTESIAN_POINT('',(-15.,40.,5.5));
#593=B_SPLINE_CURVE_WITH_KNOTS('',3,(#589,#590,#591,#592),.UNSPECIFIED.,.F.,.F.,(4,4),(0.,1.),.UNSPECIFIED.);
#594=EDGE_CURVE('',#588,#580,#593,.T.);
#595=ORIENTED_EDGE('',*,*,#594,.F.);
#596=CARTESIAN_POINT('',(-15.,40.,6.8));
#597=CARTESIAN_POINT('',(-13.516317952,45.94375205,6.8));
#598=CARTESIAN_POINT('',(-9.182984618,48.277085383,6.8));
#599=CARTESIAN_POINT('',(-2.,47.,6.8));
#600=B_SPLINE_CURVE_WITH_KNOTS('',3,(#596,#597,#598,#599),.UNSPECIFIED.,.F.,.F.,(4,4),(0.,1.),.UNSPECIFIED.);
#601=EDGE_CURVE('',#588,#553,#600,.T.);
#602=ORIENTED_EDGE('',*,*,#601,.T.);
#603=ORIENTED_EDGE('',*,*,#559,.T.);
#604=EDGE_LOOP('',(#586,#595,#602,#603));
#605=FACE_BOUND('',#604,.T.);
#606=ADVANCED_FACE('',(#605),#578,.T.);
#607=CARTESIAN_POINT('',(-6.531837383,23.395438042,6.8));
#608=CARTESIAN_POINT('',(-6.531837383,23.395438042,5.5));
#609=CARTESIAN_POINT('',(-16.619876979,31.026673498,6.8));
#610=CARTESIAN_POINT('',(-16.619876979,31.026673498,5.5));
#611=CARTESIAN_POINT('',(-15.,40.,6.8));
#612=CARTESIAN_POINT('',(-15.,40.,5.5));
#613=B_SPLINE_SURFACE_WITH_KNOTS('',2,1,((#607,#608),(#609,#610),(#611,#612)),.UNSPECIFIED.,.F.,.F.,.U.,(3,3),(2,2),(0.025311182,1.),(0.,1.),.UNSPECIFIED.);
#614=CARTESIAN_POINT('',(-6.531837383,23.395438042,5.5));
#615=VERTEX_POINT('',#614);
#616=CARTESIAN_POINT('',(-6.531837383,23.395438042,5.5));
#617=CARTESIAN_POINT('',(-16.619876979,31.026673498,5.5));
#618=CARTESIAN_POINT('',(-15.,40.,5.5));
#619=B_SPLINE_CURVE_WITH_KNOTS('',2,(#616,#617,#618),.UNSPECIFIED.,.F.,.F.,(3,3),(0.025311182,1.),.UNSPECIFIED.);
#620=EDGE_CURVE('',#615,#580,#619,.T.);
#621=ORIENTED_EDGE('',*,*,#620,.F.);
#622=CARTESIAN_POINT('',(-6.531837383,23.395438042,6.8));
#623=VERTEX_POINT('',#622);
#624=CARTESIAN_POINT('',(-6.531837383,23.395438042,5.5));
#625=DIRECTION('',(-0.,-0.,1.));
#626=VECTOR('',#625,1.3);
#627=LINE('',#624,#626);
#628=EDGE_CURVE('',#615,#623,#627,.T.);
#629=ORIENTED_EDGE('',*,*,#628,.T.);
#630=CARTESIAN_POINT('',(-6.531837383,23.395438042,6.8));
#631=CARTESIAN_POINT('',(-13.257197113,28.482928346,6.8));
#632=CARTESIAN_POINT('',(-16.079917986,34.017782332,6.8));
#633=CARTESIAN_POINT('',(-15.,40.,6.8));
#634=B_SPLINE_CURVE_WITH_KNOTS('',3,(#630,#631,#632,#633),.UNSPECIFIED.,.F.,.F.,(4,4),(0.025311182,1.),.UNSPECIFIED.);
#635=EDGE_CURVE('',#623,#588,#634,.T.);
#636=ORIENTED_EDGE('',*,*,#635,.T.);
#637=ORIENTED_EDGE('',*,*,#594,.T.);
#638=EDGE_LOOP('',(#621,#629,#636,#637));
#639=FACE_BOUND('',#638,.T.);
#640=ADVANCED_FACE('',(#639),#613,.T.);
#641=CARTESIAN_POINT('',(31.,-4.,6.8));
#642=CARTESIAN_POINT('',(31.,-4.,5.5));
#643=CARTESIAN_POINT('',(29.35292495,-3.210455095,6.8));
#644=CARTESIAN_POINT('',(29.35292495,-3.210455095,5.5));
#645=CARTESIAN_POINT('',(27.762029103,-2.734294485,6.8));
#646=CARTESIAN_POINT('',(27.762029103,-2.734294485,5.5));
#647=CARTESIAN_POINT('',(26.259466582,-2.284572344,6.8));
#648=CARTESIAN_POINT('',(26.259466582,-2.284572344,5.5));
#649=CARTESIAN_POINT('',(24.79200794,-2.11051479,6.8));
#650=CARTESIAN_POINT('',(24.79200794,-2.11051479,5.5));
#651=CARTESIAN_POINT('',(23.419720856,-1.947745684,6.8));
#652=CARTESIAN_POINT('',(23.419720856,-1.947745684,5.5));
#653=CARTESIAN_POINT('',(22.058649226,-2.024522021,6.8));
#654=CARTESIAN_POINT('',(22.058649226,-2.024522021,5.5));
#655=CARTESIAN_POINT('',(20.803843897,-2.09530401,6.8));
#656=CARTESIAN_POINT('',(20.803843897,-2.09530401,5.5));
#657=CARTESIAN_POINT('',(19.53066568,-2.372177283,6.8));
#658=CARTESIAN_POINT('',(19.53066568,-2.372177283,5.5));
#659=CARTESIAN_POINT('',(18.3834104,-2.621666568,6.8));
#660=CARTESIAN_POINT('',(18.3834104,-2.621666568,5.5));
#661=CARTESIAN_POINT('',(17.176770018,-3.04934168,6.8));
#662=CARTESIAN_POINT('',(17.176770018,-3.04934168,5.5));
#663=CARTESIAN_POINT('',(16.13574497,-3.418316985,6.8));
#664=CARTESIAN_POINT('',(16.13574497,-3.418316985,5.5));
#665=CARTESIAN_POINT('',(14.965674958,-3.951876318,6.8));
#666=CARTESIAN_POINT('',(14.965674958,-3.951876318,5.5));
#667=CARTESIAN_POINT('',(14.46525652,-4.180070293,6.8));
#668=CARTESIAN_POINT('',(14.46525652,-4.180070293,5.5));
#669=CARTESIAN_POINT('',(13.903900378,-4.455114072,6.8));
#670=CARTESIAN_POINT('',(13.903900378,-4.455114072,5.5));
#671=CARTESIAN_POINT('',(13.439376646,-4.682713546,6.8));
#672=CARTESIAN_POINT('',(13.439376646,-4.682713546,5.5));
#673=CARTESIAN_POINT('',(12.866093217,-4.975642302,6.8));
#674=CARTESIAN_POINT('',(12.866093217,-4.975642302,5.5));
#675=CARTESIAN_POINT('',(12.533168722,-5.14575564,6.8));
#676=CARTESIAN_POINT('',(12.533168722,-5.14575564,5.5));
#677=CARTESIAN_POINT('',(11.848342565,-5.500443644,6.8));
#678=CARTESIAN_POINT('',(11.848342565,-5.500443644,5.5));
#679=CARTESIAN_POINT('',(11.186681166,-5.84313406,6.8));
#680=CARTESIAN_POINT('',(11.186681166,-5.84313406,5.5));
#681=CARTESIAN_POINT('',(10.846737512,-6.016500737,6.8));
#682=CARTESIAN_POINT('',(10.846737512,-6.016500737,5.5));
#683=CARTESIAN_POINT('',(10.29660754,-6.2970596,6.8));
#684=CARTESIAN_POINT('',(10.29660754,-6.2970596,5.5));
#685=CARTESIAN_POINT('',(9.857367148,-6.510796219,6.8));
#686=CARTESIAN_POINT('',(9.857367148,-6.510796219,5.5));
#687=CARTESIAN_POINT('',(9.334030865,-6.765454329,6.8));
#688=CARTESIAN_POINT('',(9.334030865,-6.765454329,5.5));
#689=CARTESIAN_POINT('',(8.876320561,-6.970312729,6.8));
#690=CARTESIAN_POINT('',(8.876320561,-6.970312729,5.5));
#691=CARTESIAN_POINT('',(7.823337407,-7.441598699,6.8));
#692=CARTESIAN_POINT('',(7.823337407,-7.441598699,5.5));
#693=CARTESIAN_POINT('',(6.923560294,-7.73294964,6.8));
#694=CARTESIAN_POINT('',(6.923560294,-7.73294964,5.5));
#695=CARTESIAN_POINT('',(5.953988313,-8.046900401,6.8));
#696=CARTESIAN_POINT('',(5.953988313,-8.046900401,5.5));
#697=CARTESIAN_POINT('',(4.969138415,-8.22382413,6.8));
#698=CARTESIAN_POINT('',(4.969138415,-8.22382413,5.5));
#699=CARTESIAN_POINT('',(3.999523823,-8.398010906,6.8));
#700=CARTESIAN_POINT('',(3.999523823,-8.398010906,5.5));
#701=CARTESIAN_POINT('',(3.031217217,-8.436099971,6.8));
#702=CARTESIAN_POINT('',(3.031217217,-8.436099971,5.5));
#703=CARTESIAN_POINT('',(2.074040247,-8.473751244,6.8));
#704=CARTESIAN_POINT('',(2.074040247,-8.473751244,5.5));
#705=CARTESIAN_POINT('',(1.135279155,-8.377344931,6.8));
#706=CARTESIAN_POINT('',(1.135279155,-8.377344931,5.5));
#707=CARTESIAN_POINT('',(0.203181222,-8.281622893,6.8));
#708=CARTESIAN_POINT('',(0.203181222,-8.281622893,5.5));
#709=CARTESIAN_POINT('',(-0.693193315,-8.055126775,6.8));
#710=CARTESIAN_POINT('',(-0.693193315,-8.055126775,5.5));
#711=CARTESIAN_POINT('',(-1.587385569,-7.829182077,6.8));
#712=CARTESIAN_POINT('',(-1.587385569,-7.829182077,5.5));
#713=CARTESIAN_POINT('',(-2.428717739,-7.477013268,6.8));
#714=CARTESIAN_POINT('',(-2.428717739,-7.477013268,5.5));
#715=CARTESIAN_POINT('',(-3.272001688,-7.124027475,6.8));
#716=CARTESIAN_POINT('',(-3.272001688,-7.124027475,5.5));
#717=CARTESIAN_POINT('',(-4.045811661,-6.650572177,6.8));
#718=CARTESIAN_POINT('',(-4.045811661,-6.650572177,5.5));
#719=CARTESIAN_POINT('',(-4.823561443,-6.174706309,6.8));
#720=CARTESIAN_POINT('',(-4.823561443,-6.174706309,5.5));
#721=CARTESIAN_POINT('',(-5.518475155,-5.583980407,6.8));
#722=CARTESIAN_POINT('',(-5.518475155,-5.583980407,5.5));
#723=CARTESIAN_POINT('',(-6.218650126,-4.988782063,6.8));
#724=CARTESIAN_POINT('',(-6.218650126,-4.988782063,5.5));
#725=CARTESIAN_POINT('',(-6.808282035,-4.300042399,6.8));
#726=CARTESIAN_POINT('',(-6.808282035,-4.300042399,5.5));
#727=CARTESIAN_POINT('',(-7.406642803,-3.601106694,6.8));
#728=CARTESIAN_POINT('',(-7.406642803,-3.601106694,5.5));
#729=CARTESIAN_POINT('',(-7.864081323,-2.836541546,6.8));
#730=CARTESIAN_POINT('',(-7.864081323,-2.836541546,5.5));
#731=CARTESIAN_POINT('',(-8.332740655,-2.053221872,6.8));
#732=CARTESIAN_POINT('',(-8.332740655,-2.053221872,5.5));
#733=CARTESIAN_POINT('',(-8.634144854,-1.231940674,6.8));
#734=CARTESIAN_POINT('',(-8.634144854,-1.231940674,5.5));
#735=CARTESIAN_POINT('',(-8.94526582,-0.384182741,6.8));
#736=CARTESIAN_POINT('',(-8.94526582,-0.384182741,5.5));
#737=CARTESIAN_POINT('',(-9.066744463,0.475297389,6.8));
#738=CARTESIAN_POINT('',(-9.066744463,0.475297389,5.5));
#739=CARTESIAN_POINT('',(-9.192813319,1.367253988,6.8));
#740=CARTESIAN_POINT('',(-9.192813319,1.367253988,5.5));
#741=CARTESIAN_POINT('',(-9.110151986,2.246709818,6.8));
#742=CARTESIAN_POINT('',(-9.110151986,2.246709818,5.5));
#743=CARTESIAN_POINT('',(-9.02432688,3.159825869,6.8));
#744=CARTESIAN_POINT('',(-9.02432688,3.159825869,5.5));
#745=CARTESIAN_POINT('',(-8.712691636,4.043848064,6.8));
#746=CARTESIAN_POINT('',(-8.712691636,4.043848064,5.5));
#747=CARTESIAN_POINT('',(-8.560446503,4.475725006,6.8));
#748=CARTESIAN_POINT('',(-8.560446503,4.475725006,5.5));
#749=CARTESIAN_POINT('',(-8.341177545,4.942418197,6.8));
#750=CARTESIAN_POINT('',(-8.341177545,4.942418197,5.5));
#751=CARTESIAN_POINT('',(-8.140752885,5.369003086,6.8));
#752=CARTESIAN_POINT('',(-8.140752885,5.369003086,5.5));
#753=CARTESIAN_POINT('',(-7.875454052,5.842647987,6.8));
#754=CARTESIAN_POINT('',(-7.875454052,5.842647987,5.5));
#755=CARTESIAN_POINT('',(-7.641298923,6.260691222,6.8));
#756=CARTESIAN_POINT('',(-7.641298923,6.260691222,5.5));
#757=CARTESIAN_POINT('',(-7.338056205,6.747635426,6.8));
#758=CARTESIAN_POINT('',(-7.338056205,6.747635426,5.5));
#759=CARTESIAN_POINT('',(-7.092021367,7.142715775,6.8));
#760=CARTESIAN_POINT('',(-7.092021367,7.142715775,5.5));
#761=CARTESIAN_POINT('',(-6.751519056,7.660478508,6.8));
#762=CARTESIAN_POINT('',(-6.751519056,7.660478508,5.5));
#763=CARTESIAN_POINT('',(-6.625995655,7.851347519,6.8));
#764=CARTESIAN_POINT('',(-6.625995655,7.851347519,5.5));
#765=CARTESIAN_POINT('',(-6.138377654,8.584275224,6.8));
#766=CARTESIAN_POINT('',(-6.138377654,8.584275224,5.5));
#767=CARTESIAN_POINT('',(-5.755935735,9.159115113,6.8));
#768=CARTESIAN_POINT('',(-5.755935735,9.159115113,5.5));
#769=CARTESIAN_POINT('',(-5.521167048,9.522123568,6.8));
#770=CARTESIAN_POINT('',(-5.521167048,9.522123568,5.5));
#771=CARTESIAN_POINT('',(-5.185233068,10.041557723,6.8));
#772=CARTESIAN_POINT('',(-5.185233068,10.041557723,5.5));
#773=CARTESIAN_POINT('',(-4.922422288,10.477121532,6.8));
#774=CARTESIAN_POINT('',(-4.922422288,10.477121532,5.5));
#775=CARTESIAN_POINT('',(-4.613327516,10.989393121,6.8));
#776=CARTESIAN_POINT('',(-4.613327516,10.989393121,5.5));
#777=CARTESIAN_POINT('',(-4.364678424,11.452367109,6.8));
#778=CARTESIAN_POINT('',(-4.364678424,11.452367109,5.5));
#779=CARTESIAN_POINT('',(-3.791369938,12.519843018,6.8));
#780=CARTESIAN_POINT('',(-3.791369938,12.519843018,5.5));
#781=CARTESIAN_POINT('',(-3.462333582,13.475993074,6.8));
#782=CARTESIAN_POINT('',(-3.462333582,13.475993074,5.5));
#783=CARTESIAN_POINT('',(-3.084563859,14.573757914,6.8));
#784=CARTESIAN_POINT('',(-3.084563859,14.573757914,5.5));
#785=CARTESIAN_POINT('',(-2.994412921,15.617785404,6.8));
#786=CARTESIAN_POINT('',(-2.994412921,15.617785404,5.5));
#787=CARTESIAN_POINT('',(-2.894934524,16.769833123,6.8));
#788=CARTESIAN_POINT('',(-2.894934524,16.769833123,5.5));
#789=CARTESIAN_POINT('',(-3.141196839,17.90252804,6.8));
#790=CARTESIAN_POINT('',(-3.141196839,17.90252804,5.5));
#791=CARTESIAN_POINT('',(-3.407210569,19.126070509,6.8));
#792=CARTESIAN_POINT('',(-3.407210569,19.126070509,5.5));
#793=CARTESIAN_POINT('',(-4.082965732,20.355004925,6.8));
#794=CARTESIAN_POINT('',(-4.082965732,20.355004925,5.5));
#795=CARTESIAN_POINT('',(-4.618173662,21.328338878,6.8));
#796=CARTESIAN_POINT('',(-4.618173662,21.328338878,5.5));
#797=CARTESIAN_POINT('',(-5.416271475,22.315367313,6.8));
#798=CARTESIAN_POINT('',(-5.416271475,22.315367313,5.5));
#799=B_SPLINE_SURFACE_WITH_KNOTS('',2,1,((#641,#642),(#643,#644),(#645,#646),(#647,#648),(#649,#650),(#651,#652),(#653,#654),(#655,#656),(#657,#658),(#659,#660),(#661,#662),(#663,#664),(#665,#666),(#667,#668),(#669,#670),(#671,#672),(#673,#674),(#675,#676),(#677,#678),(#679,#680),(#681,#682),(#683,#684),(#685,#686),(#687,#688),(#689,#690),(#691,#692),
(#693,#694),(#695,#696),(#697,#698),(#699,#700),(#701,#702),(#703,#704),(#705,#706),(#707,#708),(#709,#710),(#711,#712),(#713,#714),(#715,#716),(#717,#718),(#719,#720),(#721,#722),(#723,#724),(#725,#726),(#727,#728),(#729,#730),(#731,#732),(#733,#734),(#735,#736),(#737,#738),(#739,#740),(#741,#742),
(#743,#744),(#745,#746),(#747,#748),(#749,#750),(#751,#752),(#753,#754),(#755,#756),(#757,#758),(#759,#760),(#761,#762),(#763,#764),(#765,#766),(#767,#768),(#769,#770),(#771,#772),(#773,#774),(#775,#776),(#777,#778),(#779,#780),(#781,#782),(#783,#784),(#785,#786),(#787,#788),(#789,#790),(#791,#792),
(#793,#794),(#795,#796),(#797,#798)),.UNSPECIFIED.,.F.,.F.,.U.,(3,2,2,2,2,2,2,2,2,2,2,2,2,2,2,2,2,2,2,2,2,2,2,2,2,2,
2,2,2,2,2,2,2,2,2,2,2,2,2,3),(2,2),(0.,0.03125,0.0625,0.09375,0.125,0.15625,0.1875,0.203125,0.21875,0.234375,0.25,0.265625,0.28125,0.3125,0.34375,0.375,0.40625,0.4375,0.46875,0.5,0.53125,0.5625,0.59375,0.625,0.65625,0.6875,
0.71875,0.734375,0.75,0.765625,0.78125,0.796875,0.8125,0.828125,0.84375,0.875,0.90625,0.9375,0.96875,0.991967204),(0.,1.),.UNSPECIFIED.);
#800=CARTESIAN_POINT('',(31.,-4.,6.8));
#801=VERTEX_POINT('',#800);
#802=CARTESIAN_POINT('',(-5.416271475,22.315367313,6.8));
#803=VERTEX_POINT('',#802);
#804=CARTESIAN_POINT('',(31.,-4.,6.8));
#805=CARTESIAN_POINT('',(29.910770379,-3.477864899,6.8));
#806=CARTESIAN_POINT('',(28.839967516,-3.058519735,6.8));
#807=CARTESIAN_POINT('',(27.787591413,-2.741964509,6.8));
#808=CARTESIAN_POINT('',(27.754704659,-2.732072158,6.8));
#809=CARTESIAN_POINT('',(27.724066651,-2.7229462,6.8));
#810=CARTESIAN_POINT('',(27.693031379,-2.713783085,6.8));
#811=CARTESIAN_POINT('',(27.661996108,-2.70461997,6.8));
#812=CARTESIAN_POINT('',(27.630972081,-2.695545154,6.8));
#813=CARTESIAN_POINT('',(27.599959299,-2.686558637,6.8));
#814=CARTESIAN_POINT('',(27.537933733,-2.668585602,6.8));
#815=CARTESIAN_POINT('',(27.475953144,-2.650965762,6.8));
#816=CARTESIAN_POINT('',(27.414017532,-2.633699117,6.8));
#817=CARTESIAN_POINT('',(27.290146308,-2.599165828,6.8));
#818=CARTESIAN_POINT('',(27.166454991,-2.566045317,6.8));
#819=CARTESIAN_POINT('',(27.042943582,-2.534337586,6.8));
#820=CARTESIAN_POINT('',(26.795920763,-2.470922125,6.8));
#821=CARTESIAN_POINT('',(26.549617572,-2.413157781,6.8));
#822=CARTESIAN_POINT('',(26.304034011,-2.361044555,6.8));
#823=CARTESIAN_POINT('',(25.812866887,-2.256818104,6.8));
#824=CARTESIAN_POINT('',(25.324578279,-2.175196124,6.8));
#825=CARTESIAN_POINT('',(24.839168185,-2.116178616,6.8));
#826=CARTESIAN_POINT('',(24.778491923,-2.108801427,6.8));
#827=CARTESIAN_POINT('',(24.722664871,-2.102340238,6.8));
#828=CARTESIAN_POINT('',(24.665966839,-2.096067441,6.8));
#829=CARTESIAN_POINT('',(24.609268807,-2.089794645,6.8));
#830=CARTESIAN_POINT('',(24.552585145,-2.083828766,6.8));
#831=CARTESIAN_POINT('',(24.495915853,-2.078169804,6.8));
#832=CARTESIAN_POINT('',(24.382577268,-2.06685188,6.8));
#833=CARTESIAN_POINT('',(24.269296162,-2.056761626,6.8));
#834=CARTESIAN_POINT('',(24.156072536,-2.04789904,6.8));
#835=CARTESIAN_POINT('',(23.929625283,-2.030173869,6.8));
#836=CARTESIAN_POINT('',(23.703407946,-2.017359375,6.8));
#837=CARTESIAN_POINT('',(23.477420526,-2.009455556,6.8));
#838=CARTESIAN_POINT('',(23.025445686,-1.993647919,6.8));
#839=CARTESIAN_POINT('',(22.574390513,-1.997482988,6.8));
#840=CARTESIAN_POINT('',(22.124255005,-2.020960761,6.8));
#841=CARTESIAN_POINT('',(22.096121536,-2.022428122,6.8));
#842=CARTESIAN_POINT('',(22.067264972,-2.02401654,6.8));
#843=CARTESIAN_POINT('',(22.041330566,-2.025508709,6.8));
#844=CARTESIAN_POINT('',(22.01539616,-2.027000879,6.8));
#845=CARTESIAN_POINT('',(21.989455868,-2.028559062,6.8));
#846=CARTESIAN_POINT('',(21.963509692,-2.030183259,6.8));
#847=CARTESIAN_POINT('',(21.911617339,-2.033431652,6.8));
#848=CARTESIAN_POINT('',(21.859701446,-2.036944099,6.8));
#849=CARTESIAN_POINT('',(21.807762013,-2.040720601,6.8));
#850=CARTESIAN_POINT('',(21.703883147,-2.048273604,6.8));
#851=CARTESIAN_POINT('',(21.59991012,-2.056882824,6.8));
#852=CARTESIAN_POINT('',(21.495842931,-2.066548261,6.8));
#853=CARTESIAN_POINT('',(21.287708555,-2.085879134,6.8));
#854=CARTESIAN_POINT('',(21.079197535,-2.109434874,6.8));
#855=CARTESIAN_POINT('',(20.87030987,-2.137215481,6.8));
#856=CARTESIAN_POINT('',(20.452534542,-2.192776694,6.8));
#857=CARTESIAN_POINT('',(20.033252639,-2.265237374,6.8));
#858=CARTESIAN_POINT('',(19.612464161,-2.354597521,6.8));
#859=CARTESIAN_POINT('',(19.507267041,-2.376937558,6.8));
#860=CARTESIAN_POINT('',(19.41466756,-2.397542649,6.8));
#861=CARTESIAN_POINT('',(19.319379961,-2.41951954,6.8));
#862=CARTESIAN_POINT('',(19.224092362,-2.441496431,6.8));
#863=CARTESIAN_POINT('',(19.128500415,-2.464386523,6.8));
#864=CARTESIAN_POINT('',(19.03260412,-2.488189816,6.8));
#865=CARTESIAN_POINT('',(18.840811529,-2.535796404,6.8));
#866=CARTESIAN_POINT('',(18.647801545,-2.587055796,6.8));
#867=CARTESIAN_POINT('',(18.453574168,-2.641967994,6.8));
#868=CARTESIAN_POINT('',(18.065119413,-2.751792391,6.8));
#869=CARTESIAN_POINT('',(17.671795085,-2.876228009,6.8));
#870=CARTESIAN_POINT('',(17.273601184,-3.015274849,6.8));
#871=CARTESIAN_POINT('',(17.248714065,-3.023965277,6.8));
#872=CARTESIAN_POINT('',(17.223807925,-3.032712779,6.8));
#873=CARTESIAN_POINT('',(17.198882762,-3.041517357,6.8));
#874=CARTESIAN_POINT('',(17.1739576,-3.050321935,6.8));
#875=CARTESIAN_POINT('',(17.152821116,-3.05783303,6.8));
#876=CARTESIAN_POINT('',(17.131249082,-3.065532531,6.8));
#877=CARTESIAN_POINT('',(17.088105014,-3.080931534,6.8));
#878=CARTESIAN_POINT('',(17.044795607,-3.096541409,6.8));
#879=CARTESIAN_POINT('',(17.001320861,-3.112362158,6.8));
#880=CARTESIAN_POINT('',(16.91437137,-3.144003655,6.8));
#881=CARTESIAN_POINT('',(16.826760524,-3.176488644,6.8));
#882=CARTESIAN_POINT('',(16.738488324,-3.209817126,6.8));
#883=CARTESIAN_POINT('',(16.561943923,-3.276474089,6.8));
#884=CARTESIAN_POINT('',(16.382754103,-3.346505021,6.8));
#885=CARTESIAN_POINT('',(16.200918864,-3.419909922,6.8));
#886=CARTESIAN_POINT('',(15.837248386,-3.566719724,6.8));
#887=CARTESIAN_POINT('',(15.462996232,-3.727025401,6.8));
#888=CARTESIAN_POINT('',(15.078162403,-3.900826954,6.8));
#889=CARTESIAN_POINT('',(15.030058175,-3.922552148,6.8));
#890=CARTESIAN_POINT('',(14.979508684,-3.94553908,6.8));
#891=CARTESIAN_POINT('',(14.938003084,-3.96450939,6.8));
#892=CARTESIAN_POINT('',(14.896497485,-3.9834797,6.8));
#893=CARTESIAN_POINT('',(14.854679581,-4.002690115,6.8));
#894=CARTESIAN_POINT('',(14.81254937,-4.022140634,6.8));
#895=CARTESIAN_POINT('',(14.72828895,-4.061041674,6.8));
#896=CARTESIAN_POINT('',(14.642779309,-4.100903133,6.8));
#897=CARTESIAN_POINT('',(14.556020445,-4.141725012,6.8));
#898=CARTESIAN_POINT('',(14.382502719,-4.223368771,6.8));
#899=CARTESIAN_POINT('',(14.203988106,-4.308854209,6.8));
#900=CARTESIAN_POINT('',(14.020476607,-4.398181327,6.8));
#901=CARTESIAN_POINT('',(13.99753767,-4.409347216,6.8));
#902=CARTESIAN_POINT('',(13.974520656,-4.420573132,6.8));
#903=CARTESIAN_POINT('',(13.951425566,-4.431859075,6.8));
#904=CARTESIAN_POINT('',(13.928330476,-4.443145017,6.8));
#905=CARTESIAN_POINT('',(13.904965335,-4.454587154,6.8));
#906=CARTESIAN_POINT('',(13.885677686,-4.46404713,6.8));
#907=CARTESIAN_POINT('',(13.847102387,-4.48296708,6.8));
#908=CARTESIAN_POINT('',(13.807969695,-4.502221843,6.8));
#909=CARTESIAN_POINT('',(13.76827961,-4.521811419,6.8));
#910=CARTESIAN_POINT('',(13.688899441,-4.560990569,6.8));
#911=CARTESIAN_POINT('',(13.6072897,-4.601508968,6.8));
#912=CARTESIAN_POINT('',(13.523450388,-4.643366616,6.8));
#913=CARTESIAN_POINT('',(13.355771763,-4.727081912,6.8));
#914=CARTESIAN_POINT('',(13.179174853,-4.816154203,6.8));
#915=CARTESIAN_POINT('',(12.993659657,-4.910583489,6.8));
#916=CARTESIAN_POINT('',(12.970470258,-4.92238715,6.8));
#917=CARTESIAN_POINT('',(12.94714151,-4.934274514,6.8));
#918=CARTESIAN_POINT('',(12.923673414,-4.946245581,6.8));
#919=CARTESIAN_POINT('',(12.911939367,-4.952231114,6.8));
#920=CARTESIAN_POINT('',(12.900170482,-4.958237573,6.8));
#921=CARTESIAN_POINT('',(12.88836676,-4.964264958,6.8));
#922=CARTESIAN_POINT('',(12.882464899,-4.967278651,6.8));
#923=CARTESIAN_POINT('',(12.876554328,-4.970297575,6.8));
#924=CARTESIAN_POINT('',(12.870635049,-4.97332173,6.8));
#925=CARTESIAN_POINT('',(12.864715769,-4.976345885,6.8));
#926=CARTESIAN_POINT('',(12.8618467,-4.977812197,6.8));
#927=CARTESIAN_POINT('',(12.858364644,-4.979591979,6.8));
#928=CARTESIAN_POINT('',(12.830508197,-4.993830241,6.8));
#929=CARTESIAN_POINT('',(12.800848255,-5.009014447,6.8));
#930=CARTESIAN_POINT('',(12.769384819,-5.025144597,6.8));
#931=CARTESIAN_POINT('',(12.706457948,-5.057404897,6.8));
#932=CARTESIAN_POINT('',(12.6363171,-5.093448973,6.8));
#933=CARTESIAN_POINT('',(12.558962276,-5.133276826,6.8));
#934=CARTESIAN_POINT('',(12.404252628,-5.212932532,6.8));
#935=CARTESIAN_POINT('',(12.220687075,-5.307723344,6.8));
#936=CARTESIAN_POINT('',(12.008265617,-5.417649262,6.8));
#937=CARTESIAN_POINT('',(11.981712935,-5.431390002,6.8));
#938=CARTESIAN_POINT('',(11.954709379,-5.445367228,6.8));
#939=CARTESIAN_POINT('',(11.92725495,-5.45958094,6.8));
#940=CARTESIAN_POINT('',(11.899800521,-5.473794651,6.8));
#941=CARTESIAN_POINT('',(11.871010823,-5.488703564,6.8));
#942=CARTESIAN_POINT('',(11.843709649,-5.50284311,6.8));
#943=CARTESIAN_POINT('',(11.789107301,-5.531122203,6.8));
#944=CARTESIAN_POINT('',(11.736153754,-5.558533513,6.8));
#945=CARTESIAN_POINT('',(11.684849009,-5.58507704,6.8));
#946=CARTESIAN_POINT('',(11.582239519,-5.638164093,6.8));
#947=CARTESIAN_POINT('',(11.486225236,-5.687780013,6.8));
#948=CARTESIAN_POINT('',(11.39680616,-5.733924801,6.8));
#949=CARTESIAN_POINT('',(11.217968007,-5.826214376,6.8));
#950=CARTESIAN_POINT('',(11.065510681,-5.904619419,6.8));
#951=CARTESIAN_POINT('',(10.939434181,-5.969139931,6.8));
#952=CARTESIAN_POINT('',(10.907915056,-5.985270058,6.8));
#953=CARTESIAN_POINT('',(10.878044733,-6.000532403,6.8));
#954=CARTESIAN_POINT('',(10.849823211,-6.014926965,6.8));
#955=CARTESIAN_POINT('',(10.846295521,-6.016726285,6.8));
#956=CARTESIAN_POINT('',(10.840352211,-6.019757082,6.8));
#957=CARTESIAN_POINT('',(10.834680293,-6.02264852,6.8));
#958=CARTESIAN_POINT('',(10.829008375,-6.025539957,6.8));
#959=CARTESIAN_POINT('',(10.823345337,-6.028426044,6.8));
#960=CARTESIAN_POINT('',(10.817691179,-6.031306779,6.8));
#961=CARTESIAN_POINT('',(10.806382862,-6.03706825,6.8));
#962=CARTESIAN_POINT('',(10.795110064,-6.042808317,6.8));
#963=CARTESIAN_POINT('',(10.783872786,-6.04852698,6.8));
#964=CARTESIAN_POINT('',(10.76139823,-6.059964306,6.8));
#965=CARTESIAN_POINT('',(10.73906575,-6.071316016,6.8));
#966=CARTESIAN_POINT('',(10.716875348,-6.08258211,6.8));
#967=CARTESIAN_POINT('',(10.628113739,-6.127646487,6.8));
#968=CARTESIAN_POINT('',(10.541625364,-6.171341009,6.8));
#969=CARTESIAN_POINT('',(10.457410223,-6.213665677,6.8));
#970=CARTESIAN_POINT('',(10.288979941,-6.298315012,6.8));
#971=CARTESIAN_POINT('',(10.129642594,-6.377484929,6.8));
#972=CARTESIAN_POINT('',(9.979398183,-6.451175429,6.8));
#973=CARTESIAN_POINT('',(9.941837081,-6.469598053,6.8));
#974=CARTESIAN_POINT('',(9.904844287,-6.487678215,6.8));
#975=CARTESIAN_POINT('',(9.868419801,-6.505415912,6.8));
#976=CARTESIAN_POINT('',(9.850207558,-6.514284761,6.8));
#977=CARTESIAN_POINT('',(9.827280324,-6.525429463,6.8));
#978=CARTESIAN_POINT('',(9.8057839,-6.535853228,6.8));
#979=CARTESIAN_POINT('',(9.784287475,-6.546276993,6.8));
#980=CARTESIAN_POINT('',(9.762875134,-6.556636952,6.8));
#981=CARTESIAN_POINT('',(9.741546876,-6.566933105,6.8));
#982=CARTESIAN_POINT('',(9.656233845,-6.608117718,6.8));
#983=CARTESIAN_POINT('',(9.572266144,-6.648281437,6.8));
#984=CARTESIAN_POINT('',(9.489643775,-6.687424264,6.8));
#985=CARTESIAN_POINT('',(9.324399036,-6.765709918,6.8));
#986=CARTESIAN_POINT('',(9.164535621,-6.839912,6.8));
#987=CARTESIAN_POINT('',(9.010053531,-6.91003051,6.8));
#988=CARTESIAN_POINT('',(8.971433009,-6.927560137,6.8));
#989=CARTESIAN_POINT('',(8.933148819,-6.944834541,6.8));
#990=CARTESIAN_POINT('',(8.895200962,-6.961853722,6.8));
#991=CARTESIAN_POINT('',(8.876227034,-6.970363313,6.8));
#992=CARTESIAN_POINT('',(8.854484399,-6.980085905,6.8));
#993=CARTESIAN_POINT('',(8.832789012,-6.989748513,6.8));
#994=CARTESIAN_POINT('',(8.811093624,-6.99941112,6.8));
#995=CARTESIAN_POINT('',(8.789447311,-7.009016093,6.8));
#996=CARTESIAN_POINT('',(8.767850071,-7.01856343,6.8));
#997=CARTESIAN_POINT('',(8.681461111,-7.056752778,6.8));
#998=CARTESIAN_POINT('',(8.595857331,-7.094019961,6.8));
#999=CARTESIAN_POINT('',(8.511038732,-7.130364977,6.8));
#1000=CARTESIAN_POINT('',(8.341401533,-7.203055009,6.8));
#1001=CARTESIAN_POINT('',(8.174905054,-7.272056378,6.8));
#1002=CARTESIAN_POINT('',(8.011549296,-7.337369082,6.8));
#1003=CARTESIAN_POINT('',(7.68483778,-7.467994491,6.8));
#1004=CARTESIAN_POINT('',(7.370689145,-7.583865244,6.8));
#1005=CARTESIAN_POINT('',(7.069103393,-7.68498134,6.8));
#1006=CARTESIAN_POINT('',(7.031405173,-7.697620852,6.8));
#1007=CARTESIAN_POINT('',(6.993903249,-7.710029822,6.8));
#1008=CARTESIAN_POINT('',(6.95659762,-7.722208251,6.8));
#1009=CARTESIAN_POINT('',(6.919291991,-7.73438668,6.8));
#1010=CARTESIAN_POINT('',(6.878954634,-7.747378625,6.8));
#1011=CARTESIAN_POINT('',(6.838852742,-7.760107509,6.8));
#1012=CARTESIAN_POINT('',(6.758648959,-7.785565279,6.8));
#1013=CARTESIAN_POINT('',(6.678366876,-7.810320786,6.8));
#1014=CARTESIAN_POINT('',(6.598006494,-7.83437403,6.8));
#1015=CARTESIAN_POINT('',(6.43728573,-7.882480518,6.8));
#1016=CARTESIAN_POINT('',(6.276251769,-7.927777956,6.8));
#1017=CARTESIAN_POINT('',(6.114904611,-7.970266342,6.8));
#1018=CARTESIAN_POINT('',(5.792210295,-8.055243114,6.8));
#1019=CARTESIAN_POINT('',(5.468263191,-8.128983681,6.8));
#1020=CARTESIAN_POINT('',(5.143063299,-8.191488044,6.8));
#1021=CARTESIAN_POINT('',(4.817863407,-8.253992408,6.8));
#1022=CARTESIAN_POINT('',(4.499313962,-8.303963423,6.8));
#1023=CARTESIAN_POINT('',(4.178881631,-8.343215645,6.8));
#1024=CARTESIAN_POINT('',(3.8584493,-8.382467866,6.8));
#1025=CARTESIAN_POINT('',(3.538124224,-8.410560088,6.8));
#1026=CARTESIAN_POINT('',(3.217906402,-8.427492309,6.8));
#1027=CARTESIAN_POINT('',(2.897688581,-8.444424531,6.8));
#1028=CARTESIAN_POINT('',(2.583263764,-8.450047831,6.8));
#1029=CARTESIAN_POINT('',(2.26920094,-8.444784849,6.8));
#1030=CARTESIAN_POINT('',(1.955138116,-8.439521866,6.8));
#1031=CARTESIAN_POINT('',(1.642585392,-8.423266173,6.8));
#1032=CARTESIAN_POINT('',(1.331542768,-8.396017771,6.8));
#1033=CARTESIAN_POINT('',(1.020500145,-8.368769368,6.8));
#1034=CARTESIAN_POINT('',(0.714395149,-8.330916161,6.8));
#1035=CARTESIAN_POINT('',(0.410816753,-8.282333715,6.8));
#1036=CARTESIAN_POINT('',(0.107238358,-8.233751269,6.8));
#1037=CARTESIAN_POINT('',(-0.193410723,-8.17444536,6.8));
#1038=CARTESIAN_POINT('',(-0.491130487,-8.104415988,6.8));
#1039=CARTESIAN_POINT('',(-1.086570017,-7.964357244,6.8));
#1040=CARTESIAN_POINT('',(-1.664608156,-7.78288311,6.8));
#1041=CARTESIAN_POINT('',(-2.225202803,-7.560047716,6.8));
#1042=CARTESIAN_POINT('',(-2.505500127,-7.448630019,6.8));
#1043=CARTESIAN_POINT('',(-2.782003612,-7.326615437,6.8));
#1044=CARTESIAN_POINT('',(-3.052214504,-7.194941351,6.8));
#1045=CARTESIAN_POINT('',(-3.322425395,-7.063267265,6.8));
#1046=CARTESIAN_POINT('',(-3.586939426,-6.92171469,6.8));
#1047=CARTESIAN_POINT('',(-3.845756597,-6.770283627,6.8));
#1048=CARTESIAN_POINT('',(-4.104573768,-6.618852563,6.8));
#1049=CARTESIAN_POINT('',(-4.359106091,-6.456644369,6.8));
#1050=CARTESIAN_POINT('',(-4.606208736,-6.285340823,6.8));
#1051=CARTESIAN_POINT('',(-4.853311382,-6.114037278,6.8));
#1052=CARTESIAN_POINT('',(-5.093621478,-5.933315219,6.8));
#1053=CARTESIAN_POINT('',(-5.327139023,-5.743174649,6.8));
#1054=CARTESIAN_POINT('',(-5.560656568,-5.553034078,6.8));
#1055=CARTESIAN_POINT('',(-5.789137452,-5.351959261,6.8));
#1056=CARTESIAN_POINT('',(-6.007516688,-5.144036477,6.8));
#1057=CARTESIAN_POINT('',(-6.225895925,-4.936113692,6.8));
#1058=CARTESIAN_POINT('',(-6.43521064,-4.720520528,6.8));
#1059=CARTESIAN_POINT('',(-6.635460834,-4.497256983,6.8));
#1060=CARTESIAN_POINT('',(-6.835711028,-4.273993439,6.8));
#1061=CARTESIAN_POINT('',(-7.029923605,-4.039468649,6.8));
#1062=CARTESIAN_POINT('',(-7.21140124,-3.800736052,6.8));
#1063=CARTESIAN_POINT('',(-7.392878875,-3.562003454,6.8));
#1064=CARTESIAN_POINT('',(-7.562800898,-3.317889249,6.8));
#1065=CARTESIAN_POINT('',(-7.72116731,-3.068393435,6.8));
#1066=CARTESIAN_POINT('',(-7.879533721,-2.818897621,6.8));
#1067=CARTESIAN_POINT('',(-8.03022499,-2.55746306,6.8));
#1068=CARTESIAN_POINT('',(-8.166200723,-2.29414399,6.8));
#1069=CARTESIAN_POINT('',(-8.302176456,-2.03082492,6.8));
#1070=CARTESIAN_POINT('',(-8.424437283,-1.764393008,6.8));
#1071=CARTESIAN_POINT('',(-8.532983204,-1.494848255,6.8));
#1072=CARTESIAN_POINT('',(-8.560119684,-1.427462067,6.8));
#1073=CARTESIAN_POINT('',(-8.586398983,-1.359881326,6.8));
#1074=CARTESIAN_POINT('',(-8.6118211,-1.292106032,6.8));
#1075=CARTESIAN_POINT('',(-8.637243216,-1.224330739,6.8));
#1076=CARTESIAN_POINT('',(-8.662693036,-1.153935533,6.8));
#1077=CARTESIAN_POINT('',(-8.687042391,-1.083771898,6.8));
#1078=CARTESIAN_POINT('',(-8.735741101,-0.94344463,6.8));
#1079=CARTESIAN_POINT('',(-8.780552148,-0.802877056,6.8));
#1080=CARTESIAN_POINT('',(-8.821475531,-0.662069178,6.8));
#1081=CARTESIAN_POINT('',(-8.903322297,-0.380453422,6.8));
#1082=CARTESIAN_POINT('',(-8.96961841,-0.097876447,6.8));
#1083=CARTESIAN_POINT('',(-9.020363869,0.185661747,6.8));
#1084=CARTESIAN_POINT('',(-9.033050234,0.256546296,6.8));
#1085=CARTESIAN_POINT('',(-9.044764683,0.327490921,6.8));
#1086=CARTESIAN_POINT('',(-9.055507216,0.398495622,6.8));
#1087=CARTESIAN_POINT('',(-9.066249749,0.469500323,6.8));
#1088=CARTESIAN_POINT('',(-9.076374045,0.543037891,6.8));
#1089=CARTESIAN_POINT('',(-9.085427061,0.616688584,6.8));
#1090=CARTESIAN_POINT('',(-9.103533092,0.763989968,6.8));
#1091=CARTESIAN_POINT('',(-9.11736016,0.911035087,6.8));
#1092=CARTESIAN_POINT('',(-9.126908263,1.05782394,6.8));
#1093=CARTESIAN_POINT('',(-9.146004469,1.351401648,6.8));
#1094=CARTESIAN_POINT('',(-9.147984819,1.643954293,6.8));
#1095=CARTESIAN_POINT('',(-9.132849311,1.935481876,6.8));
#1096=CARTESIAN_POINT('',(-9.125281557,2.081245668,6.8));
#1097=CARTESIAN_POINT('',(-9.113621429,2.2260974,6.8));
#1098=CARTESIAN_POINT('',(-9.096771434,2.376718118,6.8));
#1099=CARTESIAN_POINT('',(-9.07992144,2.527338835,6.8));
#1100=CARTESIAN_POINT('',(-9.058442343,2.677363129,6.8));
#1101=CARTESIAN_POINT('',(-9.032334142,2.826791,6.8));
#1102=CARTESIAN_POINT('',(-8.980117742,3.125646741,6.8));
#1103=CARTESIAN_POINT('',(-8.909384931,3.422116789,6.8));
#1104=CARTESIAN_POINT('',(-8.820135708,3.716201143,6.8));
#1105=CARTESIAN_POINT('',(-8.641637262,4.304369851,6.8));
#1106=CARTESIAN_POINT('',(-8.388200638,4.881939306,6.8));
#1107=CARTESIAN_POINT('',(-8.070394152,5.484393755,6.8));
#1108=CARTESIAN_POINT('',(-8.030668342,5.559700561,6.8));
#1109=CARTESIAN_POINT('',(-7.989612612,5.635972096,6.8));
#1110=CARTESIAN_POINT('',(-7.947226963,5.713208361,6.8));
#1111=CARTESIAN_POINT('',(-7.926034139,5.751826493,6.8));
#1112=CARTESIAN_POINT('',(-7.904508834,5.790685808,6.8));
#1113=CARTESIAN_POINT('',(-7.882651051,5.829786304,6.8));
#1114=CARTESIAN_POINT('',(-7.871722159,5.849336553,6.8));
#1115=CARTESIAN_POINT('',(-7.862436895,5.865869196,6.8));
#1116=CARTESIAN_POINT('',(-7.852620563,5.883285612,6.8));
#1117=CARTESIAN_POINT('',(-7.84280423,5.900702028,6.8));
#1118=CARTESIAN_POINT('',(-7.83289938,5.918206723,6.8));
#1119=CARTESIAN_POINT('',(-7.822906011,5.935799697,6.8));
#1120=CARTESIAN_POINT('',(-7.74295906,6.076543492,6.8));
#1121=CARTESIAN_POINT('',(-7.657346933,6.22293716,6.8));
#1122=CARTESIAN_POINT('',(-7.56606963,6.374980702,6.8));
#1123=CARTESIAN_POINT('',(-7.520430978,6.451002473,6.8));
#1124=CARTESIAN_POINT('',(-7.473376033,6.528436712,6.8));
#1125=CARTESIAN_POINT('',(-7.424904793,6.607283419,6.8));
#1126=CARTESIAN_POINT('',(-7.400669173,6.646706773,6.8));
#1127=CARTESIAN_POINT('',(-7.37607948,6.686483243,6.8));
#1128=CARTESIAN_POINT('',(-7.351135713,6.726612831,6.8));
#1129=CARTESIAN_POINT('',(-7.344899771,6.736645228,6.8));
#1130=CARTESIAN_POINT('',(-7.338535311,6.746869155,6.8));
#1131=CARTESIAN_POINT('',(-7.333432447,6.755057659,6.8));
#1132=CARTESIAN_POINT('',(-7.328329584,6.763246164,6.8));
#1133=CARTESIAN_POINT('',(-7.323196461,6.771473965,6.8));
#1134=CARTESIAN_POINT('',(-7.31803308,6.779741063,6.8));
#1135=CARTESIAN_POINT('',(-7.307706316,6.796275259,6.8));
#1136=CARTESIAN_POINT('',(-7.297258517,6.812966642,6.8));
#1137=CARTESIAN_POINT('',(-7.286689681,6.829815211,6.8));
#1138=CARTESIAN_POINT('',(-7.202138994,6.964603766,6.8));
#1139=CARTESIAN_POINT('',(-7.109841983,7.109452264,6.8));
#1140=CARTESIAN_POINT('',(-7.009798647,7.264360708,6.8));
#1141=CARTESIAN_POINT('',(-6.959776979,7.341814929,6.8));
#1142=CARTESIAN_POINT('',(-6.90781873,7.421784137,6.8));
#1143=CARTESIAN_POINT('',(-6.8539239,7.504268331,6.8));
#1144=CARTESIAN_POINT('',(-6.826976485,7.545510428,6.8));
#1145=CARTESIAN_POINT('',(-6.799544925,7.587381271,6.8));
#1146=CARTESIAN_POINT('',(-6.77162922,7.629880861,6.8));
#1147=CARTESIAN_POINT('',(-6.768139756,7.63519331,6.8));
#1148=CARTESIAN_POINT('',(-6.764642729,7.640515583,6.8));
#1149=CARTESIAN_POINT('',(-6.761138136,7.64584768,6.8));
#1150=CARTESIAN_POINT('',(-6.759385839,7.648513728,6.8));
#1151=CARTESIAN_POINT('',(-6.757631652,7.651182233,6.8));
#1152=CARTESIAN_POINT('',(-6.755875573,7.653853194,6.8));
#1153=CARTESIAN_POINT('',(-6.754119494,7.656524154,6.8));
#1154=CARTESIAN_POINT('',(-6.751831309,7.660003745,6.8));
#1155=CARTESIAN_POINT('',(-6.751180273,7.660993641,6.8));
#1156=CARTESIAN_POINT('',(-6.74857613,7.664953224,6.8));
#1157=CARTESIAN_POINT('',(-6.745856004,7.669086436,6.8));
#1158=CARTESIAN_POINT('',(-6.743019894,7.673393275,6.8));
#1159=CARTESIAN_POINT('',(-6.737347674,7.682006955,6.8));
#1160=CARTESIAN_POINT('',(-6.731211521,7.691315146,6.8));
#1161=CARTESIAN_POINT('',(-6.724611435,7.701317849,6.8));
#1162=CARTESIAN_POINT('',(-6.671810748,7.781339474,6.8));
#1163=CARTESIAN_POINT('',(-6.589318335,7.905809864,6.8));
#1164=CARTESIAN_POINT('',(-6.477134197,8.074729018,6.8));
#1165=CARTESIAN_POINT('',(-6.421042128,8.159188596,6.8));
#1166=CARTESIAN_POINT('',(-6.357527128,8.254760364,6.8));
#1167=CARTESIAN_POINT('',(-6.286589197,8.361444324,6.8));
#1168=CARTESIAN_POINT('',(-6.251120231,8.414786304,6.8));
#1169=CARTESIAN_POINT('',(-6.213795533,8.470906331,6.8));
#1170=CARTESIAN_POINT('',(-6.174615101,8.529804407,6.8));
#1171=CARTESIAN_POINT('',(-6.164819994,8.544528925,6.8));
#1172=CARTESIAN_POINT('',(-6.154908902,8.559427072,6.8));
#1173=CARTESIAN_POINT('',(-6.144881828,8.574498847,6.8));
#1174=CARTESIAN_POINT('',(-6.134854754,8.589570622,6.8));
#1175=CARTESIAN_POINT('',(-6.127697632,8.600329024,6.8));
#1176=CARTESIAN_POINT('',(-6.119868292,8.612102221,6.8));
#1177=CARTESIAN_POINT('',(-6.104209613,8.635648613,6.8));
#1178=CARTESIAN_POINT('',(-6.088740141,8.658923597,6.8));
#1179=CARTESIAN_POINT('',(-6.073459874,8.681927172,6.8));
#1180=CARTESIAN_POINT('',(-5.95121774,8.865955773,6.8));
#1181=CARTESIAN_POINT('',(-5.841084798,9.032614215,6.8));
#1182=CARTESIAN_POINT('',(-5.743061047,9.181902498,6.8));
#1183=CARTESIAN_POINT('',(-5.694049172,9.25654664,6.8));
#1184=CARTESIAN_POINT('',(-5.648064595,9.326848242,6.8));
#1185=CARTESIAN_POINT('',(-5.605107316,9.392807304,6.8));
#1186=CARTESIAN_POINT('',(-5.583628676,9.425786835,6.8));
#1187=CARTESIAN_POINT('',(-5.562906861,9.457680731,6.8));
#1188=CARTESIAN_POINT('',(-5.542941871,9.488488992,6.8));
#1189=CARTESIAN_POINT('',(-5.532959375,9.503893123,6.8));
#1190=CARTESIAN_POINT('',(-5.52408386,9.517601573,6.8));
#1191=CARTESIAN_POINT('',(-5.510248252,9.539014372,6.8));
#1192=CARTESIAN_POINT('',(-5.496412644,9.560427172,6.8));
#1193=CARTESIAN_POINT('',(-5.482670725,9.581732512,6.8));
#1194=CARTESIAN_POINT('',(-5.469022495,9.602930394,6.8));
#1195=CARTESIAN_POINT('',(-5.359836656,9.772513449,6.8));
#1196=CARTESIAN_POINT('',(-5.256646912,9.935219142,6.8));
#1197=CARTESIAN_POINT('',(-5.159453265,10.091047475,6.8));
#1198=CARTESIAN_POINT('',(-5.110856441,10.168961642,6.8));
#1199=CARTESIAN_POINT('',(-5.063758642,10.245156468,6.8));
#1200=CARTESIAN_POINT('',(-5.018159866,10.319631954,6.8));
#1201=CARTESIAN_POINT('',(-4.995360478,10.356869697,6.8));
#1202=CARTESIAN_POINT('',(-4.972935846,10.393677605,6.8));
#1203=CARTESIAN_POINT('',(-4.95088597,10.430055677,6.8));
#1204=CARTESIAN_POINT('',(-4.945373501,10.439150196,6.8));
#1205=CARTESIAN_POINT('',(-4.939884454,10.448217849,6.8));
#1206=CARTESIAN_POINT('',(-4.93441883,10.457258638,6.8));
#1207=CARTESIAN_POINT('',(-4.928953205,10.466299427,6.8));
#1208=CARTESIAN_POINT('',(-4.923705356,10.474989856,6.8));
#1209=CARTESIAN_POINT('',(-4.917327911,10.485568049,6.8));
#1210=CARTESIAN_POINT('',(-4.904573021,10.506724437,6.8));
#1211=CARTESIAN_POINT('',(-4.891895577,10.527817662,6.8));
#1212=CARTESIAN_POINT('',(-4.879295579,10.548847725,6.8));
#1213=CARTESIAN_POINT('',(-4.778495595,10.717088226,6.8));
#1214=CARTESIAN_POINT('',(-4.682652151,10.881286328,6.8));
#1215=CARTESIAN_POINT('',(-4.591765247,11.041442031,6.8));
#1216=CARTESIAN_POINT('',(-4.546321795,11.121519883,6.8));
#1217=CARTESIAN_POINT('',(-4.502117479,11.200587135,6.8));
#1218=CARTESIAN_POINT('',(-4.459152297,11.278643787,6.8));
#1219=CARTESIAN_POINT('',(-4.416187115,11.356700439,6.8));
#1220=CARTESIAN_POINT('',(-4.376011588,11.430714351,6.8));
#1221=CARTESIAN_POINT('',(-4.329247767,11.518669848,6.8));
#1222=CARTESIAN_POINT('',(-4.235720126,11.694580844,6.8));
#1223=CARTESIAN_POINT('',(-4.147200057,11.868209662,6.8));
#1224=CARTESIAN_POINT('',(-4.063687562,12.039556302,6.8));
#1225=CARTESIAN_POINT('',(-3.896662572,12.382249584,6.8));
#1226=CARTESIAN_POINT('',(-3.749667875,12.715814155,6.8));
#1227=CARTESIAN_POINT('',(-3.622703471,13.040250016,6.8));
#1228=CARTESIAN_POINT('',(-3.59096237,13.121358981,6.8));
#1229=CARTESIAN_POINT('',(-3.560473162,13.201897402,6.8));
#1230=CARTESIAN_POINT('',(-3.531235848,13.281865279,6.8));
#1231=CARTESIAN_POINT('',(-3.516617191,13.321849217,6.8));
#1232=CARTESIAN_POINT('',(-3.502311507,13.361690519,6.8));
#1233=CARTESIAN_POINT('',(-3.488318796,13.401389185,6.8));
#1234=CARTESIAN_POINT('',(-3.481322441,13.421238518,6.8));
#1235=CARTESIAN_POINT('',(-3.474404329,13.441052192,6.8));
#1236=CARTESIAN_POINT('',(-3.46756446,13.460830207,6.8));
#1237=CARTESIAN_POINT('',(-3.460724592,13.480608222,6.8));
#1238=CARTESIAN_POINT('',(-3.452723598,13.503962268,6.8));
#1239=CARTESIAN_POINT('',(-3.445053762,13.526623034,6.8));
#1240=CARTESIAN_POINT('',(-3.383695077,13.707909162,6.8));
#1241=CARTESIAN_POINT('',(-3.328232571,13.888093676,6.8));
#1242=CARTESIAN_POINT('',(-3.278666243,14.067176575,6.8));
#1243=CARTESIAN_POINT('',(-3.179533587,14.425342374,6.8));
#1244=CARTESIAN_POINT('',(-3.103985647,14.779101714,6.8));
#1245=CARTESIAN_POINT('',(-3.052022421,15.128454597,6.8));
#1246=CARTESIAN_POINT('',(-3.039031615,15.215792818,6.8));
#1247=CARTESIAN_POINT('',(-3.027514853,15.302855635,6.8));
#1248=CARTESIAN_POINT('',(-3.017472136,15.389643048,6.8));
#1249=CARTESIAN_POINT('',(-3.012450777,15.433036755,6.8));
#1250=CARTESIAN_POINT('',(-3.00779793,15.476361611,6.8));
#1251=CARTESIAN_POINT('',(-3.003513594,15.519617616,6.8));
#1252=CARTESIAN_POINT('',(-2.999229258,15.56287362,6.8));
#1253=CARTESIAN_POINT('',(-2.995395388,15.604831891,6.8));
#1254=CARTESIAN_POINT('',(-2.991498684,15.652436258,6.8));
#1255=CARTESIAN_POINT('',(-2.975911869,15.842853727,6.8));
#1256=CARTESIAN_POINT('',(-2.96741273,16.032874464,6.8));
#1257=CARTESIAN_POINT('',(-2.966001268,16.222498468,6.8));
#1258=CARTESIAN_POINT('',(-2.963178344,16.601746478,6.8));
#1259=CARTESIAN_POINT('',(-2.988706128,16.97940756,6.8));
#1260=CARTESIAN_POINT('',(-3.04258462,17.355481713,6.8));
#1261=CARTESIAN_POINT('',(-3.056054243,17.449500251,6.8));
#1262=CARTESIAN_POINT('',(-3.071295785,17.543419607,6.8));
#1263=CARTESIAN_POINT('',(-3.088309247,17.637239779,6.8));
#1264=CARTESIAN_POINT('',(-3.096815977,17.684149865,6.8));
#1265=CARTESIAN_POINT('',(-3.105765688,17.731035156,6.8));
#1266=CARTESIAN_POINT('',(-3.115158378,17.777895651,6.8));
#1267=CARTESIAN_POINT('',(-3.119854723,17.801325898,6.8));
#1268=CARTESIAN_POINT('',(-3.124661814,17.824749946,6.8));
#1269=CARTESIAN_POINT('',(-3.129579649,17.848167796,6.8));
#1270=CARTESIAN_POINT('',(-3.134497484,17.871585645,6.8));
#1271=CARTESIAN_POINT('',(-3.139388588,17.894390777,6.8));
#1272=CARTESIAN_POINT('',(-3.144945364,17.919677266,6.8));
#1273=CARTESIAN_POINT('',(-3.189399575,18.12196918,6.8));
#1274=CARTESIAN_POINT('',(-3.242253476,18.324371629,6.8));
#1275=CARTESIAN_POINT('',(-3.303507067,18.526884613,6.8));
#1276=CARTESIAN_POINT('',(-3.426014249,18.93191058,6.8));
#1277=CARTESIAN_POINT('',(-3.582120193,19.337378687,6.8));
#1278=CARTESIAN_POINT('',(-3.771824897,19.743288932,6.8));
#1279=CARTESIAN_POINT('',(-3.866677249,19.946244055,6.8));
#1280=CARTESIAN_POINT('',(-3.969929291,20.149309713,6.8));
#1281=CARTESIAN_POINT('',(-4.081581024,20.352485905,6.8));
#1282=CARTESIAN_POINT('',(-4.088559257,20.365184417,6.8));
#1283=CARTESIAN_POINT('',(-4.096405067,20.379395383,6.8));
#1284=CARTESIAN_POINT('',(-4.103919999,20.392936269,6.8));
#1285=CARTESIAN_POINT('',(-4.11143493,20.406477156,6.8));
#1286=CARTESIAN_POINT('',(-4.118988001,20.420020029,6.8));
#1287=CARTESIAN_POINT('',(-4.12657921,20.433564888,6.8));
#1288=CARTESIAN_POINT('',(-4.141761629,20.460654608,6.8));
#1289=CARTESIAN_POINT('',(-4.157096603,20.487752275,6.8));
#1290=CARTESIAN_POINT('',(-4.172584132,20.514857888,6.8));
#1291=CARTESIAN_POINT('',(-4.203559191,20.569069115,6.8));
#1292=CARTESIAN_POINT('',(-4.235144471,20.623312129,6.8));
#1293=CARTESIAN_POINT('',(-4.267339973,20.677586932,6.8));
#1294=CARTESIAN_POINT('',(-4.331730977,20.786136536,6.8));
#1295=CARTESIAN_POINT('',(-4.398562866,20.894813292,6.8));
#1296=CARTESIAN_POINT('',(-4.467835642,21.003617198,6.8));
#1297=CARTESIAN_POINT('',(-4.744926744,21.438832823,6.8));
#1298=CARTESIAN_POINT('',(-5.061072022,21.876082861,6.8));
#1299=CARTESIAN_POINT('',(-5.416271475,22.315367313,6.8));
#1300=B_SPLINE_CURVE_WITH_KNOTS('',3,(#804,#805,#806,#807,#808,#809,#810,#811,#812,#813,#814,#815,#816,#817,#818,#819,#820,#821,#822,#823,#824,#825,#826,#827,#828,#829,
#830,#831,#832,#833,#834,#835,#836,#837,#838,#839,#840,#841,#842,#843,#844,#845,#846,#847,#848,#849,#850,#851,#852,#853,#854,
#855,#856,#857,#858,#859,#860,#861,#862,#863,#864,#865,#866,#867,#868,#869,#870,#871,#872,#873,#874,#875,#876,#877,#878,#879,
#880,#881,#882,#883,#884,#885,#886,#887,#888,#889,#890,#891,#892,#893,#894,#895,#896,#897,#898,#899,#900,#901,#902,#903,#904,
#905,#906,#907,#908,#909,#910,#911,#912,#913,#914,#915,#916,#917,#918,#919,#920,#921,#922,#923,#924,#925,#926,#927,#928,#929,
#930,#931,#932,#933,#934,#935,#936,#937,#938,#939,#940,#941,#942,#943,#944,#945,#946,#947,#948,#949,#950,#951,#952,#953,#954,
#955,#956,#957,#958,#959,#960,#961,#962,#963,#964,#965,#966,#967,#968,#969,#970,#971,#972,#973,#974,#975,#976,#977,#978,#979,
#980,#981,#982,#983,#984,#985,#986,#987,#988,#989,#990,#991,#992,#993,#994,#995,#996,#997,#998,#999,#1000,#1001,#1002,#1003,#1004,
#1005,#1006,#1007,#1008,#1009,#1010,#1011,#1012,#1013,#1014,#1015,#1016,#1017,#1018,#1019,#1020,#1021,#1022,#1023,#1024,#1025,#1026,#1027,#1028,#1029,
#1030,#1031,#1032,#1033,#1034,#1035,#1036,#1037,#1038,#1039,#1040,#1041,#1042,#1043,#1044,#1045,#1046,#1047,#1048,#1049,#1050,#1051,#1052,#1053,#1054,
#1055,#1056,#1057,#1058,#1059,#1060,#1061,#1062,#1063,#1064,#1065,#1066,#1067,#1068,#1069,#1070,#1071,#1072,#1073,#1074,#1075,#1076,#1077,#1078,#1079,
#1080,#1081,#1082,#1083,#1084,#1085,#1086,#1087,#1088,#1089,#1090,#1091,#1092,#1093,#1094,#1095,#1096,#1097,#1098,#1099,#1100,#1101,#1102,#1103,#1104,
#1105,#1106,#1107,#1108,#1109,#1110,#1111,#1112,#1113,#1114,#1115,#1116,#1117,#1118,#1119,#1120,#1121,#1122,#1123,#1124,#1125,#1126,#1127,#1128,#1129,
#1130,#1131,#1132,#1133,#1134,#1135,#1136,#1137,#1138,#1139,#1140,#1141,#1142,#1143,#1144,#1145,#1146,#1147,#1148,#1149,#1150,#1151,#1152,#1153,#1154,
#1155,#1156,#1157,#1158,#1159,#1160,#1161,#1162,#1163,#1164,#1165,#1166,#1167,#1168,#1169,#1170,#1171,#1172,#1173,#1174,#1175,#1176,#1177,#1178,#1179,
#1180,#1181,#1182,#1183,#1184,#1185,#1186,#1187,#1188,#1189,#1190,#1191,#1192,#1193,#1194,#1195,#1196,#1197,#1198,#1199,#1200,#1201,#1202,#1203,#1204,
#1205,#1206,#1207,#1208,#1209,#1210,#1211,#1212,#1213,#1214,#1215,#1216,#1217,#1218,#1219,#1220,#1221,#1222,#1223,#1224,#1225,#1226,#1227,#1228,#1229,
#1230,#1231,#1232,#1233,#1234,#1235,#1236,#1237,#1238,#1239,#1240,#1241,#1242,#1243,#1244,#1245,#1246,#1247,#1248,#1249,#1250,#1251,#1252,#1253,#1254,
#1255,#1256,#1257,#1258,#1259,#1260,#1261,#1262,#1263,#1264,#1265,#1266,#1267,#1268,#1269,#1270,#1271,#1272,#1273,#1274,#1275,#1276,#1277,#1278,#1279,
#1280,#1281,#1282,#1283,#1284,#1285,#1286,#1287,#1288,#1289,#1290,#1291,#1292,#1293,#1294,#1295,#1296,#1297,#1298,#1299),.UNSPECIFIED.,.F.,.F.,(4,3,3,3,3,3,3,3,3,3,3,3,3,3,3,3,3,3,3,3,3,3,3,3,3,3,
3,3,3,3,3,3,3,3,3,3,3,3,3,3,3,3,3,3,3,3,3,3,3,3,3,
3,3,3,3,3,3,3,3,3,3,3,3,3,3,3,3,3,3,3,3,3,3,3,3,3,
3,3,3,3,3,3,3,3,3,3,3,3,3,3,3,3,3,3,3,3,3,3,3,3,3,
3,3,3,3,3,3,3,3,3,3,3,3,3,3,3,3,3,3,3,3,3,3,3,3,3,
3,3,3,3,3,3,3,3,3,3,3,3,3,3,3,3,3,3,3,3,3,3,3,3,3,
3,3,3,3,3,3,3,3,3,3,3,3,3,3,4),(0.,0.030998975,0.031967693,0.032936411,0.034873847,0.038748719,0.046498463,0.06199795,0.063935386,0.065872822,0.069747694,0.077497438,0.092996925,0.093965643,0.094934361,0.096871797,0.100746669,0.108496413,0.1239959,0.127870772,0.131745644,0.139495388,0.154994876,0.155963594,0.156932312,0.158869747,
0.162744619,0.170494363,0.185993851,0.187931287,0.189868723,0.193743594,0.201493338,0.202462056,0.203430774,0.20536821,0.209243082,0.216992826,0.217961544,0.218445903,0.218688082,0.218930262,0.220867698,0.22474257,0.232492313,0.233461031,0.234429749,0.236367185,0.240242057,0.247991801,0.249929237,
0.250171416,0.250413596,0.250897955,0.251866673,0.255741545,0.263491289,0.265428724,0.266397442,0.26736616,0.271241032,0.278990776,0.280928212,0.28189693,0.282865648,0.28674052,0.294490264,0.309989751,0.311927187,0.313864623,0.317739495,0.325489239,0.340988726,0.356488214,0.371987701,0.387487189,
0.402986677,0.418486164,0.433985652,0.464984627,0.480484114,0.495983602,0.511483089,0.526982577,0.542482065,0.557981552,0.57348104,0.588980527,0.604480015,0.619979502,0.623854374,0.627729246,0.63547899,0.650978477,0.654853349,0.658728221,0.666477965,0.681977453,0.689727196,0.69747694,0.712976428,
0.743975403,0.747850275,0.749787711,0.750756429,0.751725147,0.75947489,0.763349762,0.765287198,0.765771557,0.766255916,0.767224634,0.774974378,0.77884925,0.780786686,0.781028865,0.781149955,0.781271045,0.781755404,0.782724122,0.790473866,0.794348737,0.796286173,0.796770532,0.797254891,0.798223609,
0.805973353,0.809848225,0.811785661,0.812754379,0.813723097,0.821472841,0.825347713,0.827285148,0.827769507,0.828253866,0.829222584,0.836972328,0.8408472,0.844722072,0.852471816,0.867971303,0.871846175,0.873783611,0.874752329,0.875721047,0.883470791,0.898970278,0.90284515,0.904782586,0.906720022,
0.914469766,0.929969254,0.933844125,0.935781561,0.936750279,0.937718997,0.945468741,0.960968229,0.968717972,0.969202331,0.96968669,0.970655408,0.972592844,0.976467716,0.991967204),.UNSPECIFIED.);
#1301=EDGE_CURVE('',#801,#803,#1300,.T.);
#1302=ORIENTED_EDGE('',*,*,#1301,.T.);
#1303=CARTESIAN_POINT('',(-5.416269043,22.315369279,5.5));
#1304=VERTEX_POINT('',#1303);
#1305=CARTESIAN_POINT('',(-5.416271475,22.315367313,6.8));
#1306=DIRECTION('',(0.,0.,-1.));
#1307=VECTOR('',#1306,1.3);
#1308=LINE('',#1305,#1307);
#1309=EDGE_CURVE('',#803,#1304,#1308,.T.);
#1310=ORIENTED_EDGE('',*,*,#1309,.T.);
#1311=CARTESIAN_POINT('',(31.,-4.,5.5));
#1312=VERTEX_POINT('',#1311);
#1313=CARTESIAN_POINT('',(31.,-4.,5.5));
#1314=CARTESIAN_POINT('',(29.353172968,-3.210573986,5.5));
#1315=CARTESIAN_POINT('',(27.762029103,-2.734294485,5.5));
#1316=CARTESIAN_POINT('',(26.259967338,-2.284680064,5.5));
#1317=CARTESIAN_POINT('',(24.79200794,-2.11051479,5.5));
#1318=CARTESIAN_POINT('',(23.420241931,-1.947762331,5.5));
#1319=CARTESIAN_POINT('',(22.058649226,-2.024522021,5.5));
#1320=CARTESIAN_POINT('',(20.804364956,-2.095232206,5.5));
#1321=CARTESIAN_POINT('',(19.53066568,-2.372177283,5.5));
#1322=CARTESIAN_POINT('',(18.383918888,-2.621518618,5.5));
#1323=CARTESIAN_POINT('',(17.176770018,-3.04934168,5.5));
#1324=CARTESIAN_POINT('',(16.136232695,-3.418116298,5.5));
#1325=CARTESIAN_POINT('',(14.965674958,-3.951876318,5.5));
#1326=CARTESIAN_POINT('',(14.465735348,-4.179842669,5.5));
#1327=CARTESIAN_POINT('',(13.903900378,-4.455114072,5.5));
#1328=CARTESIAN_POINT('',(13.439842187,-4.68247968,5.5));
#1329=CARTESIAN_POINT('',(12.866093217,-4.975642302,5.5));
#1330=CARTESIAN_POINT('',(12.533612152,-5.145526738,5.5));
#1331=CARTESIAN_POINT('',(11.848342565,-5.500443644,5.5));
#1332=CARTESIAN_POINT('',(11.187168552,-5.842880897,5.5));
#1333=CARTESIAN_POINT('',(10.846737512,-6.016500737,5.5));
#1334=CARTESIAN_POINT('',(10.297211836,-6.296758848,5.5));
#1335=CARTESIAN_POINT('',(9.857367148,-6.510796219,5.5));
#1336=CARTESIAN_POINT('',(9.334507318,-6.765230447,5.5));
#1337=CARTESIAN_POINT('',(8.876320561,-6.970312729,5.5));
#1338=CARTESIAN_POINT('',(7.823823171,-7.441405713,5.5));
#1339=CARTESIAN_POINT('',(6.923560294,-7.73294964,5.5));
#1340=CARTESIAN_POINT('',(5.954507108,-8.046770834,5.5));
#1341=CARTESIAN_POINT('',(4.969138415,-8.22382413,5.5));
#1342=CARTESIAN_POINT('',(4.000031026,-8.397955557,5.5));
#1343=CARTESIAN_POINT('',(3.031217217,-8.436099971,5.5));
#1344=CARTESIAN_POINT('',(2.074548511,-8.473766206,5.5));
#1345=CARTESIAN_POINT('',(1.135279155,-8.377344931,5.5));
#1346=CARTESIAN_POINT('',(0.203682745,-8.281711328,5.5));
#1347=CARTESIAN_POINT('',(-0.693193315,-8.055126775,5.5));
#1348=CARTESIAN_POINT('',(-1.586898426,-7.829343323,5.5));
#1349=CARTESIAN_POINT('',(-2.428717739,-7.477013268,5.5));
#1350=CARTESIAN_POINT('',(-3.271538147,-7.124264221,5.5));
#1351=CARTESIAN_POINT('',(-4.045811661,-6.650572177,5.5));
#1352=CARTESIAN_POINT('',(-4.823140236,-6.17501108,5.5));
#1353=CARTESIAN_POINT('',(-5.518475155,-5.583980407,5.5));
#1354=CARTESIAN_POINT('',(-6.218280129,-4.989150213,5.5));
#1355=CARTESIAN_POINT('',(-6.808282035,-4.300042399,5.5));
#1356=CARTESIAN_POINT('',(-7.406341752,-3.601523258,5.5));
#1357=CARTESIAN_POINT('',(-7.864081323,-2.836541546,5.5));
#1358=CARTESIAN_POINT('',(-8.332521731,-2.053676422,5.5));
#1359=CARTESIAN_POINT('',(-8.634144854,-1.231940674,5.5));
#1360=CARTESIAN_POINT('',(-8.94513843,-0.384676257,5.5));
#1361=CARTESIAN_POINT('',(-9.066744463,0.475297389,5.5));
#1362=CARTESIAN_POINT('',(-9.192800925,1.366743585,5.5));
#1363=CARTESIAN_POINT('',(-9.110151986,2.246709818,5.5));
#1364=CARTESIAN_POINT('',(-9.024435756,3.159333603,5.5));
#1365=CARTESIAN_POINT('',(-8.712691636,4.043848064,5.5));
#1366=CARTESIAN_POINT('',(-8.560647891,4.475243178,5.5));
#1367=CARTESIAN_POINT('',(-8.341177545,4.942418197,5.5));
#1368=CARTESIAN_POINT('',(-8.140987671,5.368551885,5.5));
#1369=CARTESIAN_POINT('',(-7.875454052,5.842647987,5.5));
#1370=CARTESIAN_POINT('',(-7.64155873,6.260255596,5.5));
#1371=CARTESIAN_POINT('',(-7.338056205,6.747635426,5.5));
#1372=CARTESIAN_POINT('',(-7.092297636,7.142287069,5.5));
#1373=CARTESIAN_POINT('',(-6.751519056,7.660478508,5.5));
#1374=CARTESIAN_POINT('',(-6.626214432,7.851018018,5.5));
#1375=CARTESIAN_POINT('',(-6.138377654,8.584275224,5.5));
#1376=CARTESIAN_POINT('',(-5.756154161,9.158787322,5.5));
#1377=CARTESIAN_POINT('',(-5.521167048,9.522123568,5.5));
#1378=CARTESIAN_POINT('',(-5.185526642,10.041089582,5.5));
#1379=CARTESIAN_POINT('',(-4.922422288,10.477121532,5.5));
#1380=CARTESIAN_POINT('',(-4.613585543,10.98894388,5.5));
#1381=CARTESIAN_POINT('',(-4.364678424,11.452367109,5.5));
#1382=CARTESIAN_POINT('',(-3.791587898,12.519365364,5.5));
#1383=CARTESIAN_POINT('',(-3.462333582,13.475993074,5.5));
#1384=CARTESIAN_POINT('',(-3.084677562,14.573248893,5.5));
#1385=CARTESIAN_POINT('',(-2.994412921,15.617785404,5.5));
#1386=CARTESIAN_POINT('',(-2.894901282,16.769327577,5.5));
#1387=CARTESIAN_POINT('',(-3.141196839,17.90252804,5.5));
#1388=CARTESIAN_POINT('',(-3.407022711,19.125587059,5.5));
#1389=CARTESIAN_POINT('',(-4.082965732,20.355004925,5.5));
#1390=CARTESIAN_POINT('',(-4.618039886,21.328207848,5.5));
#1391=CARTESIAN_POINT('',(-5.416266612,22.315371245,5.5));
#1392=B_SPLINE_CURVE_WITH_KNOTS('',2,(#1313,#1314,#1315,#1316,#1317,#1318,#1319,#1320,#1321,#1322,#1323,#1324,#1325,#1326,#1327,#1328,#1329,#1330,#1331,#1332,#1333,#1334,#1335,#1336,#1337,#1338,
#1339,#1340,#1341,#1342,#1343,#1344,#1345,#1346,#1347,#1348,#1349,#1350,#1351,#1352,#1353,#1354,#1355,#1356,#1357,#1358,#1359,#1360,#1361,#1362,#1363,
#1364,#1365,#1366,#1367,#1368,#1369,#1370,#1371,#1372,#1373,#1374,#1375,#1376,#1377,#1378,#1379,#1380,#1381,#1382,#1383,#1384,#1385,#1386,#1387,#1388,
#1389,#1390,#1391),.UNSPECIFIED.,.F.,.F.,(3,2,2,2,2,2,2,2,2,2,2,2,2,2,2,2,2,2,2,2,2,2,2,2,2,2,
2,2,2,2,2,2,2,2,2,2,2,2,2,3),(0.,0.03125,0.0625,0.09375,0.125,0.15625,0.1875,0.203125,0.21875,0.234375,0.25,0.265625,0.28125,0.3125,0.34375,0.375,0.40625,0.4375,0.46875,0.5,0.53125,0.5625,0.59375,0.625,0.65625,0.6875,
0.71875,0.734375,0.75,0.765625,0.78125,0.796875,0.8125,0.828125,0.84375,0.875,0.90625,0.9375,0.96875,0.991968327),.UNSPECIFIED.);
#1393=EDGE_CURVE('',#1312,#1304,#1392,.T.);
#1394=ORIENTED_EDGE('',*,*,#1393,.F.);
#1395=CARTESIAN_POINT('',(31.,-4.,6.8));
#1396=CARTESIAN_POINT('',(31.,-4.,6.366666667));
#1397=CARTESIAN_POINT('',(31.,-4.,5.933333333));
#1398=CARTESIAN_POINT('',(31.,-4.,5.5));
#1399=B_SPLINE_CURVE_WITH_KNOTS('',3,(#1395,#1396,#1397,#1398),.UNSPECIFIED.,.F.,.F.,(4,4),(0.,1.),.UNSPECIFIED.);
#1400=EDGE_CURVE('',#801,#1312,#1399,.T.);
#1401=ORIENTED_EDGE('',*,*,#1400,.F.);
#1402=EDGE_LOOP('',(#1302,#1310,#1394,#1401));
#1403=FACE_BOUND('',#1402,.T.);
#1404=ADVANCED_FACE('',(#1403),#799,.T.);
#1405=CARTESIAN_POINT('',(43.,-7.,6.8));
#1406=CARTESIAN_POINT('',(43.,-7.,5.5));
#1407=CARTESIAN_POINT('',(38.813889372,-8.026338309,6.8));
#1408=CARTESIAN_POINT('',(38.813889372,-8.026338309,5.5));
#1409=CARTESIAN_POINT('',(31.,-4.,6.8));
#1410=CARTESIAN_POINT('',(31.,-4.,5.5));
#1411=B_SPLINE_SURFACE_WITH_KNOTS('',2,1,((#1405,#1406),(#1407,#1408),(#1409,#1410)),.UNSPECIFIED.,.F.,.F.,.U.,(3,3),(2,2),(0.,1.),(0.,1.),.UNSPECIFIED.);
#1412=CARTESIAN_POINT('',(43.,-7.,5.5));
#1413=CARTESIAN_POINT('',(38.813889372,-8.026338309,5.5));
#1414=CARTESIAN_POINT('',(31.,-4.,5.5));
#1415=B_SPLINE_CURVE_WITH_KNOTS('',2,(#1412,#1413,#1414),.UNSPECIFIED.,.F.,.F.,(3,3),(0.,1.),.UNSPECIFIED.);
#1416=EDGE_CURVE('',#249,#1312,#1415,.T.);
#1417=ORIENTED_EDGE('',*,*,#1416,.F.);
#1418=ORIENTED_EDGE('',*,*,#279,.F.);
#1419=CARTESIAN_POINT('',(43.,-7.,6.8));
#1420=CARTESIAN_POINT('',(40.209259581,-7.684225539,6.8));
#1421=CARTESIAN_POINT('',(36.209259581,-6.684225539,6.8));
#1422=CARTESIAN_POINT('',(31.,-4.,6.8));
#1423=B_SPLINE_CURVE_WITH_KNOTS('',3,(#1419,#1420,#1421,#1422),.UNSPECIFIED.,.F.,.F.,(4,4),(0.,1.),.UNSPECIFIED.);
#1424=EDGE_CURVE('',#266,#801,#1423,.T.);
#1425=ORIENTED_EDGE('',*,*,#1424,.T.);
#1426=ORIENTED_EDGE('',*,*,#1400,.T.);
#1427=EDGE_LOOP('',(#1417,#1418,#1425,#1426));
#1428=FACE_BOUND('',#1427,.T.);
#1429=ADVANCED_FACE('',(#1428),#1411,.T.);
#1430=CARTESIAN_POINT('',(31.789143109,43.836049275,6.8));
#1431=DIRECTION('',(0.999715763,0.02384101,0.));
#1432=DIRECTION('',(-0.02384101,0.999715763,0.));
#1433=AXIS2_PLACEMENT_3D('',#1430,#1431,#1432);
#1434=PLANE('',#1433);
#1435=ORIENTED_EDGE('',*,*,#58,.T.);
#1436=CARTESIAN_POINT('',(31.925966042,38.098706571,6.8));
#1437=VERTEX_POINT('',#1436);
#1438=CARTESIAN_POINT('',(31.925966042,38.098706571,6.8));
#1439=DIRECTION('',(0.,0.,-1.));
#1440=VECTOR('',#1439,1.3);
#1441=LINE('',#1438,#1440);
#1442=EDGE_CURVE('',#1437,#44,#1441,.T.);
#1443=ORIENTED_EDGE('',*,*,#1442,.F.);
#1444=CARTESIAN_POINT('',(31.652320176,49.57339198,6.8));
#1445=DIRECTION('',(0.02384101,-0.999715763,0.));
#1446=VECTOR('',#1445,11.47794787);
#1447=LINE('',#1444,#1446);
#1448=EDGE_CURVE('',#222,#1437,#1447,.T.);
#1449=ORIENTED_EDGE('',*,*,#1448,.F.);
#1450=ORIENTED_EDGE('',*,*,#227,.T.);
#1451=EDGE_LOOP('',(#1435,#1443,#1449,#1450));
#1452=FACE_BOUND('',#1451,.T.);
#1453=ADVANCED_FACE('',(#1452),#1434,.F.);
#1454=CARTESIAN_POINT('',(52.,11.,7.4));
#1455=CARTESIAN_POINT('',(52.,11.,6.8));
#1456=CARTESIAN_POINT('',(56.739763491,-3.536644439,7.4));
#1457=CARTESIAN_POINT('',(56.739763491,-3.536644439,6.8));
#1458=CARTESIAN_POINT('',(43.,-7.,7.4));
#1459=CARTESIAN_POINT('',(43.,-7.,6.8));
#1460=B_SPLINE_SURFACE_WITH_KNOTS('',2,1,((#1454,#1455),(#1456,#1457),(#1458,#1459)),.UNSPECIFIED.,.F.,.F.,.U.,(3,3),(2,2),(0.,1.),(0.4,1.),.UNSPECIFIED.);
#1461=ORIENTED_EDGE('',*,*,#272,.F.);
#1462=CARTESIAN_POINT('',(52.,11.,7.4));
#1463=VERTEX_POINT('',#1462);
#1464=CARTESIAN_POINT('',(52.,11.,7.4));
#1465=DIRECTION('',(0.,0.,-1.));
#1466=VECTOR('',#1465,0.6);
#1467=LINE('',#1464,#1466);
#1468=EDGE_CURVE('',#1463,#257,#1467,.T.);
#1469=ORIENTED_EDGE('',*,*,#1468,.F.);
#1470=CARTESIAN_POINT('',(43.,-7.,7.4));
#1471=VERTEX_POINT('',#1470);
#1472=CARTESIAN_POINT('',(52.,11.,7.4));
#1473=CARTESIAN_POINT('',(52.303741779,10.068437434,7.4));
#1474=CARTESIAN_POINT('',(52.567127888,9.121065957,7.4));
#1475=CARTESIAN_POINT('',(52.771231825,8.165760216,7.4));
#1476=CARTESIAN_POINT('',(52.975335763,7.210454475,7.4));
#1477=CARTESIAN_POINT('',(53.121287924,6.246170001,7.4));
#1478=CARTESIAN_POINT('',(53.183386318,5.268938364,7.4));
#1479=CARTESIAN_POINT('',(53.214435515,4.780322546,7.4));
#1480=CARTESIAN_POINT('',(53.224052291,4.286912157,7.4));
#1481=CARTESIAN_POINT('',(53.207982457,3.798437158,7.4));
#1482=CARTESIAN_POINT('',(53.191912624,3.309962158,7.4));
#1483=CARTESIAN_POINT('',(53.150401767,2.824671207,7.4));
#1484=CARTESIAN_POINT('',(53.079229482,2.343092503,7.4));
#1485=CARTESIAN_POINT('',(53.008057197,1.8615138,7.4));
#1486=CARTESIAN_POINT('',(52.907255237,1.383643371,7.4));
#1487=CARTESIAN_POINT('',(52.771291489,0.910173582,7.4));
#1488=CARTESIAN_POINT('',(52.635327741,0.436703794,7.4));
#1489=CARTESIAN_POINT('',(52.465594452,-0.026416174,7.4));
#1490=CARTESIAN_POINT('',(52.26064735,-0.474219579,7.4));
#1491=CARTESIAN_POINT('',(52.158173799,-0.698121281,7.4));
#1492=CARTESIAN_POINT('',(52.046593756,-0.91878762,7.4));
#1493=CARTESIAN_POINT('',(51.927052925,-1.133680535,7.4));
#1494=CARTESIAN_POINT('',(51.807512094,-1.348573449,7.4));
#1495=CARTESIAN_POINT('',(51.679801803,-1.558217727,7.4));
#1496=CARTESIAN_POINT('',(51.543982131,-1.762651965,7.4));
#1497=CARTESIAN_POINT('',(51.408162458,-1.967086202,7.4));
#1498=CARTESIAN_POINT('',(51.264233403,-2.166310401,7.4));
#1499=CARTESIAN_POINT('',(51.11225431,-2.360362686,7.4));
#1500=CARTESIAN_POINT('',(50.960275217,-2.554414971,7.4));
#1501=CARTESIAN_POINT('',(50.800853955,-2.742435179,7.4));
#1502=CARTESIAN_POINT('',(50.635803131,-2.923126936,7.4));
#1503=CARTESIAN_POINT('',(50.305701483,-3.28451045,7.4));
#1504=CARTESIAN_POINT('',(49.951481514,-3.618761722,7.4));
#1505=CARTESIAN_POINT('',(49.5760951,-3.929201505,7.4));
#1506=CARTESIAN_POINT('',(49.200708686,-4.239641289,7.4));
#1507=CARTESIAN_POINT('',(48.803278966,-4.526811853,7.4));
#1508=CARTESIAN_POINT('',(48.388899769,-4.791698443,7.4));
#1509=CARTESIAN_POINT('',(47.560141376,-5.321471624,7.4));
#1510=CARTESIAN_POINT('',(46.687642057,-5.74958774,7.4));
#1511=CARTESIAN_POINT('',(45.785761978,-6.109420852,7.4));
#1512=CARTESIAN_POINT('',(45.334821939,-6.289337407,7.4));
#1513=CARTESIAN_POINT('',(44.876384241,-6.451828864,7.4));
#1514=CARTESIAN_POINT('',(44.411583315,-6.599531721,7.4));
#1515=CARTESIAN_POINT('',(43.94678239,-6.747234578,7.4));
#1516=CARTESIAN_POINT('',(43.474910584,-6.880290209,7.4));
#1517=CARTESIAN_POINT('',(43.,-7.,7.4));
#1518=B_SPLINE_CURVE_WITH_KNOTS('',3,(#1472,#1473,#1474,#1475,#1476,#1477,#1478,#1479,#1480,#1481,#1482,#1483,#1484,#1485,#1486,#1487,#1488,#1489,#1490,#1491,#1492,#1493,#1494,#1495,#1496,#1497,
#1498,#1499,#1500,#1501,#1502,#1503,#1504,#1505,#1506,#1507,#1508,#1509,#1510,#1511,#1512,#1513,#1514,#1515,#1516,#1517),.UNSPECIFIED.,.F.,.F.,(4,3,3,3,3,3,3,3,3,3,3,3,3,3,3,4),(0.049975419,0.05291491,0.055854402,0.057324148,0.058793894,0.06026364,0.061733385,0.062468258,0.063203131,0.063938004,0.064672877,0.066142623,0.067612369,0.07055186,0.072021606,0.073491352),.UNSPECIFIED.);
#1519=EDGE_CURVE('',#1463,#1471,#1518,.T.);
#1520=ORIENTED_EDGE('',*,*,#1519,.T.);
#1521=CARTESIAN_POINT('',(43.,-7.,7.4));
#1522=DIRECTION('',(0.,0.,-1.));
#1523=VECTOR('',#1522,0.6);
#1524=LINE('',#1521,#1523);
#1525=EDGE_CURVE('',#1471,#266,#1524,.T.);
#1526=ORIENTED_EDGE('',*,*,#1525,.T.);
#1527=EDGE_LOOP('',(#1461,#1469,#1520,#1526));
#1528=FACE_BOUND('',#1527,.T.);
#1529=ADVANCED_FACE('',(#1528),#1460,.T.);
#1530=CARTESIAN_POINT('',(49.,25.,7.4));
#1531=CARTESIAN_POINT('',(49.,25.,6.8));
#1532=CARTESIAN_POINT('',(45.954436473,20.861172164,7.4));
#1533=CARTESIAN_POINT('',(45.954436473,20.861172164,6.8));
#1534=CARTESIAN_POINT('',(52.,11.,7.4));
#1535=CARTESIAN_POINT('',(52.,11.,6.8));
#1536=B_SPLINE_SURFACE_WITH_KNOTS('',2,1,((#1530,#1531),(#1532,#1533),(#1534,#1535)),.UNSPECIFIED.,.F.,.F.,.U.,(3,3),(2,2),(0.,1.),(0.4,1.),.UNSPECIFIED.);
#1537=ORIENTED_EDGE('',*,*,#313,.F.);
#1538=CARTESIAN_POINT('',(49.,25.,7.4));
#1539=VERTEX_POINT('',#1538);
#1540=CARTESIAN_POINT('',(49.,25.,7.4));
#1541=DIRECTION('',(0.,0.,-1.));
#1542=VECTOR('',#1541,0.6);
#1543=LINE('',#1540,#1542);
#1544=EDGE_CURVE('',#1539,#300,#1543,.T.);
#1545=ORIENTED_EDGE('',*,*,#1544,.F.);
#1546=CARTESIAN_POINT('',(49.,25.,7.4));
#1547=CARTESIAN_POINT('',(48.810927766,24.743056608,7.4));
#1548=CARTESIAN_POINT('',(48.64989618,24.471989158,7.4));
#1549=CARTESIAN_POINT('',(48.515397362,24.187557168,7.4));
#1550=CARTESIAN_POINT('',(48.448147953,24.045341173,7.4));
#1551=CARTESIAN_POINT('',(48.387533896,23.899782956,7.4));
#1552=CARTESIAN_POINT('',(48.333379192,23.750971165,7.4));
#1553=CARTESIAN_POINT('',(48.279224489,23.602159374,7.4));
#1554=CARTESIAN_POINT('',(48.231426242,23.449516751,7.4));
#1555=CARTESIAN_POINT('',(48.190575824,23.296549831,7.4));
#1556=CARTESIAN_POINT('',(48.027174155,22.68468215,7.4));
#1557=CARTESIAN_POINT('',(47.968882677,22.058581801,7.4));
#1558=CARTESIAN_POINT('',(47.981309007,21.423835421,7.4));
#1559=CARTESIAN_POINT('',(47.993735337,20.789089042,7.4));
#1560=CARTESIAN_POINT('',(48.076079488,20.167331475,7.4));
#1561=CARTESIAN_POINT('',(48.201475502,19.553571762,7.4));
#1562=CARTESIAN_POINT('',(48.264173508,19.246691906,7.4));
#1563=CARTESIAN_POINT('',(48.337979545,18.941875617,7.4));
#1564=CARTESIAN_POINT('',(48.420953699,18.638762513,7.4));
#1565=CARTESIAN_POINT('',(48.503927852,18.335649408,7.4));
#1566=CARTESIAN_POINT('',(48.596283619,18.033656042,7.4));
#1567=CARTESIAN_POINT('',(48.695895459,17.734547475,7.4));
#1568=CARTESIAN_POINT('',(48.895119141,17.136330342,7.4));
#1569=CARTESIAN_POINT('',(49.122164849,16.551638851,7.4));
#1570=CARTESIAN_POINT('',(49.368660408,15.976402879,7.4));
#1571=CARTESIAN_POINT('',(49.615155967,15.401166908,7.4));
#1572=CARTESIAN_POINT('',(49.881270998,14.835468917,7.4));
#1573=CARTESIAN_POINT('',(50.162088829,14.276918674,7.4));
#1574=CARTESIAN_POINT('',(50.72372449,13.159818187,7.4));
#1575=CARTESIAN_POINT('',(51.343434995,12.07095071,7.4));
#1576=CARTESIAN_POINT('',(52.,11.,7.4));
#1577=B_SPLINE_CURVE_WITH_KNOTS('',3,(#1546,#1547,#1548,#1549,#1550,#1551,#1552,#1553,#1554,#1555,#1556,#1557,#1558,#1559,#1560,#1561,#1562,#1563,#1564,#1565,#1566,#1567,#1568,#1569,#1570,#1571,
#1572,#1573,#1574,#1575,#1576),.UNSPECIFIED.,.F.,.F.,(4,3,3,3,3,3,3,3,3,3,4),(0.,0.000943595,0.001415392,0.00188719,0.00377438,0.005661569,0.006605164,0.007548759,0.009435949,0.011323139,0.015097518),.UNSPECIFIED.);
#1578=EDGE_CURVE('',#1539,#1463,#1577,.T.);
#1579=ORIENTED_EDGE('',*,*,#1578,.T.);
#1580=ORIENTED_EDGE('',*,*,#1468,.T.);
#1581=EDGE_LOOP('',(#1537,#1545,#1579,#1580));
#1582=FACE_BOUND('',#1581,.T.);
#1583=ADVANCED_FACE('',(#1582),#1536,.T.);
#1584=CARTESIAN_POINT('',(57.,37.,7.4));
#1585=CARTESIAN_POINT('',(57.,37.,6.8));
#1586=CARTESIAN_POINT('',(57.464809408,31.491271252,7.4));
#1587=CARTESIAN_POINT('',(57.464809408,31.491271252,6.8));
#1588=CARTESIAN_POINT('',(49.,25.,7.4));
#1589=CARTESIAN_POINT('',(49.,25.,6.8));
#1590=B_SPLINE_SURFACE_WITH_KNOTS('',2,1,((#1584,#1585),(#1586,#1587),(#1588,#1589)),.UNSPECIFIED.,.F.,.F.,.U.,(3,3),(2,2),(0.,1.),(0.4,1.),.UNSPECIFIED.);
#1591=ORIENTED_EDGE('',*,*,#348,.F.);
#1592=CARTESIAN_POINT('',(57.,37.,7.4));
#1593=VERTEX_POINT('',#1592);
#1594=CARTESIAN_POINT('',(57.,37.,7.4));
#1595=DIRECTION('',(0.,0.,-1.));
#1596=VECTOR('',#1595,0.6);
#1597=LINE('',#1594,#1596);
#1598=EDGE_CURVE('',#1593,#335,#1597,.T.);
#1599=ORIENTED_EDGE('',*,*,#1598,.F.);
#1600=CARTESIAN_POINT('',(57.,37.,7.4));
#1601=CARTESIAN_POINT('',(57.026298534,36.68832066,7.4));
#1602=CARTESIAN_POINT('',(57.031063202,36.375421726,7.4));
#1603=CARTESIAN_POINT('',(57.014757823,36.061329467,7.4));
#1604=CARTESIAN_POINT('',(56.998452444,35.747237209,7.4));
#1605=CARTESIAN_POINT('',(56.961181957,35.436105624,7.4));
#1606=CARTESIAN_POINT('',(56.905899269,35.130976177,7.4));
#1607=CARTESIAN_POINT('',(56.795333893,34.520717281,7.4));
#1608=CARTESIAN_POINT('',(56.612914056,33.929609136,7.4));
#1609=CARTESIAN_POINT('',(56.374667924,33.35337989,7.4));
#1610=CARTESIAN_POINT('',(56.255544859,33.065265268,7.4));
#1611=CARTESIAN_POINT('',(56.122062649,32.780526394,7.4));
#1612=CARTESIAN_POINT('',(55.978178068,32.502941346,7.4));
#1613=CARTESIAN_POINT('',(55.834293487,32.225356297,7.4));
#1614=CARTESIAN_POINT('',(55.67961436,31.953857328,7.4));
#1615=CARTESIAN_POINT('',(55.515725065,31.68755115,7.4));
#1616=CARTESIAN_POINT('',(55.351835769,31.421244971,7.4));
#1617=CARTESIAN_POINT('',(55.178501356,31.159837406,7.4));
#1618=CARTESIAN_POINT('',(54.998074582,30.904145395,7.4));
#1619=CARTESIAN_POINT('',(54.817647808,30.648453384,7.4));
#1620=CARTESIAN_POINT('',(54.630004974,30.398236647,7.4));
#1621=CARTESIAN_POINT('',(54.436164412,30.152722513,7.4));
#1622=CARTESIAN_POINT('',(54.048483288,29.661694245,7.4));
#1623=CARTESIAN_POINT('',(53.636015647,29.18932955,7.4));
#1624=CARTESIAN_POINT('',(53.207043302,28.733614446,7.4));
#1625=CARTESIAN_POINT('',(52.778070957,28.277899341,7.4));
#1626=CARTESIAN_POINT('',(52.331634678,27.837882175,7.4));
#1627=CARTESIAN_POINT('',(51.873630835,27.412006394,7.4));
#1628=CARTESIAN_POINT('',(50.95762315,26.560254832,7.4));
#1629=CARTESIAN_POINT('',(49.993426556,25.761812929,7.4));
#1630=CARTESIAN_POINT('',(49.,25.,7.4));
#1631=B_SPLINE_CURVE_WITH_KNOTS('',3,(#1600,#1601,#1602,#1603,#1604,#1605,#1606,#1607,#1608,#1609,#1610,#1611,#1612,#1613,#1614,#1615,#1616,#1617,#1618,#1619,#1620,#1621,#1622,#1623,#1624,#1625,
#1626,#1627,#1628,#1629,#1630),.UNSPECIFIED.,.F.,.F.,(4,3,3,3,3,3,3,3,3,3,4),(0.033236325,0.034175251,0.035114176,0.036992027,0.037930953,0.038869878,0.039808804,0.040747729,0.04262558,0.044503431,0.048259133),.UNSPECIFIED.);
#1632=EDGE_CURVE('',#1593,#1539,#1631,.T.);
#1633=ORIENTED_EDGE('',*,*,#1632,.T.);
#1634=ORIENTED_EDGE('',*,*,#1544,.T.);
#1635=EDGE_LOOP('',(#1591,#1599,#1633,#1634));
#1636=FACE_BOUND('',#1635,.T.);
#1637=ADVANCED_FACE('',(#1636),#1590,.T.);
#1638=CARTESIAN_POINT('',(47.,48.,7.4));
#1639=CARTESIAN_POINT('',(47.,48.,6.8));
#1640=CARTESIAN_POINT('',(59.606017895,47.956227544,7.4));
#1641=CARTESIAN_POINT('',(59.606017895,47.956227544,6.8));
#1642=CARTESIAN_POINT('',(57.,37.,7.4));
#1643=CARTESIAN_POINT('',(57.,37.,6.8));
#1644=B_SPLINE_SURFACE_WITH_KNOTS('',2,1,((#1638,#1639),(#1640,#1641),(#1642,#1643)),.UNSPECIFIED.,.F.,.F.,.U.,(3,3),(2,2),(0.,1.),(0.4,1.),.UNSPECIFIED.);
#1645=ORIENTED_EDGE('',*,*,#383,.F.);
#1646=CARTESIAN_POINT('',(47.,48.,7.4));
#1647=VERTEX_POINT('',#1646);
#1648=CARTESIAN_POINT('',(47.,48.,7.4));
#1649=DIRECTION('',(0.,0.,-1.));
#1650=VECTOR('',#1649,0.6);
#1651=LINE('',#1648,#1650);
#1652=EDGE_CURVE('',#1647,#370,#1651,.T.);
#1653=ORIENTED_EDGE('',*,*,#1652,.F.);
#1654=CARTESIAN_POINT('',(47.,48.,7.4));
#1655=CARTESIAN_POINT('',(47.75789699,47.997368319,7.4));
#1656=CARTESIAN_POINT('',(48.516523956,47.965362231,7.4));
#1657=CARTESIAN_POINT('',(49.268554548,47.892159661,7.4));
#1658=CARTESIAN_POINT('',(50.020585141,47.818957091,7.4));
#1659=CARTESIAN_POINT('',(50.767292697,47.705201779,7.4));
#1660=CARTESIAN_POINT('',(51.505810459,47.529053761,7.4));
#1661=CARTESIAN_POINT('',(51.87506934,47.440979753,7.4));
#1662=CARTESIAN_POINT('',(52.239949829,47.337512279,7.4));
#1663=CARTESIAN_POINT('',(52.59667892,47.216020558,7.4));
#1664=CARTESIAN_POINT('',(52.95340801,47.094528837,7.4));
#1665=CARTESIAN_POINT('',(53.302773541,46.954876225,7.4));
#1666=CARTESIAN_POINT('',(53.642938794,46.792532792,7.4));
#1667=CARTESIAN_POINT('',(53.81302142,46.711361075,7.4));
#1668=CARTESIAN_POINT('',(53.980793942,46.624491903,7.4));
#1669=CARTESIAN_POINT('',(54.145950337,46.531170527,7.4));
#1670=CARTESIAN_POINT('',(54.311106732,46.437849151,7.4));
#1671=CARTESIAN_POINT('',(54.474221933,46.337647794,7.4));
#1672=CARTESIAN_POINT('',(54.632098745,46.231648522,7.4));
#1673=CARTESIAN_POINT('',(54.947852367,46.019649977,7.4));
#1674=CARTESIAN_POINT('',(55.244067553,45.783973255,7.4));
#1675=CARTESIAN_POINT('',(55.517831165,45.521087992,7.4));
#1676=CARTESIAN_POINT('',(55.654712972,45.389645361,7.4));
#1677=CARTESIAN_POINT('',(55.786573085,45.250653824,7.4));
#1678=CARTESIAN_POINT('',(55.910713838,45.106321797,7.4));
#1679=CARTESIAN_POINT('',(56.034854591,44.96198977,7.4));
#1680=CARTESIAN_POINT('',(56.15115004,44.812630271,7.4));
#1681=CARTESIAN_POINT('',(56.259719742,44.658319916,7.4));
#1682=CARTESIAN_POINT('',(56.476859147,44.349699205,7.4));
#1683=CARTESIAN_POINT('',(56.663098469,44.02127693,7.4));
#1684=CARTESIAN_POINT('',(56.819358513,43.673643165,7.4));
#1685=CARTESIAN_POINT('',(56.897488535,43.499826282,7.4));
#1686=CARTESIAN_POINT('',(56.967623503,43.322140068,7.4));
#1687=CARTESIAN_POINT('',(57.029481577,43.143328132,7.4));
#1688=CARTESIAN_POINT('',(57.09133965,42.964516195,7.4));
#1689=CARTESIAN_POINT('',(57.145267707,42.783834113,7.4));
#1690=CARTESIAN_POINT('',(57.192012176,42.601457916,7.4));
#1691=CARTESIAN_POINT('',(57.285501113,42.236705521,7.4));
#1692=CARTESIAN_POINT('',(57.350355869,41.86520029,7.4));
#1693=CARTESIAN_POINT('',(57.391322638,41.488061525,7.4));
#1694=CARTESIAN_POINT('',(57.411806023,41.299492142,7.4));
#1695=CARTESIAN_POINT('',(57.426279792,41.109170864,7.4));
#1696=CARTESIAN_POINT('',(57.43518878,40.919899644,7.4));
#1697=CARTESIAN_POINT('',(57.444097767,40.730628425,7.4));
#1698=CARTESIAN_POINT('',(57.447530086,40.541835992,7.4));
#1699=CARTESIAN_POINT('',(57.446150061,40.35346427,7.4));
#1700=CARTESIAN_POINT('',(57.443390012,39.976720824,7.4));
#1701=CARTESIAN_POINT('',(57.421471244,39.601652294,7.4));
#1702=CARTESIAN_POINT('',(57.384344032,39.227913333,7.4));
#1703=CARTESIAN_POINT('',(57.310089607,38.48043541,7.4));
#1704=CARTESIAN_POINT('',(57.175263223,37.736842121,7.4));
#1705=CARTESIAN_POINT('',(57.,37.,7.4));
#1706=B_SPLINE_CURVE_WITH_KNOTS('',3,(#1654,#1655,#1656,#1657,#1658,#1659,#1660,#1661,#1662,#1663,#1664,#1665,#1666,#1667,#1668,#1669,#1670,#1671,#1672,#1673,#1674,#1675,#1676,#1677,#1678,#1679,
#1680,#1681,#1682,#1683,#1684,#1685,#1686,#1687,#1688,#1689,#1690,#1691,#1692,#1693,#1694,#1695,#1696,#1697,#1698,#1699,#1700,#1701,#1702,#1703,#1704,
#1705),.UNSPECIFIED.,.F.,.F.,(4,3,3,3,3,3,3,3,3,3,3,3,3,3,3,3,3,4),(0.032589229,0.034862934,0.037136638,0.038273491,0.039410343,0.039978769,0.040547195,0.041684048,0.042252474,0.0428209,0.043957752,0.044526179,0.045094605,0.046231457,0.046799883,0.047368309,0.048505162,0.050778866),.UNSPECIFIED.);
#1707=EDGE_CURVE('',#1647,#1593,#1706,.T.);
#1708=ORIENTED_EDGE('',*,*,#1707,.T.);
#1709=ORIENTED_EDGE('',*,*,#1598,.T.);
#1710=EDGE_LOOP('',(#1645,#1653,#1708,#1709));
#1711=FACE_BOUND('',#1710,.T.);
#1712=ADVANCED_FACE('',(#1711),#1644,.T.);
#1713=CARTESIAN_POINT('',(40.,51.,7.4));
#1714=CARTESIAN_POINT('',(40.,51.,6.8));
#1715=CARTESIAN_POINT('',(40.368673039,46.921596826,7.4));
#1716=CARTESIAN_POINT('',(40.368673039,46.921596826,6.8));
#1717=CARTESIAN_POINT('',(47.,48.,7.4));
#1718=CARTESIAN_POINT('',(47.,48.,6.8));
#1719=B_SPLINE_SURFACE_WITH_KNOTS('',2,1,((#1713,#1714),(#1715,#1716),(#1717,#1718)),.UNSPECIFIED.,.F.,.F.,.U.,(3,3),(2,2),(0.,1.),(0.4,1.),.UNSPECIFIED.);
#1720=ORIENTED_EDGE('',*,*,#418,.F.);
#1721=CARTESIAN_POINT('',(40.,51.,7.4));
#1722=VERTEX_POINT('',#1721);
#1723=CARTESIAN_POINT('',(40.,51.,7.4));
#1724=DIRECTION('',(0.,0.,-1.));
#1725=VECTOR('',#1724,0.6);
#1726=LINE('',#1723,#1725);
#1727=EDGE_CURVE('',#1722,#405,#1726,.T.);
#1728=ORIENTED_EDGE('',*,*,#1727,.F.);
#1729=CARTESIAN_POINT('',(40.,51.,7.4));
#1730=CARTESIAN_POINT('',(40.032836245,50.636752807,7.4));
#1731=CARTESIAN_POINT('',(40.105807624,50.275386759,7.4));
#1732=CARTESIAN_POINT('',(40.234784237,49.935654451,7.4));
#1733=CARTESIAN_POINT('',(40.299272543,49.765788298,7.4));
#1734=CARTESIAN_POINT('',(40.378992752,49.599050427,7.4));
#1735=CARTESIAN_POINT('',(40.472204363,49.443562378,7.4));
#1736=CARTESIAN_POINT('',(40.565415975,49.288074328,7.4));
#1737=CARTESIAN_POINT('',(40.672030522,49.143099555,7.4));
#1738=CARTESIAN_POINT('',(40.792231168,49.00878173,7.4));
#1739=CARTESIAN_POINT('',(40.85233149,48.941622817,7.4));
#1740=CARTESIAN_POINT('',(40.915828403,48.877128193,7.4));
#1741=CARTESIAN_POINT('',(40.982745194,48.815316125,7.4));
#1742=CARTESIAN_POINT('',(41.049661984,48.753504056,7.4));
#1743=CARTESIAN_POINT('',(41.120230723,48.694253144,7.4));
#1744=CARTESIAN_POINT('',(41.192600738,48.638847484,7.4));
#1745=CARTESIAN_POINT('',(41.33734077,48.528036165,7.4));
#1746=CARTESIAN_POINT('',(41.490590203,48.431189367,7.4));
#1747=CARTESIAN_POINT('',(41.651002476,48.346097289,7.4));
#1748=CARTESIAN_POINT('',(41.811414748,48.261005212,7.4));
#1749=CARTESIAN_POINT('',(41.979816338,48.187449836,7.4));
#1750=CARTESIAN_POINT('',(42.151270379,48.124966466,7.4));
#1751=CARTESIAN_POINT('',(42.32272442,48.062483097,7.4));
#1752=CARTESIAN_POINT('',(42.497667795,48.01070615,7.4));
#1753=CARTESIAN_POINT('',(42.675421044,47.967550816,7.4));
#1754=CARTESIAN_POINT('',(43.03092754,47.881240149,7.4));
#1755=CARTESIAN_POINT('',(43.389726747,47.830666926,7.4));
#1756=CARTESIAN_POINT('',(43.749861378,47.802500192,7.4));
#1757=CARTESIAN_POINT('',(44.109996009,47.774333458,7.4));
#1758=CARTESIAN_POINT('',(44.471812321,47.768917121,7.4));
#1759=CARTESIAN_POINT('',(44.834803408,47.77939356,7.4));
#1760=CARTESIAN_POINT('',(45.197794495,47.789869998,7.4));
#1761=CARTESIAN_POINT('',(45.560948925,47.816383329,7.4));
#1762=CARTESIAN_POINT('',(45.921731004,47.854329561,7.4));
#1763=CARTESIAN_POINT('',(46.282513083,47.892275792,7.4));
#1764=CARTESIAN_POINT('',(46.641818371,47.941751597,7.4));
#1765=CARTESIAN_POINT('',(47.,48.,7.4));
#1766=B_SPLINE_CURVE_WITH_KNOTS('',3,(#1729,#1730,#1731,#1732,#1733,#1734,#1735,#1736,#1737,#1738,#1739,#1740,#1741,#1742,#1743,#1744,#1745,#1746,#1747,#1748,#1749,#1750,#1751,#1752,#1753,#1754,
#1755,#1756,#1757,#1758,#1759,#1760,#1761,#1762,#1763,#1764,#1765),.UNSPECIFIED.,.F.,.F.,(4,3,3,3,3,3,3,3,3,3,3,3,4),(0.023068252,0.024156913,0.024701244,0.025245574,0.025517739,0.025789905,0.026334235,0.026878566,0.027422896,0.028511557,0.029600218,0.030688879,0.03177754),.UNSPECIFIED.);
#1767=EDGE_CURVE('',#1722,#1647,#1766,.T.);
#1768=ORIENTED_EDGE('',*,*,#1767,.T.);
#1769=ORIENTED_EDGE('',*,*,#1652,.T.);
#1770=EDGE_LOOP('',(#1720,#1728,#1768,#1769));
#1771=FACE_BOUND('',#1770,.T.);
#1772=ADVANCED_FACE('',(#1771),#1719,.T.);
#1773=CARTESIAN_POINT('',(27.,59.,7.4));
#1774=CARTESIAN_POINT('',(27.,59.,6.8));
#1775=CARTESIAN_POINT('',(35.903255308,64.256790526,7.4));
#1776=CARTESIAN_POINT('',(35.903255308,64.256790526,6.8));
#1777=CARTESIAN_POINT('',(40.,51.,7.4));
#1778=CARTESIAN_POINT('',(40.,51.,6.8));
#1779=B_SPLINE_SURFACE_WITH_KNOTS('',2,1,((#1773,#1774),(#1775,#1776),(#1777,#1778)),.UNSPECIFIED.,.F.,.F.,.U.,(3,3),(2,2),(0.,1.),(0.4,1.),.UNSPECIFIED.);
#1780=ORIENTED_EDGE('',*,*,#453,.F.);
#1781=CARTESIAN_POINT('',(27.,59.,7.4));
#1782=VERTEX_POINT('',#1781);
#1783=CARTESIAN_POINT('',(27.,59.,7.4));
#1784=DIRECTION('',(0.,0.,-1.));
#1785=VECTOR('',#1784,0.6);
#1786=LINE('',#1783,#1785);
#1787=EDGE_CURVE('',#1782,#440,#1786,.T.);
#1788=ORIENTED_EDGE('',*,*,#1787,.F.);
#1789=CARTESIAN_POINT('',(27.,59.,7.4));
#1790=CARTESIAN_POINT('',(27.331920196,59.195977188,7.4));
#1791=CARTESIAN_POINT('',(27.670825936,59.379872507,7.4));
#1792=CARTESIAN_POINT('',(28.018580077,59.548464041,7.4));
#1793=CARTESIAN_POINT('',(28.366334219,59.717055576,7.4));
#1794=CARTESIAN_POINT('',(28.72068129,59.869161347,7.4));
#1795=CARTESIAN_POINT('',(29.080985406,59.999914351,7.4));
#1796=CARTESIAN_POINT('',(29.441289522,60.130667355,7.4));
#1797=CARTESIAN_POINT('',(29.808121388,60.240414252,7.4));
#1798=CARTESIAN_POINT('',(30.183259437,60.323432094,7.4));
#1799=CARTESIAN_POINT('',(30.370828462,60.364941015,7.4));
#1800=CARTESIAN_POINT('',(30.560486117,60.399728784,7.4));
#1801=CARTESIAN_POINT('',(30.752535897,60.426818764,7.4));
#1802=CARTESIAN_POINT('',(30.944585677,60.453908744,7.4));
#1803=CARTESIAN_POINT('',(31.137550853,60.473027522,7.4));
#1804=CARTESIAN_POINT('',(31.329736478,60.483410236,7.4));
#1805=CARTESIAN_POINT('',(31.714107727,60.504175663,7.4));
#1806=CARTESIAN_POINT('',(32.097449801,60.490370723,7.4));
#1807=CARTESIAN_POINT('',(32.479617631,60.437122414,7.4));
#1808=CARTESIAN_POINT('',(32.670701546,60.41049826,7.4));
#1809=CARTESIAN_POINT('',(32.862628296,60.373658827,7.4));
#1810=CARTESIAN_POINT('',(33.050427021,60.32727738,7.4));
#1811=CARTESIAN_POINT('',(33.238225746,60.280895933,7.4));
#1812=CARTESIAN_POINT('',(33.422242478,60.225067397,7.4));
#1813=CARTESIAN_POINT('',(33.602623283,60.160156636,7.4));
#1814=CARTESIAN_POINT('',(33.963384893,60.030335112,7.4));
#1815=CARTESIAN_POINT('',(34.309611221,59.86420573,7.4));
#1816=CARTESIAN_POINT('',(34.64236396,59.664420504,7.4));
#1817=CARTESIAN_POINT('',(34.975116699,59.464635278,7.4));
#1818=CARTESIAN_POINT('',(35.290231629,59.23322563,7.4));
#1819=CARTESIAN_POINT('',(35.583837058,58.981318086,7.4));
#1820=CARTESIAN_POINT('',(35.877442487,58.729410542,7.4));
#1821=CARTESIAN_POINT('',(36.149134544,58.458140049,7.4));
#1822=CARTESIAN_POINT('',(36.403962684,58.171968373,7.4));
#1823=CARTESIAN_POINT('',(36.658790824,57.885796698,7.4));
#1824=CARTESIAN_POINT('',(36.896694619,57.584670445,7.4));
#1825=CARTESIAN_POINT('',(37.121051756,57.271574184,7.4));
#1826=CARTESIAN_POINT('',(37.345408894,56.958477923,7.4));
#1827=CARTESIAN_POINT('',(37.556313909,56.632965095,7.4));
#1828=CARTESIAN_POINT('',(37.753505605,56.302249698,7.4));
#1829=CARTESIAN_POINT('',(37.950697301,55.971534301,7.4));
#1830=CARTESIAN_POINT('',(38.13505829,55.634418191,7.4));
#1831=CARTESIAN_POINT('',(38.309142477,55.292175407,7.4));
#1832=CARTESIAN_POINT('',(38.657310851,54.607689839,7.4));
#1833=CARTESIAN_POINT('',(38.964762455,53.902892347,7.4));
#1834=CARTESIAN_POINT('',(39.244006176,53.1840231,7.4));
#1835=CARTESIAN_POINT('',(39.523249898,52.465153854,7.4));
#1836=CARTESIAN_POINT('',(39.772594803,51.735867935,7.4));
#1837=CARTESIAN_POINT('',(40.,51.,7.4));
#1838=B_SPLINE_CURVE_WITH_KNOTS('',3,(#1789,#1790,#1791,#1792,#1793,#1794,#1795,#1796,#1797,#1798,#1799,#1800,#1801,#1802,#1803,#1804,#1805,#1806,#1807,#1808,#1809,#1810,#1811,#1812,#1813,#1814,
#1815,#1816,#1817,#1818,#1819,#1820,#1821,#1822,#1823,#1824,#1825,#1826,#1827,#1828,#1829,#1830,#1831,#1832,#1833,#1834,#1835,#1836,#1837),.UNSPECIFIED.,.F.,.F.,(4,3,3,3,3,3,3,3,3,3,3,3,3,3,3,3,4),(0.039391149,0.040546455,0.041701762,0.042857068,0.043434722,0.044012375,0.045167681,0.045745335,0.046322988,0.047478294,0.048633601,0.049788908,0.050944214,0.052099521,0.053254827,0.05556544,0.057876053),.UNSPECIFIED.);
#1839=EDGE_CURVE('',#1782,#1722,#1838,.T.);
#1840=ORIENTED_EDGE('',*,*,#1839,.T.);
#1841=ORIENTED_EDGE('',*,*,#1727,.T.);
#1842=EDGE_LOOP('',(#1780,#1788,#1840,#1841));
#1843=FACE_BOUND('',#1842,.T.);
#1844=ADVANCED_FACE('',(#1843),#1779,.T.);
#1845=CARTESIAN_POINT('',(18.503636393,58.472869503,7.4));
#1846=CARTESIAN_POINT('',(18.503636393,58.472869503,6.8));
#1847=CARTESIAN_POINT('',(21.937772235,55.205702491,7.4));
#1848=CARTESIAN_POINT('',(21.937772235,55.205702491,6.8));
#1849=CARTESIAN_POINT('',(27.,59.,7.4));
#1850=CARTESIAN_POINT('',(27.,59.,6.8));
#1851=B_SPLINE_SURFACE_WITH_KNOTS('',2,1,((#1845,#1846),(#1847,#1848),(#1849,#1850)),.UNSPECIFIED.,.F.,.F.,.U.,(3,3),(2,2),(0.069463517,1.),(0.4,1.),.UNSPECIFIED.);
#1852=ORIENTED_EDGE('',*,*,#487,.F.);
#1853=CARTESIAN_POINT('',(18.503636393,58.472869503,7.4));
#1854=VERTEX_POINT('',#1853);
#1855=CARTESIAN_POINT('',(18.503636393,58.472869503,6.8));
#1856=DIRECTION('',(-0.,-0.,1.));
#1857=VECTOR('',#1856,0.6);
#1858=LINE('',#1855,#1857);
#1859=EDGE_CURVE('',#475,#1854,#1858,.T.);
#1860=ORIENTED_EDGE('',*,*,#1859,.T.);
#1861=CARTESIAN_POINT('',(18.503636393,58.472869503,7.4));
#1862=CARTESIAN_POINT('',(18.78922025,58.201170726,7.4));
#1863=CARTESIAN_POINT('',(19.095071772,57.954747769,7.4));
#1864=CARTESIAN_POINT('',(19.423647878,57.742988797,7.4));
#1865=CARTESIAN_POINT('',(19.587935931,57.637109311,7.4));
#1866=CARTESIAN_POINT('',(19.758126849,57.539749917,7.4));
#1867=CARTESIAN_POINT('',(19.935047083,57.4521035,7.4));
#1868=CARTESIAN_POINT('',(20.111967317,57.364457083,7.4));
#1869=CARTESIAN_POINT('',(20.29351446,57.287705247,7.4));
#1870=CARTESIAN_POINT('',(20.477519104,57.223112707,7.4));
#1871=CARTESIAN_POINT('',(20.845528393,57.093927627,7.4));
#1872=CARTESIAN_POINT('',(21.226124679,57.011982376,7.4));
#1873=CARTESIAN_POINT('',(21.619636877,56.978511394,7.4));
#1874=CARTESIAN_POINT('',(21.816392976,56.961775903,7.4));
#1875=CARTESIAN_POINT('',(22.015430978,56.957417354,7.4));
#1876=CARTESIAN_POINT('',(22.212177196,56.964546776,7.4));
#1877=CARTESIAN_POINT('',(22.408923414,56.971676199,7.4));
#1878=CARTESIAN_POINT('',(22.603787436,56.990110399,7.4));
#1879=CARTESIAN_POINT('',(22.797002346,57.018449439,7.4));
#1880=CARTESIAN_POINT('',(22.990217256,57.046788479,7.4));
#1881=CARTESIAN_POINT('',(23.181782946,57.085033007,7.4));
#1882=CARTESIAN_POINT('',(23.371887786,57.13205164,7.4));
#1883=CARTESIAN_POINT('',(23.561992626,57.179070274,7.4));
#1884=CARTESIAN_POINT('',(23.751313557,57.235102817,7.4));
#1885=CARTESIAN_POINT('',(23.937654097,57.298389947,7.4));
#1886=CARTESIAN_POINT('',(24.310335176,57.424964207,7.4));
#1887=CARTESIAN_POINT('',(24.66881796,57.579118675,7.4));
#1888=CARTESIAN_POINT('',(25.01707726,57.753132277,7.4));
#1889=CARTESIAN_POINT('',(25.36533656,57.92714588,7.4));
#1890=CARTESIAN_POINT('',(25.703303283,58.121152827,7.4));
#1891=CARTESIAN_POINT('',(26.03340092,58.330445487,7.4));
#1892=CARTESIAN_POINT('',(26.363498557,58.539738147,7.4));
#1893=CARTESIAN_POINT('',(26.686072638,58.764701657,7.4));
#1894=CARTESIAN_POINT('',(27.,59.,7.4));
#1895=B_SPLINE_CURVE_WITH_KNOTS('',3,(#1861,#1862,#1863,#1864,#1865,#1866,#1867,#1868,#1869,#1870,#1871,#1872,#1873,#1874,#1875,#1876,#1877,#1878,#1879,#1880,#1881,#1882,#1883,#1884,#1885,#1886,
#1887,#1888,#1889,#1890,#1891,#1892,#1893,#1894),.UNSPECIFIED.,.F.,.F.,(4,3,3,3,3,3,3,3,3,3,3,4),(0.017272936,0.018451775,0.019041194,0.019630614,0.020809453,0.021398873,0.021988292,0.022577712,0.023167132,0.024345971,0.02552481,0.026703649),.UNSPECIFIED.);
#1896=EDGE_CURVE('',#1854,#1782,#1895,.T.);
#1897=ORIENTED_EDGE('',*,*,#1896,.T.);
#1898=ORIENTED_EDGE('',*,*,#1787,.T.);
#1899=EDGE_LOOP('',(#1852,#1860,#1897,#1898));
#1900=FACE_BOUND('',#1899,.T.);
#1901=ADVANCED_FACE('',(#1900),#1851,.T.);
#1902=CARTESIAN_POINT('',(4.197245464,51.529690623,7.4));
#1903=CARTESIAN_POINT('',(4.197245464,51.529690623,6.8));
#1904=CARTESIAN_POINT('',(7.849702239,63.630314128,7.4));
#1905=CARTESIAN_POINT('',(7.849702239,63.630314128,6.8));
#1906=CARTESIAN_POINT('',(16.949421184,59.518965975,7.4));
#1907=CARTESIAN_POINT('',(16.949421184,59.518965975,6.8));
#1908=B_SPLINE_SURFACE_WITH_KNOTS('',2,1,((#1902,#1903),(#1904,#1905),(#1906,#1907)),.UNSPECIFIED.,.F.,.F.,.U.,(3,3),(2,2),(0.,0.946287262),(0.4,1.),.UNSPECIFIED.);
#1909=CARTESIAN_POINT('',(4.197245464,51.529690623,7.4));
#1910=VERTEX_POINT('',#1909);
#1911=CARTESIAN_POINT('',(16.949421184,59.518965975,7.4));
#1912=VERTEX_POINT('',#1911);
#1913=CARTESIAN_POINT('',(4.197245464,51.529690623,7.4));
#1914=CARTESIAN_POINT('',(4.411144737,52.238340919,7.4));
#1915=CARTESIAN_POINT('',(4.648507549,52.937821677,7.4));
#1916=CARTESIAN_POINT('',(4.917704035,53.624861853,7.4));
#1917=CARTESIAN_POINT('',(5.18690052,54.311902029,7.4));
#1918=CARTESIAN_POINT('',(5.487595054,54.986632786,7.4));
#1919=CARTESIAN_POINT('',(5.834544144,55.643287288,7.4));
#1920=CARTESIAN_POINT('',(6.181493234,56.29994179,7.4));
#1921=CARTESIAN_POINT('',(6.569901398,56.929604633,7.4));
#1922=CARTESIAN_POINT('',(7.017437704,57.516530248,7.4));
#1923=CARTESIAN_POINT('',(7.464974009,58.103455863,7.4));
#1924=CARTESIAN_POINT('',(7.979006978,58.653144617,7.4));
#1925=CARTESIAN_POINT('',(8.556280153,59.11259329,7.4));
#1926=CARTESIAN_POINT('',(8.844916741,59.342317626,7.4));
#1927=CARTESIAN_POINT('',(9.150107777,59.550728607,7.4));
#1928=CARTESIAN_POINT('',(9.474791873,59.734042858,7.4));
#1929=CARTESIAN_POINT('',(9.637133921,59.825699983,7.4));
#1930=CARTESIAN_POINT('',(9.803749054,59.9106274,7.4));
#1931=CARTESIAN_POINT('',(9.972396998,59.987497798,7.4));
#1932=CARTESIAN_POINT('',(10.141044942,60.064368196,7.4));
#1933=CARTESIAN_POINT('',(10.312374676,60.133559232,7.4));
#1934=CARTESIAN_POINT('',(10.48639462,60.195046792,7.4));
#1935=CARTESIAN_POINT('',(10.83443451,60.318021914,7.4));
#1936=CARTESIAN_POINT('',(11.19440282,60.410368964,7.4));
#1937=CARTESIAN_POINT('',(11.562737557,60.471315411,7.4));
#1938=CARTESIAN_POINT('',(11.931072294,60.532261857,7.4));
#1939=CARTESIAN_POINT('',(12.300331873,60.560883864,7.4));
#1940=CARTESIAN_POINT('',(12.670390201,60.561588548,7.4));
#1941=CARTESIAN_POINT('',(12.855419365,60.56194089,7.4));
#1942=CARTESIAN_POINT('',(13.040648687,60.555297439,7.4));
#1943=CARTESIAN_POINT('',(13.226064997,60.542118498,7.4));
#1944=CARTESIAN_POINT('',(13.411481308,60.528939558,7.4));
#1945=CARTESIAN_POINT('',(13.597560293,60.509130283,7.4));
#1946=CARTESIAN_POINT('',(13.781522397,60.4835739,7.4));
#1947=CARTESIAN_POINT('',(14.149446606,60.432461135,7.4));
#1948=CARTESIAN_POINT('',(14.51087612,60.358474768,7.4));
#1949=CARTESIAN_POINT('',(14.867129789,60.266259642,7.4));
#1950=CARTESIAN_POINT('',(15.579637129,60.081829392,7.4));
#1951=CARTESIAN_POINT('',(16.272825069,59.824659312,7.4));
#1952=CARTESIAN_POINT('',(16.949421184,59.518965975,7.4));
#1953=B_SPLINE_CURVE_WITH_KNOTS('',3,(#1913,#1914,#1915,#1916,#1917,#1918,#1919,#1920,#1921,#1922,#1923,#1924,#1925,#1926,#1927,#1928,#1929,#1930,#1931,#1932,#1933,#1934,#1935,#1936,#1937,#1938,
#1939,#1940,#1941,#1942,#1943,#1944,#1945,#1946,#1947,#1948,#1949,#1950,#1951,#1952),.UNSPECIFIED.,.F.,.F.,(4,3,3,3,3,3,3,3,3,3,3,3,3,4),(0.052410915,0.0546316,0.056852285,0.059072971,0.061293656,0.062403999,0.06295917,0.063514341,0.064624684,0.065735027,0.066290198,0.066845369,0.067955712,0.070176397),.UNSPECIFIED.);
#1954=EDGE_CURVE('',#1910,#1912,#1953,.T.);
#1955=ORIENTED_EDGE('',*,*,#1954,.T.);
#1956=CARTESIAN_POINT('',(16.949421184,59.518965975,7.4));
#1957=DIRECTION('',(0.,0.,-1.));
#1958=VECTOR('',#1957,0.6);
#1959=LINE('',#1956,#1958);
#1960=EDGE_CURVE('',#1912,#503,#1959,.T.);
#1961=ORIENTED_EDGE('',*,*,#1960,.T.);
#1962=ORIENTED_EDGE('',*,*,#509,.F.);
#1963=CARTESIAN_POINT('',(4.197245464,51.529690623,7.4));
#1964=DIRECTION('',(0.,0.,-1.));
#1965=VECTOR('',#1964,0.6);
#1966=LINE('',#1963,#1965);
#1967=EDGE_CURVE('',#1910,#501,#1966,.T.);
#1968=ORIENTED_EDGE('',*,*,#1967,.F.);
#1969=EDGE_LOOP('',(#1955,#1961,#1962,#1968));
#1970=FACE_BOUND('',#1969,.T.);
#1971=ADVANCED_FACE('',(#1970),#1908,.T.);
#1972=CARTESIAN_POINT('',(-2.,47.,7.4));
#1973=CARTESIAN_POINT('',(-2.,47.,6.8));
#1974=CARTESIAN_POINT('',(2.914336256,46.744609869,7.4));
#1975=CARTESIAN_POINT('',(2.914336256,46.744609869,6.8));
#1976=CARTESIAN_POINT('',(4.197245464,51.529690623,7.4));
#1977=CARTESIAN_POINT('',(4.197245464,51.529690623,6.8));
#1978=B_SPLINE_SURFACE_WITH_KNOTS('',2,1,((#1972,#1973),(#1974,#1975),(#1976,#1977)),.UNSPECIFIED.,.F.,.F.,.U.,(3,3),(2,2),(0.,1.),(0.4,1.),.UNSPECIFIED.);
#1979=ORIENTED_EDGE('',*,*,#566,.F.);
#1980=CARTESIAN_POINT('',(-2.,47.,7.4));
#1981=VERTEX_POINT('',#1980);
#1982=CARTESIAN_POINT('',(-2.,47.,7.4));
#1983=DIRECTION('',(0.,0.,-1.));
#1984=VECTOR('',#1983,0.6);
#1985=LINE('',#1982,#1984);
#1986=EDGE_CURVE('',#1981,#553,#1985,.T.);
#1987=ORIENTED_EDGE('',*,*,#1986,.F.);
#1988=CARTESIAN_POINT('',(-2.,47.,7.4));
#1989=CARTESIAN_POINT('',(-1.647613296,46.981687031,7.4));
#1990=CARTESIAN_POINT('',(-1.296144856,46.981973914,7.4));
#1991=CARTESIAN_POINT('',(-0.945845674,47.005944616,7.4));
#1992=CARTESIAN_POINT('',(-0.770696083,47.017929967,7.4));
#1993=CARTESIAN_POINT('',(-0.59584051,47.035870785,7.4));
#1994=CARTESIAN_POINT('',(-0.421321767,47.060634233,7.4));
#1995=CARTESIAN_POINT('',(-0.246803024,47.085397681,7.4));
#1996=CARTESIAN_POINT('',(-0.071920198,47.117174921,7.4));
#1997=CARTESIAN_POINT('',(0.10008944,47.156251291,7.4));
#1998=CARTESIAN_POINT('',(0.444108715,47.234404032,7.4));
#1999=CARTESIAN_POINT('',(0.777712185,47.341570836,7.4));
#2000=CARTESIAN_POINT('',(1.09900626,47.48302645,7.4));
#2001=CARTESIAN_POINT('',(1.420300335,47.624482064,7.4));
#2002=CARTESIAN_POINT('',(1.730937801,47.802125495,7.4));
#2003=CARTESIAN_POINT('',(2.01713728,48.012540383,7.4));
#2004=CARTESIAN_POINT('',(2.303336758,48.222955271,7.4));
#2005=CARTESIAN_POINT('',(2.560603364,48.461543753,7.4));
#2006=CARTESIAN_POINT('',(2.792059557,48.725265312,7.4));
#2007=CARTESIAN_POINT('',(3.023515751,48.988986871,7.4));
#2008=CARTESIAN_POINT('',(3.230317229,49.280619291,7.4));
#2009=CARTESIAN_POINT('',(3.408054365,49.583327135,7.4));
#2010=CARTESIAN_POINT('',(3.585791501,49.88603498,7.4));
#2011=CARTESIAN_POINT('',(3.736677002,50.201472026,7.4));
#2012=CARTESIAN_POINT('',(3.866629408,50.526832549,7.4));
#2013=CARTESIAN_POINT('',(3.996581814,50.852193072,7.4));
#2014=CARTESIAN_POINT('',(4.105803238,51.18862328,7.4));
#2015=CARTESIAN_POINT('',(4.197245464,51.529690623,7.4));
#2016=B_SPLINE_CURVE_WITH_KNOTS('',3,(#1988,#1989,#1990,#1991,#1992,#1993,#1994,#1995,#1996,#1997,#1998,#1999,#2000,#2001,#2002,#2003,#2004,#2005,#2006,#2007,#2008,#2009,#2010,#2011,#2012,#2013,
#2014,#2015),.UNSPECIFIED.,.F.,.F.,(4,3,3,3,3,3,3,3,3,4),(0.022595418,0.023654004,0.024183298,0.024712591,0.025771178,0.026829764,0.027888351,0.028946938,0.030005524,0.031064111),.UNSPECIFIED.);
#2017=EDGE_CURVE('',#1981,#1910,#2016,.T.);
#2018=ORIENTED_EDGE('',*,*,#2017,.T.);
#2019=ORIENTED_EDGE('',*,*,#1967,.T.);
#2020=EDGE_LOOP('',(#1979,#1987,#2018,#2019));
#2021=FACE_BOUND('',#2020,.T.);
#2022=ADVANCED_FACE('',(#2021),#1978,.T.);
#2023=CARTESIAN_POINT('',(-15.,40.,7.4));
#2024=CARTESIAN_POINT('',(-15.,40.,6.8));
#2025=CARTESIAN_POINT('',(-12.774476927,48.915628075,7.4));
#2026=CARTESIAN_POINT('',(-12.774476927,48.915628075,6.8));
#2027=CARTESIAN_POINT('',(-2.,47.,7.4));
#2028=CARTESIAN_POINT('',(-2.,47.,6.8));
#2029=B_SPLINE_SURFACE_WITH_KNOTS('',2,1,((#2023,#2024),(#2025,#2026),(#2027,#2028)),.UNSPECIFIED.,.F.,.F.,.U.,(3,3),(2,2),(0.,1.),(0.4,1.),.UNSPECIFIED.);
#2030=ORIENTED_EDGE('',*,*,#601,.F.);
#2031=CARTESIAN_POINT('',(-15.,40.,7.4));
#2032=VERTEX_POINT('',#2031);
#2033=CARTESIAN_POINT('',(-15.,40.,7.4));
#2034=DIRECTION('',(0.,0.,-1.));
#2035=VECTOR('',#2034,0.6);
#2036=LINE('',#2033,#2035);
#2037=EDGE_CURVE('',#2032,#588,#2036,.T.);
#2038=ORIENTED_EDGE('',*,*,#2037,.F.);
#2039=CARTESIAN_POINT('',(-15.,40.,7.4));
#2040=CARTESIAN_POINT('',(-14.835210814,40.660159005,7.4));
#2041=CARTESIAN_POINT('',(-14.628247135,41.306541211,7.4));
#2042=CARTESIAN_POINT('',(-14.363818101,41.934151676,7.4));
#2043=CARTESIAN_POINT('',(-14.231603584,42.247956909,7.4));
#2044=CARTESIAN_POINT('',(-14.084916653,42.557034557,7.4));
#2045=CARTESIAN_POINT('',(-13.920879133,42.860444428,7.4));
#2046=CARTESIAN_POINT('',(-13.838860373,43.012149363,7.4));
#2047=CARTESIAN_POINT('',(-13.752490547,43.162432972,7.4));
#2048=CARTESIAN_POINT('',(-13.66131683,43.311147332,7.4));
#2049=CARTESIAN_POINT('',(-13.570143112,43.459861692,7.4));
#2050=CARTESIAN_POINT('',(-13.473882457,43.607337836,7.4));
#2051=CARTESIAN_POINT('',(-13.374023749,43.75070935,7.4));
#2052=CARTESIAN_POINT('',(-12.974588915,44.324195408,7.4));
#2053=CARTESIAN_POINT('',(-12.512746901,44.84099066,7.4));
#2054=CARTESIAN_POINT('',(-11.979811118,45.293204191,7.4));
#2055=CARTESIAN_POINT('',(-11.846577172,45.406257573,7.4));
#2056=CARTESIAN_POINT('',(-11.708474254,45.515551619,7.4));
#2057=CARTESIAN_POINT('',(-11.567189941,45.619649985,7.4));
#2058=CARTESIAN_POINT('',(-11.425905628,45.72374835,7.4));
#2059=CARTESIAN_POINT('',(-11.281330053,45.822795254,7.4));
#2060=CARTESIAN_POINT('',(-11.133523766,45.916883629,7.4));
#2061=CARTESIAN_POINT('',(-10.837911191,46.105060379,7.4));
#2062=CARTESIAN_POINT('',(-10.528120712,46.273856621,7.4));
#2063=CARTESIAN_POINT('',(-10.21098437,46.421420951,7.4));
#2064=CARTESIAN_POINT('',(-9.893848028,46.568985281,7.4));
#2065=CARTESIAN_POINT('',(-9.5686265,46.696010479,7.4));
#2066=CARTESIAN_POINT('',(-9.236152269,46.804611339,7.4));
#2067=CARTESIAN_POINT('',(-8.903678038,46.913212199,7.4));
#2068=CARTESIAN_POINT('',(-8.562910374,47.003462492,7.4));
#2069=CARTESIAN_POINT('',(-8.221829365,47.076016584,7.4));
#2070=CARTESIAN_POINT('',(-7.539667346,47.221124767,7.4));
#2071=CARTESIAN_POINT('',(-6.85060511,47.298429947,7.4));
#2072=CARTESIAN_POINT('',(-6.156539664,47.326572511,7.4));
#2073=CARTESIAN_POINT('',(-5.462474218,47.354715074,7.4));
#2074=CARTESIAN_POINT('',(-4.760474129,47.3329134,7.4));
#2075=CARTESIAN_POINT('',(-4.066529981,47.274571483,7.4));
#2076=CARTESIAN_POINT('',(-3.372585833,47.216229567,7.4));
#2077=CARTESIAN_POINT('',(-2.684212506,47.121648289,7.4));
#2078=CARTESIAN_POINT('',(-2.,47.,7.4));
#2079=B_SPLINE_CURVE_WITH_KNOTS('',3,(#2039,#2040,#2041,#2042,#2043,#2044,#2045,#2046,#2047,#2048,#2049,#2050,#2051,#2052,#2053,#2054,#2055,#2056,#2057,#2058,#2059,#2060,#2061,#2062,#2063,#2064,
#2065,#2066,#2067,#2068,#2069,#2070,#2071,#2072,#2073,#2074,#2075,#2076,#2077,#2078),.UNSPECIFIED.,.F.,.F.,(4,3,3,3,3,3,3,3,3,3,3,3,3,4),(0.02224162,0.024282867,0.02530349,0.025813802,0.026324113,0.02836536,0.028875672,0.029385984,0.030406607,0.03142723,0.032447854,0.034489101,0.036530347,0.038571594),.UNSPECIFIED.);
#2080=EDGE_CURVE('',#2032,#1981,#2079,.T.);
#2081=ORIENTED_EDGE('',*,*,#2080,.T.);
#2082=ORIENTED_EDGE('',*,*,#1986,.T.);
#2083=EDGE_LOOP('',(#2030,#2038,#2081,#2082));
#2084=FACE_BOUND('',#2083,.T.);
#2085=ADVANCED_FACE('',(#2084),#2029,.T.);
#2086=CARTESIAN_POINT('',(-6.531837383,23.395438042,7.4));
#2087=CARTESIAN_POINT('',(-6.531837383,23.395438042,6.8));
#2088=CARTESIAN_POINT('',(-16.619876979,31.026673498,7.4));
#2089=CARTESIAN_POINT('',(-16.619876979,31.026673498,6.8));
#2090=CARTESIAN_POINT('',(-15.,40.,7.4));
#2091=CARTESIAN_POINT('',(-15.,40.,6.8));
#2092=B_SPLINE_SURFACE_WITH_KNOTS('',2,1,((#2086,#2087),(#2088,#2089),(#2090,#2091)),.UNSPECIFIED.,.F.,.F.,.U.,(3,3),(2,2),(0.025311182,1.),(0.4,1.),.UNSPECIFIED.);
#2093=ORIENTED_EDGE('',*,*,#635,.F.);
#2094=CARTESIAN_POINT('',(-6.531837383,23.395438042,7.4));
#2095=VERTEX_POINT('',#2094);
#2096=CARTESIAN_POINT('',(-6.531837383,23.395438042,6.8));
#2097=DIRECTION('',(-0.,-0.,1.));
#2098=VECTOR('',#2097,0.6);
#2099=LINE('',#2096,#2098);
#2100=EDGE_CURVE('',#623,#2095,#2099,.T.);
#2101=ORIENTED_EDGE('',*,*,#2100,.T.);
#2102=CARTESIAN_POINT('',(-6.531837383,23.395438042,7.4));
#2103=CARTESIAN_POINT('',(-7.186604626,23.890742579,7.4));
#2104=CARTESIAN_POINT('',(-7.825183431,24.405835865,7.4));
#2105=CARTESIAN_POINT('',(-8.443925689,24.94517735,7.4));
#2106=CARTESIAN_POINT('',(-8.753296818,25.214848092,7.4));
#2107=CARTESIAN_POINT('',(-9.057690277,25.490603539,7.4));
#2108=CARTESIAN_POINT('',(-9.35651205,25.773169816,7.4));
#2109=CARTESIAN_POINT('',(-9.655333824,26.055736093,7.4));
#2110=CARTESIAN_POINT('',(-9.948831075,26.345415331,7.4));
#2111=CARTESIAN_POINT('',(-10.234069504,26.640652242,7.4));
#2112=CARTESIAN_POINT('',(-10.804546363,27.231126064,7.4));
#2113=CARTESIAN_POINT('',(-11.344005624,27.845408271,7.4));
#2114=CARTESIAN_POINT('',(-11.845600117,28.488754592,7.4));
#2115=CARTESIAN_POINT('',(-12.347194609,29.132100914,7.4));
#2116=CARTESIAN_POINT('',(-12.811018354,29.804439181,7.4));
#2117=CARTESIAN_POINT('',(-13.227293789,30.513274423,7.4));
#2118=CARTESIAN_POINT('',(-13.435431506,30.867692044,7.4));
#2119=CARTESIAN_POINT('',(-13.632117945,31.232406853,7.4));
#2120=CARTESIAN_POINT('',(-13.81336517,31.603532401,7.4));
#2121=CARTESIAN_POINT('',(-13.994612395,31.97465795,7.4));
#2122=CARTESIAN_POINT('',(-14.160742451,32.352557937,7.4));
#2123=CARTESIAN_POINT('',(-14.310506956,32.737791798,7.4));
#2124=CARTESIAN_POINT('',(-14.460271461,33.123025659,7.4));
#2125=CARTESIAN_POINT('',(-14.593113609,33.514512035,7.4));
#2126=CARTESIAN_POINT('',(-14.707132766,33.908699694,7.4));
#2127=CARTESIAN_POINT('',(-14.821151923,34.302887353,7.4));
#2128=CARTESIAN_POINT('',(-14.916774398,34.700832252,7.4));
#2129=CARTESIAN_POINT('',(-14.993544231,35.102627513,7.4));
#2130=CARTESIAN_POINT('',(-15.070314064,35.504422774,7.4));
#2131=CARTESIAN_POINT('',(-15.128231238,35.9100684,7.4));
#2132=CARTESIAN_POINT('',(-15.166820624,36.31966143,7.4));
#2133=CARTESIAN_POINT('',(-15.20541001,36.729254459,7.4));
#2134=CARTESIAN_POINT('',(-15.224525803,37.144353922,7.4));
#2135=CARTESIAN_POINT('',(-15.224115418,37.55579605,7.4));
#2136=CARTESIAN_POINT('',(-15.223294647,38.378680306,7.4));
#2137=CARTESIAN_POINT('',(-15.145664128,39.193091945,7.4));
#2138=CARTESIAN_POINT('',(-15.000000171,39.999999051,7.4));
#2139=B_SPLINE_CURVE_WITH_KNOTS('',3,(#2102,#2103,#2104,#2105,#2106,#2107,#2108,#2109,#2110,#2111,#2112,#2113,#2114,#2115,#2116,#2117,#2118,#2119,#2120,#2121,#2122,#2123,#2124,#2125,#2126,#2127,
#2128,#2129,#2130,#2131,#2132,#2133,#2134,#2135,#2136,#2137,#2138),.UNSPECIFIED.,.F.,.F.,(4,3,3,3,3,3,3,3,3,3,3,3,4),(0.03584421,0.038309091,0.039541532,0.040773972,0.043238854,0.045703735,0.046936175,0.048168616,0.049401056,0.050633497,0.051865937,0.053098378,0.055563259),.UNSPECIFIED.);
#2140=EDGE_CURVE('',#2095,#2032,#2139,.T.);
#2141=ORIENTED_EDGE('',*,*,#2140,.T.);
#2142=ORIENTED_EDGE('',*,*,#2037,.T.);
#2143=EDGE_LOOP('',(#2093,#2101,#2141,#2142));
#2144=FACE_BOUND('',#2143,.T.);
#2145=ADVANCED_FACE('',(#2144),#2092,.T.);
#2146=CARTESIAN_POINT('',(31.,-4.,7.4));
#2147=CARTESIAN_POINT('',(31.,-4.,6.8));
#2148=CARTESIAN_POINT('',(29.35292495,-3.210455095,7.4));
#2149=CARTESIAN_POINT('',(29.35292495,-3.210455095,6.8));
#2150=CARTESIAN_POINT('',(27.762029103,-2.734294485,7.4));
#2151=CARTESIAN_POINT('',(27.762029103,-2.734294485,6.8));
#2152=CARTESIAN_POINT('',(26.259466582,-2.284572344,7.4));
#2153=CARTESIAN_POINT('',(26.259466582,-2.284572344,6.8));
#2154=CARTESIAN_POINT('',(24.79200794,-2.11051479,7.4));
#2155=CARTESIAN_POINT('',(24.79200794,-2.11051479,6.8));
#2156=CARTESIAN_POINT('',(23.419720856,-1.947745684,7.4));
#2157=CARTESIAN_POINT('',(23.419720856,-1.947745684,6.8));
#2158=CARTESIAN_POINT('',(22.058649226,-2.024522021,7.4));
#2159=CARTESIAN_POINT('',(22.058649226,-2.024522021,6.8));
#2160=CARTESIAN_POINT('',(20.803843897,-2.09530401,7.4));
#2161=CARTESIAN_POINT('',(20.803843897,-2.09530401,6.8));
#2162=CARTESIAN_POINT('',(19.53066568,-2.372177283,7.4));
#2163=CARTESIAN_POINT('',(19.53066568,-2.372177283,6.8));
#2164=CARTESIAN_POINT('',(18.3834104,-2.621666568,7.4));
#2165=CARTESIAN_POINT('',(18.3834104,-2.621666568,6.8));
#2166=CARTESIAN_POINT('',(17.176770018,-3.04934168,7.4));
#2167=CARTESIAN_POINT('',(17.176770018,-3.04934168,6.8));
#2168=CARTESIAN_POINT('',(16.13574497,-3.418316985,7.4));
#2169=CARTESIAN_POINT('',(16.13574497,-3.418316985,6.8));
#2170=CARTESIAN_POINT('',(14.965674958,-3.951876318,7.4));
#2171=CARTESIAN_POINT('',(14.965674958,-3.951876318,6.8));
#2172=CARTESIAN_POINT('',(14.46525652,-4.180070293,7.4));
#2173=CARTESIAN_POINT('',(14.46525652,-4.180070293,6.8));
#2174=CARTESIAN_POINT('',(13.903900378,-4.455114072,7.4));
#2175=CARTESIAN_POINT('',(13.903900378,-4.455114072,6.8));
#2176=CARTESIAN_POINT('',(13.439376646,-4.682713546,7.4));
#2177=CARTESIAN_POINT('',(13.439376646,-4.682713546,6.8));
#2178=CARTESIAN_POINT('',(12.866093217,-4.975642302,7.4));
#2179=CARTESIAN_POINT('',(12.866093217,-4.975642302,6.8));
#2180=CARTESIAN_POINT('',(12.533168722,-5.14575564,7.4));
#2181=CARTESIAN_POINT('',(12.533168722,-5.14575564,6.8));
#2182=CARTESIAN_POINT('',(11.848342565,-5.500443644,7.4));
#2183=CARTESIAN_POINT('',(11.848342565,-5.500443644,6.8));
#2184=CARTESIAN_POINT('',(11.186681166,-5.84313406,7.4));
#2185=CARTESIAN_POINT('',(11.186681166,-5.84313406,6.8));
#2186=CARTESIAN_POINT('',(10.846737512,-6.016500737,7.4));
#2187=CARTESIAN_POINT('',(10.846737512,-6.016500737,6.8));
#2188=CARTESIAN_POINT('',(10.29660754,-6.2970596,7.4));
#2189=CARTESIAN_POINT('',(10.29660754,-6.2970596,6.8));
#2190=CARTESIAN_POINT('',(9.857367148,-6.510796219,7.4));
#2191=CARTESIAN_POINT('',(9.857367148,-6.510796219,6.8));
#2192=CARTESIAN_POINT('',(9.334030865,-6.765454329,7.4));
#2193=CARTESIAN_POINT('',(9.334030865,-6.765454329,6.8));
#2194=CARTESIAN_POINT('',(8.876320561,-6.970312729,7.4));
#2195=CARTESIAN_POINT('',(8.876320561,-6.970312729,6.8));
#2196=CARTESIAN_POINT('',(7.823337407,-7.441598699,7.4));
#2197=CARTESIAN_POINT('',(7.823337407,-7.441598699,6.8));
#2198=CARTESIAN_POINT('',(6.923560294,-7.73294964,7.4));
#2199=CARTESIAN_POINT('',(6.923560294,-7.73294964,6.8));
#2200=CARTESIAN_POINT('',(5.953988313,-8.046900401,7.4));
#2201=CARTESIAN_POINT('',(5.953988313,-8.046900401,6.8));
#2202=CARTESIAN_POINT('',(4.969138415,-8.22382413,7.4));
#2203=CARTESIAN_POINT('',(4.969138415,-8.22382413,6.8));
#2204=CARTESIAN_POINT('',(3.999523823,-8.398010906,7.4));
#2205=CARTESIAN_POINT('',(3.999523823,-8.398010906,6.8));
#2206=CARTESIAN_POINT('',(3.031217217,-8.436099971,7.4));
#2207=CARTESIAN_POINT('',(3.031217217,-8.436099971,6.8));
#2208=CARTESIAN_POINT('',(2.074040247,-8.473751244,7.4));
#2209=CARTESIAN_POINT('',(2.074040247,-8.473751244,6.8));
#2210=CARTESIAN_POINT('',(1.135279155,-8.377344931,7.4));
#2211=CARTESIAN_POINT('',(1.135279155,-8.377344931,6.8));
#2212=CARTESIAN_POINT('',(0.203181222,-8.281622893,7.4));
#2213=CARTESIAN_POINT('',(0.203181222,-8.281622893,6.8));
#2214=CARTESIAN_POINT('',(-0.693193315,-8.055126775,7.4));
#2215=CARTESIAN_POINT('',(-0.693193315,-8.055126775,6.8));
#2216=CARTESIAN_POINT('',(-1.587385569,-7.829182077,7.4));
#2217=CARTESIAN_POINT('',(-1.587385569,-7.829182077,6.8));
#2218=CARTESIAN_POINT('',(-2.428717739,-7.477013268,7.4));
#2219=CARTESIAN_POINT('',(-2.428717739,-7.477013268,6.8));
#2220=CARTESIAN_POINT('',(-3.272001688,-7.124027475,7.4));
#2221=CARTESIAN_POINT('',(-3.272001688,-7.124027475,6.8));
#2222=CARTESIAN_POINT('',(-4.045811661,-6.650572177,7.4));
#2223=CARTESIAN_POINT('',(-4.045811661,-6.650572177,6.8));
#2224=CARTESIAN_POINT('',(-4.823561443,-6.174706309,7.4));
#2225=CARTESIAN_POINT('',(-4.823561443,-6.174706309,6.8));
#2226=CARTESIAN_POINT('',(-5.518475155,-5.583980407,7.4));
#2227=CARTESIAN_POINT('',(-5.518475155,-5.583980407,6.8));
#2228=CARTESIAN_POINT('',(-6.218650126,-4.988782063,7.4));
#2229=CARTESIAN_POINT('',(-6.218650126,-4.988782063,6.8));
#2230=CARTESIAN_POINT('',(-6.808282035,-4.300042399,7.4));
#2231=CARTESIAN_POINT('',(-6.808282035,-4.300042399,6.8));
#2232=CARTESIAN_POINT('',(-7.406642803,-3.601106694,7.4));
#2233=CARTESIAN_POINT('',(-7.406642803,-3.601106694,6.8));
#2234=CARTESIAN_POINT('',(-7.864081323,-2.836541546,7.4));
#2235=CARTESIAN_POINT('',(-7.864081323,-2.836541546,6.8));
#2236=CARTESIAN_POINT('',(-8.332740655,-2.053221872,7.4));
#2237=CARTESIAN_POINT('',(-8.332740655,-2.053221872,6.8));
#2238=CARTESIAN_POINT('',(-8.634144854,-1.231940674,7.4));
#2239=CARTESIAN_POINT('',(-8.634144854,-1.231940674,6.8));
#2240=CARTESIAN_POINT('',(-8.94526582,-0.384182741,7.4));
#2241=CARTESIAN_POINT('',(-8.94526582,-0.384182741,6.8));
#2242=CARTESIAN_POINT('',(-9.066744463,0.475297389,7.4));
#2243=CARTESIAN_POINT('',(-9.066744463,0.475297389,6.8));
#2244=CARTESIAN_POINT('',(-9.192813319,1.367253988,7.4));
#2245=CARTESIAN_POINT('',(-9.192813319,1.367253988,6.8));
#2246=CARTESIAN_POINT('',(-9.110151986,2.246709818,7.4));
#2247=CARTESIAN_POINT('',(-9.110151986,2.246709818,6.8));
#2248=CARTESIAN_POINT('',(-9.02432688,3.159825869,7.4));
#2249=CARTESIAN_POINT('',(-9.02432688,3.159825869,6.8));
#2250=CARTESIAN_POINT('',(-8.712691636,4.043848064,7.4));
#2251=CARTESIAN_POINT('',(-8.712691636,4.043848064,6.8));
#2252=CARTESIAN_POINT('',(-8.560446503,4.475725006,7.4));
#2253=CARTESIAN_POINT('',(-8.560446503,4.475725006,6.8));
#2254=CARTESIAN_POINT('',(-8.341177545,4.942418197,7.4));
#2255=CARTESIAN_POINT('',(-8.341177545,4.942418197,6.8));
#2256=CARTESIAN_POINT('',(-8.140752885,5.369003086,7.4));
#2257=CARTESIAN_POINT('',(-8.140752885,5.369003086,6.8));
#2258=CARTESIAN_POINT('',(-7.875454052,5.842647987,7.4));
#2259=CARTESIAN_POINT('',(-7.875454052,5.842647987,6.8));
#2260=CARTESIAN_POINT('',(-7.641298923,6.260691222,7.4));
#2261=CARTESIAN_POINT('',(-7.641298923,6.260691222,6.8));
#2262=CARTESIAN_POINT('',(-7.338056205,6.747635426,7.4));
#2263=CARTESIAN_POINT('',(-7.338056205,6.747635426,6.8));
#2264=CARTESIAN_POINT('',(-7.092021367,7.142715775,7.4));
#2265=CARTESIAN_POINT('',(-7.092021367,7.142715775,6.8));
#2266=CARTESIAN_POINT('',(-6.751519056,7.660478508,7.4));
#2267=CARTESIAN_POINT('',(-6.751519056,7.660478508,6.8));
#2268=CARTESIAN_POINT('',(-6.625995655,7.851347519,7.4));
#2269=CARTESIAN_POINT('',(-6.625995655,7.851347519,6.8));
#2270=CARTESIAN_POINT('',(-6.138377654,8.584275224,7.4));
#2271=CARTESIAN_POINT('',(-6.138377654,8.584275224,6.8));
#2272=CARTESIAN_POINT('',(-5.755935735,9.159115113,7.4));
#2273=CARTESIAN_POINT('',(-5.755935735,9.159115113,6.8));
#2274=CARTESIAN_POINT('',(-5.521167048,9.522123568,7.4));
#2275=CARTESIAN_POINT('',(-5.521167048,9.522123568,6.8));
#2276=CARTESIAN_POINT('',(-5.185233068,10.041557723,7.4));
#2277=CARTESIAN_POINT('',(-5.185233068,10.041557723,6.8));
#2278=CARTESIAN_POINT('',(-4.922422288,10.477121532,7.4));
#2279=CARTESIAN_POINT('',(-4.922422288,10.477121532,6.8));
#2280=CARTESIAN_POINT('',(-4.613327516,10.989393121,7.4));
#2281=CARTESIAN_POINT('',(-4.613327516,10.989393121,6.8));
#2282=CARTESIAN_POINT('',(-4.364678424,11.452367109,7.4));
#2283=CARTESIAN_POINT('',(-4.364678424,11.452367109,6.8));
#2284=CARTESIAN_POINT('',(-3.791369938,12.519843018,7.4));
#2285=CARTESIAN_POINT('',(-3.791369938,12.519843018,6.8));
#2286=CARTESIAN_POINT('',(-3.462333582,13.475993074,7.4));
#2287=CARTESIAN_POINT('',(-3.462333582,13.475993074,6.8));
#2288=CARTESIAN_POINT('',(-3.084563859,14.573757914,7.4));
#2289=CARTESIAN_POINT('',(-3.084563859,14.573757914,6.8));
#2290=CARTESIAN_POINT('',(-2.994412921,15.617785404,7.4));
#2291=CARTESIAN_POINT('',(-2.994412921,15.617785404,6.8));
#2292=CARTESIAN_POINT('',(-2.894934524,16.769833123,7.4));
#2293=CARTESIAN_POINT('',(-2.894934524,16.769833123,6.8));
#2294=CARTESIAN_POINT('',(-3.141196839,17.90252804,7.4));
#2295=CARTESIAN_POINT('',(-3.141196839,17.90252804,6.8));
#2296=CARTESIAN_POINT('',(-3.407210569,19.126070509,7.4));
#2297=CARTESIAN_POINT('',(-3.407210569,19.126070509,6.8));
#2298=CARTESIAN_POINT('',(-4.082965732,20.355004925,7.4));
#2299=CARTESIAN_POINT('',(-4.082965732,20.355004925,6.8));
#2300=CARTESIAN_POINT('',(-4.618173662,21.328338878,7.4));
#2301=CARTESIAN_POINT('',(-4.618173662,21.328338878,6.8));
#2302=CARTESIAN_POINT('',(-5.416271475,22.315367313,7.4));
#2303=CARTESIAN_POINT('',(-5.416271475,22.315367313,6.8));
#2304=B_SPLINE_SURFACE_WITH_KNOTS('',2,1,((#2146,#2147),(#2148,#2149),(#2150,#2151),(#2152,#2153),(#2154,#2155),(#2156,#2157),(#2158,#2159),(#2160,#2161),(#2162,#2163),(#2164,#2165),(#2166,#2167),(#2168,#2169),(#2170,#2171),(#2172,#2173),(#2174,#2175),(#2176,#2177),(#2178,#2179),(#2180,#2181),(#2182,#2183),(#2184,#2185),(#2186,#2187),(#2188,#2189),(#2190,#2191),(#2192,#2193),(#2194,#2195),(#2196,#2197),
(#2198,#2199),(#2200,#2201),(#2202,#2203),(#2204,#2205),(#2206,#2207),(#2208,#2209),(#2210,#2211),(#2212,#2213),(#2214,#2215),(#2216,#2217),(#2218,#2219),(#2220,#2221),(#2222,#2223),(#2224,#2225),(#2226,#2227),(#2228,#2229),(#2230,#2231),(#2232,#2233),(#2234,#2235),(#2236,#2237),(#2238,#2239),(#2240,#2241),(#2242,#2243),(#2244,#2245),(#2246,#2247),
(#2248,#2249),(#2250,#2251),(#2252,#2253),(#2254,#2255),(#2256,#2257),(#2258,#2259),(#2260,#2261),(#2262,#2263),(#2264,#2265),(#2266,#2267),(#2268,#2269),(#2270,#2271),(#2272,#2273),(#2274,#2275),(#2276,#2277),(#2278,#2279),(#2280,#2281),(#2282,#2283),(#2284,#2285),(#2286,#2287),(#2288,#2289),(#2290,#2291),(#2292,#2293),(#2294,#2295),(#2296,#2297),
(#2298,#2299),(#2300,#2301),(#2302,#2303)),.UNSPECIFIED.,.F.,.F.,.U.,(3,2,2,2,2,2,2,2,2,2,2,2,2,2,2,2,2,2,2,2,2,2,2,2,2,2,
2,2,2,2,2,2,2,2,2,2,2,2,2,3),(2,2),(0.,0.03125,0.0625,0.09375,0.125,0.15625,0.1875,0.203125,0.21875,0.234375,0.25,0.265625,0.28125,0.3125,0.34375,0.375,0.40625,0.4375,0.46875,0.5,0.53125,0.5625,0.59375,0.625,0.65625,0.6875,
0.71875,0.734375,0.75,0.765625,0.78125,0.796875,0.8125,0.828125,0.84375,0.875,0.90625,0.9375,0.96875,0.991967204),(0.4,1.),.UNSPECIFIED.);
#2305=CARTESIAN_POINT('',(31.,-4.,7.4));
#2306=VERTEX_POINT('',#2305);
#2307=CARTESIAN_POINT('',(-5.416271475,22.315367313,7.4));
#2308=VERTEX_POINT('',#2307);
#2309=CARTESIAN_POINT('',(31.,-4.,7.4));
#2310=CARTESIAN_POINT('',(30.349297271,-3.688077951,7.4));
#2311=CARTESIAN_POINT('',(29.686622771,-3.403786498,7.4));
#2312=CARTESIAN_POINT('',(29.009577509,-3.152662455,7.4));
#2313=CARTESIAN_POINT('',(28.671054878,-3.027100434,7.4));
#2314=CARTESIAN_POINT('',(28.328928534,-2.909855706,7.4));
#2315=CARTESIAN_POINT('',(27.982819717,-2.801802441,7.4));
#2316=CARTESIAN_POINT('',(27.6367109,-2.693749177,7.4));
#2317=CARTESIAN_POINT('',(27.285900948,-2.594785182,7.4));
#2318=CARTESIAN_POINT('',(26.93463594,-2.506883537,7.4));
#2319=CARTESIAN_POINT('',(25.529575911,-2.155276956,7.4));
#2320=CARTESIAN_POINT('',(24.104740571,-1.976649221,7.4));
#2321=CARTESIAN_POINT('',(22.656544665,-2.002361326,7.4));
#2322=CARTESIAN_POINT('',(22.294495688,-2.008789353,7.4));
#2323=CARTESIAN_POINT('',(21.9296065,-2.02811536,7.4));
#2324=CARTESIAN_POINT('',(21.568098221,-2.060005804,7.4));
#2325=CARTESIAN_POINT('',(21.206589942,-2.091896247,7.4));
#2326=CARTESIAN_POINT('',(20.847907375,-2.136185999,7.4));
#2327=CARTESIAN_POINT('',(20.491874402,-2.192102256,7.4));
#2328=CARTESIAN_POINT('',(19.779808458,-2.30393477,7.4));
#2329=CARTESIAN_POINT('',(19.078440819,-2.462711779,7.4));
#2330=CARTESIAN_POINT('',(18.386116799,-2.661172465,7.4));
#2331=CARTESIAN_POINT('',(18.039954789,-2.760402808,7.4));
#2332=CARTESIAN_POINT('',(17.696027621,-2.869439708,7.4));
#2333=CARTESIAN_POINT('',(17.354119154,-2.98733473,7.4));
#2334=CARTESIAN_POINT('',(17.012210687,-3.105229751,7.4));
#2335=CARTESIAN_POINT('',(16.671884872,-3.232322936,7.4));
#2336=CARTESIAN_POINT('',(16.334557153,-3.366379784,7.4));
#2337=CARTESIAN_POINT('',(15.659901714,-3.634493481,7.4));
#2338=CARTESIAN_POINT('',(14.997712052,-3.930187059,7.4));
#2339=CARTESIAN_POINT('',(14.343097722,-4.242640665,7.4));
#2340=CARTESIAN_POINT('',(13.688483392,-4.55509427,7.4));
#2341=CARTESIAN_POINT('',(13.041430041,-4.884276147,7.4));
#2342=CARTESIAN_POINT('',(12.396081837,-5.217230576,7.4));
#2343=CARTESIAN_POINT('',(11.750733634,-5.550185004,7.4));
#2344=CARTESIAN_POINT('',(11.107172095,-5.887092334,7.4));
#2345=CARTESIAN_POINT('',(10.458656587,-6.213039265,7.4));
#2346=CARTESIAN_POINT('',(9.810141079,-6.538986197,7.4));
#2347=CARTESIAN_POINT('',(9.156858337,-6.854385872,7.4));
#2348=CARTESIAN_POINT('',(8.489855237,-7.139429969,7.4));
#2349=CARTESIAN_POINT('',(7.822852137,-7.424474066,7.4));
#2350=CARTESIAN_POINT('',(7.142060108,-7.679010877,7.4));
#2351=CARTESIAN_POINT('',(6.437696243,-7.881396228,7.4));
#2352=CARTESIAN_POINT('',(6.085514311,-7.982588904,7.4));
#2353=CARTESIAN_POINT('',(5.729822299,-8.070832412,7.4));
#2354=CARTESIAN_POINT('',(5.37340549,-8.145292762,7.4));
#2355=CARTESIAN_POINT('',(5.016988681,-8.219753112,7.4));
#2356=CARTESIAN_POINT('',(4.658997038,-8.280740888,7.4));
#2357=CARTESIAN_POINT('',(4.299392195,-8.327927879,7.4));
#2358=CARTESIAN_POINT('',(3.58018251,-8.42230186,7.4));
#2359=CARTESIAN_POINT('',(2.854562684,-8.46183763,7.4));
#2360=CARTESIAN_POINT('',(2.121945145,-8.441508549,7.4));
#2361=CARTESIAN_POINT('',(1.755636376,-8.431344009,7.4));
#2362=CARTESIAN_POINT('',(1.389304012,-8.406005254,7.4));
#2363=CARTESIAN_POINT('',(1.027628188,-8.365840371,7.4));
#2364=CARTESIAN_POINT('',(0.665952365,-8.325675487,7.4));
#2365=CARTESIAN_POINT('',(0.307556354,-8.270592298,7.4));
#2366=CARTESIAN_POINT('',(-0.047517407,-8.200397777,7.4));
#2367=CARTESIAN_POINT('',(-0.757664929,-8.060008736,7.4));
#2368=CARTESIAN_POINT('',(-1.45466682,-7.859826478,7.4));
#2369=CARTESIAN_POINT('',(-2.137362102,-7.594570274,7.4));
#2370=CARTESIAN_POINT('',(-2.478709743,-7.461942172,7.4));
#2371=CARTESIAN_POINT('',(-2.815913836,-7.313111303,7.4));
#2372=CARTESIAN_POINT('',(-3.144125307,-7.149662723,7.4));
#2373=CARTESIAN_POINT('',(-3.472336777,-6.986214143,7.4));
#2374=CARTESIAN_POINT('',(-3.793122795,-6.807502124,7.4));
#2375=CARTESIAN_POINT('',(-4.105500611,-6.613806759,7.4));
#2376=CARTESIAN_POINT('',(-4.417878426,-6.420111395,7.4));
#2377=CARTESIAN_POINT('',(-4.720002607,-6.212497171,7.4));
#2378=CARTESIAN_POINT('',(-5.011902406,-5.991003798,7.4));
#2379=CARTESIAN_POINT('',(-5.303802205,-5.769510425,7.4));
#2380=CARTESIAN_POINT('',(-5.586532513,-5.533273526,7.4));
#2381=CARTESIAN_POINT('',(-5.856367592,-5.28539391,7.4));
#2382=CARTESIAN_POINT('',(-6.39603775,-4.789634678,7.4));
#2383=CARTESIAN_POINT('',(-6.882015396,-4.250559487,7.4));
#2384=CARTESIAN_POINT('',(-7.311966421,-3.666285312,7.4));
#2385=CARTESIAN_POINT('',(-7.526941934,-3.374148225,7.4));
#2386=CARTESIAN_POINT('',(-7.727610995,-3.070469535,7.4));
#2387=CARTESIAN_POINT('',(-7.912774695,-2.754282031,7.4));
#2388=CARTESIAN_POINT('',(-8.005356545,-2.596188278,7.4));
#2389=CARTESIAN_POINT('',(-8.094272221,-2.434431111,7.4));
#2390=CARTESIAN_POINT('',(-8.17805594,-2.271110554,7.4));
#2391=CARTESIAN_POINT('',(-8.261839659,-2.107789998,7.4));
#2392=CARTESIAN_POINT('',(-8.340643367,-1.942711346,7.4));
#2393=CARTESIAN_POINT('',(-8.414362382,-1.775837642,7.4));
#2394=CARTESIAN_POINT('',(-8.561800412,-1.442090236,7.4));
#2395=CARTESIAN_POINT('',(-8.689087408,-1.101228901,7.4));
#2396=CARTESIAN_POINT('',(-8.794594782,-0.752678698,7.4));
#2397=CARTESIAN_POINT('',(-8.900102157,-0.404128495,7.4));
#2398=CARTESIAN_POINT('',(-8.983864531,-0.046743575,7.4));
#2399=CARTESIAN_POINT('',(-9.042743473,0.316981736,7.4));
#2400=CARTESIAN_POINT('',(-9.160501356,1.04443236,7.4));
#2401=CARTESIAN_POINT('',(-9.175358804,1.769725429,7.4));
#2402=CARTESIAN_POINT('',(-9.082857861,2.492767474,7.4));
#2403=CARTESIAN_POINT('',(-9.059732626,2.673527985,7.4));
#2404=CARTESIAN_POINT('',(-9.029821448,2.854146212,7.4));
#2405=CARTESIAN_POINT('',(-8.992958895,3.034618688,7.4));
#2406=CARTESIAN_POINT('',(-8.956096342,3.215091163,7.4));
#2407=CARTESIAN_POINT('',(-8.912390372,3.39459316,7.4));
#2408=CARTESIAN_POINT('',(-8.862692677,3.570821335,7.4));
#2409=CARTESIAN_POINT('',(-8.763297287,3.923277683,7.4));
#2410=CARTESIAN_POINT('',(-8.638446424,4.265116593,7.4));
#2411=CARTESIAN_POINT('',(-8.495329684,4.599336832,7.4));
#2412=CARTESIAN_POINT('',(-8.352212944,4.933557071,7.4));
#2413=CARTESIAN_POINT('',(-8.19114537,5.260290045,7.4));
#2414=CARTESIAN_POINT('',(-8.018374277,5.582141498,7.4));
#2415=CARTESIAN_POINT('',(-7.845603185,5.903992952,7.4));
#2416=CARTESIAN_POINT('',(-7.660759067,6.22113316,7.4));
#2417=CARTESIAN_POINT('',(-7.469927848,6.533784669,7.4));
#2418=CARTESIAN_POINT('',(-7.088265412,7.159087688,7.4));
#2419=CARTESIAN_POINT('',(-6.681106094,7.76815788,7.4));
#2420=CARTESIAN_POINT('',(-6.275455184,8.378188413,7.4));
#2421=CARTESIAN_POINT('',(-5.869804274,8.988218947,7.4));
#2422=CARTESIAN_POINT('',(-5.463530988,9.597853239,7.4));
#2423=CARTESIAN_POINT('',(-5.078713474,10.221147548,7.4));
#2424=CARTESIAN_POINT('',(-4.693895961,10.844441858,7.4));
#2425=CARTESIAN_POINT('',(-4.330099246,11.481882892,7.4));
#2426=CARTESIAN_POINT('',(-4.015584799,12.13915588,7.4));
#2427=CARTESIAN_POINT('',(-3.701070352,12.796428869,7.4));
#2428=CARTESIAN_POINT('',(-3.433669626,13.474205331,7.4));
#2429=CARTESIAN_POINT('',(-3.246379078,14.186845035,7.4));
#2430=CARTESIAN_POINT('',(-3.059088531,14.899484739,7.4));
#2431=CARTESIAN_POINT('',(-2.959034689,15.621408809,7.4));
#2432=CARTESIAN_POINT('',(-2.966149641,16.353016088,7.4));
#2433=CARTESIAN_POINT('',(-2.969707117,16.718819728,7.4));
#2434=CARTESIAN_POINT('',(-3.000406254,17.089071107,7.4));
#2435=CARTESIAN_POINT('',(-3.056764983,17.450237102,7.4));
#2436=CARTESIAN_POINT('',(-3.113123711,17.811403096,7.4));
#2437=CARTESIAN_POINT('',(-3.194961631,18.166119548,7.4));
#2438=CARTESIAN_POINT('',(-3.299917218,18.514984228,7.4));
#2439=CARTESIAN_POINT('',(-3.404872804,18.863848907,7.4));
#2440=CARTESIAN_POINT('',(-3.533281536,19.207807244,7.4));
#2441=CARTESIAN_POINT('',(-3.681598969,19.544519917,7.4));
#2442=CARTESIAN_POINT('',(-3.829916402,19.88123259,7.4));
#2443=CARTESIAN_POINT('',(-3.996030279,20.206391169,7.4));
#2444=CARTESIAN_POINT('',(-4.176718508,20.522087553,7.4));
#2445=CARTESIAN_POINT('',(-4.538094965,21.153480322,7.4));
#2446=CARTESIAN_POINT('',(-4.95707552,21.747474431,7.4));
#2447=CARTESIAN_POINT('',(-5.416267201,22.315362028,7.4));
#2448=B_SPLINE_CURVE_WITH_KNOTS('',3,(#2309,#2310,#2311,#2312,#2313,#2314,#2315,#2316,#2317,#2318,#2319,#2320,#2321,#2322,#2323,#2324,#2325,#2326,#2327,#2328,#2329,#2330,#2331,#2332,#2333,#2334,
#2335,#2336,#2337,#2338,#2339,#2340,#2341,#2342,#2343,#2344,#2345,#2346,#2347,#2348,#2349,#2350,#2351,#2352,#2353,#2354,#2355,#2356,#2357,#2358,#2359,
#2360,#2361,#2362,#2363,#2364,#2365,#2366,#2367,#2368,#2369,#2370,#2371,#2372,#2373,#2374,#2375,#2376,#2377,#2378,#2379,#2380,#2381,#2382,#2383,#2384,
#2385,#2386,#2387,#2388,#2389,#2390,#2391,#2392,#2393,#2394,#2395,#2396,#2397,#2398,#2399,#2400,#2401,#2402,#2403,#2404,#2405,#2406,#2407,#2408,#2409,
#2410,#2411,#2412,#2413,#2414,#2415,#2416,#2417,#2418,#2419,#2420,#2421,#2422,#2423,#2424,#2425,#2426,#2427,#2428,#2429,#2430,#2431,#2432,#2433,#2434,
#2435,#2436,#2437,#2438,#2439,#2440,#2441,#2442,#2443,#2444,#2445,#2446,#2447),.UNSPECIFIED.,.F.,.F.,(4,3,3,3,3,3,3,3,3,3,3,3,3,3,3,3,3,3,3,3,3,3,3,3,3,3,
3,3,3,3,3,3,3,3,3,3,3,3,3,3,3,3,3,3,3,3,4),(0.417099263,0.419264069,0.420346472,0.421428875,0.425758486,0.426840889,0.427923292,0.430088098,0.431170501,0.432252904,0.43441771,0.436582516,0.438747322,0.440912128,0.443076934,0.444159337,0.44524174,0.447406546,0.448488949,0.449571351,0.451736157,0.45281856,0.453900963,0.454983366,0.456065769,0.458230575,
0.459312978,0.45985418,0.460395381,0.461477784,0.462560187,0.464724993,0.465266194,0.465807396,0.466889799,0.467972202,0.469054605,0.471219411,0.473384217,0.475549022,0.477713828,0.479878634,0.480961037,0.48204344,0.483125843,0.484208246,0.486373052),.UNSPECIFIED.);
#2449=EDGE_CURVE('',#2306,#2308,#2448,.T.);
#2450=ORIENTED_EDGE('',*,*,#2449,.T.);
#2451=CARTESIAN_POINT('',(-5.416271475,22.315367313,7.4));
#2452=DIRECTION('',(0.,0.,-1.));
#2453=VECTOR('',#2452,0.6);
#2454=LINE('',#2451,#2453);
#2455=EDGE_CURVE('',#2308,#803,#2454,.T.);
#2456=ORIENTED_EDGE('',*,*,#2455,.T.);
#2457=ORIENTED_EDGE('',*,*,#1301,.F.);
#2458=CARTESIAN_POINT('',(31.,-4.,7.4));
#2459=CARTESIAN_POINT('',(31.,-4.,7.2));
#2460=CARTESIAN_POINT('',(31.,-4.,7.));
#2461=CARTESIAN_POINT('',(31.,-4.,6.8));
#2462=B_SPLINE_CURVE_WITH_KNOTS('',3,(#2458,#2459,#2460,#2461),.UNSPECIFIED.,.F.,.F.,(4,4),(0.,0.6),.UNSPECIFIED.);
#2463=EDGE_CURVE('',#2306,#801,#2462,.T.);
#2464=ORIENTED_EDGE('',*,*,#2463,.F.);
#2465=EDGE_LOOP('',(#2450,#2456,#2457,#2464));
#2466=FACE_BOUND('',#2465,.T.);
#2467=ADVANCED_FACE('',(#2466),#2304,.T.);
#2468=CARTESIAN_POINT('',(43.,-7.,7.4));
#2469=CARTESIAN_POINT('',(43.,-7.,6.8));
#2470=CARTESIAN_POINT('',(38.813889372,-8.026338309,7.4));
#2471=CARTESIAN_POINT('',(38.813889372,-8.026338309,6.8));
#2472=CARTESIAN_POINT('',(31.,-4.,7.4));
#2473=CARTESIAN_POINT('',(31.,-4.,6.8));
#2474=B_SPLINE_SURFACE_WITH_KNOTS('',2,1,((#2468,#2469),(#2470,#2471),(#2472,#2473)),.UNSPECIFIED.,.F.,.F.,.U.,(3,3),(2,2),(0.,1.),(0.4,1.),.UNSPECIFIED.);
#2475=ORIENTED_EDGE('',*,*,#1424,.F.);
#2476=ORIENTED_EDGE('',*,*,#1525,.F.);
#2477=CARTESIAN_POINT('',(43.,-7.,7.4));
#2478=CARTESIAN_POINT('',(42.486904578,-7.125799229,7.4));
#2479=CARTESIAN_POINT('',(41.970046277,-7.186781944,7.4));
#2480=CARTESIAN_POINT('',(41.450626816,-7.203648039,7.4));
#2481=CARTESIAN_POINT('',(40.931207355,-7.220514134,7.4));
#2482=CARTESIAN_POINT('',(40.409199338,-7.192791714,7.4));
#2483=CARTESIAN_POINT('',(39.885283954,-7.132214425,7.4));
#2484=CARTESIAN_POINT('',(39.36136857,-7.071637136,7.4));
#2485=CARTESIAN_POINT('',(38.843247477,-6.97907848,7.4));
#2486=CARTESIAN_POINT('',(38.329507676,-6.863556755,7.4));
#2487=CARTESIAN_POINT('',(37.815767876,-6.748035031,7.4));
#2488=CARTESIAN_POINT('',(37.30687607,-6.609430932,7.4));
#2489=CARTESIAN_POINT('',(36.80473909,-6.454459478,7.4));
#2490=CARTESIAN_POINT('',(35.800465131,-6.144516571,7.4));
#2491=CARTESIAN_POINT('',(34.817970827,-5.768816079,7.4));
#2492=CARTESIAN_POINT('',(33.850875107,-5.353009842,7.4));
#2493=CARTESIAN_POINT('',(32.883779387,-4.937203605,7.4));
#2494=CARTESIAN_POINT('',(31.9354775,-4.482032534,7.4));
#2495=CARTESIAN_POINT('',(31.,-4.,7.4));
#2496=B_SPLINE_CURVE_WITH_KNOTS('',3,(#2477,#2478,#2479,#2480,#2481,#2482,#2483,#2484,#2485,#2486,#2487,#2488,#2489,#2490,#2491,#2492,#2493,#2494,#2495),.UNSPECIFIED.,.F.,.F.,(4,3,3,3,3,3,4),(0.034595656,0.036174205,0.037752753,0.039331302,0.04090985,0.044066947,0.047224044),.UNSPECIFIED.);
#2497=EDGE_CURVE('',#1471,#2306,#2496,.T.);
#2498=ORIENTED_EDGE('',*,*,#2497,.T.);
#2499=ORIENTED_EDGE('',*,*,#2463,.T.);
#2500=EDGE_LOOP('',(#2475,#2476,#2498,#2499));
#2501=FACE_BOUND('',#2500,.T.);
#2502=ADVANCED_FACE('',(#2501),#2474,.T.);
#2503=CARTESIAN_POINT('',(21.902440402,22.770302716,7.8));
#2504=DIRECTION('',(0.,0.,-1.));
#2505=DIRECTION('',(-1.,0.,0.));
#2506=AXIS2_PLACEMENT_3D('',#2503,#2504,#2505);
#2507=CYLINDRICAL_SURFACE('',#2506,15.5);
#2508=CARTESIAN_POINT('',(6.402440402,22.770302716,6.8));
#2509=VERTEX_POINT('',#2508);
#2510=CARTESIAN_POINT('',(6.402440402,22.770302716,7.4));
#2511=VERTEX_POINT('',#2510);
#2512=CARTESIAN_POINT('',(6.402440402,22.770302716,6.8));
#2513=DIRECTION('',(-0.,-0.,1.));
#2514=VECTOR('',#2513,0.6);
#2515=LINE('',#2512,#2514);
#2516=EDGE_CURVE('',#2509,#2511,#2515,.T.);
#2517=ORIENTED_EDGE('',*,*,#2516,.F.);
#2518=CARTESIAN_POINT('',(37.402440402,22.770302716,6.8));
#2519=VERTEX_POINT('',#2518);
#2520=CARTESIAN_POINT('',(21.902440402,22.770302716,6.8));
#2521=DIRECTION('',(0.,0.,1.));
#2522=DIRECTION('',(1.,-0.,0.));
#2523=AXIS2_PLACEMENT_3D('',#2520,#2521,#2522);
#2524=CIRCLE('',#2523,15.5);
#2525=EDGE_CURVE('',#2519,#2509,#2524,.T.);
#2526=ORIENTED_EDGE('',*,*,#2525,.F.);
#2527=CARTESIAN_POINT('',(21.902440402,22.770302716,6.8));
#2528=DIRECTION('',(0.,0.,1.));
#2529=DIRECTION('',(1.,-0.,0.));
#2530=AXIS2_PLACEMENT_3D('',#2527,#2528,#2529);
#2531=CIRCLE('',#2530,15.5);
#2532=EDGE_CURVE('',#2509,#2519,#2531,.T.);
#2533=ORIENTED_EDGE('',*,*,#2532,.F.);
#2534=ORIENTED_EDGE('',*,*,#2516,.T.);
#2535=CARTESIAN_POINT('',(37.402440402,22.770302716,7.4));
#2536=VERTEX_POINT('',#2535);
#2537=CARTESIAN_POINT('',(21.902440402,22.770302716,7.4));
#2538=DIRECTION('',(0.,0.,1.));
#2539=DIRECTION('',(1.,0.,-0.));
#2540=AXIS2_PLACEMENT_3D('',#2537,#2538,#2539);
#2541=CIRCLE('',#2540,15.5);
#2542=EDGE_CURVE('',#2511,#2536,#2541,.T.);
#2543=ORIENTED_EDGE('',*,*,#2542,.T.);
#2544=CARTESIAN_POINT('',(21.902440402,22.770302716,7.4));
#2545=DIRECTION('',(0.,0.,1.));
#2546=DIRECTION('',(1.,0.,-0.));
#2547=AXIS2_PLACEMENT_3D('',#2544,#2545,#2546);
#2548=CIRCLE('',#2547,15.5);
#2549=EDGE_CURVE('',#2536,#2511,#2548,.T.);
#2550=ORIENTED_EDGE('',*,*,#2549,.T.);
#2551=EDGE_LOOP('',(#2517,#2526,#2533,#2534,#2543,#2550));
#2552=FACE_BOUND('',#2551,.T.);
#2553=ADVANCED_FACE('',(#2552),#2507,.F.);
#2554=CARTESIAN_POINT('',(0.,0.,7.4));
#2555=DIRECTION('',(0.,0.,1.));
#2556=DIRECTION('',(1.,0.,0.));
#2557=AXIS2_PLACEMENT_3D('',#2554,#2555,#2556);
#2558=PLANE('',#2557);
#2559=ORIENTED_EDGE('',*,*,#1896,.F.);
#2560=CARTESIAN_POINT('',(14.643698193,54.415668856,7.4));
#2561=DIRECTION('',(0.,0.,1.));
#2562=DIRECTION('',(1.,0.,-0.));
#2563=AXIS2_PLACEMENT_3D('',#2560,#2561,#2562);
#2564=CIRCLE('',#2563,5.6);
#2565=EDGE_CURVE('',#1854,#1912,#2564,.T.);
#2566=ORIENTED_EDGE('',*,*,#2565,.T.);
#2567=ORIENTED_EDGE('',*,*,#1954,.F.);
#2568=ORIENTED_EDGE('',*,*,#2017,.F.);
#2569=ORIENTED_EDGE('',*,*,#2080,.F.);
#2570=ORIENTED_EDGE('',*,*,#2140,.F.);
#2571=CARTESIAN_POINT('',(-10.392919194,18.291317428,7.4));
#2572=DIRECTION('',(-0.,-0.,-1.));
#2573=DIRECTION('',(1.,0.,-0.));
#2574=AXIS2_PLACEMENT_3D('',#2571,#2572,#2573);
#2575=CIRCLE('',#2574,6.4);
#2576=EDGE_CURVE('',#2095,#2308,#2575,.T.);
#2577=ORIENTED_EDGE('',*,*,#2576,.T.);
#2578=ORIENTED_EDGE('',*,*,#2449,.F.);
#2579=ORIENTED_EDGE('',*,*,#2497,.F.);
#2580=ORIENTED_EDGE('',*,*,#1519,.F.);
#2581=ORIENTED_EDGE('',*,*,#1578,.F.);
#2582=ORIENTED_EDGE('',*,*,#1632,.F.);
#2583=ORIENTED_EDGE('',*,*,#1707,.F.);
#2584=ORIENTED_EDGE('',*,*,#1767,.F.);
#2585=ORIENTED_EDGE('',*,*,#1839,.F.);
#2586=EDGE_LOOP('',(#2559,#2566,#2567,#2568,#2569,#2570,#2577,#2578,#2579,#2580,#2581,#2582,#2583,#2584,#2585));
#2587=FACE_BOUND('',#2586,.T.);
#2588=ORIENTED_EDGE('',*,*,#2542,.F.);
#2589=ORIENTED_EDGE('',*,*,#2549,.F.);
#2590=EDGE_LOOP('',(#2588,#2589));
#2591=FACE_BOUND('',#2590,.T.);
#2592=ADVANCED_FACE('',(#2587,#2591),#2558,.T.);
#2593=CARTESIAN_POINT('',(0.,0.,6.8));
#2594=DIRECTION('',(0.,0.,1.));
#2595=DIRECTION('',(1.,0.,0.));
#2596=AXIS2_PLACEMENT_3D('',#2593,#2594,#2595);
#2597=PLANE('',#2596);
#2598=CARTESIAN_POINT('',(21.902440402,22.770302716,6.8));
#2599=DIRECTION('',(0.,0.,1.));
#2600=DIRECTION('',(-0.555784071,0.83132669,0.));
#2601=AXIS2_PLACEMENT_3D('',#2598,#2599,#2600);
#2602=CIRCLE('',#2601,18.314776302);
#2603=EDGE_CURVE('',#165,#1437,#2602,.T.);
#2604=ORIENTED_EDGE('',*,*,#2603,.F.);
#2605=ORIENTED_EDGE('',*,*,#186,.F.);
#2606=ORIENTED_EDGE('',*,*,#209,.T.);
#2607=ORIENTED_EDGE('',*,*,#233,.T.);
#2608=ORIENTED_EDGE('',*,*,#1448,.T.);
#2609=EDGE_LOOP('',(#2604,#2605,#2606,#2607,#2608));
#2610=FACE_BOUND('',#2609,.T.);
#2611=ORIENTED_EDGE('',*,*,#2525,.T.);
#2612=ORIENTED_EDGE('',*,*,#2532,.T.);
#2613=EDGE_LOOP('',(#2611,#2612));
#2614=FACE_BOUND('',#2613,.T.);
#2615=ADVANCED_FACE('',(#2610,#2614),#2597,.F.);
#2616=CARTESIAN_POINT('',(0.,0.,5.5));
#2617=DIRECTION('',(0.,0.,1.));
#2618=DIRECTION('',(1.,0.,0.));
#2619=AXIS2_PLACEMENT_3D('',#2616,#2617,#2618);
#2620=PLANE('',#2619);
#2621=ORIENTED_EDGE('',*,*,#525,.T.);
#2622=CARTESIAN_POINT('',(14.643698193,54.415668856,5.5));
#2623=DIRECTION('',(-0.,-0.,-1.));
#2624=DIRECTION('',(1.,0.,-0.));
#2625=AXIS2_PLACEMENT_3D('',#2622,#2623,#2624);
#2626=CIRCLE('',#2625,5.6);
#2627=EDGE_CURVE('',#512,#467,#2626,.T.);
#2628=ORIENTED_EDGE('',*,*,#2627,.T.);
#2629=ORIENTED_EDGE('',*,*,#472,.T.);
#2630=ORIENTED_EDGE('',*,*,#437,.T.);
#2631=ORIENTED_EDGE('',*,*,#402,.T.);
#2632=ORIENTED_EDGE('',*,*,#367,.T.);
#2633=ORIENTED_EDGE('',*,*,#332,.T.);
#2634=ORIENTED_EDGE('',*,*,#297,.T.);
#2635=ORIENTED_EDGE('',*,*,#254,.T.);
#2636=ORIENTED_EDGE('',*,*,#1416,.T.);
#2637=ORIENTED_EDGE('',*,*,#1393,.T.);
#2638=CARTESIAN_POINT('',(-10.392919194,18.291317428,5.5));
#2639=DIRECTION('',(0.,0.,1.));
#2640=DIRECTION('',(1.,0.,-0.));
#2641=AXIS2_PLACEMENT_3D('',#2638,#2639,#2640);
#2642=CIRCLE('',#2641,6.4);
#2643=EDGE_CURVE('',#1304,#615,#2642,.T.);
#2644=ORIENTED_EDGE('',*,*,#2643,.T.);
#2645=ORIENTED_EDGE('',*,*,#620,.T.);
#2646=ORIENTED_EDGE('',*,*,#585,.T.);
#2647=ORIENTED_EDGE('',*,*,#550,.T.);
#2648=EDGE_LOOP('',(#2621,#2628,#2629,#2630,#2631,#2632,#2633,#2634,#2635,#2636,#2637,#2644,#2645,#2646,#2647));
#2649=FACE_BOUND('',#2648,.T.);
#2650=ORIENTED_EDGE('',*,*,#154,.F.);
#2651=ORIENTED_EDGE('',*,*,#148,.T.);
#2652=ORIENTED_EDGE('',*,*,#140,.F.);
#2653=ORIENTED_EDGE('',*,*,#132,.F.);
#2654=ORIENTED_EDGE('',*,*,#124,.F.);
#2655=ORIENTED_EDGE('',*,*,#116,.F.);
#2656=ORIENTED_EDGE('',*,*,#108,.F.);
#2657=ORIENTED_EDGE('',*,*,#100,.F.);
#2658=ORIENTED_EDGE('',*,*,#92,.F.);
#2659=ORIENTED_EDGE('',*,*,#84,.F.);
#2660=EDGE_LOOP('',(#2650,#2651,#2652,#2653,#2654,#2655,#2656,#2657,#2658,#2659));
#2661=FACE_BOUND('',#2660,.T.);
#2662=ADVANCED_FACE('',(#2649,#2661),#2620,.F.);
#2663=CARTESIAN_POINT('',(14.643698193,54.415668856,7.1));
#2664=DIRECTION('',(0.,0.,-1.));
#2665=DIRECTION('',(-1.,0.,0.));
#2666=AXIS2_PLACEMENT_3D('',#2663,#2664,#2665);
#2667=CYLINDRICAL_SURFACE('',#2666,5.6);
#2668=ORIENTED_EDGE('',*,*,#2565,.F.);
#2669=ORIENTED_EDGE('',*,*,#1859,.F.);
#2670=CARTESIAN_POINT('',(14.643698193,54.415668856,6.8));
#2671=DIRECTION('',(0.,0.,-1.));
#2672=DIRECTION('',(-1.,0.,0.));
#2673=AXIS2_PLACEMENT_3D('',#2670,#2671,#2672);
#2674=CIRCLE('',#2673,5.6);
#2675=EDGE_CURVE('',#503,#475,#2674,.T.);
#2676=ORIENTED_EDGE('',*,*,#2675,.F.);
#2677=ORIENTED_EDGE('',*,*,#1960,.F.);
#2678=EDGE_LOOP('',(#2668,#2669,#2676,#2677));
#2679=FACE_BOUND('',#2678,.T.);
#2680=ADVANCED_FACE('',(#2679),#2667,.T.);
#2681=CARTESIAN_POINT('',(14.643698193,54.415668856,6.15));
#2682=DIRECTION('',(0.,0.,-1.));
#2683=DIRECTION('',(-1.,0.,0.));
#2684=AXIS2_PLACEMENT_3D('',#2681,#2682,#2683);
#2685=CYLINDRICAL_SURFACE('',#2684,5.6);
#2686=ORIENTED_EDGE('',*,*,#2675,.T.);
#2687=ORIENTED_EDGE('',*,*,#480,.F.);
#2688=ORIENTED_EDGE('',*,*,#2627,.F.);
#2689=ORIENTED_EDGE('',*,*,#517,.F.);
#2690=EDGE_LOOP('',(#2686,#2687,#2688,#2689));
#2691=FACE_BOUND('',#2690,.T.);
#2692=ADVANCED_FACE('',(#2691),#2685,.T.);
#2693=CARTESIAN_POINT('',(-10.392919194,18.291317428,7.1));
#2694=DIRECTION('',(0.,0.,-1.));
#2695=DIRECTION('',(-1.,0.,0.));
#2696=AXIS2_PLACEMENT_3D('',#2693,#2694,#2695);
#2697=CYLINDRICAL_SURFACE('',#2696,6.4);
#2698=ORIENTED_EDGE('',*,*,#2576,.F.);
#2699=ORIENTED_EDGE('',*,*,#2100,.F.);
#2700=CARTESIAN_POINT('',(-10.392919194,18.291317428,6.8));
#2701=DIRECTION('',(-0.,-0.,1.));
#2702=DIRECTION('',(-1.,0.,0.));
#2703=AXIS2_PLACEMENT_3D('',#2700,#2701,#2702);
#2704=CIRCLE('',#2703,6.4);
#2705=EDGE_CURVE('',#803,#623,#2704,.T.);
#2706=ORIENTED_EDGE('',*,*,#2705,.F.);
#2707=ORIENTED_EDGE('',*,*,#2455,.F.);
#2708=EDGE_LOOP('',(#2698,#2699,#2706,#2707));
#2709=FACE_BOUND('',#2708,.T.);
#2710=ADVANCED_FACE('',(#2709),#2697,.F.);
#2711=CARTESIAN_POINT('',(-10.392919194,18.291317428,6.15));
#2712=DIRECTION('',(0.,0.,-1.));
#2713=DIRECTION('',(-1.,0.,0.));
#2714=AXIS2_PLACEMENT_3D('',#2711,#2712,#2713);
#2715=CYLINDRICAL_SURFACE('',#2714,6.4);
#2716=ORIENTED_EDGE('',*,*,#2705,.T.);
#2717=ORIENTED_EDGE('',*,*,#628,.F.);
#2718=ORIENTED_EDGE('',*,*,#2643,.F.);
#2719=ORIENTED_EDGE('',*,*,#1309,.F.);
#2720=EDGE_LOOP('',(#2716,#2717,#2718,#2719));
#2721=FACE_BOUND('',#2720,.T.);
#2722=ADVANCED_FACE('',(#2721),#2715,.F.);
#2723=CARTESIAN_POINT('',(21.902440402,22.770302716,6.8));
#2724=DIRECTION('',(0.,0.,-1.));
#2725=DIRECTION('',(-1.,0.,0.));
#2726=AXIS2_PLACEMENT_3D('',#2723,#2724,#2725);
#2727=CYLINDRICAL_SURFACE('',#2726,18.314776302);
#2728=ORIENTED_EDGE('',*,*,#170,.T.);
#2729=ORIENTED_EDGE('',*,*,#2603,.T.);
#2730=ORIENTED_EDGE('',*,*,#1442,.T.);
#2731=ORIENTED_EDGE('',*,*,#50,.F.);
#2732=EDGE_LOOP('',(#2728,#2729,#2730,#2731));
#2733=FACE_BOUND('',#2732,.T.);
#2734=ADVANCED_FACE('',(#2733),#2727,.F.);
#2735=CLOSED_SHELL('',(#158,#190,#214,#238,#283,#318,#353,#388,#423,#458,#492,#536,#571,#606,#640,#1404,#1429,#1453,#1529,#1583,#1637,#1712,#1772,#1844,#1901,#1971,
#2022,#2085,#2145,#2467,#2502,#2553,#2592,#2615,#2662,#2680,#2692,#2710,#2722,#2734));
#2736=MANIFOLD_SOLID_BREP('top',#2735);
#2737=DRAUGHTING_PRE_DEFINED_COLOUR('white');
#2738=FILL_AREA_STYLE_COLOUR('',#2737);
#2739=FILL_AREA_STYLE('',(#2738));
#2740=SURFACE_STYLE_FILL_AREA(#2739);
#2741=SURFACE_SIDE_STYLE('',(#2740));
#2742=SURFACE_STYLE_USAGE(.BOTH.,#2741);
#2743=PRESENTATION_STYLE_ASSIGNMENT((#2742));
#26=STYLED_ITEM('',(#2743),#2736);
#16=SHAPE_REPRESENTATION('top',(#15),#10);
#17=ADVANCED_BREP_SHAPE_REPRESENTATION('top',(#2736),#10);
#2751=SHAPE_REPRESENTATION_RELATIONSHIP('','',#16,#17);
#2752=CARTESIAN_POINT('',(0.,0.,0.));
#2753=DIRECTION('',(0.,0.,1.));
#2754=DIRECTION('',(1.,0.,0.));
#2755=AXIS2_PLACEMENT_3D('',#2752,#2753,#2754);
#2757=MAPPED_ITEM('',#2756,#2755);
#2756=REPRESENTATION_MAP(#2755,#16);
#2758=APPLICATION_CONTEXT('Managed model based 3d engineering');
#2759=APPLICATION_PROTOCOL_DEFINITION('international standard','ap242_managed_model_based_3d_engineering',2014,#2758);
#2760=PRODUCT_CONTEXT('',#2758,'mechanical');
#2761=PRODUCT_DEFINITION_CONTEXT('part definition',#2758,'design');
#24=PRODUCT('top','top','',(#2760));
#2762=PRODUCT_RELATED_PRODUCT_CATEGORY('part','',(#24));
#2763=PRODUCT_DEFINITION_FORMATION_WITH_SPECIFIED_SOURCE('','',#24,.NOT_KNOWN.);
#25=PRODUCT_DEFINITION('design','',#2763,#2761);
#23=PRODUCT_DEFINITION_SHAPE('','',#25);
#2764=SHAPE_DEFINITION_REPRESENTATION(#23,#16);
#11=DRAUGHTING_MODEL('',(#2757),#10);
#2765=DESCRIPTIVE_REPRESENTATION_ITEM('KEY','C:\\Users\\Alvin Nguyen\\AppData\\Local\\Packages\\Shapr3D.Shapr3D_dvv5p1vgwv6mp\\TempState\\3b69ce08-b830-4548-b304-40b587c38768.tmp');
#2766=PROPERTY_DEFINITION('KEY','',#25);
#2767=REPRESENTATION('',(#2765),#10);
#2768=PROPERTY_DEFINITION_REPRESENTATION(#2766,#2767);
#2769=GENERAL_PROPERTY('','KEY','');
#2770=GENERAL_PROPERTY_ASSOCIATION('','',#2769,#2766);
#1=MECHANICAL_DESIGN_GEOMETRIC_PRESENTATION_REPRESENTATION('',(#26),#10);
ENDSEC;
END-ISO-10303-21;
